{
"type": "FeatureCollection",
"name": "神戸MK",
"features": [
{ "type": "Feature", "properties": { "name": "神戸MK", "base_fare": 480, "base_distance_m": 836, "add_fare": 100, "add_distance_m": 232 }, "geometry": { "type": "MultiPolygon", "coordinates": [ [ [ [ 135.050394086000011, 34.623887802 ], [ 135.051141414, 34.623847333 ], [ 135.051143645, 34.623866162 ], [ 135.05310511, 34.623765532 ], [ 135.054164085999986, 34.623711135 ], [ 135.054165863, 34.623738441 ], [ 135.054318029, 34.623729441 ], [ 135.054317445, 34.623687973 ], [ 135.055908003000013, 34.623285333 ], [ 135.055874501, 34.623194829 ], [ 135.055765473, 34.623222532 ], [ 135.055738911, 34.623180135 ], [ 135.055711777, 34.623170108 ], [ 135.055649468000013, 34.623165135 ], [ 135.055594746999986, 34.623178441 ], [ 135.054267716999988, 34.62351364 ], [ 135.053103411, 34.623571802 ], [ 135.05111022, 34.623671441 ], [ 135.050392698, 34.62372536 ], [ 135.05, 34.623744829 ], [ 135.049749637, 34.623757252 ], [ 135.048119831, 34.623833694 ], [ 135.047553333, 34.62386336 ], [ 135.047525084, 34.623875135 ], [ 135.047452672, 34.623950748 ], [ 135.045573022000013, 34.624045054 ], [ 135.04558255500001, 34.624200495 ], [ 135.047755837000011, 34.624092865 ], [ 135.047898339999989, 34.624010802 ], [ 135.05, 34.623907225 ], [ 135.050394086000011, 34.623887802 ] ] ], [ [ [ 135.043006303999988, 34.625376559 ], [ 135.042995616000013, 34.625258613 ], [ 135.042860636, 34.625264279 ], [ 135.042684773, 34.625281414 ], [ 135.042518715999989, 34.625311495 ], [ 135.042317639, 34.625351532 ], [ 135.042145888, 34.625392919 ], [ 135.041956589, 34.625445775 ], [ 135.041781115, 34.625509802 ], [ 135.041666666999987, 34.625554748 ], [ 135.041609585, 34.625577135 ], [ 135.041389415999987, 34.625681919 ], [ 135.041466615, 34.625783252 ], [ 135.041575693999988, 34.625732495 ], [ 135.041666666999987, 34.625690775 ], [ 135.041682802, 34.62568336 ], [ 135.041825162, 34.625626027 ], [ 135.041992865999987, 34.625570054 ], [ 135.042127497, 34.62552564 ], [ 135.042342088, 34.625471027 ], [ 135.042564721, 34.625424468 ], [ 135.042787471, 34.625394054 ], [ 135.043006303999988, 34.625376559 ] ] ], [ [ [ 135.04068297, 34.626095027 ], [ 135.040188521, 34.626380892 ], [ 135.039071439999987, 34.627037333 ], [ 135.039150467000013, 34.627135495 ], [ 135.039337367, 34.627027694 ], [ 135.0407562, 34.626202973 ], [ 135.04068297, 34.626095027 ] ] ], [ [ [ 135.085395940000012, 34.633665721 ], [ 135.085419144000014, 34.633613748 ], [ 135.085398054, 34.633608748 ], [ 135.085375058000011, 34.633659 ], [ 135.085395940000012, 34.633665721 ] ] ], [ [ [ 135.086964695, 34.633719333 ], [ 135.086968495, 34.633704892 ], [ 135.086960052, 34.633689252 ], [ 135.086943411, 34.633683054 ], [ 135.086923606, 34.633685775 ], [ 135.086909663, 34.63370064 ], [ 135.086911582, 34.633719108 ], [ 135.086928171000011, 34.633731081 ], [ 135.08693808000001, 34.633731667 ], [ 135.08695192, 34.633729946 ], [ 135.086964695, 34.633719333 ] ] ], [ [ [ 135.104459533000011, 34.634169027 ], [ 135.104444578, 34.634181108 ], [ 135.10443530500001, 34.634191171 ], [ 135.104427834, 34.634210054 ], [ 135.104424642999987, 34.634227946 ], [ 135.104425252999988, 34.634246333 ], [ 135.104428197, 34.63426 ], [ 135.104435642, 34.634274477 ], [ 135.104451777, 34.634296559 ], [ 135.104473696000014, 34.634307901 ], [ 135.104491427, 34.634314072 ], [ 135.104502101, 34.634317541 ], [ 135.104519571999987, 34.634320207 ], [ 135.104528625, 34.634319541 ], [ 135.104538768, 34.634319459 ], [ 135.10455585, 34.634315297 ], [ 135.104570545, 34.634310712 ], [ 135.104581167, 34.634305649 ], [ 135.104593722, 34.634295351 ], [ 135.1046031, 34.634284423 ], [ 135.104618507999987, 34.634262045 ], [ 135.104623178, 34.634246613 ], [ 135.104622244000012, 34.634226541 ], [ 135.104614306, 34.634203387 ], [ 135.104601232, 34.634183712 ], [ 135.104575097, 34.634164036 ], [ 135.104548016, 34.634155541 ], [ 135.104531673, 34.634154 ], [ 135.104505824, 34.634154315 ], [ 135.104473969, 34.634163081 ], [ 135.104459533000011, 34.634169027 ] ] ], [ [ [ 135.027575383, 34.636584613 ], [ 135.027806809, 34.636387973 ], [ 135.02767214, 34.636281802 ], [ 135.027457691, 34.636466 ], [ 135.027389363999987, 34.636539532 ], [ 135.027385837, 34.636559802 ], [ 135.027401219000012, 34.636589225 ], [ 135.02744572, 34.636629081 ], [ 135.027519195999986, 34.636647414 ], [ 135.027575811, 34.636688198 ], [ 135.027624694999986, 34.636651414 ], [ 135.027608859, 34.636636802 ], [ 135.027623256, 34.636623468 ], [ 135.027575447, 34.636591198 ], [ 135.027575383, 34.636584613 ] ] ], [ [ [ 135.111381089, 34.638160495 ], [ 135.111337756000012, 34.638226306 ], [ 135.112774968, 34.638898495 ], [ 135.112814578000012, 34.63884136 ], [ 135.112781803, 34.638825775 ], [ 135.112805331, 34.638798586 ], [ 135.111519974, 34.638187748 ], [ 135.111496472, 34.638215306 ], [ 135.111381089, 34.638160495 ] ] ], [ [ [ 135.113527665, 34.639049279 ], [ 135.113498106, 34.639117162 ], [ 135.114276939, 34.639343414 ], [ 135.114303385, 34.639278252 ], [ 135.114277781999988, 34.639270748 ], [ 135.11429513600001, 34.639238279 ], [ 135.113569416, 34.639021865 ], [ 135.113553061, 34.639056775 ], [ 135.113527665, 34.639049279 ] ] ], [ [ [ 135.115192361, 34.639595387 ], [ 135.115225551, 34.639599135 ], [ 135.115914306, 34.639802054 ], [ 135.115926277999989, 34.639776279 ], [ 135.115975577, 34.639788495 ], [ 135.116188223, 34.639841495 ], [ 135.116173839, 34.639876829 ], [ 135.116666667, 34.640020748 ], [ 135.116832944, 34.640069306 ], [ 135.116864112, 34.640078748 ], [ 135.116886978, 34.640086802 ], [ 135.116893022, 34.640090468 ], [ 135.116899053, 34.640095027 ], [ 135.116904111999986, 34.640099586 ], [ 135.116912944, 34.640109919 ], [ 135.116923722, 34.640130387 ], [ 135.116930143, 34.640141802 ], [ 135.116935331, 34.640148081 ], [ 135.116938197, 34.640150306 ], [ 135.116942918, 34.640152973 ], [ 135.117039728, 34.640182027 ], [ 135.117059364, 34.640184613 ], [ 135.117065136, 34.640183306 ], [ 135.117072607000011, 34.640177667 ], [ 135.11707834, 34.640170694 ], [ 135.117082192, 34.640164081 ], [ 135.117112918, 34.640089613 ], [ 135.116992698, 34.640054495 ], [ 135.117012335, 34.640006865 ], [ 135.116666667, 34.639905135 ], [ 135.116282996, 34.639792198 ], [ 135.115974864, 34.639712495 ], [ 135.115170025999987, 34.639469946 ], [ 135.115148301, 34.639513802 ], [ 135.11502428, 34.639478279 ], [ 135.114992113999989, 34.639550775 ], [ 135.114989611, 34.639573135 ], [ 135.114992827, 34.639579081 ], [ 135.114998975, 34.639583441 ], [ 135.115099754, 34.639616613 ], [ 135.115113060999988, 34.639617775 ], [ 135.115123942999986, 34.63961564 ], [ 135.115136861, 34.639610414 ], [ 135.115161971, 34.639598802 ], [ 135.115192361, 34.639595387 ] ] ], [ [ [ 135.120920117, 34.640797721 ], [ 135.12092275, 34.640790027 ], [ 135.120934162999987, 34.640704694 ], [ 135.120773113000013, 34.640688495 ], [ 135.120747613, 34.640632586 ], [ 135.118694475000012, 34.640424054 ], [ 135.118534189, 34.640407775 ], [ 135.118459611, 34.640455613 ], [ 135.118352944, 34.640444829 ], [ 135.11833900100001, 34.640527586 ], [ 135.118339830999986, 34.640536613 ], [ 135.11834364500001, 34.640544613 ], [ 135.118350142999986, 34.640551225 ], [ 135.118357366999987, 34.640555694 ], [ 135.118465551000014, 34.640565441 ], [ 135.118476783, 34.640563667 ], [ 135.118486329, 34.64055864 ], [ 135.118496835, 34.640550919 ], [ 135.118508197000011, 34.640542 ], [ 135.118521025, 34.640535802 ], [ 135.118528196999989, 34.640532694 ], [ 135.118536446, 34.640530748 ], [ 135.118551387999986, 34.640528225 ], [ 135.118566304000012, 34.640526667 ], [ 135.118695577000011, 34.640539441 ], [ 135.120347224, 34.640703252 ], [ 135.120673969, 34.640735586 ], [ 135.120698106, 34.640739198 ], [ 135.120718145000012, 34.640744306 ], [ 135.12073358, 34.640750973 ], [ 135.120746083, 34.640759081 ], [ 135.120769274, 34.640789306 ], [ 135.120772140000014, 34.640792441 ], [ 135.120777198000013, 34.640795586 ], [ 135.120783865, 34.640797973 ], [ 135.120895746, 34.640807892 ], [ 135.120903281000011, 34.640807829 ], [ 135.1209107, 34.640806532 ], [ 135.120916666999989, 34.640802333 ], [ 135.120920117, 34.640797721 ] ] ], [ [ [ 134.988075136, 34.640439829 ], [ 134.987804189, 34.640552441 ], [ 134.987656887000014, 34.640613721 ], [ 134.985093385, 34.640756108 ], [ 134.983367665, 34.640851946 ], [ 134.983350726, 34.640847441 ], [ 134.983333333, 34.640892414 ], [ 134.983330078, 34.640900829 ], [ 134.983333333, 34.640901694 ], [ 134.983540272, 34.640956414 ], [ 134.985094253999989, 34.640867892 ], [ 134.987732865999988, 34.640717721 ], [ 134.987805253, 34.640684414 ], [ 134.988008366, 34.640591108 ], [ 134.988001970999989, 34.640581667 ], [ 134.9881038, 34.640534892 ], [ 134.988110117, 34.640544387 ], [ 134.988479611, 34.640374559 ], [ 134.988446614999987, 34.640325613 ], [ 134.988104163, 34.640482946 ], [ 134.988075136, 34.640439829 ] ] ], [ [ [ 135.12239345, 34.640930162 ], [ 135.122394617, 34.640926667 ], [ 135.122406135, 34.640841306 ], [ 135.122246161, 34.640824748 ], [ 135.121842361, 34.640788414 ], [ 135.121681997, 34.640774586 ], [ 135.121670169, 34.640861306 ], [ 135.121670636, 34.64086464 ], [ 135.121673385, 34.640867775 ], [ 135.121679078999989, 34.640870441 ], [ 135.122378340000012, 34.640934973 ], [ 135.12239085600001, 34.640933973 ], [ 135.12239345, 34.640930162 ] ] ], [ [ [ 135.123303528, 34.641005333 ], [ 135.12332016900001, 34.640988108 ], [ 135.12333153, 34.640979559 ], [ 135.123344228, 34.640972973 ], [ 135.123355525, 34.640969108 ], [ 135.123366108999988, 34.640967973 ], [ 135.124712827, 34.640974919 ], [ 135.125, 34.640976414 ], [ 135.125720636000011, 34.640980198 ], [ 135.125743671, 34.640982468 ], [ 135.125761245, 34.640984333 ], [ 135.125770415, 34.640985802 ], [ 135.125780803999987, 34.640989 ], [ 135.125787951, 34.64099264 ], [ 135.125796057, 34.640998279 ], [ 135.125808716, 34.641009559 ], [ 135.125819831, 34.64102064 ], [ 135.125831699, 34.641029306 ], [ 135.125835551, 34.641031559 ], [ 135.125842218, 34.641033468 ], [ 135.125954449, 34.641032946 ], [ 135.125958806999989, 34.641031198 ], [ 135.125962698, 34.641029 ], [ 135.125966057, 34.641026279 ], [ 135.125969196, 34.641022559 ], [ 135.125972387, 34.641016333 ], [ 135.125974501, 34.641008559 ], [ 135.125975356999987, 34.640926414 ], [ 135.125852529000014, 34.640925694 ], [ 135.125830169000011, 34.640890775 ], [ 135.125, 34.640880892 ], [ 135.123308807, 34.640860694 ], [ 135.123271413999987, 34.640909892 ], [ 135.123147056, 34.640909081 ], [ 135.12314808, 34.640992081 ], [ 135.123150337, 34.641001559 ], [ 135.123153217, 34.641006387 ], [ 135.123156304, 34.641009162 ], [ 135.123160246, 34.641011946 ], [ 135.123167056, 34.641015414 ], [ 135.123261115, 34.641019495 ], [ 135.12328083, 34.641017748 ], [ 135.123292918, 34.641012532 ], [ 135.123303528, 34.641005333 ] ] ], [ [ [ 135.126752996, 34.641021081 ], [ 135.126755188, 34.641024748 ], [ 135.12676058400001, 34.641027613 ], [ 135.126766393999986, 34.641029198 ], [ 135.12761131, 34.641030892 ], [ 135.127616719, 34.641027441 ], [ 135.127618444, 34.641024198 ], [ 135.127620220000011, 34.640937 ], [ 135.127458663999988, 34.640936333 ], [ 135.126915668, 34.640932667 ], [ 135.126754747, 34.640929468 ], [ 135.126752996, 34.641021081 ] ] ], [ [ [ 135.129075473, 34.640944279 ], [ 135.12839917, 34.640940468 ], [ 135.12839725, 34.641038027 ], [ 135.129076394, 34.64104036 ], [ 135.129707523, 34.641042559 ], [ 135.12971, 34.640947802 ], [ 135.129075473, 34.640944279 ] ] ], [ [ [ 135.014326109, 34.641583333 ], [ 135.014346978, 34.641652721 ], [ 135.015607134, 34.641384054 ], [ 135.015584086, 34.641312414 ], [ 135.014326109, 34.641583333 ] ] ], [ [ [ 135.00458552500001, 34.642187892 ], [ 135.004583645, 34.642266495 ], [ 135.006762633, 34.642243306 ], [ 135.006761802999989, 34.642167333 ], [ 135.00458552500001, 34.642187892 ] ] ], [ [ [ 134.991626005, 34.643158495 ], [ 134.991632996, 34.64315864 ], [ 134.991663190999986, 34.643184892 ], [ 134.991661777, 34.643186333 ], [ 134.99165786, 34.643200973 ], [ 134.991661362, 34.643216 ], [ 134.991666667, 34.64322064 ], [ 134.991822166, 34.643356946 ], [ 134.991908196999987, 34.643434721 ], [ 134.991923942999989, 34.643425721 ], [ 134.992064384, 34.643541973 ], [ 134.99202297, 34.643573829 ], [ 134.99183703, 34.64352264 ], [ 134.991788249, 34.643507586 ], [ 134.991666667, 34.643478108 ], [ 134.991652607, 34.643474694 ], [ 134.991312387, 34.643389802 ], [ 134.991284812, 34.643378586 ], [ 134.991255083999988, 34.643359829 ], [ 134.991089805, 34.643257865 ], [ 134.990829389999988, 34.643101586 ], [ 134.990812244000011, 34.642961667 ], [ 134.990719053, 34.642970748 ], [ 134.99073083, 34.643081919 ], [ 134.990315668, 34.643025559 ], [ 134.990242023, 34.643175973 ], [ 134.990323671, 34.643554892 ], [ 134.990312892, 34.643556198 ], [ 134.990352335000011, 34.643731973 ], [ 134.990577523000013, 34.643918081 ], [ 134.990561582, 34.643931414 ], [ 134.990643943, 34.643998495 ], [ 134.990658366, 34.643986333 ], [ 134.991056693, 34.644302973 ], [ 134.991111997, 34.644275162 ], [ 134.991572892, 34.644302892 ], [ 134.991666667, 34.644383252 ], [ 134.991671051, 34.644387 ], [ 134.991688859, 34.644389973 ], [ 134.991685499, 34.644405694 ], [ 134.991736913000011, 34.644411532 ], [ 134.991751115, 34.644413532 ], [ 134.991795331, 34.644418613 ], [ 134.991798053999986, 34.644402468 ], [ 134.991917056, 34.644415775 ], [ 134.992579364, 34.644494973 ], [ 134.992684254000011, 34.644501613 ], [ 134.992857056, 34.64451664 ], [ 134.992866641, 34.644517027 ], [ 134.992865771999988, 34.644532081 ], [ 134.992919805000014, 34.644534135 ], [ 134.992920558, 34.644519081 ], [ 134.992933969, 34.644519559 ], [ 134.992933891, 34.644535333 ], [ 134.992979248000012, 34.644535441 ], [ 134.992979364, 34.644519667 ], [ 134.993025162, 34.644521414 ], [ 134.993028495, 34.644521829 ], [ 134.993029377, 34.644561189 ], [ 134.993371970999988, 34.644566333 ], [ 134.993667588, 34.644564081 ], [ 134.993666939, 34.644582748 ], [ 134.994509105, 34.64460064 ], [ 134.994536304, 34.644480946 ], [ 134.99453272400001, 34.644467865 ], [ 134.994534721, 34.644338532 ], [ 134.994498145, 34.644337108 ], [ 134.994491699, 34.644291414 ], [ 134.994416394000012, 34.644161027 ], [ 134.993671141, 34.644174081 ], [ 134.993517911999987, 34.643917892 ], [ 134.993537056, 34.643910225 ], [ 134.993250337, 34.643409 ], [ 134.992741829000011, 34.643287694 ], [ 134.992688521, 34.643305198 ], [ 134.992694384, 34.643315532 ], [ 134.99265856, 34.643323306 ], [ 134.99263511, 34.643309 ], [ 134.992587756, 34.643347865 ], [ 134.992598716, 34.643357441 ], [ 134.992543165, 34.643408027 ], [ 134.992532218, 34.643403333 ], [ 134.992515084, 34.643416946 ], [ 134.992227808, 34.643185532 ], [ 134.99221358, 34.643182108 ], [ 134.992200195, 34.643183613 ], [ 134.992185279000012, 34.643187748 ], [ 134.992178560000013, 34.643194 ], [ 134.992171997000014, 34.643205135 ], [ 134.992178029, 34.643223667 ], [ 134.99233856, 34.643355865 ], [ 134.992233995, 34.643444694 ], [ 134.99210297, 34.643344775 ], [ 134.992066419999986, 34.643373198 ], [ 134.992077302000013, 34.643382802 ], [ 134.992024189, 34.643425162 ], [ 134.992012437999989, 34.643415586 ], [ 134.991999105, 34.643426667 ], [ 134.991814384, 34.643269802 ], [ 134.991739196, 34.643195748 ], [ 134.991714086, 34.643176694 ], [ 134.991696252, 34.643170027 ], [ 134.991680752, 34.643171 ], [ 134.99167, 34.643177279 ], [ 134.991666667, 34.64317436 ], [ 134.991641219, 34.643152198 ], [ 134.991641388, 34.643145802 ], [ 134.99166428, 34.643126919 ], [ 134.991643943000014, 34.643108198 ], [ 134.991629390000014, 34.643102586 ], [ 134.991613554, 34.643101054 ], [ 134.991601479, 34.643102559 ], [ 134.991596808999986, 34.643105279 ], [ 134.991590532, 34.64311164 ], [ 134.991587082, 34.643119414 ], [ 134.991585472999986, 34.643136279 ], [ 134.991593255999987, 34.643152559 ], [ 134.991612477, 34.643169667 ], [ 134.991626005, 34.643158495 ] ] ], [ [ [ 134.966709027, 34.644867721 ], [ 134.966749559, 34.644860865 ], [ 134.966692387, 34.644628468 ], [ 134.966666667, 34.644632829 ], [ 134.966651751, 34.64463536 ], [ 134.966666667, 34.644695865 ], [ 134.966709027, 34.644867721 ] ] ], [ [ [ 135.093106057, 34.634797468 ], [ 135.09308, 34.634799532 ], [ 135.093062581, 34.634861468 ], [ 135.092920856, 34.634833775 ], [ 135.09293406, 34.634784387 ], [ 135.092933502, 34.634773306 ], [ 135.092918807, 34.634763198 ], [ 135.092898586, 34.634758279 ], [ 135.092907419, 34.634710721 ], [ 135.092905447, 34.634687108 ], [ 135.092873995, 34.634658559 ], [ 135.092920441, 34.634497901 ], [ 135.092978885, 34.634295667 ], [ 135.092920778, 34.634285387 ], [ 135.092872529, 34.634438225 ], [ 135.092844578000012, 34.634434532 ], [ 135.092832996, 34.634478694 ], [ 135.092796809, 34.63446964 ], [ 135.092691362000011, 34.634448027 ], [ 135.092638560000012, 34.634433198 ], [ 135.092580506, 34.634419414 ], [ 135.092523696, 34.634408225 ], [ 135.092470195, 34.634401973 ], [ 135.092415188, 34.634399973 ], [ 135.09235594, 34.634397559 ], [ 135.092295357000012, 34.634390081 ], [ 135.092191803, 34.634374586 ], [ 135.092130246000011, 34.634369919 ], [ 135.092078171, 34.634363946 ], [ 135.092032633, 34.63435764 ], [ 135.091980220000011, 34.634352198 ], [ 135.091926939, 34.634346468 ], [ 135.091906497999986, 34.634341108 ], [ 135.091827808, 34.634332667 ], [ 135.091779105, 34.634328108 ], [ 135.091736641000011, 34.634322054 ], [ 135.091693165, 34.634316748 ], [ 135.091666667, 34.634315694 ], [ 135.091646355, 34.634314865 ], [ 135.091627951, 34.634314973 ], [ 135.091634422999988, 34.634272468 ], [ 135.091610078, 34.634271108 ], [ 135.091603165, 34.634315225 ], [ 135.091578637999987, 34.634315387 ], [ 135.091490441, 34.634308721 ], [ 135.091443696, 34.634300892 ], [ 135.091393256, 34.634294532 ], [ 135.091348586, 34.634288495 ], [ 135.091310052000011, 34.634283694 ], [ 135.09127214, 34.634278333 ], [ 135.09123, 34.634272667 ], [ 135.091190026, 34.634265694 ], [ 135.09115622600001, 34.634255162 ], [ 135.09114428, 34.634251 ], [ 135.091154695, 34.634196306 ], [ 135.091119754, 34.634192108 ], [ 135.091111284, 34.634241829 ], [ 135.091070921000011, 34.634231198 ], [ 135.091038171, 34.634225973 ], [ 135.09099869, 34.634216586 ], [ 135.090950311, 34.634208775 ], [ 135.090877782, 34.634195694 ], [ 135.090831971, 34.634186135 ], [ 135.090784916, 34.634180667 ], [ 135.090737561999987, 34.634177162 ], [ 135.090697108, 34.634167613 ], [ 135.090655006, 34.634165802 ], [ 135.090634279999989, 34.634166 ], [ 135.090640337, 34.634136054 ], [ 135.090606161000011, 34.634131306 ], [ 135.090599494, 34.634167495 ], [ 135.09055775600001, 34.634158829 ], [ 135.090526861, 34.634156667 ], [ 135.090492049, 34.634152748 ], [ 135.090454916, 34.634147919 ], [ 135.090414721, 34.634142225 ], [ 135.090372335000012, 34.634133198 ], [ 135.090333307, 34.634124333 ], [ 135.090272309, 34.634107225 ], [ 135.090229248000014, 34.634087306 ], [ 135.090204189, 34.634078973 ], [ 135.090175888, 34.634071495 ], [ 135.09015138800001, 34.634063 ], [ 135.090126524, 34.634052054 ], [ 135.090104812, 34.634039748 ], [ 135.090089584999987, 34.63402136 ], [ 135.090086692999989, 34.634013441 ], [ 135.090079974, 34.63400636 ], [ 135.090061725, 34.634001973 ], [ 135.090039663, 34.633999865 ], [ 135.090020117, 34.63399736 ], [ 135.089994358000013, 34.63399436 ], [ 135.089917173, 34.633986387 ], [ 135.089864111999987, 34.633980225 ], [ 135.089808003, 34.633975054 ], [ 135.089684332, 34.633966198 ], [ 135.089593670999989, 34.633961162 ], [ 135.089542503, 34.633958586 ], [ 135.089495551, 34.633955559 ], [ 135.089445694, 34.633953694 ], [ 135.089392892, 34.633949865 ], [ 135.089334721, 34.633946892 ], [ 135.089273087, 34.633944829 ], [ 135.089217198, 34.633940694 ], [ 135.08911192, 34.633925198 ], [ 135.089063528, 34.633917559 ], [ 135.088967665000013, 34.633906721 ], [ 135.088909248, 34.633899495 ], [ 135.088844306, 34.633893775 ], [ 135.088778612, 34.633889865 ], [ 135.088717366999987, 34.633884108 ], [ 135.088658003, 34.633880135 ], [ 135.08859655, 34.633874468 ], [ 135.088537834, 34.633870694 ], [ 135.088480856, 34.633867279 ], [ 135.088417276, 34.633865225 ], [ 135.088317588, 34.633854946 ], [ 135.08826250300001, 34.633851748 ], [ 135.08820917, 34.633851802 ], [ 135.088150363000011, 34.633850387 ], [ 135.08810024600001, 34.633844829 ], [ 135.08805655, 34.633838892 ], [ 135.088011920000014, 34.633834198 ], [ 135.087967782, 34.633826279 ], [ 135.087924746999988, 34.633819586 ], [ 135.087889170000011, 34.633817198 ], [ 135.087866031, 34.633816252 ], [ 135.087853022, 34.63381464 ], [ 135.087838638, 34.633814162 ], [ 135.087834501, 34.633839802 ], [ 135.08781511, 34.633841198 ], [ 135.087802555, 34.633841252 ], [ 135.087799274, 34.633841108 ], [ 135.087791777, 34.633841054 ], [ 135.087774968, 34.633841252 ], [ 135.08775063600001, 34.633840775 ], [ 135.087725227, 34.633839495 ], [ 135.087703917, 34.633835829 ], [ 135.087690337, 34.633828081 ], [ 135.087688885, 34.633815559 ], [ 135.087686524, 34.633804919 ], [ 135.087679754, 34.63380336 ], [ 135.087649078999988, 34.633801721 ], [ 135.087559416, 34.633802468 ], [ 135.087547782, 34.633817495 ], [ 135.087543969, 34.633828892 ], [ 135.087543307, 34.633840333 ], [ 135.087533580000013, 34.633852108 ], [ 135.087519585, 34.633858081 ], [ 135.08742275, 34.633859225 ], [ 135.087349196, 34.633856054 ], [ 135.087311115, 34.633852694 ], [ 135.087265499000011, 34.633852532 ], [ 135.087219468, 34.633852162 ], [ 135.087179974, 34.633849532 ], [ 135.087138171, 34.633845829 ], [ 135.087095032, 34.633840667 ], [ 135.087030558, 34.633838468 ], [ 135.08701661500001, 34.63383864 ], [ 135.086997198, 34.633839027 ], [ 135.086983358999987, 34.633841198 ], [ 135.086964501000011, 34.633841829 ], [ 135.086930389, 34.633844387 ], [ 135.086891336, 34.633843468 ], [ 135.086847328, 34.633839694 ], [ 135.086807639, 34.633839748 ], [ 135.086775837, 34.633842919 ], [ 135.086743307, 34.633841946 ], [ 135.086708366000011, 34.633836027 ], [ 135.086676978000014, 34.633828559 ], [ 135.08664703, 34.633821279 ], [ 135.086624863999987, 34.633818162 ], [ 135.086598418, 34.633811027 ], [ 135.086602555000013, 34.633775387 ], [ 135.086592724000013, 34.633774081 ], [ 135.086584475, 34.633849865 ], [ 135.0865538, 34.633848441 ], [ 135.086510363, 34.63384536 ], [ 135.086469637, 34.633838946 ], [ 135.086400999, 34.633835775 ], [ 135.086352607, 34.633828865 ], [ 135.086310973, 34.633819108 ], [ 135.086274228, 34.633808162 ], [ 135.086240973, 34.633796198 ], [ 135.086205253, 34.63378964 ], [ 135.086186589, 34.633789865 ], [ 135.08618869, 34.633780198 ], [ 135.086169689, 34.633777162 ], [ 135.086164838, 34.633794414 ], [ 135.086171608, 34.633795892 ], [ 135.086168754999989, 34.633829198 ], [ 135.086144526999988, 34.633829414 ], [ 135.086116057, 34.633828414 ], [ 135.086082387, 34.633820973 ], [ 135.086045447, 34.633810559 ], [ 135.086010636, 34.633798694 ], [ 135.085975058, 34.633795306 ], [ 135.085936226, 34.633795108 ], [ 135.085902555, 34.633786468 ], [ 135.085871051, 34.633775748 ], [ 135.085838249, 34.633767027 ], [ 135.0858007, 34.633762667 ], [ 135.085783475999989, 34.633762946 ], [ 135.085785863000012, 34.633751135 ], [ 135.085768171000012, 34.63374836 ], [ 135.085764189, 34.633766495 ], [ 135.085769754000012, 34.633767919 ], [ 135.085764915999988, 34.633788225 ], [ 135.085749974, 34.633788054 ], [ 135.085725642, 34.633785387 ], [ 135.085693256000013, 34.633784532 ], [ 135.085658638000012, 34.633780306 ], [ 135.085620947, 34.633775306 ], [ 135.085586109, 34.633769946 ], [ 135.085550311, 34.633765559 ], [ 135.085515694, 34.633763532 ], [ 135.085481855000012, 34.633758414 ], [ 135.085450026, 34.633749694 ], [ 135.08542594, 34.633739919 ], [ 135.085404254, 34.633727613 ], [ 135.085382892000013, 34.633719441 ], [ 135.085345550999989, 34.633714892 ], [ 135.085338911, 34.633714946 ], [ 135.085340363, 34.63370836 ], [ 135.085331725, 34.633706054 ], [ 135.085322217999988, 34.633750108 ], [ 135.085291582, 34.633751108 ], [ 135.085272776000011, 34.633748333 ], [ 135.085261829, 34.633744162 ], [ 135.084995422, 34.63355236 ], [ 135.084659494, 34.633469495 ], [ 135.084596809, 34.633449333 ], [ 135.08462214, 34.633333333 ], [ 135.084624577999989, 34.633322225 ], [ 135.084596108999989, 34.633296802 ], [ 135.084139585, 34.633156279 ], [ 135.084152671999988, 34.633119613 ], [ 135.084139416, 34.633114441 ], [ 135.08412297000001, 34.633151162 ], [ 135.083486978, 34.632955306 ], [ 135.08348538300001, 34.632960441 ], [ 135.083333333000013, 34.632909162 ], [ 135.083313411, 34.632902441 ], [ 135.083333333000013, 34.632867441 ], [ 135.083360778000014, 34.632819225 ], [ 135.083333333000013, 34.632808829 ], [ 135.08325297, 34.632778414 ], [ 135.083195447, 34.63288164 ], [ 135.083138975, 34.632861532 ], [ 135.083041946, 34.632792162 ], [ 135.082534812, 34.632671667 ], [ 135.082539196, 34.632652081 ], [ 135.082488859, 34.632573775 ], [ 135.082376472, 34.632483414 ], [ 135.082386445999987, 34.632452162 ], [ 135.082471115, 34.632418667 ], [ 135.082646667, 34.632037586 ], [ 135.082677367, 34.631970865 ], [ 135.082601751, 34.631941946 ], [ 135.082584720999989, 34.631979108 ], [ 135.082555914000011, 34.632038135 ], [ 135.082379753999987, 34.632398829 ], [ 135.082357886000011, 34.63246736 ], [ 135.082223969000012, 34.632369414 ], [ 135.082296692999989, 34.632039748 ], [ 135.082425811, 34.631454495 ], [ 135.082509001, 34.631077171 ], [ 135.082376174, 34.630981162 ], [ 135.081824098999988, 34.630896027 ], [ 135.081436419999989, 34.63082818 ], [ 135.081173359, 34.630779126 ], [ 135.080847328, 34.630714054 ], [ 135.080580428, 34.630663766 ], [ 135.080437859999989, 34.630636234 ], [ 135.080224345, 34.630590937 ], [ 135.080198444, 34.630694045 ], [ 135.080408898, 34.630733559 ], [ 135.08040642, 34.630741919 ], [ 135.080541555999986, 34.630768225 ], [ 135.080562412, 34.630772054 ], [ 135.081240973, 34.630901865 ], [ 135.081601582, 34.630967802 ], [ 135.081740026, 34.630994441 ], [ 135.081553774000014, 34.631838306 ], [ 135.080607781999987, 34.631693468 ], [ 135.080563217, 34.631870252 ], [ 135.080315668, 34.63183536 ], [ 135.080374527, 34.631601586 ], [ 135.080434163, 34.631319973 ], [ 135.080472412, 34.63114664 ], [ 135.080399363999987, 34.631135198 ], [ 135.080308275, 34.631546279 ], [ 135.080269416, 34.631542468 ], [ 135.080209663, 34.631618027 ], [ 135.080209883, 34.631715829 ], [ 135.080160025999987, 34.631788081 ], [ 135.079992412, 34.631825973 ], [ 135.079991089, 34.631883946 ], [ 135.079960999, 34.631885306 ], [ 135.079917392999988, 34.631887081 ], [ 135.079894059999987, 34.631887532 ], [ 135.079860337000014, 34.631887532 ], [ 135.07981572, 34.631886279 ], [ 135.079763217, 34.631882441 ], [ 135.07968085600001, 34.631867919 ], [ 135.079621336, 34.631856198 ], [ 135.079559389999986, 34.631845829 ], [ 135.079503671, 34.631834108 ], [ 135.079444332, 34.631820865 ], [ 135.079379494, 34.631804387 ], [ 135.07931347600001, 34.631786775 ], [ 135.079208586, 34.631752694 ], [ 135.079150441, 34.631730162 ], [ 135.079095083999988, 34.631710027 ], [ 135.079043891, 34.631693387 ], [ 135.078924306, 34.631663198 ], [ 135.078866835000014, 34.631649946 ], [ 135.078776252000011, 34.631633559 ], [ 135.078727198, 34.631622306 ], [ 135.078672023, 34.631611198 ], [ 135.078618807, 34.631601532 ], [ 135.078570660999986, 34.631594694 ], [ 135.078521529999989, 34.631590387 ], [ 135.078429805000013, 34.631590225 ], [ 135.07838847, 34.631590306 ], [ 135.078326887, 34.631593108 ], [ 135.078293359000014, 34.631601252 ], [ 135.07826642, 34.631611973 ], [ 135.07825175100001, 34.631617559 ], [ 135.078239883, 34.631622748 ], [ 135.078226135, 34.631633108 ], [ 135.07822267200001, 34.631647198 ], [ 135.078019805, 34.631610946 ], [ 135.078038223, 34.631573252 ], [ 135.077982944000013, 34.631561865 ], [ 135.077943943, 34.631578694 ], [ 135.077492256999989, 34.631499946 ], [ 135.077492244000013, 34.631499946 ], [ 135.077430596999989, 34.631483559 ], [ 135.077430584000012, 34.631483559 ], [ 135.077424137, 34.631470333 ], [ 135.07740513600001, 34.631455495 ], [ 135.077368170999989, 34.631442559 ], [ 135.076171050999989, 34.631171027 ], [ 135.076146161, 34.631166108 ], [ 135.076108170999987, 34.631160946 ], [ 135.076067951, 34.631163721 ], [ 135.076021946, 34.631168775 ], [ 135.075980169, 34.631167387 ], [ 135.075, 34.63095536 ], [ 135.074979856999988, 34.630951 ], [ 135.074781634, 34.630908108 ], [ 135.074736809, 34.630892081 ], [ 135.074706252, 34.630868 ], [ 135.074678444, 34.63085636 ], [ 135.074652477, 34.630852919 ], [ 135.07464185500001, 34.630860829 ], [ 135.074621141, 34.630899441 ], [ 135.074311167, 34.630737802 ], [ 135.074286355, 34.630733973 ], [ 135.074277717, 34.630765775 ], [ 135.074266329000011, 34.630761414 ], [ 135.07483408600001, 34.62873464 ], [ 135.074519468, 34.628320775 ], [ 135.072240311, 34.627886748 ], [ 135.067080116999989, 34.626903973 ], [ 135.066666667, 34.626825748 ], [ 135.062936109, 34.62612 ], [ 135.060079857, 34.625575694 ], [ 135.059706809, 34.625767495 ], [ 135.059687782, 34.625736333 ], [ 135.059669364, 34.625712 ], [ 135.059643411, 34.625703054 ], [ 135.059597056, 34.625726225 ], [ 135.059530311, 34.625785775 ], [ 135.059480752000013, 34.625831135 ], [ 135.059198885, 34.626828333 ], [ 135.059137341, 34.627042901 ], [ 135.059111051, 34.627134559 ], [ 135.059090752, 34.627145495 ], [ 135.05903856, 34.627339198 ], [ 135.059030246, 34.627375306 ], [ 135.059017445, 34.627418748 ], [ 135.058997756, 34.627475108 ], [ 135.058961634000013, 34.627498135 ], [ 135.058913917000012, 34.62751636 ], [ 135.058857224, 34.627517946 ], [ 135.058854034, 34.627478306 ], [ 135.058806057, 34.627479775 ], [ 135.058747276, 34.627479586 ], [ 135.058690584, 34.627479919 ], [ 135.058669754, 34.627582081 ], [ 135.058650947, 34.627588225 ], [ 135.058646978000013, 34.627470333 ], [ 135.058461829, 34.627476225 ], [ 135.058333333, 34.627457315 ], [ 135.058230272, 34.627442153 ], [ 135.05795537, 34.627401712 ], [ 135.057987562, 34.627274865 ], [ 135.057998859, 34.627283441 ], [ 135.058018716, 34.627284748 ], [ 135.058039274, 34.627278135 ], [ 135.058049974, 34.62726736 ], [ 135.058052632999988, 34.627247973 ], [ 135.058081219, 34.626779477 ], [ 135.058084332, 34.626728495 ], [ 135.05812642, 34.62671536 ], [ 135.058127418999987, 34.626705162 ], [ 135.058121725, 34.626625775 ], [ 135.05813572, 34.626329279 ], [ 135.058248716, 34.625 ], [ 135.058269364000012, 34.624757081 ], [ 135.058266083, 34.624731225 ], [ 135.058245863, 34.624711613 ], [ 135.057777173, 34.624426721 ], [ 135.057742139999988, 34.624410333 ], [ 135.057708911, 34.624404586 ], [ 135.056593891, 34.62427264 ], [ 135.05644538300001, 34.624263054 ], [ 135.055979883, 34.624220748 ], [ 135.055846524, 34.624234532 ], [ 135.055834501, 34.624254054 ], [ 135.055826329000013, 34.624294865 ], [ 135.05572275, 34.624285387 ], [ 135.055509663, 34.624271865 ], [ 135.054617588000013, 34.624597333 ], [ 135.054614838, 34.624607108 ], [ 135.054635473, 34.624648279 ], [ 135.05464910500001, 34.624650973 ], [ 135.055038975, 34.624509108 ], [ 135.055047497, 34.624526748 ], [ 135.055445162000012, 34.624378973 ], [ 135.055709274, 34.624402919 ], [ 135.055713139, 34.62437 ], [ 135.056478949, 34.624437225 ], [ 135.056414189, 34.625 ], [ 135.056409804999987, 34.625038306 ], [ 135.056315719999986, 34.62503064 ], [ 135.056320414999988, 34.625 ], [ 135.056322633, 34.624985532 ], [ 135.056169053, 34.624969495 ], [ 135.056164358, 34.625 ], [ 135.056155746, 34.625055748 ], [ 135.056309416, 34.625071892 ], [ 135.05631345, 34.62504536 ], [ 135.056407977, 34.625053721 ], [ 135.056339415999986, 34.625649468 ], [ 135.055522996, 34.625608694 ], [ 135.055413891, 34.625753946 ], [ 135.054577808, 34.625318775 ], [ 135.054277860000013, 34.625227333 ], [ 135.054307198, 34.625152441 ], [ 135.053784384000011, 34.625 ], [ 135.053689585, 34.62497236 ], [ 135.053678781, 34.625 ], [ 135.053663217, 34.625039667 ], [ 135.053548418, 34.625004198 ], [ 135.053516550000012, 34.625077946 ], [ 135.054553606000013, 34.62539636 ], [ 135.054561699, 34.62540064 ], [ 135.054532192000011, 34.625442748 ], [ 135.054509196, 34.625431162 ], [ 135.05445442300001, 34.625505306 ], [ 135.054543165000013, 34.625550135 ], [ 135.054598029, 34.625475973 ], [ 135.05454939, 34.625451468 ], [ 135.054578911, 34.625409559 ], [ 135.055603217, 34.625945387 ], [ 135.055432581, 34.626176559 ], [ 135.055470506, 34.626196081 ], [ 135.055644617000013, 34.625964892 ], [ 135.056104384, 34.626203306 ], [ 135.057294746999986, 34.626365027 ], [ 135.057296524, 34.626356802 ], [ 135.057397665, 34.626374495 ], [ 135.057293606, 34.627225973 ], [ 135.05640085600001, 34.627151559 ], [ 135.056429947999987, 34.626920613 ], [ 135.056413696, 34.626919252 ], [ 135.056384501, 34.627150225 ], [ 135.055982412, 34.627115468 ], [ 135.056012218, 34.626879721 ], [ 135.055995863, 34.626878279 ], [ 135.055966160999986, 34.627114108 ], [ 135.055044034, 34.627034468 ], [ 135.055111051000011, 34.626487135 ], [ 135.054329196, 34.626420279 ], [ 135.054337562, 34.626353054 ], [ 135.054351634, 34.626354225 ], [ 135.054369883, 34.626208532 ], [ 135.054309754, 34.626203387 ], [ 135.054291608, 34.626349081 ], [ 135.054308521, 34.626350613 ], [ 135.054300168999987, 34.626417721 ], [ 135.054149001000013, 34.626404829 ], [ 135.054157366999988, 34.626338333 ], [ 135.054172865999988, 34.626339613 ], [ 135.054191025, 34.626193919 ], [ 135.054130999, 34.626188748 ], [ 135.054112724, 34.626334468 ], [ 135.054129636999988, 34.626335973 ], [ 135.054121388, 34.626402468 ], [ 135.053972750000014, 34.626389748 ], [ 135.053971166999986, 34.626408333 ], [ 135.053667886, 34.626385135 ], [ 135.053663891000014, 34.62641636 ], [ 135.053965551, 34.626440279 ], [ 135.053911608, 34.626862135 ], [ 135.05337144, 34.626837108 ], [ 135.053384773, 34.626676108 ], [ 135.053369948000011, 34.626675279 ], [ 135.053358197, 34.626818973 ], [ 135.053131414, 34.626812829 ], [ 135.052933306999989, 34.626807414 ], [ 135.05294594, 34.626654162 ], [ 135.052931115, 34.626653441 ], [ 135.052918833, 34.626797027 ], [ 135.051946445999988, 34.626756333 ], [ 135.052019416, 34.625923468 ], [ 135.05279422800001, 34.625979468 ], [ 135.052801582, 34.625923559 ], [ 135.052023307000013, 34.625867919 ], [ 135.052030389, 34.625777721 ], [ 135.052448223, 34.625025108 ], [ 135.052461894, 34.625 ], [ 135.052655525, 34.624643721 ], [ 135.05265978, 34.624643532 ], [ 135.052667276, 34.624629694 ], [ 135.0526007, 34.624609081 ], [ 135.052383943, 34.625 ], [ 135.051961414, 34.625762 ], [ 135.051862957, 34.626794523 ], [ 135.051789948, 34.626792694 ], [ 135.051247612999987, 34.626756775 ], [ 135.051257977, 34.626667559 ], [ 135.051062802, 34.626585225 ], [ 135.051127224, 34.625910775 ], [ 135.051340584, 34.625904667 ], [ 135.051709053, 34.625267027 ], [ 135.051690143, 34.625 ], [ 135.051650337000012, 34.624437802 ], [ 135.050399339, 34.62449836 ], [ 135.05, 34.624518775 ], [ 135.047134449, 34.624665333 ], [ 135.04713730200001, 34.624743946 ], [ 135.047062283, 34.624858414 ], [ 135.047113528000011, 34.624883081 ], [ 135.047169831, 34.624797108 ], [ 135.047252166, 34.624836748 ], [ 135.047195966, 34.624922721 ], [ 135.047214695, 34.624931721 ], [ 135.047270999, 34.624845829 ], [ 135.047591699, 34.625 ], [ 135.04793725, 34.625166108 ], [ 135.047761971, 34.625417135 ], [ 135.046971115, 34.625036919 ], [ 135.046995278999987, 34.625 ], [ 135.04701406, 34.624971306 ], [ 135.046994553, 34.624961865 ], [ 135.046969585, 34.625 ], [ 135.046902633, 34.625102225 ], [ 135.046922114000012, 34.625111667 ], [ 135.046959364, 34.625054748 ], [ 135.047749689, 34.625434694 ], [ 135.047592607000013, 34.625659721 ], [ 135.046697886, 34.625223225 ], [ 135.04676214, 34.625136946 ], [ 135.046738366, 34.625124802 ], [ 135.046673774, 34.625211468 ], [ 135.046574228, 34.625162919 ], [ 135.046658106, 34.625050468 ], [ 135.046634254, 34.625038333 ], [ 135.046550143, 34.625151162 ], [ 135.046240441, 34.625 ], [ 135.046152049, 34.624956865 ], [ 135.046148885, 34.624905225 ], [ 135.046639948, 34.624889027 ], [ 135.046638755, 34.624865865 ], [ 135.046147497, 34.624882054 ], [ 135.046146744, 34.62487 ], [ 135.046104968, 34.624871306 ], [ 135.046094578, 34.624751829 ], [ 135.046632386999988, 34.624734081 ], [ 135.046630169, 34.624688495 ], [ 135.046074669, 34.624706892 ], [ 135.046075772, 34.624720225 ], [ 135.045695188, 34.624735135 ], [ 135.04562639400001, 34.624738892 ], [ 135.045628949, 34.624742225 ], [ 135.045594617, 34.624743748 ], [ 135.045580558000012, 34.625 ], [ 135.04551572, 34.626183829 ], [ 135.04502452700001, 34.626206441 ], [ 135.045082192, 34.625245748 ], [ 135.04530022, 34.625235892 ], [ 135.045294112, 34.625121 ], [ 135.044307808000013, 34.625174162 ], [ 135.044305837, 34.62517264 ], [ 135.043867613, 34.625194225 ], [ 135.043872943999986, 34.625293721 ], [ 135.044310363, 34.625268441 ], [ 135.044312802, 34.625272667 ], [ 135.044336252, 34.625272 ], [ 135.044332477000012, 34.625314748 ], [ 135.044316031, 34.625407532 ], [ 135.04427869, 34.625495 ], [ 135.044227275999987, 34.625577694 ], [ 135.044163411, 34.62567336 ], [ 135.044085161999988, 34.625769108 ], [ 135.043993645, 34.625842387 ], [ 135.043884773, 34.625901 ], [ 135.043773112999986, 34.625954198 ], [ 135.043702633, 34.625976973 ], [ 135.043579105, 34.626007973 ], [ 135.043449689, 34.626022333 ], [ 135.043382335, 34.626028495 ], [ 135.043269027, 34.626030054 ], [ 135.043131413999987, 34.626017081 ], [ 135.043043645000012, 34.626008468 ], [ 135.042995279, 34.626002802 ], [ 135.042994527, 34.626002802 ], [ 135.042972580999987, 34.626000495 ], [ 135.042827977, 34.625973387 ], [ 135.042765162, 34.625963495 ], [ 135.042741479, 34.625960829 ], [ 135.042661699, 34.625952919 ], [ 135.042568145, 34.625955081 ], [ 135.042469883, 34.625981892 ], [ 135.042397134, 34.626043162 ], [ 135.042355719999989, 34.626124802 ], [ 135.042320661, 34.626222108 ], [ 135.042273943, 34.626331198 ], [ 135.042195525000011, 34.626434586 ], [ 135.042111608, 34.62653136 ], [ 135.042011699, 34.626618829 ], [ 135.041895447, 34.626694252 ], [ 135.041763800000012, 34.626771468 ], [ 135.041666666999987, 34.626826162 ], [ 135.041633891, 34.626844613 ], [ 135.041500026, 34.62690364 ], [ 135.041356615000012, 34.626942946 ], [ 135.041217445, 34.626965027 ], [ 135.041073165, 34.626978775 ], [ 135.040923333, 34.626980279 ], [ 135.040777834000011, 34.626979667 ], [ 135.040631946, 34.626971225 ], [ 135.040492892, 34.626958333 ], [ 135.040359339, 34.626962532 ], [ 135.040282802, 34.626977586 ], [ 135.040161803, 34.627025081 ], [ 135.040097419, 34.627057279 ], [ 135.039986693, 34.627116865 ], [ 135.039924086000013, 34.62715536 ], [ 135.039843022000014, 34.627228414 ], [ 135.039777445, 34.627314892 ], [ 135.039727886, 34.627414054 ], [ 135.039678716, 34.627506027 ], [ 135.039625525, 34.627598919 ], [ 135.039550725999987, 34.627689586 ], [ 135.039458003, 34.627777135 ], [ 135.039351751, 34.627851306 ], [ 135.039241556, 34.627911252 ], [ 135.039117717000011, 34.627955973 ], [ 135.039037328, 34.627980775 ], [ 135.038911971, 34.628011532 ], [ 135.038844864, 34.628020667 ], [ 135.03873, 34.628030252 ], [ 135.03866041500001, 34.628030829 ], [ 135.038551025, 34.628030919 ], [ 135.038454253999987, 34.628025973 ], [ 135.038369948, 34.628001667 ], [ 135.038322607, 34.627986532 ], [ 135.038274500999989, 34.627973387 ], [ 135.038199274, 34.62796164 ], [ 135.038163217, 34.627956252 ], [ 135.038124189, 34.627945748 ], [ 135.038051725, 34.627924 ], [ 135.038029001000012, 34.627920333 ], [ 135.038003217000011, 34.627916802 ], [ 135.037980778, 34.62790664 ], [ 135.037977912, 34.627902613 ], [ 135.037989144, 34.627886775 ], [ 135.038072723999989, 34.627814613 ], [ 135.038046641, 34.627775559 ], [ 135.038061946, 34.62776464 ], [ 135.038436744, 34.627543225 ], [ 135.038364086, 34.627460441 ], [ 135.037570894999988, 34.627924973 ], [ 135.036403411, 34.628612694 ], [ 135.037032283, 34.629351468 ], [ 135.035257613, 34.630396973 ], [ 135.034629857, 34.629661892 ], [ 135.033333333, 34.630424306 ], [ 135.033081192999987, 34.630572559 ], [ 135.032802724, 34.630738252 ], [ 135.031873645, 34.631286532 ], [ 135.032768392, 34.632326441 ], [ 135.032755694, 34.632333892 ], [ 135.031967756, 34.632795306 ], [ 135.032010168999989, 34.632845441 ], [ 135.032007782, 34.632846802 ], [ 135.032044228, 34.632888892 ], [ 135.031954812, 34.632930414 ], [ 135.03215358, 34.633210721 ], [ 135.032127366999987, 34.633216387 ], [ 135.03211083, 34.633223225 ], [ 135.032094358, 34.633236667 ], [ 135.032081971, 34.633253414 ], [ 135.032068444, 34.633280198 ], [ 135.032054746999989, 34.633298027 ], [ 135.032040999, 34.63331036 ], [ 135.032027276, 34.633326027 ], [ 135.032022776, 34.633333333 ], [ 135.032017691, 34.633341586 ], [ 135.032004034000011, 34.633361775 ], [ 135.031995837000011, 34.633372919 ], [ 135.031981946, 34.633381559 ], [ 135.031958807, 34.633393865 ], [ 135.031934942, 34.633408333 ], [ 135.03190693900001, 34.633425532 ], [ 135.031885136, 34.633439441 ], [ 135.031855058, 34.633455586 ], [ 135.031831946000011, 34.633469495 ], [ 135.031814475, 34.633480333 ], [ 135.031798054, 34.63348764 ], [ 135.031774137000014, 34.633495441 ], [ 135.031754332, 34.633501054 ], [ 135.031735837000014, 34.633505027 ], [ 135.031707834, 34.633509054 ], [ 135.031677664999989, 34.633514108 ], [ 135.031588755, 34.633447919 ], [ 135.031551439999987, 34.63348336 ], [ 135.031640117, 34.633548135 ], [ 135.031639053, 34.63356564 ], [ 135.031639195999986, 34.633582748 ], [ 135.03164, 34.633602586 ], [ 135.031637445, 34.633622414 ], [ 135.03163282700001, 34.633645081 ], [ 135.031627562000011, 34.633664414 ], [ 135.031617393, 34.633688721 ], [ 135.031605305, 34.63371736 ], [ 135.03159061, 34.633745829 ], [ 135.031577808, 34.633766919 ], [ 135.031562802, 34.633787387 ], [ 135.031541751, 34.633812829 ], [ 135.031520777999987, 34.633833865 ], [ 135.031496161, 34.633852225 ], [ 135.031462724, 34.633868919 ], [ 135.031435447, 34.633880694 ], [ 135.031411530000014, 34.633889135 ], [ 135.031384086, 34.633896946 ], [ 135.031379079, 34.633898414 ], [ 135.031355357, 34.633904865 ], [ 135.031317808000011, 34.633912748 ], [ 135.031289728, 34.633917865 ], [ 135.031267691000011, 34.633920694 ], [ 135.031201829, 34.633869694 ], [ 135.031154306, 34.633911252 ], [ 135.031209442, 34.633958802 ], [ 135.031212412, 34.633986919 ], [ 135.031213891, 34.63400564 ], [ 135.031212698, 34.634019892 ], [ 135.03121144, 34.634042 ], [ 135.031208885000012, 34.634060225 ], [ 135.031204228, 34.634075667 ], [ 135.031198859, 34.634087775 ], [ 135.031191439999986, 34.634100532 ], [ 135.031180557999988, 34.634114919 ], [ 135.031162166, 34.634134306 ], [ 135.031146615000011, 34.634152 ], [ 135.031117419, 34.63418136 ], [ 135.031096978, 34.634201414 ], [ 135.03107856, 34.634217468 ], [ 135.031045940000013, 34.634242441 ], [ 135.031019390000012, 34.634264054 ], [ 135.031006109, 34.634278559 ], [ 135.030995966, 34.634291865 ], [ 135.030978417999989, 34.634319 ], [ 135.030942438000011, 34.634360495 ], [ 135.030858586, 34.634442829 ], [ 135.030739001, 34.634554586 ], [ 135.03065725, 34.634624387 ], [ 135.030619274, 34.634636775 ], [ 135.030576939000014, 34.634645468 ], [ 135.030549689, 34.634647973 ], [ 135.030446524000013, 34.634768748 ], [ 135.030435772, 34.634760613 ], [ 135.029664059999988, 34.635444108 ], [ 135.02948856, 34.635600441 ], [ 135.029346861, 34.635730162 ], [ 135.029304864000011, 34.635768802 ], [ 135.028884475000012, 34.636144333 ], [ 135.028876304, 34.636158802 ], [ 135.028873839, 34.636186865 ], [ 135.028881633999987, 34.636247586 ], [ 135.028897393, 34.636357829 ], [ 135.028902244, 34.636364306 ], [ 135.028911777, 34.636368225 ], [ 135.028968885000012, 34.636363108 ], [ 135.028972049, 34.636378586 ], [ 135.028848106, 34.636466027 ], [ 135.028783411, 34.636437721 ], [ 135.028757328000012, 34.636434441 ], [ 135.02873144, 34.636443694 ], [ 135.028688366000011, 34.636468829 ], [ 135.028662335, 34.636487919 ], [ 135.028636809, 34.636511306 ], [ 135.028622866, 34.63652636 ], [ 135.028614501, 34.636533613 ], [ 135.028605642, 34.636540892 ], [ 135.028597276, 34.636545613 ], [ 135.028569753999989, 34.636555613 ], [ 135.028462866000012, 34.636594892 ], [ 135.028448833, 34.636600108 ], [ 135.028430246, 34.636608946 ], [ 135.028416252, 34.636615252 ], [ 135.028402776, 34.636623613 ], [ 135.028393255999987, 34.63663036 ], [ 135.028383087, 34.636639694 ], [ 135.028266083, 34.636763495 ], [ 135.028249558999988, 34.636782721 ], [ 135.028235499, 34.636796225 ], [ 135.028218275, 34.636811279 ], [ 135.028204306, 34.636823721 ], [ 135.028192802, 34.636830441 ], [ 135.028183917, 34.636835198 ], [ 135.02817869, 34.636836748 ], [ 135.028173554, 34.636836252 ], [ 135.028158106, 34.636830198 ], [ 135.02809824900001, 34.636804225 ], [ 135.028028716, 34.636772162 ], [ 135.0280262, 34.63677064 ], [ 135.028612049, 34.636251108 ], [ 135.028584942, 34.636231135 ], [ 135.027913087, 34.636824198 ], [ 135.027646446, 34.636618027 ], [ 135.027623606, 34.636638775 ], [ 135.028074941999989, 34.636991946 ], [ 135.028073217000014, 34.637009 ], [ 135.02806819700001, 34.637032748 ], [ 135.028061361999988, 34.637051441 ], [ 135.02805061, 34.637071333 ], [ 135.028037224, 34.637086919 ], [ 135.028016912999988, 34.637110279 ], [ 135.027989585, 34.637142892 ], [ 135.027955252999988, 34.637183387 ], [ 135.027936109, 34.637204135 ], [ 135.027925939999989, 34.637214027 ], [ 135.027896693, 34.63723736 ], [ 135.02785834, 34.637269054 ], [ 135.02773083, 34.63717736 ], [ 135.02771428, 34.637193973 ], [ 135.027868003, 34.637302973 ], [ 135.027815940000011, 34.637351414 ], [ 135.027787886, 34.637374748 ], [ 135.027764254, 34.637391919 ], [ 135.027741920000011, 34.637406027 ], [ 135.027688275, 34.637437775 ], [ 135.027607859999989, 34.637486198 ], [ 135.027588638, 34.637496135 ], [ 135.027554189, 34.637512829 ], [ 135.027432607, 34.637566162 ], [ 135.027401946, 34.637578694 ], [ 135.027248612, 34.637633468 ], [ 135.027152049, 34.637668108 ], [ 135.027114189, 34.637682748 ], [ 135.027081608, 34.637697441 ], [ 135.027061829, 34.637707306 ], [ 135.027041970999989, 34.637718306 ], [ 135.027017808000011, 34.637735946 ], [ 135.026925447, 34.637804892 ], [ 135.026852049000013, 34.637860027 ], [ 135.026820169, 34.637881829 ], [ 135.026797781999989, 34.637892333 ], [ 135.026770272, 34.637901775 ], [ 135.026746524, 34.637906054 ], [ 135.026721439999989, 34.637907748 ], [ 135.026702244, 34.637906775 ], [ 135.026682918, 34.637903279 ], [ 135.026660389, 34.637897279 ], [ 135.026644306, 34.637891135 ], [ 135.026630168999986, 34.637882919 ], [ 135.026614578, 34.637870667 ], [ 135.026517860000013, 34.637795586 ], [ 135.026441608, 34.637727865 ], [ 135.026370415, 34.637665333 ], [ 135.0271462, 34.636967135 ], [ 135.027150895, 34.636951865 ], [ 135.02715192, 34.636933829 ], [ 135.027149974, 34.636922946 ], [ 135.027147276, 34.636912135 ], [ 135.027144695, 34.636903946 ], [ 135.027138859, 34.636896748 ], [ 135.027129728, 34.636887 ], [ 135.027109079000013, 34.636872694 ], [ 135.027090999, 34.636861414 ], [ 135.027080052, 34.636857333 ], [ 135.027069805, 34.636857387 ], [ 135.027047367, 34.636858532 ], [ 135.027037108, 34.636861198 ], [ 135.027021776999987, 34.636866414 ], [ 135.027011479, 34.636873694 ], [ 135.026506057, 34.637332919 ], [ 135.026268781, 34.637524108 ], [ 135.025909559000013, 34.637858532 ], [ 135.025903307, 34.637868468 ], [ 135.02589808, 34.637895829 ], [ 135.025899468, 34.63790564 ], [ 135.025913528, 34.637932613 ], [ 135.02594, 34.637954721 ], [ 135.02597511, 34.637965613 ], [ 135.026007808, 34.637962829 ], [ 135.026020972999987, 34.637958865 ], [ 135.026059974, 34.637938279 ], [ 135.026144527000014, 34.637863333 ], [ 135.026159079, 34.637870721 ], [ 135.026174916, 34.637885613 ], [ 135.026188911, 34.637902306 ], [ 135.026202166, 34.637922586 ], [ 135.026232865999987, 34.637980919 ], [ 135.026243384999987, 34.638014387 ], [ 135.026249442, 34.63804736 ], [ 135.026251699, 34.638080892 ], [ 135.026249364, 34.638115532 ], [ 135.026244501, 34.638144946 ], [ 135.026227665, 34.638193694 ], [ 135.026205551, 34.638237198 ], [ 135.026181556000012, 34.638289892 ], [ 135.026161362000011, 34.638326162 ], [ 135.026139144000012, 34.638355667 ], [ 135.026109857, 34.638389919 ], [ 135.026070441, 34.63843764 ], [ 135.026032918, 34.638477081 ], [ 135.025902412, 34.638601333 ], [ 135.025878197, 34.638627775 ], [ 135.025859105, 34.638654225 ], [ 135.025850467, 34.638676252 ], [ 135.02574773, 34.638778342 ], [ 135.025666328999989, 34.638859225 ], [ 135.025625162000011, 34.638892198 ], [ 135.025540920999987, 34.638954613 ], [ 135.02547153, 34.639003775 ], [ 135.025416615000012, 34.639037081 ], [ 135.025359728000012, 34.639068865 ], [ 135.025315006, 34.639094892 ], [ 135.0252793, 34.639118892 ], [ 135.025149857, 34.639003532 ], [ 135.025131996999988, 34.639007225 ], [ 135.025106446, 34.639026946 ], [ 135.02510655, 34.639042441 ], [ 135.025241167, 34.63917536 ], [ 135.025193865, 34.639256865 ], [ 135.025175525, 34.639282748 ], [ 135.025153839000012, 34.639309198 ], [ 135.025131556, 34.639332495 ], [ 135.025092724, 34.639374 ], [ 135.025, 34.639464865 ], [ 135.024995473, 34.639469306 ], [ 135.024930532000013, 34.639531054 ], [ 135.024877613, 34.639579865 ], [ 135.024819001, 34.639629775 ], [ 135.024569974, 34.639836721 ], [ 135.024446226, 34.639935414 ], [ 135.024315162, 34.640034441 ], [ 135.024161971000012, 34.640146802 ], [ 135.024045188, 34.640229532 ], [ 135.02390182900001, 34.640331829 ], [ 135.023824617, 34.640383829 ], [ 135.023783138999988, 34.640408333 ], [ 135.023755642, 34.640418829 ], [ 135.023736394, 34.64042564 ], [ 135.023732503, 34.640418973 ], [ 135.023720272, 34.640417414 ], [ 135.023620441, 34.640453613 ], [ 135.023493696, 34.640532468 ], [ 135.023176393999989, 34.640741252 ], [ 135.023062996, 34.640827802 ], [ 135.02301464300001, 34.640875054 ], [ 135.02291966300001, 34.640959162 ], [ 135.022898340000012, 34.641018135 ], [ 135.022785499, 34.64109064 ], [ 135.02269097300001, 34.641148414 ], [ 135.02262192, 34.641187586 ], [ 135.022506252, 34.641248532 ], [ 135.022483748000013, 34.641243532 ], [ 135.022419754, 34.641273279 ], [ 135.022390026000011, 34.641307892 ], [ 135.022439857, 34.641344748 ], [ 135.022396523999987, 34.641391946 ], [ 135.022353216999988, 34.641432495 ], [ 135.022318716, 34.641455865 ], [ 135.02211406, 34.641595027 ], [ 135.022048949, 34.641636694 ], [ 135.022016394, 34.641656 ], [ 135.022000415, 34.641663279 ], [ 135.021992555, 34.641649892 ], [ 135.021971245, 34.641633532 ], [ 135.021960363, 34.641634135 ], [ 135.021885837000013, 34.641666667 ], [ 135.021720052, 34.641739054 ], [ 135.021434968, 34.641876252 ], [ 135.020759610999988, 34.642202802 ], [ 135.020568949, 34.642320802 ], [ 135.020352166, 34.642434532 ], [ 135.020245357, 34.642487252 ], [ 135.019942633, 34.642613532 ], [ 135.019715616000013, 34.642728306 ], [ 135.019561167, 34.642810054 ], [ 135.019141673, 34.642972775 ], [ 135.018924384, 34.643051279 ], [ 135.018745253, 34.64312764 ], [ 135.01871696500001, 34.643138324 ], [ 135.018615162, 34.643176784 ], [ 135.018596589, 34.643128559 ], [ 135.018469728000014, 34.643077892 ], [ 135.018360895, 34.64288 ], [ 135.018309585, 34.642901559 ], [ 135.018178638, 34.642683225 ], [ 135.017976304, 34.642301414 ], [ 135.01799839200001, 34.642293252 ], [ 135.017643838999987, 34.641666667 ], [ 135.017340246, 34.641130135 ], [ 135.017285914000013, 34.641034054 ], [ 135.01723511, 34.641053198 ], [ 135.017185188000013, 34.640962333 ], [ 135.01666666700001, 34.641078468 ], [ 135.016180803999987, 34.641187306 ], [ 135.016111997, 34.641204 ], [ 135.016128444, 34.641255919 ], [ 135.016133722, 34.641272387 ], [ 135.016206109, 34.641256667 ], [ 135.016390337, 34.641215613 ], [ 135.016394942, 34.64123 ], [ 135.016389494, 34.641258892 ], [ 135.016370895, 34.641395468 ], [ 135.016373839000011, 34.641451 ], [ 135.016384643, 34.641585252 ], [ 135.016400116999989, 34.641647802 ], [ 135.016405966, 34.641666667 ], [ 135.016410752000013, 34.641682027 ], [ 135.01641834, 34.641688919 ], [ 135.016434838, 34.641691694 ], [ 135.01644572, 34.641690667 ], [ 135.016454189, 34.641685919 ], [ 135.016463502, 34.641676748 ], [ 135.016466783, 34.641666667 ], [ 135.016478833, 34.641629613 ], [ 135.016500558, 34.641567387 ], [ 135.016505811, 34.641515333 ], [ 135.016504358, 34.641471973 ], [ 135.016551971000013, 34.641466495 ], [ 135.016626640999988, 34.641471198 ], [ 135.01666666700001, 34.641480775 ], [ 135.016710661, 34.641491279 ], [ 135.016773087, 34.641519162 ], [ 135.016841777, 34.641557279 ], [ 135.016913722, 34.641603108 ], [ 135.016960661000013, 34.641649081 ], [ 135.016971479, 34.641666667 ], [ 135.01699847, 34.641710559 ], [ 135.017020752, 34.641766946 ], [ 135.017039974, 34.641836252 ], [ 135.017046887, 34.641920946 ], [ 135.017041336, 34.642003198 ], [ 135.017023306999988, 34.642077865 ], [ 135.016992892, 34.642160162 ], [ 135.016943865, 34.642245252 ], [ 135.016888443999989, 34.642312387 ], [ 135.01682358, 34.642371775 ], [ 135.016743190999989, 34.642423613 ], [ 135.01666666700001, 34.642461802 ], [ 135.016644112, 34.642473027 ], [ 135.01654192, 34.642514721 ], [ 135.016436524, 34.642551279 ], [ 135.016334228, 34.642577559 ], [ 135.016213061, 34.64259364 ], [ 135.016119857, 34.642601829 ], [ 135.016023553999986, 34.642604973 ], [ 135.015933281, 34.642597721 ], [ 135.015859144, 34.64257236 ], [ 135.015883385, 34.642499306 ], [ 135.015841362, 34.642227721 ], [ 135.015800389, 34.642231468 ], [ 135.015779442, 34.642392865 ], [ 135.015564305999987, 34.642389387 ], [ 135.015459494, 34.642389973 ], [ 135.015356667, 34.642393892 ], [ 135.015288223, 34.642400829 ], [ 135.015217807999989, 34.64241964 ], [ 135.015133411, 34.642451748 ], [ 135.015041024999988, 34.642490586 ], [ 135.014962827, 34.642534279 ], [ 135.014908612, 34.642557946 ], [ 135.014818106, 34.642588468 ], [ 135.014719611, 34.642615613 ], [ 135.014623022, 34.642637775 ], [ 135.014520337, 34.642656748 ], [ 135.014421699, 34.642665586 ], [ 135.014314942, 34.642671252 ], [ 135.014222088, 34.642668414 ], [ 135.01413138800001, 34.642660559 ], [ 135.014032412, 34.642644414 ], [ 135.013917367, 34.642620081 ], [ 135.013828444000012, 34.642592279 ], [ 135.013739468000011, 34.642556162 ], [ 135.013668560000013, 34.642514919 ], [ 135.013591582, 34.642463694 ], [ 135.013522580999989, 34.642402414 ], [ 135.013449494000014, 34.642337829 ], [ 135.01339655000001, 34.642279892 ], [ 135.013349637, 34.642210198 ], [ 135.013304643, 34.642122081 ], [ 135.013265499, 34.642032333 ], [ 135.013234669000013, 34.641955892 ], [ 135.013211479, 34.641894252 ], [ 135.013823865, 34.641762748 ], [ 135.013801362, 34.641691387 ], [ 135.011763411, 34.642129225 ], [ 135.011208586, 34.642130775 ], [ 135.010660973, 34.642132306 ], [ 135.009632438000011, 34.642141892 ], [ 135.008333333, 34.642154054 ], [ 135.007890169, 34.642158198 ], [ 135.007315473, 34.642164973 ], [ 135.007316161, 34.642238441 ], [ 135.007844968, 34.64223464 ], [ 135.007742192, 34.642408279 ], [ 135.006922309, 34.642414892 ], [ 135.006674916, 34.642416081 ], [ 135.006555084000013, 34.642421775 ], [ 135.006287781999987, 34.642428748 ], [ 135.006034721, 34.642428 ], [ 135.005845863, 34.642434441 ], [ 135.005688859, 34.642430892 ], [ 135.005232633, 34.642438919 ], [ 135.004735888, 34.642438306 ], [ 135.004206278, 34.64244664 ], [ 135.003813087, 34.642453306 ], [ 135.003622775999986, 34.642457586 ], [ 135.003485551000011, 34.64245564 ], [ 135.003481505, 34.642279054 ], [ 135.00402978, 34.642270441 ], [ 135.004028833, 34.642194919 ], [ 135.00347518800001, 34.642200829 ], [ 135.001641479, 34.642214694 ], [ 135.00163856, 34.642161532 ], [ 135.001632476999987, 34.642150279 ], [ 135.001438080000014, 34.642151162 ], [ 135.001419027, 34.642168865 ], [ 135.001410415, 34.64226464 ], [ 135.0, 34.642200559 ], [ 134.998380415000014, 34.642126946 ], [ 134.998316861, 34.642212748 ], [ 134.99829978, 34.642204748 ], [ 134.998244617000012, 34.642182054 ], [ 134.998257419, 34.642157829 ], [ 134.998181025, 34.642129586 ], [ 134.998145136, 34.642194306 ], [ 134.998224423000011, 34.642221919 ], [ 134.99823594, 34.642201108 ], [ 134.998294034, 34.642222721 ], [ 134.998130726, 34.642534441 ], [ 134.998056057000014, 34.642515387 ], [ 134.998041699, 34.642547559 ], [ 134.996773256000012, 34.642195198 ], [ 134.995523553999988, 34.642075054 ], [ 134.995533774, 34.641989721 ], [ 134.99550192, 34.641986387 ], [ 134.995489494, 34.642070919 ], [ 134.994572776000012, 34.641987559 ], [ 134.994573385, 34.64195364 ], [ 134.994454475, 34.64193636 ], [ 134.994353475999986, 34.642021829 ], [ 134.993320219999987, 34.641877135 ], [ 134.992797613, 34.641804495 ], [ 134.991938392, 34.641666667 ], [ 134.991666887, 34.641623108 ], [ 134.991666667, 34.641623081 ], [ 134.991501362, 34.641602279 ], [ 134.991380856, 34.641634027 ], [ 134.991383359, 34.641620225 ], [ 134.991317951000013, 34.641609027 ], [ 134.99130241200001, 34.641666667 ], [ 134.991301310000011, 34.641670775 ], [ 134.991366719000013, 34.641681973 ], [ 134.991369196, 34.641667 ], [ 134.991438392, 34.641709613 ], [ 134.991666667, 34.641743279 ], [ 134.991677886, 34.641744946 ], [ 134.992694863999986, 34.64189964 ], [ 134.993284669, 34.641986865 ], [ 134.993276498, 34.642013775 ], [ 134.993328911, 34.642021865 ], [ 134.993262192, 34.642314775 ], [ 134.994229170000011, 34.642466748 ], [ 134.995251167, 34.644199946 ], [ 134.995226226, 34.644231919 ], [ 134.995214527, 34.644242694 ], [ 134.994761997000012, 34.644262468 ], [ 134.994750337, 34.644264613 ], [ 134.994739027, 34.644267802 ], [ 134.99472358, 34.644275468 ], [ 134.994706549999989, 34.644285946 ], [ 134.994694423, 34.644296 ], [ 134.994684475000014, 34.644306775 ], [ 134.99467703, 34.644317919 ], [ 134.994672087999987, 34.644328667 ], [ 134.994670973000012, 34.644337946 ], [ 134.994658197, 34.644337306 ], [ 134.994658222999988, 34.644339468 ], [ 134.994654254000011, 34.644470946 ], [ 134.994657756, 34.64446964 ], [ 134.994657612999987, 34.644482 ], [ 134.994656329, 34.64451464 ], [ 134.994768586, 34.644515387 ], [ 134.994769921999989, 34.644519441 ], [ 134.994771633999989, 34.644529162 ], [ 134.994778612, 34.644528333 ], [ 134.994785642000011, 34.644562081 ], [ 134.994779637, 34.644562667 ], [ 134.994781025, 34.644572387 ], [ 134.994774942, 34.644602081 ], [ 134.994763839, 34.644604306 ], [ 134.994736667000012, 34.644630694 ], [ 134.994791362, 34.644924279 ], [ 134.993042763, 34.644861054 ], [ 134.993050117, 34.645033721 ], [ 134.99303856, 34.645039892 ], [ 134.993014358000011, 34.645042279 ], [ 134.9930162, 34.645055054 ], [ 134.992997665, 34.645057054 ], [ 134.992995837, 34.645044252 ], [ 134.99298406, 34.645045414 ], [ 134.992982970000014, 34.645033054 ], [ 134.992980726000013, 34.645023054 ], [ 134.992516719, 34.64507064 ], [ 134.992518106, 34.645079559 ], [ 134.991666667, 34.645166306 ], [ 134.991614643, 34.645171613 ], [ 134.991613281000014, 34.645162694 ], [ 134.991199196, 34.645204333 ], [ 134.991201167000014, 34.645217748 ], [ 134.990998418, 34.645238225 ], [ 134.990631336, 34.64527564 ], [ 134.990336355000011, 34.645302667 ], [ 134.990291025, 34.645046333 ], [ 134.990241777, 34.645052279 ], [ 134.99026153, 34.645163865 ], [ 134.990232387, 34.645245333 ], [ 134.990126005, 34.645255108 ], [ 134.99009856, 34.645094613 ], [ 134.990071193, 34.645096279 ], [ 134.990057523, 34.645036865 ], [ 134.989895668, 34.645053252 ], [ 134.989845837, 34.645125081 ], [ 134.98986978, 34.645311559 ], [ 134.989859274, 34.645322441 ], [ 134.989880726, 34.645498027 ], [ 134.989827612999989, 34.645553865 ], [ 134.989043995, 34.645641081 ], [ 134.989043307, 34.645637135 ], [ 134.989028053999988, 34.645638468 ], [ 134.989028716, 34.645642532 ], [ 134.98888083, 34.645658387 ], [ 134.988726278, 34.645676252 ], [ 134.988704695, 34.645675279 ], [ 134.988685837, 34.645664559 ], [ 134.988678054, 34.645647468 ], [ 134.988679883, 34.645475108 ], [ 134.988680077999987, 34.645472225 ], [ 134.988672087999987, 34.645469559 ], [ 134.988732944, 34.645343198 ], [ 134.988742022999986, 34.645346027 ], [ 134.98874686100001, 34.645336441 ], [ 134.988761505000014, 34.645340973 ], [ 134.988777172999988, 34.645307973 ], [ 134.988819274, 34.645308027 ], [ 134.988936589, 34.645298027 ], [ 134.989049689000012, 34.645286333 ], [ 134.989315966, 34.645258468 ], [ 134.989428145, 34.645247414 ], [ 134.989542866, 34.645231198 ], [ 134.989578560000012, 34.645148532 ], [ 134.989616498, 34.645063829 ], [ 134.989579663, 34.644805586 ], [ 134.989744253999987, 34.644789279 ], [ 134.989739637000014, 34.644757468 ], [ 134.989575473, 34.644773694 ], [ 134.98950725, 34.644268414 ], [ 134.989443411, 34.643780586 ], [ 134.989420195, 34.643616919 ], [ 134.989442438, 34.643560162 ], [ 134.989447496999986, 34.643549775 ], [ 134.989454942, 34.643538919 ], [ 134.989463696, 34.643528225 ], [ 134.989514578000012, 34.643480441 ], [ 134.989517004, 34.643482252 ], [ 134.989555227000011, 34.643448775 ], [ 134.989553022, 34.643446252 ], [ 134.989562995999989, 34.643436721 ], [ 134.989576589, 34.643388441 ], [ 134.989671751, 34.643286946 ], [ 134.989803839, 34.643005613 ], [ 134.990136471999989, 34.642309027 ], [ 134.990267588, 34.642348081 ], [ 134.990325058, 34.642224613 ], [ 134.990308715999987, 34.642200198 ], [ 134.990259922, 34.642166 ], [ 134.990198859, 34.642140198 ], [ 134.990143112999988, 34.642126694 ], [ 134.990172113999989, 34.642068946 ], [ 134.990075188, 34.642035829 ], [ 134.990045357000014, 34.642095414 ], [ 134.99000489, 34.64208264 ], [ 134.990029585, 34.642033468 ], [ 134.990004643, 34.642024946 ], [ 134.989979948000013, 34.642074468 ], [ 134.989953165, 34.642066252 ], [ 134.98994144, 34.642061694 ], [ 134.989936641000014, 34.642058748 ], [ 134.98993345, 34.642055802 ], [ 134.989931336000012, 34.642052027 ], [ 134.989929663, 34.642046721 ], [ 134.989928053999989, 34.642037613 ], [ 134.989925746000011, 34.642020946 ], [ 134.989970467, 34.642020532 ], [ 134.989969831, 34.641938586 ], [ 134.98998, 34.641802495 ], [ 134.989989027, 34.641771532 ], [ 134.990002438, 34.641745748 ], [ 134.990022192, 34.641717441 ], [ 134.990078301000011, 34.641669532 ], [ 134.990081855, 34.641666667 ], [ 134.99045150500001, 34.641368306 ], [ 134.990423722, 34.641344667 ], [ 134.990534163, 34.641256252 ], [ 134.990482776, 34.64121236 ], [ 134.990408949, 34.641271441 ], [ 134.990417419000011, 34.641279973 ], [ 134.990381115, 34.641308306 ], [ 134.990340245999988, 34.64127336 ], [ 134.989924384, 34.641597802 ], [ 134.989497497, 34.641536162 ], [ 134.988467859999986, 34.641251892 ], [ 134.988447717000014, 34.641297495 ], [ 134.988405188, 34.641285748 ], [ 134.988383113, 34.641335721 ], [ 134.989528975000013, 34.641652108 ], [ 134.989629689, 34.641666667 ], [ 134.989826109, 34.641695054 ], [ 134.989824643, 34.64179936 ], [ 134.98974406, 34.641788613 ], [ 134.98973946800001, 34.642147721 ], [ 134.98986600500001, 34.642148829 ], [ 134.989867198000013, 34.642242586 ], [ 134.989558495000011, 34.642231 ], [ 134.989554578, 34.642302054 ], [ 134.989363747999988, 34.642294892 ], [ 134.988789416, 34.642166 ], [ 134.988399883, 34.641830919 ], [ 134.98824083, 34.641829694 ], [ 134.988222633, 34.641691946 ], [ 134.988342866000011, 34.641681108 ], [ 134.988340973, 34.641666667 ], [ 134.988336615, 34.64163364 ], [ 134.988184747, 34.64164736 ], [ 134.988117445, 34.641158748 ], [ 134.988124086, 34.641159162 ], [ 134.988128716, 34.641110892 ], [ 134.988071556, 34.641107135 ], [ 134.988066913000011, 34.641155225 ], [ 134.988082387, 34.641156306 ], [ 134.987924086, 34.641317721 ], [ 134.987946835, 34.641491667 ], [ 134.98783099900001, 34.641505721 ], [ 134.987846109, 34.641665586 ], [ 134.987817367, 34.641666667 ], [ 134.987812944000012, 34.641666829 ], [ 134.987250726000013, 34.641688252 ], [ 134.987249533000011, 34.641666667 ], [ 134.987248949, 34.641656441 ], [ 134.987079922, 34.641662829 ], [ 134.987078003, 34.641627973 ], [ 134.98698489, 34.641631532 ], [ 134.98698683500001, 34.641666667 ], [ 134.986988586, 34.641698225 ], [ 134.986524578, 34.641715829 ], [ 134.986521855, 34.641666667 ], [ 134.986495862999988, 34.641198162 ], [ 134.98645083, 34.641199865 ], [ 134.986476887, 34.641666667 ], [ 134.986479079, 34.641705865 ], [ 134.985720026, 34.641746559 ], [ 134.985713748, 34.641666667 ], [ 134.985691699, 34.641386027 ], [ 134.985233217, 34.641410667 ], [ 134.98524655, 34.641581135 ], [ 134.984954643, 34.641666667 ], [ 134.984912438, 34.641679027 ], [ 134.984907134, 34.641666667 ], [ 134.98487144, 34.641583532 ], [ 134.984845888, 34.641427135 ], [ 134.984818859, 34.641430162 ], [ 134.984844747000011, 34.641588802 ], [ 134.984878197, 34.641666667 ], [ 134.984886744, 34.641686559 ], [ 134.984763671, 34.64172264 ], [ 134.984340052, 34.641768721 ], [ 134.984323773999989, 34.641666667 ], [ 134.984280636, 34.641396198 ], [ 134.984240856000014, 34.641400532 ], [ 134.984283217000012, 34.641666667 ], [ 134.984300169, 34.641773081 ], [ 134.984168275, 34.641787414 ], [ 134.984186978, 34.641904586 ], [ 134.983909831, 34.641934468 ], [ 134.983885694, 34.641833081 ], [ 134.983863139, 34.64183664 ], [ 134.983886614999989, 34.641936946 ], [ 134.983449144, 34.641984081 ], [ 134.983399105, 34.641666667 ], [ 134.983398418, 34.641662333 ], [ 134.983358145000011, 34.641666667 ], [ 134.983357108, 34.641666775 ], [ 134.983407834, 34.641988532 ], [ 134.983333333, 34.641996559 ], [ 134.982973943, 34.64203536 ], [ 134.982763502000012, 34.642058865 ], [ 134.982745863, 34.641950495 ], [ 134.982718495, 34.641953613 ], [ 134.98273613500001, 34.642061892 ], [ 134.98246642, 34.642091892 ], [ 134.982114527, 34.642132613 ], [ 134.981428612, 34.642213198 ], [ 134.981429274, 34.642090468 ], [ 134.981522192, 34.641836919 ], [ 134.981571025, 34.641844333 ], [ 134.981636226, 34.641666667 ], [ 134.981700804000013, 34.641490613 ], [ 134.982687134, 34.641077252 ], [ 134.982795383, 34.641196225 ], [ 134.982787912, 34.641200865 ], [ 134.982809468, 34.641224532 ], [ 134.982858975, 34.641193802 ], [ 134.982710558, 34.641030694 ], [ 134.982743139, 34.640986441 ], [ 134.982708781000014, 34.640927946 ], [ 134.982938171, 34.64063364 ], [ 134.982983217, 34.640580748 ], [ 134.982922283, 34.640541054 ], [ 134.982877276000011, 34.640603865 ], [ 134.982825616000014, 34.640579135 ], [ 134.982591725, 34.640885919 ], [ 134.982322866, 34.640997495 ], [ 134.982305499, 34.640968829 ], [ 134.981414863999987, 34.641345441 ], [ 134.981229689, 34.641391414 ], [ 134.981185058, 34.641402198 ], [ 134.980382607, 34.641603892 ], [ 134.980264864, 34.641289081 ], [ 134.980128611999987, 34.640922252 ], [ 134.981053943, 34.640687468 ], [ 134.980979637, 34.64048736 ], [ 134.981996394, 34.64022936 ], [ 134.983305331, 34.640273973 ], [ 134.983333333, 34.640263694 ], [ 134.983616719, 34.640159613 ], [ 134.983582309000013, 34.640095532 ], [ 134.983510311, 34.640121865 ], [ 134.983453554, 34.640091532 ], [ 134.983333333, 34.640135694 ], [ 134.983262360999987, 34.640161775 ], [ 134.981948521, 34.640120441 ], [ 134.980922827, 34.640380667 ], [ 134.980915383, 34.640430198 ], [ 134.979854189, 34.640699414 ], [ 134.979633411, 34.641052559 ], [ 134.97986358, 34.641666667 ], [ 134.979989546000013, 34.642002739 ], [ 134.979994643, 34.642016333 ], [ 134.979968301000014, 34.642023054 ], [ 134.979976666999988, 34.642045279 ], [ 134.979952802000014, 34.64205036 ], [ 134.980156615, 34.642574946 ], [ 134.979829974000012, 34.642653559 ], [ 134.979213112999986, 34.642804586 ], [ 134.978662192, 34.642952027 ], [ 134.978561829, 34.642980946 ], [ 134.978503112999988, 34.643003892 ], [ 134.977384812, 34.643064027 ], [ 134.976595447, 34.643106468 ], [ 134.976521530000014, 34.64311164 ], [ 134.976465136, 34.643126252 ], [ 134.976378495, 34.643163865 ], [ 134.976206615, 34.643053414 ], [ 134.976156135, 34.643087225 ], [ 134.976340467, 34.643269532 ], [ 134.97634861200001, 34.643277694 ], [ 134.976244111999989, 34.643350081 ], [ 134.976231946000013, 34.643340532 ], [ 134.9760293, 34.643190865 ], [ 134.976003385000013, 34.643209027 ], [ 134.975989053, 34.643233081 ], [ 134.976081115, 34.643330748 ], [ 134.976091414, 34.643352252 ], [ 134.975724305999989, 34.643626532 ], [ 134.975603748, 34.643707225 ], [ 134.975599728, 34.643709586 ], [ 134.975509883, 34.643702667 ], [ 134.975485357, 34.643702802 ], [ 134.975378170999988, 34.643709306 ], [ 134.975332192, 34.643716225 ], [ 134.975288690000014, 34.643718694 ], [ 134.975230661000012, 34.64372064 ], [ 134.975175616, 34.643723 ], [ 134.975128171, 34.643722532 ], [ 134.975081971, 34.643718973 ], [ 134.975033774, 34.643719135 ], [ 134.975, 34.643719919 ], [ 134.97497869, 34.643720414 ], [ 134.974918975, 34.643712802 ], [ 134.974880143, 34.643699865 ], [ 134.97483978, 34.643684829 ], [ 134.974745422000012, 34.643655829 ], [ 134.974679001, 34.643644108 ], [ 134.974615253, 34.643635802 ], [ 134.974551193, 34.643632441 ], [ 134.974488249, 34.643632306 ], [ 134.974422607, 34.643623027 ], [ 134.974344384, 34.643607198 ], [ 134.974269883, 34.643593721 ], [ 134.974208417999989, 34.643584748 ], [ 134.974088664, 34.643561108 ], [ 134.974029882999986, 34.643546279 ], [ 134.973965772000014, 34.643521829 ], [ 134.973902218, 34.643501252 ], [ 134.973846498, 34.643487829 ], [ 134.973790973, 34.643473973 ], [ 134.973745694, 34.643457162 ], [ 134.973697781999988, 34.643438135 ], [ 134.973602827, 34.643390775 ], [ 134.973560440999989, 34.643368721 ], [ 134.973527224, 34.643346721 ], [ 134.973488171000014, 34.643315829 ], [ 134.973410661, 34.643239495 ], [ 134.973595863000014, 34.643150721 ], [ 134.973575305, 34.643117306 ], [ 134.972658949, 34.643560414 ], [ 134.972296031000013, 34.643074802 ], [ 134.972317522999987, 34.643063225 ], [ 134.972233087, 34.642946559 ], [ 134.972473138999987, 34.64278736 ], [ 134.973524112, 34.642089865 ], [ 134.973460117, 34.642022865 ], [ 134.973414423, 34.642053027 ], [ 134.973385383, 34.642022694 ], [ 134.973331660000014, 34.642058135 ], [ 134.973343891000013, 34.642070694 ], [ 134.972219442000011, 34.642816919 ], [ 134.972184864000013, 34.642804027 ], [ 134.972170337, 34.642802468 ], [ 134.972149753999986, 34.642804919 ], [ 134.972098716, 34.642780748 ], [ 134.97208172500001, 34.642782468 ], [ 134.972070415, 34.642800306 ], [ 134.972070636000012, 34.642815162 ], [ 134.971602049000012, 34.643030559 ], [ 134.970413606, 34.643587225 ], [ 134.969921855, 34.643784252 ], [ 134.967960363, 34.644842027 ], [ 134.967312918, 34.64483836 ], [ 134.967260219999986, 34.644838081 ], [ 134.967257639, 34.644912829 ], [ 134.966666667, 34.644909532 ], [ 134.966475694, 34.644908441 ], [ 134.966474838000011, 34.644981108 ], [ 134.966413528, 34.644980775 ], [ 134.966412555, 34.645038748 ], [ 134.96647406, 34.645038441 ], [ 134.966474111999986, 34.645031225 ], [ 134.966666667, 34.645032306 ], [ 134.966725032, 34.64503264 ], [ 134.966815551, 34.645345892 ], [ 134.96683166, 34.645429802 ], [ 134.966835357, 34.645470559 ], [ 134.966830804000011, 34.645517081 ], [ 134.966820415, 34.645569333 ], [ 134.966802387, 34.64560964 ], [ 134.966784112, 34.645646333 ], [ 134.966742996, 34.645703081 ], [ 134.966666667, 34.64578964 ], [ 134.966615913999988, 34.645847162 ], [ 134.966666667, 34.645877721 ], [ 134.966712361, 34.645905252 ], [ 134.966918054, 34.645671973 ], [ 134.96743847, 34.645241495 ], [ 134.9674393, 34.645135468 ], [ 134.967802802, 34.645137559 ], [ 134.967802023, 34.645165135 ], [ 134.968148586000012, 34.645167108 ], [ 134.970134553, 34.644095973 ], [ 134.970616304, 34.643902865 ], [ 134.972187134, 34.643170387 ], [ 134.972307471, 34.643331387 ], [ 134.972272724, 34.643349613 ], [ 134.972627056, 34.64382364 ], [ 134.97162263300001, 34.644351414 ], [ 134.971327081999988, 34.643973532 ], [ 134.971240505999987, 34.644019775 ], [ 134.971535616000011, 34.644397135 ], [ 134.970061725, 34.645171468 ], [ 134.970190752, 34.645339586 ], [ 134.96930131, 34.645813441 ], [ 134.969265668, 34.645825829 ], [ 134.96922786, 34.645838973 ], [ 134.968597004, 34.646207559 ], [ 134.967729170000013, 34.646714667 ], [ 134.967422723999988, 34.646352946 ], [ 134.967332361, 34.646405162 ], [ 134.967638275000013, 34.646766162 ], [ 134.967469533000013, 34.646869559 ], [ 134.96759358, 34.647015829 ], [ 134.966801479, 34.647482252 ], [ 134.966741336000013, 34.647408829 ], [ 134.966666667, 34.647445306 ], [ 134.966575940000013, 34.64748964 ], [ 134.966278859, 34.647097135 ], [ 134.966036278, 34.646797829 ], [ 134.965993747999988, 34.646745333 ], [ 134.965926252, 34.646659946 ], [ 134.966034332, 34.646544162 ], [ 134.966042555, 34.646535387 ], [ 134.966321115, 34.646256081 ], [ 134.966367302, 34.646219162 ], [ 134.966366304, 34.646218441 ], [ 134.966386887, 34.646199135 ], [ 134.966302335, 34.646137721 ], [ 134.96626939, 34.646168721 ], [ 134.966219274, 34.646219919 ], [ 134.966083217, 34.646358829 ], [ 134.966032866, 34.646349279 ], [ 134.966001505, 34.646343306 ], [ 134.965979974, 34.646382 ], [ 134.965916498000013, 34.646366919 ], [ 134.965923865, 34.646316468 ], [ 134.965623865, 34.646257081 ], [ 134.965476693, 34.646328613 ], [ 134.964861725, 34.646623892 ], [ 134.964534721, 34.646784441 ], [ 134.964170726, 34.646960135 ], [ 134.963852607, 34.647116468 ], [ 134.963760195, 34.647157694 ], [ 134.96370847, 34.646968919 ], [ 134.963584163, 34.646541694 ], [ 134.963496641, 34.646234027 ], [ 134.963472218, 34.646147892 ], [ 134.963726939, 34.64601964 ], [ 134.963797367000012, 34.646114468 ], [ 134.964044968, 34.646000495 ], [ 134.96388572, 34.645783414 ], [ 134.963644228, 34.645902306 ], [ 134.963708521, 34.645994667 ], [ 134.963464332, 34.646115108 ], [ 134.963390337, 34.645852162 ], [ 134.964270636, 34.645432198 ], [ 134.965020661000011, 34.645071225 ], [ 134.965483411, 34.644841198 ], [ 134.965857886, 34.644670667 ], [ 134.965981025, 34.644509279 ], [ 134.965994384, 34.644516252 ], [ 134.96601869, 34.644484586 ], [ 134.966042996, 34.644452892 ], [ 134.966029637, 34.644445829 ], [ 134.966343891, 34.644043306 ], [ 134.966376860999986, 34.644060892 ], [ 134.966427756, 34.643995721 ], [ 134.966338145, 34.643947973 ], [ 134.96631083, 34.643983 ], [ 134.966246641, 34.643948892 ], [ 134.966016939000014, 34.644253081 ], [ 134.965763891, 34.644588135 ], [ 134.965424942, 34.644742495 ], [ 134.96457166, 34.645167586 ], [ 134.963623217, 34.645619613 ], [ 134.96331594, 34.645766973 ], [ 134.963246057, 34.645800441 ], [ 134.963318144999988, 34.64605536 ], [ 134.963318249, 34.646069252 ], [ 134.963362698, 34.646234721 ], [ 134.963391997, 34.646344 ], [ 134.963609559, 34.647086721 ], [ 134.963642218, 34.647192559 ], [ 134.963646589, 34.64719164 ], [ 134.963771051, 34.647626414 ], [ 134.963337588, 34.647717 ], [ 134.963330726, 34.647718387 ], [ 134.963308275, 34.647723108 ], [ 134.96311297, 34.647758748 ], [ 134.963076861, 34.647774532 ], [ 134.962981388, 34.647815586 ], [ 134.962756977999987, 34.647855775 ], [ 134.962746057, 34.647866748 ], [ 134.962772698, 34.647942333 ], [ 134.962986083, 34.647900748 ], [ 134.963209637, 34.647893387 ], [ 134.963331855, 34.647867946 ], [ 134.963366589, 34.647860667 ], [ 134.963429974, 34.647830306 ], [ 134.96350358, 34.647930441 ], [ 134.963531193, 34.647975387 ], [ 134.963555279, 34.648029333 ], [ 134.963572049, 34.648084775 ], [ 134.96357978, 34.648138829 ], [ 134.963583969000013, 34.648216162 ], [ 134.963577173, 34.648284532 ], [ 134.963561336, 34.648355198 ], [ 134.963541829, 34.648413919 ], [ 134.963511582, 34.648495198 ], [ 134.963479559, 34.648589306 ], [ 134.96344917, 34.648666081 ], [ 134.963424306, 34.648741306 ], [ 134.963400998999987, 34.648790279 ], [ 134.963370532, 34.648841559 ], [ 134.963339494, 34.648881108 ], [ 134.963332697999988, 34.648889802 ], [ 134.963289533, 34.64894864 ], [ 134.963235422, 34.649008306 ], [ 134.96318131000001, 34.649065667 ], [ 134.963128949, 34.649109468 ], [ 134.963067523, 34.649166946 ], [ 134.963002555, 34.649228135 ], [ 134.962928521, 34.649291613 ], [ 134.962886913, 34.649314387 ], [ 134.962861388, 34.64933 ], [ 134.96279655, 34.649367748 ], [ 134.962720725999986, 34.649395829 ], [ 134.962631855000012, 34.64943036 ], [ 134.962533645, 34.649453414 ], [ 134.962443969, 34.649469387 ], [ 134.962401971, 34.649380252 ], [ 134.962382892, 34.649353946 ], [ 134.962365279000011, 34.649332586 ], [ 134.962325525000011, 34.649285 ], [ 134.962188106000013, 34.649333495 ], [ 134.962201310000012, 34.649361279 ], [ 134.96221978, 34.649408054 ], [ 134.962237951, 34.649431225 ], [ 134.962105576999988, 34.649554135 ], [ 134.961971440000013, 34.649661225 ], [ 134.961846615000013, 34.649756694 ], [ 134.961746641, 34.649826 ], [ 134.961590363, 34.649918946 ], [ 134.961470362999989, 34.649987973 ], [ 134.961448859, 34.65 ], [ 134.961442218, 34.650003721 ], [ 134.96112144, 34.650141694 ], [ 134.960989883, 34.650187802 ], [ 134.960864578000013, 34.650222162 ], [ 134.960784643000011, 34.650238162 ], [ 134.960708859, 34.650243892 ], [ 134.960669222, 34.650149135 ], [ 134.960620441, 34.650092054 ], [ 134.960541893999988, 34.65 ], [ 134.960536135000012, 34.649993252 ], [ 134.960421024999988, 34.649816495 ], [ 134.960305331, 34.649866414 ], [ 134.960394864, 34.65 ], [ 134.960438833000012, 34.650065586 ], [ 134.960480972999989, 34.65018636 ], [ 134.960526615, 34.650234532 ], [ 134.960417134000011, 34.650342198 ], [ 134.960307951, 34.650428387 ], [ 134.960176693, 34.650513441 ], [ 134.96005166, 34.650584135 ], [ 134.959696744000013, 34.650766441 ], [ 134.959529857, 34.650843495 ], [ 134.959004578, 34.651061279 ], [ 134.958984449000013, 34.651023694 ], [ 134.958957004000013, 34.650985532 ], [ 134.958713307000011, 34.650712198 ], [ 134.958608911, 34.650768973 ], [ 134.958676135, 34.650874 ], [ 134.958740143, 34.650943279 ], [ 134.958761479, 34.650978333 ], [ 134.958784163, 34.651051586 ], [ 134.959032387, 34.651378387 ], [ 134.958803748, 34.651511252 ], [ 134.958564642999988, 34.651659162 ], [ 134.958458029000013, 34.651725441 ], [ 134.958394773, 34.651655441 ], [ 134.958378054, 34.651667865 ], [ 134.958423359, 34.651715613 ], [ 134.958333333000013, 34.651772468 ], [ 134.957981141, 34.651994892 ], [ 134.957937912, 34.652023414 ], [ 134.957862827000014, 34.652061495 ], [ 134.957778249, 34.652087892 ], [ 134.957698327, 34.652109027 ], [ 134.957607419, 34.652130333 ], [ 134.957498975, 34.652158 ], [ 134.957357834, 34.651986559 ], [ 134.957242049, 34.651866081 ], [ 134.957156031000011, 34.651801613 ], [ 134.957109339, 34.651757306 ], [ 134.957009754000012, 34.651643054 ], [ 134.957000726, 34.651646162 ], [ 134.956922555, 34.651697333 ], [ 134.956922529, 34.651706694 ], [ 134.957077056, 34.651887919 ], [ 134.957096589, 34.651949495 ], [ 134.957215837, 34.652080865 ], [ 134.957140856, 34.652192135 ], [ 134.957086393999987, 34.652259919 ], [ 134.956982023, 34.652370802 ], [ 134.956837056000012, 34.65250264 ], [ 134.95670766500001, 34.652617495 ], [ 134.95658144, 34.652717775 ], [ 134.956481556, 34.652783198 ], [ 134.956397173, 34.652834198 ], [ 134.956235693999986, 34.652903973 ], [ 134.956198975, 34.652908414 ], [ 134.956077029999989, 34.652969441 ], [ 134.955949882999988, 34.653023802 ], [ 134.955803554, 34.653076667 ], [ 134.95569299600001, 34.652983919 ], [ 134.955662607, 34.652959468 ], [ 134.955579754000013, 34.652923108 ], [ 134.95551297, 34.652876586 ], [ 134.955395331, 34.652771694 ], [ 134.95530406, 34.65283464 ], [ 134.955369857, 34.652881162 ], [ 134.955414577999989, 34.652938027 ], [ 134.955489611, 34.652992279 ], [ 134.955532334999987, 34.653060829 ], [ 134.955597276, 34.653122973 ], [ 134.955698495, 34.653207108 ], [ 134.955613671, 34.653343387 ], [ 134.95557022, 34.653415027 ], [ 134.955529754, 34.653460667 ], [ 134.955425357, 34.653563694 ], [ 134.955280195, 34.653686495 ], [ 134.955099533, 34.653830946 ], [ 134.954985693999987, 34.653926279 ], [ 134.95483594, 34.654060721 ], [ 134.954740636, 34.654126108 ], [ 134.954673528, 34.654168027 ], [ 134.954593773999989, 34.65421 ], [ 134.954437418999987, 34.654279387 ], [ 134.954388755, 34.654236081 ], [ 134.954296589, 34.654165441 ], [ 134.954247951000013, 34.654136829 ], [ 134.95417214, 34.654098081 ], [ 134.954011946, 34.653959081 ], [ 134.954004864000012, 34.653960667 ], [ 134.953909754, 34.654051279 ], [ 134.953911893999987, 34.654060667 ], [ 134.954099364, 34.654212054 ], [ 134.954224034, 34.654323919 ], [ 134.954281336, 34.654372054 ], [ 134.95426978, 34.654405198 ], [ 134.95423939, 34.654467829 ], [ 134.954203165, 34.654528306 ], [ 134.954158885, 34.654586333 ], [ 134.954153359, 34.654594586 ], [ 134.954146809, 34.654605 ], [ 134.954144668999987, 34.654609586 ], [ 134.954054993999989, 34.654730468 ], [ 134.953969339, 34.654828279 ], [ 134.953874449000011, 34.654932613 ], [ 134.953823217, 34.654984414 ], [ 134.953771776999986, 34.655022279 ], [ 134.953685811000014, 34.655079892 ], [ 134.953560804, 34.655155775 ], [ 134.953367056, 34.655274865 ], [ 134.953092192000014, 34.655443667 ], [ 134.953037392999988, 34.655391667 ], [ 134.952993838999987, 34.655359892 ], [ 134.952897613, 34.655303306 ], [ 134.952773307, 34.655235973 ], [ 134.952652633000014, 34.655135802 ], [ 134.952551414, 34.655208892 ], [ 134.952650726, 34.655288054 ], [ 134.952726743999989, 34.655360333 ], [ 134.952770467, 34.655414027 ], [ 134.953032802, 34.65561264 ], [ 134.953178301, 34.655723973 ], [ 134.953152114, 34.655884586 ], [ 134.953054228000013, 34.655807162 ], [ 134.953036978, 34.655822865 ], [ 134.953130195, 34.655902802 ], [ 134.953110272, 34.655965198 ], [ 134.953102827, 34.656021027 ], [ 134.953101608, 34.656093532 ], [ 134.95304166, 34.656143775 ], [ 134.952807367, 34.656354027 ], [ 134.952776589, 34.656367802 ], [ 134.95274083000001, 34.656386 ], [ 134.952619078999987, 34.656459198 ], [ 134.952447275999987, 34.656315027 ], [ 134.952416031000013, 34.656338532 ], [ 134.952611556, 34.656505468 ], [ 134.952625058, 34.656516946 ], [ 134.952404941999987, 34.656726306 ], [ 134.952374578, 34.656721135 ], [ 134.952225887999987, 34.656738414 ], [ 134.952058975, 34.656752135 ], [ 134.951874449, 34.656776613 ], [ 134.951725227, 34.656808919 ], [ 134.95171061, 34.656811694 ], [ 134.95154452700001, 34.656851468 ], [ 134.951369000999989, 34.656896441 ], [ 134.9512938, 34.656922802 ], [ 134.951149857, 34.656988441 ], [ 134.951013773999989, 34.657057919 ], [ 134.950913774000014, 34.657107721 ], [ 134.950837004, 34.657140586 ], [ 134.950771245, 34.657161721 ], [ 134.95070345, 34.657183802 ], [ 134.950569494, 34.657041225 ], [ 134.950508144999986, 34.65701864 ], [ 134.950334747, 34.656852559 ], [ 134.950321089, 34.656849108 ], [ 134.950251167, 34.656910946 ], [ 134.950438444000014, 34.657094559 ], [ 134.950440778, 34.65711564 ], [ 134.950447782, 34.65713136 ], [ 134.950855772000011, 34.657511802 ], [ 134.950778029, 34.657602162 ], [ 134.950690778, 34.657694829 ], [ 134.950595642, 34.657782225 ], [ 134.950389196, 34.657955829 ], [ 134.950348444000014, 34.657920414 ], [ 134.950325499, 34.657901973 ], [ 134.95, 34.658159613 ], [ 134.949856304, 34.658273333 ], [ 134.949257886, 34.657758532 ], [ 134.949732776, 34.657387135 ], [ 134.949699831, 34.657358279 ], [ 134.949187056, 34.657754721 ], [ 134.94943978, 34.657981532 ], [ 134.949812283, 34.658305865 ], [ 134.949773281, 34.658333333 ], [ 134.949748495, 34.658350793 ], [ 134.949687769, 34.65839355 ], [ 134.949655422, 34.658359252 ], [ 134.949607056, 34.658333333 ], [ 134.949536913, 34.658295748 ], [ 134.949507302, 34.658277613 ], [ 134.949240194999987, 34.658063865 ], [ 134.949123332999989, 34.657960694 ], [ 134.949018366, 34.657854387 ], [ 134.948938029, 34.657909694 ], [ 134.948942088, 34.657924919 ], [ 134.94906297, 34.658044829 ], [ 134.94911847, 34.658114775 ], [ 134.94912457800001, 34.658142162 ], [ 134.949337977, 34.658333333 ], [ 134.94934180300001, 34.658336775 ], [ 134.949278197000012, 34.658439333 ], [ 134.949242412, 34.658482333 ], [ 134.949142633, 34.658577586 ], [ 134.94902406, 34.658670306 ], [ 134.948919494, 34.65875136 ], [ 134.948863217, 34.658784081 ], [ 134.948731751, 34.658840559 ], [ 134.948465551, 34.658934027 ], [ 134.948269805, 34.659002532 ], [ 134.948205642, 34.659030081 ], [ 134.948160363, 34.659058892 ], [ 134.948105668000011, 34.659100721 ], [ 134.948056226, 34.659157694 ], [ 134.947956719, 34.659290532 ], [ 134.947816886999988, 34.659485946 ], [ 134.947767082000013, 34.659538135 ], [ 134.947723359, 34.659570802 ], [ 134.947648222999987, 34.659606252 ], [ 134.947557367, 34.659639162 ], [ 134.947491608, 34.65965636 ], [ 134.947452335, 34.659656559 ], [ 134.947368327, 34.65964236 ], [ 134.94733642, 34.659589892 ], [ 134.947251414, 34.659514586 ], [ 134.946990363, 34.659297748 ], [ 134.94698011700001, 34.659297775 ], [ 134.946910441, 34.659347802 ], [ 134.947158755, 34.659615586 ], [ 134.947095357, 34.659704694 ], [ 134.947054968, 34.659758081 ], [ 134.946973410999988, 34.659840892 ], [ 134.94696, 34.659854586 ], [ 134.9467807, 34.660025495 ], [ 134.946598275000014, 34.660203027 ], [ 134.94651869, 34.660270865 ], [ 134.946443839000011, 34.66032964 ], [ 134.946319222, 34.660415559 ], [ 134.946239467999987, 34.660462667 ], [ 134.946104916, 34.660516613 ], [ 134.945954475, 34.660562802 ], [ 134.945847951, 34.660584081 ], [ 134.945757691000011, 34.660613279 ], [ 134.945641582, 34.660489108 ], [ 134.945572113999987, 34.660436252 ], [ 134.945404423000014, 34.660270946 ], [ 134.945321725000014, 34.660332306 ], [ 134.945476667, 34.660483441 ], [ 134.945631479000014, 34.660673586 ], [ 134.945737419000011, 34.66077836 ], [ 134.945819001, 34.660849973 ], [ 134.945826692999987, 34.660855252 ], [ 134.945833645, 34.660895333 ], [ 134.945834889999986, 34.660918333 ], [ 134.945828366, 34.660935748 ], [ 134.94576119300001, 34.661013252 ], [ 134.945655279, 34.66110736 ], [ 134.945463217, 34.661266279 ], [ 134.945323671000011, 34.661381108 ], [ 134.945289416, 34.66141436 ], [ 134.945254254, 34.661451252 ], [ 134.94522655, 34.661469775 ], [ 134.945153645, 34.661510532 ], [ 134.94498214, 34.661600441 ], [ 134.944778520999989, 34.661703333 ], [ 134.94472869, 34.661721081 ], [ 134.944671140999986, 34.661740586 ], [ 134.944542503, 34.661771586 ], [ 134.944479300000012, 34.661783802 ], [ 134.944410856, 34.661791721 ], [ 134.944328612, 34.661706775 ], [ 134.94426144, 34.661637333 ], [ 134.944081388, 34.661455775 ], [ 134.943927588, 34.661308865 ], [ 134.943904228, 34.661309892 ], [ 134.943836978, 34.661363495 ], [ 134.943834812, 34.661379108 ], [ 134.943985887999986, 34.661538108 ], [ 134.944128248999988, 34.661716162 ], [ 134.944154137, 34.661733532 ], [ 134.944150895, 34.661780414 ], [ 134.944142218, 34.661819946 ], [ 134.944116005000012, 34.661875135 ], [ 134.944070947, 34.661934054 ], [ 134.943939728, 34.662055973 ], [ 134.943833256, 34.662178946 ], [ 134.943765966, 34.662244532 ], [ 134.94360703000001, 34.662363694 ], [ 134.94345133600001, 34.662483829 ], [ 134.943324228, 34.662574441 ], [ 134.943170584, 34.662674559 ], [ 134.943143774, 34.66265 ], [ 134.943128911, 34.662661613 ], [ 134.943149559, 34.662680532 ], [ 134.943070025999987, 34.662710495 ], [ 134.942872503, 34.662779802 ], [ 134.942551556000012, 34.662470667 ], [ 134.942533554, 34.662470748 ], [ 134.942439637, 34.662535495 ], [ 134.942673839, 34.662781081 ], [ 134.942809144, 34.662917973 ], [ 134.942845966, 34.662955027 ], [ 134.942942335, 34.663046946 ], [ 134.943029663, 34.663113135 ], [ 134.94303847, 34.663140027 ], [ 134.943029663, 34.663189748 ], [ 134.943006161, 34.663227468 ], [ 134.94295897500001, 34.663292892 ], [ 134.942910999, 34.663357748 ], [ 134.942852023, 34.663425495 ], [ 134.942830609999987, 34.663464279 ], [ 134.94283655000001, 34.663486694 ], [ 134.942824034000012, 34.663503613 ], [ 134.942807419, 34.663592387 ], [ 134.94273131, 34.663611081 ], [ 134.942667302, 34.663634387 ], [ 134.942608781, 34.663670387 ], [ 134.942546498000013, 34.663719279 ], [ 134.942499663, 34.663758829 ], [ 134.942475331, 34.663805468 ], [ 134.942444968, 34.663825928 ], [ 134.942414423, 34.663846495 ], [ 134.942325032000014, 34.663750225 ], [ 134.942308196999988, 34.663730306 ], [ 134.942349468, 34.66370836 ], [ 134.942114941999989, 34.663385162 ], [ 134.942128949, 34.663376802 ], [ 134.942089493999987, 34.663323279 ], [ 134.942021699, 34.663362468 ], [ 134.942059053, 34.663413586 ], [ 134.94207214, 34.66340936 ], [ 134.942140363, 34.663506387 ], [ 134.942149196, 34.663519252 ], [ 134.942097419, 34.663541054 ], [ 134.942030143000011, 34.663562559 ], [ 134.941959585, 34.663579495 ], [ 134.941887275999989, 34.663585081 ], [ 134.941838833, 34.663586054 ], [ 134.941753580000011, 34.663594694 ], [ 134.941666667, 34.66359264 ], [ 134.941656031, 34.663592387 ], [ 134.941582970000013, 34.663599865 ], [ 134.941504837999986, 34.663612414 ], [ 134.94147163400001, 34.663624495 ], [ 134.941391724999988, 34.663526441 ], [ 134.941368327, 34.663523586 ], [ 134.941267055999987, 34.663577919 ], [ 134.94125786, 34.663587333 ], [ 134.941397056, 34.663768054 ], [ 134.941357860000011, 34.663806802 ], [ 134.941334475, 34.663830892 ], [ 134.941318781, 34.663845748 ], [ 134.941305188, 34.663856919 ], [ 134.941296744, 34.663863 ], [ 134.941196693, 34.663923802 ], [ 134.941170311, 34.663940973 ], [ 134.941075888, 34.664011414 ], [ 134.941041479, 34.664033829 ], [ 134.940917496999987, 34.664104054 ], [ 134.94088406, 34.664126414 ], [ 134.94082297, 34.664173865 ], [ 134.940804189, 34.664188108 ], [ 134.940734279999987, 34.664233333 ], [ 134.940694916000012, 34.664252919 ], [ 134.940677756000014, 34.664265081 ], [ 134.940672995999989, 34.664269802 ], [ 134.940663774, 34.664276694 ], [ 134.940616834999986, 34.664304252 ], [ 134.940604968, 34.664309162 ], [ 134.940586057, 34.664316468 ], [ 134.940568520999989, 34.664324333 ], [ 134.940455447, 34.664391252 ], [ 134.940370337, 34.664435198 ], [ 134.940328392, 34.664459027 ], [ 134.940263969, 34.664498829 ], [ 134.94023386500001, 34.664513225 ], [ 134.940153774, 34.664543108 ], [ 134.940093411, 34.664569108 ], [ 134.940057276, 34.664580829 ], [ 134.940014811999987, 34.664590865 ], [ 134.939994668999987, 34.664598 ], [ 134.939985746, 34.664602559 ], [ 134.939970052, 34.664606414 ], [ 134.939925162, 34.664612946 ], [ 134.939590441, 34.664222387 ], [ 134.939608327, 34.664212441 ], [ 134.939602918, 34.66420336 ], [ 134.939583449999986, 34.664214225 ], [ 134.939565642, 34.664193441 ], [ 134.939450337000011, 34.664257225 ], [ 134.939467224, 34.664278892 ], [ 134.939464812000011, 34.664280225 ], [ 134.939471634, 34.664288495 ], [ 134.939473748000012, 34.664287306 ], [ 134.939769468, 34.664667081 ], [ 134.93976686100001, 34.664676919 ], [ 134.939757665, 34.664688135 ], [ 134.939727108, 34.664713721 ], [ 134.93970430600001, 34.664730414 ], [ 134.939614942, 34.664788306 ], [ 134.939586394, 34.664809081 ], [ 134.939530636, 34.664854162 ], [ 134.93949992200001, 34.664877667 ], [ 134.939423943, 34.664930135 ], [ 134.939392555000012, 34.664950775 ], [ 134.939296082999988, 34.665007694 ], [ 134.939209105, 34.665052829 ], [ 134.939178029, 34.665070306 ], [ 134.939116160999987, 34.665112694 ], [ 134.939099663, 34.665127748 ], [ 134.939081634, 34.665137306 ], [ 134.939065499, 34.665140441 ], [ 134.939047367, 34.665149559 ], [ 134.939038366, 34.665156441 ], [ 134.938941245, 34.665233829 ], [ 134.938906835000012, 34.665257441 ], [ 134.938774669, 34.665339414 ], [ 134.938660506, 34.665411748 ], [ 134.938580661, 34.665458748 ], [ 134.938533281, 34.665484306 ], [ 134.938452581, 34.665521414 ], [ 134.938374812, 34.665555495 ], [ 134.938307471, 34.665581081 ], [ 134.938263580000012, 34.665595559 ], [ 134.938219804999989, 34.665607108 ], [ 134.938188444, 34.665612694 ], [ 134.938146446, 34.665616775 ], [ 134.938125383, 34.665616775 ], [ 134.938112387, 34.665614333 ], [ 134.938094254, 34.66561064 ], [ 134.93808214, 34.66559364 ], [ 134.93799141400001, 34.66564964 ], [ 134.937983061000011, 34.665640306 ], [ 134.938073280999987, 34.665584613 ], [ 134.937874695, 34.665382108 ], [ 134.937804695000011, 34.665297162 ], [ 134.93771428, 34.665348 ], [ 134.937832672000013, 34.665467054 ], [ 134.937804475, 34.665522559 ], [ 134.937752023, 34.665619162 ], [ 134.937703645, 34.665699919 ], [ 134.937673190999988, 34.665746775 ], [ 134.937615227, 34.665829081 ], [ 134.937552633, 34.66591136 ], [ 134.937511556, 34.665962306 ], [ 134.937429105, 34.66605864 ], [ 134.937343696, 34.66615264 ], [ 134.937298975, 34.666199387 ], [ 134.93722856, 34.666269694 ], [ 134.937128859000012, 34.666362495 ], [ 134.937078754999987, 34.666406108 ], [ 134.937006835, 34.666464613 ], [ 134.936947808000014, 34.666507441 ], [ 134.936918586, 34.666526162 ], [ 134.936872943999987, 34.666552081 ], [ 134.936794967999987, 34.666588532 ], [ 134.93671022, 34.666620946 ], [ 134.936660999, 34.666637162 ], [ 134.936577172999989, 34.666661108 ], [ 134.936553917, 34.666666667 ], [ 134.93644275, 34.666693225 ], [ 134.936417302, 34.666666667 ], [ 134.936248495, 34.666490532 ], [ 134.936020219999989, 34.66628 ], [ 134.935893191, 34.666138441 ], [ 134.935656472, 34.665950027 ], [ 134.935584968, 34.666008441 ], [ 134.935976329, 34.666409748 ], [ 134.935962114, 34.666435252 ], [ 134.935913139, 34.666513468 ], [ 134.935866783, 34.666576613 ], [ 134.935836161, 34.666613387 ], [ 134.935786887, 34.666666667 ], [ 134.935772607, 34.666682108 ], [ 134.93566572, 34.66679064 ], [ 134.935608275, 34.66684636 ], [ 134.935519728, 34.666927586 ], [ 134.935430583999988, 34.667003027 ], [ 134.935252749999989, 34.667141468 ], [ 134.93507399500001, 34.667274613 ], [ 134.934981193, 34.667339162 ], [ 134.934894306, 34.667394667 ], [ 134.934847471000012, 34.667421586 ], [ 134.934770726000011, 34.66746036 ], [ 134.934663995, 34.667505333 ], [ 134.93466061, 34.667506721 ], [ 134.934583411, 34.667437865 ], [ 134.934515057999988, 34.667397532 ], [ 134.934358171000014, 34.667296081 ], [ 134.934251698999987, 34.667208252 ], [ 134.934179805000014, 34.667269198 ], [ 134.934355863, 34.667415532 ], [ 134.93444555100001, 34.667504333 ], [ 134.934491724999987, 34.667549261 ], [ 134.934518171, 34.667572667 ], [ 134.934463398, 34.667646018 ], [ 134.934387847000011, 34.66773809 ], [ 134.93430096, 34.66785045 ], [ 134.934215953, 34.667951892 ], [ 134.934123398, 34.668026802 ], [ 134.934027069, 34.668113414 ], [ 134.933964747, 34.668167252 ], [ 134.933922244, 34.66820236 ], [ 134.933845746, 34.668275865 ], [ 134.933766407, 34.668339072 ], [ 134.93364741900001, 34.668453775 ], [ 134.933565253000012, 34.66851464 ], [ 134.933502917999988, 34.668554432 ], [ 134.933415083999989, 34.668596568 ], [ 134.933361258, 34.668634018 ], [ 134.933333333, 34.668653081 ], [ 134.933296082999988, 34.668678495 ], [ 134.933201479, 34.668713018 ], [ 134.933111946, 34.668650694 ], [ 134.933018612000012, 34.668598054 ], [ 134.932946887000014, 34.66854836 ], [ 134.93288297, 34.668478559 ], [ 134.932859001, 34.668450279 ], [ 134.932836226, 34.66843964 ], [ 134.932810921, 34.668443198 ], [ 134.932784188999989, 34.668458829 ], [ 134.932752672, 34.668487468 ], [ 134.932739831, 34.668508721 ], [ 134.932763891, 34.668532667 ], [ 134.932814968, 34.668563162 ], [ 134.93285516200001, 34.668587495 ], [ 134.932901971, 34.668613946 ], [ 134.932937951000014, 34.668654333 ], [ 134.932962632999988, 34.668691441 ], [ 134.932980947, 34.668718225 ], [ 134.933061699, 34.668782162 ], [ 134.933039662999988, 34.668831486 ], [ 134.933017004, 34.668873622 ], [ 134.932977328, 34.668931369 ], [ 134.932875331, 34.669028126 ], [ 134.932820545, 34.669073387 ], [ 134.932739313000013, 34.669132694 ], [ 134.932652424999986, 34.669177955 ], [ 134.932565525, 34.669213847 ], [ 134.932469196, 34.669260676 ], [ 134.932391738, 34.669291883 ], [ 134.932297289, 34.669323099 ], [ 134.93220284, 34.669354315 ], [ 134.93211406, 34.669371477 ], [ 134.932038495, 34.669391766 ], [ 134.931953489, 34.66941518 ], [ 134.931855266000014, 34.669422982 ], [ 134.931760817, 34.669438586 ], [ 134.931617249999988, 34.669440153 ], [ 134.93157703, 34.669407468 ], [ 134.93153730200001, 34.669375748 ], [ 134.931489053, 34.669330108 ], [ 134.931459831000012, 34.669285532 ], [ 134.931436303999988, 34.669246162 ], [ 134.931407639000014, 34.66920564 ], [ 134.931392477, 34.66920464 ], [ 134.931292412, 34.669249667 ], [ 134.931308638, 34.669275559 ], [ 134.931370143, 34.669346279 ], [ 134.931410467, 34.669371495 ], [ 134.93144358, 34.669407775 ], [ 134.931452866, 34.669456387 ], [ 134.931461997000014, 34.669496387 ], [ 134.931489559, 34.669535279 ], [ 134.931522801999989, 34.669605586 ], [ 134.931507678, 34.669652405 ], [ 134.931462348, 34.669728874 ], [ 134.931356563, 34.669836568 ], [ 134.931292335, 34.669895874 ], [ 134.931211102, 34.669959856 ], [ 134.931152542, 34.669997315 ], [ 134.931075097, 34.670059748 ], [ 134.930976861, 34.670120613 ], [ 134.930888079999988, 34.670165243 ], [ 134.930784189, 34.670212072 ], [ 134.930672724, 34.670247964 ], [ 134.930519715, 34.670290099 ], [ 134.930406381000012, 34.670324441 ], [ 134.930293035, 34.670369694 ], [ 134.930185357, 34.670408712 ], [ 134.930083346, 34.670463964 ], [ 134.929971894, 34.670520153 ], [ 134.929890661, 34.670566973 ], [ 134.929816991, 34.670612234 ], [ 134.92974709500001, 34.67066373 ], [ 134.929650751999986, 34.670688703 ], [ 134.929526083000013, 34.670548243 ], [ 134.929487808, 34.670512811 ], [ 134.929457588, 34.670494396 ], [ 134.929338573, 34.670311793 ], [ 134.929221453, 34.670366108 ], [ 134.92933669300001, 34.670501892 ], [ 134.929366913, 34.670544027 ], [ 134.929395253, 34.670609577 ], [ 134.929406589, 34.670642351 ], [ 134.929621933, 34.670943883 ], [ 134.929657834000011, 34.670971982 ], [ 134.929663022, 34.670982748 ], [ 134.929673423999986, 34.671033243 ], [ 134.929655785, 34.671068613 ], [ 134.929642335000011, 34.671100252 ], [ 134.929622996, 34.67112836 ], [ 134.929600584000013, 34.671138856 ], [ 134.929568794, 34.67115618 ], [ 134.929515888, 34.671166333 ], [ 134.929471492, 34.671163991 ], [ 134.92942048, 34.671159306 ], [ 134.929360973, 34.671158523 ], [ 134.929258016, 34.671210811 ], [ 134.92917677, 34.671245153 ], [ 134.929071920000013, 34.671286514 ], [ 134.928918898, 34.671353631 ], [ 134.92874131, 34.671431667 ], [ 134.928558054, 34.671503468 ], [ 134.928459804999989, 34.671526883 ], [ 134.928429585, 34.671565901 ], [ 134.928405019, 34.671595559 ], [ 134.928388016000014, 34.671628333 ], [ 134.928374799000011, 34.671643946 ], [ 134.92834144, 34.671699613 ], [ 134.927747716999988, 34.671988 ], [ 134.927704086, 34.671971198 ], [ 134.927665084000012, 34.671905748 ], [ 134.927552580999986, 34.67170536 ], [ 134.927519001, 34.671649892 ], [ 134.927482892, 34.671635559 ], [ 134.927433165, 34.671639946 ], [ 134.927393306999988, 34.671652027 ], [ 134.927366161, 34.671669667 ], [ 134.927379857, 34.671722333 ], [ 134.927406083, 34.671787829 ], [ 134.927439637, 34.671844279 ], [ 134.927325914, 34.671902081 ], [ 134.927159780000011, 34.671971414 ], [ 134.926955032, 34.672038586 ], [ 134.926668495, 34.672120027 ], [ 134.926445357, 34.672181865 ], [ 134.926317276, 34.672229559 ], [ 134.926228366, 34.672248198 ], [ 134.926101362, 34.672281441 ], [ 134.926020271999988, 34.672293919 ], [ 134.925954811999986, 34.672140252 ], [ 134.925925473, 34.672067468 ], [ 134.925891777, 34.672009306 ], [ 134.925850558, 34.671951081 ], [ 134.925804747, 34.671848 ], [ 134.925795227, 34.671813613 ], [ 134.925766472, 34.671805559 ], [ 134.925688171, 34.671824865 ], [ 134.925681336, 34.671846802 ], [ 134.925705330999989, 34.671906441 ], [ 134.925741855000012, 34.671963694 ], [ 134.925759688999989, 34.672017694 ], [ 134.925762023, 34.672070414 ], [ 134.925766589, 34.672128721 ], [ 134.925807834000011, 34.672232667 ], [ 134.925852166, 34.672332613 ], [ 134.925675162, 34.672375387 ], [ 134.925570558, 34.67239536 ], [ 134.925492918, 34.672419892 ], [ 134.925405188000013, 34.672464054 ], [ 134.925324942, 34.672489495 ], [ 134.925184617000014, 34.672518748 ], [ 134.925065447, 34.67254936 ], [ 134.925, 34.672568532 ], [ 134.924949027, 34.672583441 ], [ 134.924806354999987, 34.672619946 ], [ 134.924700169, 34.672634532 ], [ 134.924577562, 34.672656027 ], [ 134.924469883, 34.672672775 ], [ 134.9243993, 34.672707198 ], [ 134.924327834, 34.672755414 ], [ 134.92423383900001, 34.672809414 ], [ 134.92414022, 34.672855748 ], [ 134.924046393999987, 34.672888829 ], [ 134.92397978, 34.672913414 ], [ 134.923964034, 34.672861027 ], [ 134.923924617000011, 34.672766829 ], [ 134.923895863000013, 34.67269764 ], [ 134.923848807000013, 34.672647027 ], [ 134.923820467000013, 34.672607225 ], [ 134.923793995000011, 34.672535946 ], [ 134.923767886, 34.672455387 ], [ 134.9237507, 34.672444387 ], [ 134.923661479, 34.672467919 ], [ 134.923657419, 34.672493162 ], [ 134.923672827, 34.672529333 ], [ 134.923705668, 34.672573532 ], [ 134.923732218, 34.672611162 ], [ 134.923744475, 34.672662054 ], [ 134.923742166000011, 34.672706135 ], [ 134.92374477300001, 34.672750387 ], [ 134.92376725, 34.672793559 ], [ 134.923790272, 34.672858532 ], [ 134.9238607, 34.673028865 ], [ 134.923902412, 34.673111306 ], [ 134.923906615, 34.673118135 ], [ 134.923895331000011, 34.673191667 ], [ 134.92386572, 34.673248892 ], [ 134.92382428, 34.673312198 ], [ 134.923740078, 34.673379865 ], [ 134.923696965, 34.67339873 ], [ 134.923496355, 34.673465306 ], [ 134.923450311000011, 34.673479613 ], [ 134.923446278, 34.673480892 ], [ 134.923393696, 34.673496027 ], [ 134.923315422, 34.673523162 ], [ 134.923216809, 34.673556279 ], [ 134.923073839000011, 34.673601414 ], [ 134.92294406, 34.673642162 ], [ 134.922831608, 34.673679748 ], [ 134.922772243999987, 34.673697721 ], [ 134.922725772, 34.673712441 ], [ 134.922660635999989, 34.673732054 ], [ 134.922597782, 34.673745694 ], [ 134.922592892000011, 34.67374664 ], [ 134.922536744000013, 34.673756919 ], [ 134.922476278, 34.673767559 ], [ 134.922417639, 34.673777667 ], [ 134.92232489, 34.673792 ], [ 134.922177807999986, 34.673810748 ], [ 134.9220838, 34.673818586 ], [ 134.922014968000013, 34.67382236 ], [ 134.921945473, 34.673825667 ], [ 134.921874812, 34.673829441 ], [ 134.921793528, 34.673831441 ], [ 134.921611025, 34.673827198 ], [ 134.921519883, 34.673823586 ], [ 134.921464773, 34.673822387 ], [ 134.921371244999989, 34.673821775 ], [ 134.921221218999989, 34.673823225 ], [ 134.921116887000011, 34.673822198 ], [ 134.921053385, 34.673821495 ], [ 134.92102642, 34.67381964 ], [ 134.921019222000012, 34.673820135 ], [ 134.921010856, 34.673826667 ], [ 134.920997082000014, 34.673838532 ], [ 134.920979857, 34.673856027 ], [ 134.920974578, 34.673866865 ], [ 134.920972672, 34.673887775 ], [ 134.920972555, 34.673888135 ], [ 134.920957951, 34.673873694 ], [ 134.920951362000011, 34.673850667 ], [ 134.920944228, 34.673815441 ], [ 134.9208762, 34.673684973 ], [ 134.920762776, 34.673539279 ], [ 134.920743022000011, 34.673492667 ], [ 134.920613307, 34.673187775 ], [ 134.920822477, 34.673122586 ], [ 134.920875253, 34.673088441 ], [ 134.920877082, 34.67305364 ], [ 134.920865058, 34.673019081 ], [ 134.920830271999989, 34.672993198 ], [ 134.920786913, 34.672986279 ], [ 134.920248807, 34.673136081 ], [ 134.920189637, 34.673179441 ], [ 134.920221414, 34.673244946 ], [ 134.920252944, 34.673259919 ], [ 134.920309196, 34.673265054 ], [ 134.920509831, 34.673213252 ], [ 134.92063489, 34.673493198 ], [ 134.920642633, 34.673510468 ], [ 134.92064642, 34.673579973 ], [ 134.920645746, 34.673625225 ], [ 134.920655888, 34.673686198 ], [ 134.920673969, 34.673730027 ], [ 134.920690506, 34.673766532 ], [ 134.920708663999989, 34.673805495 ], [ 134.920726744, 34.673845694 ], [ 134.920749611, 34.673917802 ], [ 134.92070214, 34.673931721 ], [ 134.920651894, 34.673954495 ], [ 134.920620363000012, 34.673972865 ], [ 134.920558807, 34.674014802 ], [ 134.920446328999986, 34.674099027 ], [ 134.920376108999989, 34.674150829 ], [ 134.920288054, 34.674212027 ], [ 134.920144423000011, 34.674315387 ], [ 134.919977951, 34.674433108 ], [ 134.919927808000011, 34.674470333 ], [ 134.91988588800001, 34.67449964 ], [ 134.91986275, 34.674513441 ], [ 134.919771894, 34.674566279 ], [ 134.919761997, 34.674571441 ], [ 134.919676861, 34.674569333 ], [ 134.919646641000014, 34.674570919 ], [ 134.919599857, 34.674588468 ], [ 134.919473891, 34.67462936 ], [ 134.919457082, 34.674630892 ], [ 134.919446887, 34.67462536 ], [ 134.919423191, 34.67460464 ], [ 134.919380726000014, 34.674540919 ], [ 134.919355279, 34.67452436 ], [ 134.919319882999986, 34.674516162 ], [ 134.919276135, 34.674520613 ], [ 134.919239105, 34.674527721 ], [ 134.919126057, 34.674558919 ], [ 134.919107471, 34.674556225 ], [ 134.919106913, 34.674554865 ], [ 134.919044086000014, 34.674402279 ], [ 134.91892083, 34.67411664 ], [ 134.918854527, 34.673998054 ], [ 134.918796082999989, 34.673817667 ], [ 134.91878083, 34.673803865 ], [ 134.918661479, 34.673840586 ], [ 134.918753554, 34.674005748 ], [ 134.918784643, 34.674130721 ], [ 134.918803528000012, 34.674176414 ], [ 134.918854915999987, 34.674286532 ], [ 134.918805227, 34.674371225 ], [ 134.918779105, 34.674412748 ], [ 134.918737056, 34.674437721 ], [ 134.918589494, 34.674481162 ], [ 134.918420999, 34.674525333 ], [ 134.918258327, 34.674561468 ], [ 134.91809433200001, 34.674608586 ], [ 134.917933385, 34.674642441 ], [ 134.917779754, 34.674687802 ], [ 134.917655032, 34.674721387 ], [ 134.917524189, 34.674754027 ], [ 134.917429728, 34.674773865 ], [ 134.917376835, 34.674762586 ], [ 134.917312114, 34.674759468 ], [ 134.917278689999989, 34.674771694 ], [ 134.917236783, 34.674739532 ], [ 134.917109079, 34.674471865 ], [ 134.917037328, 34.67432364 ], [ 134.917025473, 34.674313973 ], [ 134.917012023000012, 34.674311225 ], [ 134.91699688700001, 34.674312667 ], [ 134.916963216999989, 34.674321198 ], [ 134.916943113, 34.674332387 ], [ 134.916936420000013, 34.674342135 ], [ 134.916931946, 34.674356775 ], [ 134.916986641, 34.674470387 ], [ 134.917000467, 34.67452864 ], [ 134.91702131, 34.674620135 ], [ 134.917086641, 34.674803198 ], [ 134.917175499, 34.675 ], [ 134.917207808, 34.675071532 ], [ 134.916771855, 34.675228946 ], [ 134.916666666999987, 34.675252919 ], [ 134.9164362, 34.675305468 ], [ 134.916394228, 34.675310721 ], [ 134.916359754000013, 34.675312306 ], [ 134.91632863800001, 34.675313081 ], [ 134.916314332000013, 34.675311802 ], [ 134.9163, 34.675306306 ], [ 134.91621978, 34.675255387 ], [ 134.916130363, 34.675203162 ], [ 134.916106809000013, 34.675188748 ], [ 134.916079922, 34.675181946 ], [ 134.915994163, 34.675170559 ], [ 134.915641997, 34.675135532 ], [ 134.91558131, 34.675131306 ], [ 134.915571167, 34.675134081 ], [ 134.915563671, 34.675138333 ], [ 134.915558690000012, 34.675144586 ], [ 134.915555356999988, 34.675150829 ], [ 134.915553671, 34.675157775 ], [ 134.915557082, 34.675163973 ], [ 134.915567367, 34.675181252 ], [ 134.915574994, 34.675196532 ], [ 134.915574578, 34.675200495 ], [ 134.915573384999988, 34.675202748 ], [ 134.915568301, 34.675205586 ], [ 134.915561634, 34.675206973 ], [ 134.915557056000011, 34.675205802 ], [ 134.91555345, 34.675203829 ], [ 134.915408054000011, 34.675045054 ], [ 134.915380195000012, 34.675020748 ], [ 134.915358145, 34.675 ], [ 134.915237612999988, 34.674886586 ], [ 134.915099728, 34.674752559 ], [ 134.915081829, 34.674738468 ], [ 134.915068781, 34.674730613 ], [ 134.9150562, 34.674724198 ], [ 134.915018521, 34.674706973 ], [ 134.915002114, 34.674697306 ], [ 134.914997393, 34.674693279 ], [ 134.914943748000013, 34.674593468 ], [ 134.914903307, 34.674535946 ], [ 134.914882672, 34.674518108 ], [ 134.914866329, 34.67450764 ], [ 134.914855525, 34.674505252 ], [ 134.914840363, 34.674507775 ], [ 134.914830583999986, 34.674514306 ], [ 134.914822023, 34.674523279 ], [ 134.914819922, 34.674533829 ], [ 134.914823281, 34.674546892 ], [ 134.914832088, 34.67456964 ], [ 134.914840778000013, 34.674583414 ], [ 134.914881388, 34.674661279 ], [ 134.914936226, 34.674765135 ], [ 134.914960310999987, 34.674805694 ], [ 134.914983191, 34.674834865 ], [ 134.91499, 34.674840973 ], [ 134.915009339, 34.674859198 ], [ 134.915044994, 34.674886865 ], [ 134.915021855, 34.674933667 ], [ 134.914995227, 34.674978252 ], [ 134.914976109, 34.675 ], [ 134.914958418, 34.675020162 ], [ 134.914914993999986, 34.675070387 ], [ 134.914851414, 34.675119306 ], [ 134.914791025, 34.675159892 ], [ 134.914717639, 34.675199 ], [ 134.91459, 34.675251 ], [ 134.914472438, 34.67529464 ], [ 134.914348053999987, 34.675328586 ], [ 134.914248275, 34.675353865 ], [ 134.914154163, 34.675375135 ], [ 134.914076744, 34.675385252 ], [ 134.914006057, 34.67538836 ], [ 134.913925188, 34.675387306 ], [ 134.91387061, 34.675385306 ], [ 134.91386153, 34.675367414 ], [ 134.913819170000011, 34.675282892 ], [ 134.91381036300001, 34.675272387 ], [ 134.913771193, 34.675243279 ], [ 134.913764721, 34.675236802 ], [ 134.913757108, 34.675226198 ], [ 134.91364511, 34.675033721 ], [ 134.913628106, 34.675034892 ], [ 134.913596719, 34.675041532 ], [ 134.913572996, 34.675050559 ], [ 134.913556809, 34.675062 ], [ 134.913552503, 34.675069333 ], [ 134.91355144, 34.675075802 ], [ 134.913555888, 34.675085613 ], [ 134.913570142999987, 34.675109081 ], [ 134.913653191, 34.675239667 ], [ 134.913667444999987, 34.675263225 ], [ 134.913668586, 34.675271333 ], [ 134.913666498, 34.675281892 ], [ 134.913661115, 34.675294559 ], [ 134.913657912, 34.675303108 ], [ 134.913659611000014, 34.675311667 ], [ 134.913671051, 34.675327495 ], [ 134.913725331, 34.675424865 ], [ 134.91378769100001, 34.675529495 ], [ 134.913838975, 34.675603279 ], [ 134.913882827, 34.675664441 ], [ 134.913895357, 34.675679198 ], [ 134.913859441999989, 34.675706387 ], [ 134.913800726, 34.675737973 ], [ 134.913737562, 34.675769441 ], [ 134.913677951000011, 34.675796775 ], [ 134.913609001, 34.675817306 ], [ 134.913548521, 34.675829387 ], [ 134.913439274000012, 34.675844892 ], [ 134.913350117, 34.675855054 ], [ 134.913298716000014, 34.675858721 ], [ 134.913247977, 34.675858613 ], [ 134.913068638, 34.675849721 ], [ 134.912983671, 34.675839748 ], [ 134.912861414, 34.675819495 ], [ 134.912768833, 34.675795694 ], [ 134.912676887, 34.675772532 ], [ 134.912653256, 34.675762892 ], [ 134.912632088, 34.675749829 ], [ 134.912609248, 34.675729829 ], [ 134.912589663, 34.675704225 ], [ 134.91257428, 34.675673027 ], [ 134.912566744, 34.675642135 ], [ 134.912564501, 34.675585162 ], [ 134.912655447, 34.675591586 ], [ 134.912706913, 34.675197468 ], [ 134.912732698000013, 34.675 ], [ 134.912754578, 34.674832414 ], [ 134.912778171000014, 34.674832748 ], [ 134.912881725, 34.674834333 ], [ 134.912888275, 34.674834829 ], [ 134.912895058, 34.674835162 ], [ 134.91290192, 34.674834613 ], [ 134.912908029, 34.674833865 ], [ 134.912916304, 34.674832802 ], [ 134.912924772999986, 34.67482864 ], [ 134.912932049, 34.67482264 ], [ 134.9129393, 34.674814865 ], [ 134.912944137000011, 34.674804387 ], [ 134.912945136, 34.674775162 ], [ 134.912940506000012, 34.674719468 ], [ 134.91293364500001, 34.674688495 ], [ 134.9129293, 34.674679775 ], [ 134.91292141400001, 34.674673414 ], [ 134.912913411, 34.674668495 ], [ 134.912904332000011, 34.674665279 ], [ 134.91289275, 34.674663081 ], [ 134.912869053, 34.674661387 ], [ 134.912794306, 34.674658694 ], [ 134.912625577, 34.674656694 ], [ 134.912406913000012, 34.67466 ], [ 134.912258638, 34.674661946 ], [ 134.912174838, 34.674661 ], [ 134.912072996, 34.674658252 ], [ 134.911841751, 34.674640775 ], [ 134.91154978, 34.674616081 ], [ 134.911443333, 34.674607495 ], [ 134.911412969999986, 34.674603054 ], [ 134.911389248, 34.674598559 ], [ 134.911338949, 34.674580054 ], [ 134.911077782, 34.674466162 ], [ 134.910916304000011, 34.674393802 ], [ 134.910884034, 34.674381162 ], [ 134.910876718999987, 34.674380748 ], [ 134.91086572, 34.674383054 ], [ 134.910856693, 34.674387694 ], [ 134.910848781, 34.674392775 ], [ 134.910817638999987, 34.674437721 ], [ 134.910756394, 34.674415468 ], [ 134.910727808, 34.674464829 ], [ 134.910782438000012, 34.674488829 ], [ 134.910789027, 34.674482135 ], [ 134.910829196, 34.674497 ], [ 134.910829948000014, 34.674525306 ], [ 134.911092724000014, 34.674637198 ], [ 134.911251193, 34.674704865 ], [ 134.911250246, 34.674725162 ], [ 134.911269831, 34.67473236 ], [ 134.911334812, 34.67473864 ], [ 134.91179358, 34.674775667 ], [ 134.912163191, 34.674807 ], [ 134.912364669, 34.674814613 ], [ 134.912573385, 34.674824721 ], [ 134.912700117000014, 34.674829252 ], [ 134.912677808000012, 34.675 ], [ 134.912652866, 34.675191054 ], [ 134.912607108, 34.675547829 ], [ 134.912239948, 34.675519829 ], [ 134.912249882999987, 34.67542736 ], [ 134.911916329, 34.675400027 ], [ 134.911760636, 34.67560964 ], [ 134.911603087, 34.675829721 ], [ 134.911474112, 34.675803559 ], [ 134.910927328000014, 34.675697162 ], [ 134.911022283, 34.675605387 ], [ 134.910982361, 34.675577162 ], [ 134.910886861, 34.675669495 ], [ 134.910898495, 34.675679081 ], [ 134.910726589, 34.675845333 ], [ 134.910687523, 34.675847387 ], [ 134.910669663, 34.675849919 ], [ 134.910646589, 34.675856694 ], [ 134.910624254, 34.675865 ], [ 134.910602503, 34.675874748 ], [ 134.910571829, 34.675890225 ], [ 134.910564994, 34.675894279 ], [ 134.910524837999986, 34.675861252 ], [ 134.91072214, 34.675674333 ], [ 134.910686252, 34.675647802 ], [ 134.910754553, 34.675583667 ], [ 134.910834034, 34.675507748 ], [ 134.910855499, 34.675486802 ], [ 134.91089428, 34.675447946 ], [ 134.910918664, 34.675425586 ], [ 134.91093061, 34.675415613 ], [ 134.910968196999988, 34.675391721 ], [ 134.910947756000013, 34.675366919 ], [ 134.91090655, 34.675393162 ], [ 134.910884747000011, 34.675412108 ], [ 134.910862633, 34.675431054 ], [ 134.910834669, 34.675458973 ], [ 134.910799857, 34.675491306 ], [ 134.910358392, 34.675325198 ], [ 134.910350921, 34.675315387 ], [ 134.910337419, 34.67530464 ], [ 134.910311803000013, 34.675294667 ], [ 134.910281777, 34.675289865 ], [ 134.91025725, 34.675294108 ], [ 134.910237328, 34.675300532 ], [ 134.910228418, 34.675307225 ], [ 134.910218222999987, 34.675316468 ], [ 134.910161335999987, 34.675277694 ], [ 134.910063216999987, 34.675104198 ], [ 134.910034384, 34.675115865 ], [ 134.910139339000011, 34.675301613 ], [ 134.91019703, 34.675341865 ], [ 134.910200415, 34.675344225 ], [ 134.909039947999986, 34.675999081 ], [ 134.908485551000012, 34.675347108 ], [ 134.909091582, 34.675 ], [ 134.909664112, 34.674672081 ], [ 134.909797808, 34.674689586 ], [ 134.909802581, 34.674685667 ], [ 134.909834695, 34.674691198 ], [ 134.909905772, 34.674633973 ], [ 134.909921115, 34.67464264 ], [ 134.909931245, 34.674643694 ], [ 134.909939105, 34.67464364 ], [ 134.909957198, 34.674637081 ], [ 134.910013916999986, 34.674603279 ], [ 134.910052023, 34.674576495 ], [ 134.910079274, 34.67455636 ], [ 134.910100856000014, 34.674537775 ], [ 134.910129585, 34.674509495 ], [ 134.910151025, 34.67448336 ], [ 134.910170311, 34.674450162 ], [ 134.910186031, 34.674417559 ], [ 134.91019166000001, 34.674396441 ], [ 134.910193722, 34.674377387 ], [ 134.910192192000011, 34.674364333 ], [ 134.910189105, 34.674357414 ], [ 134.910179144000011, 34.674353135 ], [ 134.910156719000014, 34.674345946 ], [ 134.910239467999986, 34.674132892 ], [ 134.910259974000013, 34.674114027 ], [ 134.910421479, 34.673672694 ], [ 134.910592633, 34.673541162 ], [ 134.910665253, 34.673485468 ], [ 134.910658003, 34.673477829 ], [ 134.910699585, 34.67344736 ], [ 134.910725719999988, 34.673470027 ], [ 134.91080452700001, 34.673413333 ], [ 134.910739339, 34.673357387 ], [ 134.910695279, 34.673391829 ], [ 134.910682218, 34.673382162 ], [ 134.910671829, 34.673378973 ], [ 134.910658612, 34.673377586 ], [ 134.910647834, 34.673378721 ], [ 134.910631699, 34.673382865 ], [ 134.910616355, 34.673388802 ], [ 134.910601245, 34.673397333 ], [ 134.910580506, 34.673411414 ], [ 134.91054, 34.673440721 ], [ 134.910409974, 34.673542027 ], [ 134.910309248, 34.673620586 ], [ 134.910287471, 34.673642225 ], [ 134.910275058, 34.673659414 ], [ 134.910265888, 34.673677667 ], [ 134.910256252000011, 34.673702973 ], [ 134.910184163, 34.673896775 ], [ 134.910133774, 34.674012027 ], [ 134.910096031, 34.67409164 ], [ 134.910064616999989, 34.674155441 ], [ 134.910026835, 34.674214559 ], [ 134.910013528, 34.674232946 ], [ 134.909994254, 34.674252775 ], [ 134.909978495, 34.674264748 ], [ 134.90996036300001, 34.67427636 ], [ 134.909951025, 34.674282802 ], [ 134.909944188999987, 34.674290414 ], [ 134.909937393, 34.674301081 ], [ 134.909933411, 34.674310559 ], [ 134.909925279, 34.674331252 ], [ 134.909529857, 34.674244225 ], [ 134.909398974999988, 34.674217441 ], [ 134.9091707, 34.674346721 ], [ 134.908333333, 34.674825198 ], [ 134.908103891, 34.674956306 ], [ 134.908026939, 34.675 ], [ 134.907868885, 34.675089748 ], [ 134.907862244, 34.675094829 ], [ 134.907862309, 34.675100252 ], [ 134.907873087000013, 34.675115333 ], [ 134.907604034, 34.675275892 ], [ 134.907590699999986, 34.675291919 ], [ 134.907579248, 34.675309279 ], [ 134.907570895, 34.675330775 ], [ 134.907532892, 34.675467973 ], [ 134.907510389, 34.675559333 ], [ 134.907513774, 34.675578054 ], [ 134.907516887000014, 34.675587135 ], [ 134.907524968, 34.67560036 ], [ 134.907553721999989, 34.675640892 ], [ 134.907905162, 34.676060865 ], [ 134.907937639000011, 34.676068919 ], [ 134.90828144, 34.676482036 ], [ 134.908208417999987, 34.676529523 ], [ 134.908130389, 34.676580252 ], [ 134.908084616999986, 34.676607135 ], [ 134.907983995, 34.67660364 ], [ 134.907983087, 34.676598252 ], [ 134.907980751999986, 34.676591414 ], [ 134.907975811, 34.676586559 ], [ 134.907967224, 34.676579108 ], [ 134.907951219000012, 34.676569441 ], [ 134.907921219, 34.676554279 ], [ 134.907851803, 34.676521252 ], [ 134.907839883, 34.676515721 ], [ 134.907836393999986, 34.676515721 ], [ 134.907828975, 34.676518027 ], [ 134.907822477, 34.676521748 ], [ 134.907816589, 34.676525559 ], [ 134.907805642, 34.676536775 ], [ 134.90776406, 34.676516414 ], [ 134.907484137000012, 34.67618436 ], [ 134.907506394, 34.676167495 ], [ 134.907463502000013, 34.676120559 ], [ 134.907459780000011, 34.676116333 ], [ 134.907445811, 34.676101802 ], [ 134.907419339, 34.676106973 ], [ 134.907404617, 34.676093495 ], [ 134.907433307, 34.676076162 ], [ 134.9073907, 34.676021802 ], [ 134.907287782, 34.676067279 ], [ 134.907381362, 34.676169 ], [ 134.907402866000012, 34.676154108 ], [ 134.907434034, 34.676196225 ], [ 134.907409248, 34.676212306 ], [ 134.907406251999987, 34.676218721 ], [ 134.90762153, 34.676485721 ], [ 134.907499689, 34.676649829 ], [ 134.907449727999989, 34.676701721 ], [ 134.907407419, 34.676752333 ], [ 134.907375162, 34.676790694 ], [ 134.907351479, 34.676819027 ], [ 134.907331777, 34.676845973 ], [ 134.907312335, 34.676874919 ], [ 134.907290169, 34.676905054 ], [ 134.907264422999987, 34.676935 ], [ 134.907238664, 34.676966694 ], [ 134.907212503000011, 34.677003054 ], [ 134.907184863999987, 34.677045721 ], [ 134.907136109, 34.677128721 ], [ 134.907110077999988, 34.677167865 ], [ 134.907073217, 34.677220333 ], [ 134.907035279000013, 34.677272 ], [ 134.906998392, 34.677317054 ], [ 134.906959274, 34.677359892 ], [ 134.906913800000012, 34.677411225 ], [ 134.906858715999988, 34.677479162 ], [ 134.906798028999987, 34.677553198 ], [ 134.906739339000012, 34.677618468 ], [ 134.906689728, 34.677672162 ], [ 134.906651894, 34.677710387 ], [ 134.90661978, 34.677737946 ], [ 134.906584501, 34.677765613 ], [ 134.90654869, 34.677796532 ], [ 134.906510636, 34.677831495 ], [ 134.906491829, 34.677856468 ], [ 134.906025551, 34.677575495 ], [ 134.905987133999986, 34.677575667 ], [ 134.90594900100001, 34.677614613 ], [ 134.905979144000014, 34.67764964 ], [ 134.906150441, 34.677757919 ], [ 134.906410311, 34.677952306 ], [ 134.906399053, 34.677998892 ], [ 134.906369559000012, 34.678040946 ], [ 134.906329494, 34.678087387 ], [ 134.906296304, 34.67813064 ], [ 134.906271051, 34.678172946 ], [ 134.906248197, 34.678212613 ], [ 134.906225032, 34.678239586 ], [ 134.906195616, 34.67826064 ], [ 134.906165966, 34.678285135 ], [ 134.90614856, 34.678306748 ], [ 134.906129974, 34.678332532 ], [ 134.90610856, 34.678361865 ], [ 134.906075966, 34.678396973 ], [ 134.906019857, 34.678458802 ], [ 134.9058638, 34.678648333 ], [ 134.905694968, 34.678853586 ], [ 134.905617328, 34.678940748 ], [ 134.905492114, 34.679078468 ], [ 134.905251829, 34.679333 ], [ 134.904920116999989, 34.679148135 ], [ 134.904776641000012, 34.67907236 ], [ 134.904715863, 34.679040802 ], [ 134.9047007, 34.679041775 ], [ 134.904685577, 34.679050775 ], [ 134.904670558, 34.679068694 ], [ 134.904658807, 34.679093198 ], [ 134.904657808, 34.679106162 ], [ 134.904671971, 34.679116667 ], [ 134.904745837, 34.679161919 ], [ 134.904802361, 34.679194198 ], [ 134.904882802, 34.679245865 ], [ 134.904908911, 34.679265279 ], [ 134.9049362, 34.679296081 ], [ 134.904942698000013, 34.67930336 ], [ 134.904964475000014, 34.679314252 ], [ 134.905005253000013, 34.679340919 ], [ 134.905065525, 34.679379667 ], [ 134.905176913, 34.67945264 ], [ 134.90512358, 34.679489468 ], [ 134.905043554, 34.67954836 ], [ 134.904963579999986, 34.679612748 ], [ 134.904878859, 34.679686333 ], [ 134.904800142999989, 34.679761721 ], [ 134.904725031999988, 34.679835162 ], [ 134.904478366, 34.680116252 ], [ 134.90440345, 34.680204333 ], [ 134.904340506000011, 34.680272306 ], [ 134.904287419000013, 34.680342081 ], [ 134.904069857, 34.680604721 ], [ 134.903991284, 34.6807 ], [ 134.90379491600001, 34.680964694 ], [ 134.903738949, 34.680935495 ], [ 134.903654189, 34.680893613 ], [ 134.903582555000014, 34.680854802 ], [ 134.903532633, 34.680832333 ], [ 134.903497834, 34.680818613 ], [ 134.903457782, 34.680814748 ], [ 134.903442581, 34.680812387 ], [ 134.903421997, 34.680803441 ], [ 134.903291634, 34.680730054 ], [ 134.903226252, 34.680695027 ], [ 134.903180921, 34.680769973 ], [ 134.903190558, 34.680788306 ], [ 134.903431946000012, 34.680917 ], [ 134.903556498, 34.681016748 ], [ 134.903618392, 34.681049108 ], [ 134.903681608, 34.681079829 ], [ 134.90367489, 34.681111135 ], [ 134.903669805, 34.681132532 ], [ 134.903664695, 34.681152108 ], [ 134.903659468, 34.681170333 ], [ 134.903654137, 34.681187414 ], [ 134.90364847, 34.681203468 ], [ 134.903642555, 34.681218919 ], [ 134.903636226, 34.681234 ], [ 134.903629468, 34.681249 ], [ 134.903622361, 34.681263829 ], [ 134.903614721, 34.681278468 ], [ 134.903606744, 34.681293198 ], [ 134.903598222999989, 34.681307829 ], [ 134.903589144, 34.681322468 ], [ 134.903579637, 34.681337135 ], [ 134.903569689, 34.681351865 ], [ 134.903559105, 34.681366802 ], [ 134.90354786, 34.681381919 ], [ 134.903535966, 34.681397279 ], [ 134.903523307, 34.681413027 ], [ 134.90350978, 34.681429225 ], [ 134.903495383, 34.681445892 ], [ 134.90348, 34.681463162 ], [ 134.903463528, 34.681481108 ], [ 134.903445772, 34.681499865 ], [ 134.903426809, 34.681519694 ], [ 134.903406446, 34.681540775 ], [ 134.903360803999988, 34.681587495 ], [ 134.903335446999989, 34.681613694 ], [ 134.903308028999987, 34.681641865 ], [ 134.903278885, 34.681672081 ], [ 134.903216809000014, 34.681736748 ], [ 134.903120467, 34.681836829 ], [ 134.90308936400001, 34.681868973 ], [ 134.903059339, 34.681899865 ], [ 134.903030636000011, 34.681929198 ], [ 134.903003307, 34.681957 ], [ 134.902952283, 34.682008532 ], [ 134.902928521, 34.68203236 ], [ 134.902884527, 34.682076198 ], [ 134.902864137, 34.682096387 ], [ 134.902844746999989, 34.682115694 ], [ 134.902826005, 34.682134162 ], [ 134.902807782, 34.682152 ], [ 134.902789883, 34.682169306 ], [ 134.902772113999987, 34.682186414 ], [ 134.902754332, 34.68220336 ], [ 134.902717665000011, 34.682237441 ], [ 134.902698586000014, 34.682254829 ], [ 134.902679053000014, 34.682272495 ], [ 134.902658885, 34.68229064 ], [ 134.902638054, 34.682309108 ], [ 134.902594034, 34.682347721 ], [ 134.902570700000012, 34.682367946 ], [ 134.902546057, 34.682388973 ], [ 134.90251992200001, 34.682410919 ], [ 134.90249158200001, 34.682433865 ], [ 134.902460636, 34.682458054 ], [ 134.902426666999986, 34.68248364 ], [ 134.902389196, 34.682510694 ], [ 134.902340726, 34.682544333 ], [ 134.90222358, 34.682470892 ], [ 134.90217275, 34.682442 ], [ 134.901887302, 34.682258162 ], [ 134.901877496999987, 34.682256694 ], [ 134.901866472, 34.682258532 ], [ 134.901816135, 34.682304225 ], [ 134.901809727999989, 34.682320559 ], [ 134.901814163000012, 34.682333252 ], [ 134.90182483800001, 34.682343387 ], [ 134.902182555, 34.682614414 ], [ 134.902277833999989, 34.682677802 ], [ 134.902253865, 34.682730468 ], [ 134.902220052, 34.682784279 ], [ 134.902152309, 34.682866252 ], [ 134.902095811, 34.682920162 ], [ 134.902040921, 34.682965586 ], [ 134.901985966000012, 34.683006054 ], [ 134.901922969999987, 34.683051414 ], [ 134.901828392, 34.68312136 ], [ 134.901771829000012, 34.683165532 ], [ 134.901632802, 34.683277162 ], [ 134.901564332, 34.683333333 ], [ 134.901531115000012, 34.683360586 ], [ 134.901487522999986, 34.683402162 ], [ 134.901450337, 34.683437748 ], [ 134.901355161999987, 34.683532054 ], [ 134.901253385, 34.683617892 ], [ 134.901154773, 34.683691468 ], [ 134.90106255500001, 34.683752829 ], [ 134.900971971, 34.683800865 ], [ 134.900902309, 34.683826775 ], [ 134.900837613, 34.683847279 ], [ 134.900816394, 34.683853973 ], [ 134.900777951, 34.683866946 ], [ 134.90058978, 34.683758306 ], [ 134.900463527999989, 34.683736775 ], [ 134.900545136, 34.683577279 ], [ 134.900499857, 34.683562441 ], [ 134.900417198000014, 34.683728162 ], [ 134.900334721, 34.683720162 ], [ 134.900257613, 34.683708802 ], [ 134.900192283, 34.683698559 ], [ 134.90016561600001, 34.68369536 ], [ 134.900148495, 34.683696495 ], [ 134.90013153000001, 34.683704333 ], [ 134.900118275000011, 34.683714414 ], [ 134.900103527999988, 34.683729 ], [ 134.900094695, 34.683745721 ], [ 134.900091115, 34.683761865 ], [ 134.900093385, 34.683775829 ], [ 134.90010166, 34.683789667 ], [ 134.900113645, 34.683801333 ], [ 134.900136446, 34.683818532 ], [ 134.9, 34.683932225 ], [ 134.899970415000013, 34.683956892 ], [ 134.9, 34.683984279 ], [ 134.900003256, 34.683987279 ], [ 134.900169831, 34.683849946 ], [ 134.90072856, 34.684304865 ], [ 134.900396057, 34.684598468 ], [ 134.900339065999987, 34.68464309 ], [ 134.900280441, 34.684689 ], [ 134.900250506, 34.684714 ], [ 134.900077782000011, 34.684592387 ], [ 134.900042387000013, 34.684622946 ], [ 134.900210441000013, 34.684747198 ], [ 134.90021736700001, 34.684752306 ], [ 134.9, 34.684934694 ], [ 134.899692361, 34.685192865 ], [ 134.899732166, 34.685221802 ], [ 134.899706834999989, 34.685249495 ], [ 134.899679883, 34.685269198 ], [ 134.899652283, 34.685286559 ], [ 134.899624669, 34.685303 ], [ 134.899597588, 34.685315748 ], [ 134.899569805, 34.685324081 ], [ 134.899539299999986, 34.685329892 ], [ 134.899509196, 34.685334081 ], [ 134.899480506, 34.685333225 ], [ 134.899202114, 34.685142495 ], [ 134.898826809000013, 34.684872081 ], [ 134.898807366999989, 34.684854586 ], [ 134.898791634, 34.684837441 ], [ 134.898774968, 34.684810306 ], [ 134.898754137, 34.684764613 ], [ 134.898745811, 34.684724252 ], [ 134.898748275, 34.684686919 ], [ 134.898754034, 34.684649829 ], [ 134.898759689, 34.684630775 ], [ 134.898765253, 34.684613802 ], [ 134.899036524, 34.684271892 ], [ 134.899184279999986, 34.684094775 ], [ 134.899620311, 34.683715721 ], [ 134.899639027, 34.683725559 ], [ 134.899815084000011, 34.683551919 ], [ 134.899820921000014, 34.683542162 ], [ 134.899822283, 34.683533694 ], [ 134.899817860000013, 34.683526495 ], [ 134.899769248000013, 34.683487414 ], [ 134.899760389, 34.683483225 ], [ 134.89974946800001, 34.683483892 ], [ 134.89942131, 34.683723414 ], [ 134.899090777999987, 34.684001973 ], [ 134.899053891, 34.684033532 ], [ 134.899036304, 34.684049559 ], [ 134.899019611, 34.684065865 ], [ 134.899011803, 34.684074198 ], [ 134.899004332, 34.684082532 ], [ 134.898990389, 34.684099441 ], [ 134.898977198000011, 34.684117 ], [ 134.898968755, 34.684129108 ], [ 134.898935357, 34.684178414 ], [ 134.898926719, 34.684190441 ], [ 134.898917523, 34.684202108 ], [ 134.898912633, 34.684207721 ], [ 134.898900311, 34.684220586 ], [ 134.898671751, 34.684490468 ], [ 134.898630532, 34.684559081 ], [ 134.898626109, 34.684569468 ], [ 134.898617976999986, 34.684591414 ], [ 134.898614228000014, 34.684602441 ], [ 134.898609338999989, 34.684619135 ], [ 134.898603385, 34.684644306 ], [ 134.898600558, 34.684661279 ], [ 134.898599533, 34.684669667 ], [ 134.898598392, 34.684682387 ], [ 134.898597977, 34.684700333 ], [ 134.898598365999987, 34.684709252 ], [ 134.898599663, 34.684722667 ], [ 134.898602023, 34.684736081 ], [ 134.898603722, 34.684742865 ], [ 134.898607977000012, 34.684756252 ], [ 134.898610636, 34.684763 ], [ 134.898615383, 34.684773081 ], [ 134.8986207, 34.684782892 ], [ 134.898623773999986, 34.684787559 ], [ 134.898628859000013, 34.684794306 ], [ 134.898634553, 34.684800306 ], [ 134.898637756, 34.684803 ], [ 134.898644553, 34.684807559 ], [ 134.898648392000013, 34.684809441 ], [ 134.898654279999988, 34.684811667 ], [ 134.898662802, 34.684813252 ], [ 134.898668807, 34.684813667 ], [ 134.898680804, 34.684813162 ], [ 134.898691050999986, 34.684811586 ], [ 134.898695966, 34.684810387 ], [ 134.898717977, 34.684803252 ], [ 134.898728833, 34.684827108 ], [ 134.898748807, 34.68485964 ], [ 134.89876869, 34.684881279 ], [ 134.898791530000011, 34.684901919 ], [ 134.899414162999989, 34.685350586 ], [ 134.899412969999986, 34.685385198 ], [ 134.899411608, 34.685411613 ], [ 134.899408275000013, 34.685433441 ], [ 134.899403502000013, 34.685452865 ], [ 134.899398716, 34.685471441 ], [ 134.899394578, 34.685490225 ], [ 134.899390584, 34.685509532 ], [ 134.899386226, 34.685529748 ], [ 134.899381025, 34.685551135 ], [ 134.899128948999987, 34.685745865 ], [ 134.899057056, 34.68570336 ], [ 134.8990307, 34.685726306 ], [ 134.899100194999988, 34.685770135 ], [ 134.899007523, 34.68584936 ], [ 134.898940311, 34.685914586 ], [ 134.898790999, 34.686073775 ], [ 134.898604617, 34.686253054 ], [ 134.89841847, 34.686407802 ], [ 134.898214695, 34.68658164 ], [ 134.898144527, 34.686646892 ], [ 134.897586161, 34.68712464 ], [ 134.897400272, 34.687283721 ], [ 134.897295447, 34.687210829 ], [ 134.897275498999988, 34.687229946 ], [ 134.897373695999988, 34.687306468 ], [ 134.897283865, 34.687383333 ], [ 134.897151894, 34.687269198 ], [ 134.897043086999986, 34.687349306 ], [ 134.897226161, 34.687503225 ], [ 134.897039559, 34.687649495 ], [ 134.896986109000011, 34.687609721 ], [ 134.896759494, 34.687794225 ], [ 134.896692554999987, 34.687804919 ], [ 134.896607859999989, 34.687819198 ], [ 134.896518638, 34.687843748 ], [ 134.896415888, 34.687885973 ], [ 134.896350026, 34.687829667 ], [ 134.896252335000014, 34.687909721 ], [ 134.896289339, 34.687940108 ], [ 134.896223256000013, 34.688016054 ], [ 134.896183476, 34.688085468 ], [ 134.896115305, 34.688224081 ], [ 134.896041777, 34.688405441 ], [ 134.895554772999986, 34.688758468 ], [ 134.895603087000012, 34.688801414 ], [ 134.895588145, 34.688831586 ], [ 134.895579416, 34.688868252 ], [ 134.895578885, 34.688901865 ], [ 134.89558489, 34.688934387 ], [ 134.895612361, 34.688994468 ], [ 134.895611946, 34.688994919 ], [ 134.895588223, 34.689007586 ], [ 134.895211025, 34.689076775 ], [ 134.894830195, 34.68914664 ], [ 134.894765422, 34.689152162 ], [ 134.894662892000014, 34.689178613 ], [ 134.894442438, 34.689278252 ], [ 134.894175746, 34.689431468 ], [ 134.893837717, 34.689654532 ], [ 134.893624942, 34.689791721 ], [ 134.893413022, 34.689943532 ], [ 134.893302412, 34.689984495 ], [ 134.893217639, 34.690007162 ], [ 134.893127471000014, 34.690037135 ], [ 134.892855577, 34.689742694 ], [ 134.892829196, 34.689759414 ], [ 134.893150636, 34.690105108 ], [ 134.8929838, 34.690272027 ], [ 134.892712049000011, 34.690537225 ], [ 134.892264137000012, 34.690243586 ], [ 134.892258975, 34.690240198 ], [ 134.892255837, 34.69024364 ], [ 134.892216835, 34.69028536 ], [ 134.892508975, 34.690473892 ], [ 134.892488469999989, 34.690496694 ], [ 134.892477717, 34.690518387 ], [ 134.892473450000011, 34.690531387 ], [ 134.892445084, 34.690567225 ], [ 134.892368755, 34.690642829 ], [ 134.892212633000014, 34.690783468 ], [ 134.892169222, 34.690833162 ], [ 134.892087134, 34.690930613 ], [ 134.892047471000012, 34.690971279 ], [ 134.891959416, 34.691057613 ], [ 134.891921167, 34.691099333 ], [ 134.891866056999987, 34.691164667 ], [ 134.891831699, 34.691201613 ], [ 134.891751336, 34.691276 ], [ 134.89166666700001, 34.691363694 ], [ 134.891600558, 34.691432198 ], [ 134.891528054, 34.691510775 ], [ 134.891475331, 34.691557 ], [ 134.891412672, 34.691601919 ], [ 134.891323969000013, 34.691666667 ], [ 134.891296004999987, 34.691687081 ], [ 134.891213528, 34.691738586 ], [ 134.891141997, 34.691666667 ], [ 134.891141414, 34.691666081 ], [ 134.891140635999989, 34.691666667 ], [ 134.891095162, 34.691701162 ], [ 134.891177445000011, 34.691781027 ], [ 134.891203256000011, 34.691802279 ], [ 134.891200636, 34.691819973 ], [ 134.891185668, 34.691848414 ], [ 134.891169001, 34.691869135 ], [ 134.891078223, 34.691955667 ], [ 134.890964475, 34.692053081 ], [ 134.890908521, 34.692091919 ], [ 134.890866031, 34.692116559 ], [ 134.890803217000013, 34.692140721 ], [ 134.89075345, 34.69215836 ], [ 134.890656912999987, 34.692199279 ], [ 134.890589584999987, 34.692235748 ], [ 134.890522114, 34.692265252 ], [ 134.89046083, 34.692287892 ], [ 134.890289196, 34.692346721 ], [ 134.890247198, 34.692366225 ], [ 134.890091141, 34.692465468 ], [ 134.889977327999986, 34.692534225 ], [ 134.889925383, 34.692553495 ], [ 134.889835811000012, 34.692572468 ], [ 134.889700999000013, 34.692606441 ], [ 134.889654864, 34.692626586 ], [ 134.889599585000013, 34.692664775 ], [ 134.889562581, 34.692699198 ], [ 134.889545668000011, 34.692717946 ], [ 134.88951061, 34.692747586 ], [ 134.88945214, 34.692781559 ], [ 134.889398781000011, 34.692816532 ], [ 134.889362309, 34.692831387 ], [ 134.889334721000012, 34.692837198 ], [ 134.889297172999989, 34.692835 ], [ 134.889244695, 34.692823532 ], [ 134.889189105000014, 34.692817829 ], [ 134.889146004999986, 34.692816946 ], [ 134.889087756, 34.692821081 ], [ 134.88896358, 34.692844279 ], [ 134.8888507, 34.692871829 ], [ 134.888653995, 34.692676027 ], [ 134.888681751, 34.692628225 ], [ 134.888083891, 34.692036 ], [ 134.887711051, 34.691666667 ], [ 134.886748145000013, 34.690712829 ], [ 134.886724449000013, 34.69069536 ], [ 134.886710584000014, 34.690696252 ], [ 134.886700999, 34.690700694 ], [ 134.886670584, 34.690720667 ], [ 134.886624968, 34.690675081 ], [ 134.88658489, 34.690702586 ], [ 134.887553217, 34.691666667 ], [ 134.887972802, 34.692084414 ], [ 134.887729416000013, 34.692247414 ], [ 134.88770897500001, 34.692228865 ], [ 134.887478885, 34.692390559 ], [ 134.887526744000013, 34.692429108 ], [ 134.88773022, 34.692286721 ], [ 134.88773572, 34.692292468 ], [ 134.887809585000014, 34.692368946 ], [ 134.887766031000012, 34.692401495 ], [ 134.887755694, 34.692393441 ], [ 134.887718170999989, 34.692426414 ], [ 134.887743502, 34.692446054 ], [ 134.88778094700001, 34.692413162 ], [ 134.887774033999989, 34.692407775 ], [ 134.887815058, 34.692375135 ], [ 134.888637588, 34.693192306 ], [ 134.888486328999988, 34.693294694 ], [ 134.888283774, 34.693394225 ], [ 134.888174967999987, 34.693446667 ], [ 134.888075357, 34.69350264 ], [ 134.88796808, 34.693567865 ], [ 134.887687977000013, 34.693759 ], [ 134.887124747, 34.694166414 ], [ 134.887045965999988, 34.694217802 ], [ 134.88699978, 34.694247586 ], [ 134.886948444000012, 34.694275865 ], [ 134.88688817100001, 34.694303081 ], [ 134.886836355000014, 34.694324667 ], [ 134.886771971, 34.694344 ], [ 134.886708444, 34.694360414 ], [ 134.88663345, 34.694373468 ], [ 134.886615498999987, 34.69435164 ], [ 134.886550246000013, 34.694355279 ], [ 134.886467276, 34.694349694 ], [ 134.886343307, 34.694320973 ], [ 134.886206445999989, 34.694254973 ], [ 134.886131479, 34.694210135 ], [ 134.886111608, 34.694044721 ], [ 134.886609559, 34.693704586 ], [ 134.886895058, 34.693681108 ], [ 134.887355473000014, 34.693343829 ], [ 134.88737978, 34.693360279 ], [ 134.887389856999988, 34.69335164 ], [ 134.887375837, 34.693338414 ], [ 134.887396109, 34.693315252 ], [ 134.887441478999989, 34.693359468 ], [ 134.887583670999987, 34.693255892 ], [ 134.887556615, 34.693224919 ], [ 134.887533087, 34.693233946 ], [ 134.887449611, 34.693124414 ], [ 134.887421751, 34.693133387 ], [ 134.887204086, 34.692820559 ], [ 134.887167639000012, 34.692836775 ], [ 134.886916329, 34.692583495 ], [ 134.886926719, 34.692554892 ], [ 134.886925188, 34.692539198 ], [ 134.88682061, 34.692434559 ], [ 134.886640895, 34.692262748 ], [ 134.886646692999989, 34.692248198 ], [ 134.886643645, 34.692232441 ], [ 134.886530246, 34.692102495 ], [ 134.886494916, 34.692072387 ], [ 134.886437613, 34.692055694 ], [ 134.886232672, 34.692030108 ], [ 134.885992671999986, 34.691998667 ], [ 134.885701284, 34.691952748 ], [ 134.885607613, 34.691933865 ], [ 134.885550415000012, 34.691932973 ], [ 134.885521219, 34.691941559 ], [ 134.885502387, 34.691963468 ], [ 134.885494967999989, 34.691996946 ], [ 134.885501115000011, 34.692034414 ], [ 134.885504669, 34.69206 ], [ 134.88557214, 34.692081414 ], [ 134.885595446999986, 34.692057162 ], [ 134.885712361, 34.692077279 ], [ 134.88589124500001, 34.69211036 ], [ 134.886065525, 34.692137333 ], [ 134.886249883, 34.692158225 ], [ 134.886358392, 34.692173532 ], [ 134.886384773, 34.692186748 ], [ 134.886474279999987, 34.692252775 ], [ 134.886692049, 34.692453532 ], [ 134.887102244, 34.692869162 ], [ 134.887130389, 34.692848748 ], [ 134.887174332, 34.692890279 ], [ 134.886976030999989, 34.69302336 ], [ 134.886821167, 34.693140252 ], [ 134.88670869, 34.693036829 ], [ 134.886101803, 34.693439667 ], [ 134.886036783, 34.693378387 ], [ 134.886053722000014, 34.693365495 ], [ 134.885777690999987, 34.693088279 ], [ 134.885333917, 34.693403306 ], [ 134.884880078, 34.692975162 ], [ 134.88481345, 34.693028135 ], [ 134.884660661, 34.693149495 ], [ 134.885558612000011, 34.694004667 ], [ 134.884727198, 34.694706829 ], [ 134.88469428, 34.694681829 ], [ 134.884703943, 34.694672865 ], [ 134.884645551, 34.694622441 ], [ 134.884617717, 34.694639532 ], [ 134.884667691, 34.694687 ], [ 134.884681414, 34.694682694 ], [ 134.88471610900001, 34.69471436 ], [ 134.884340466999987, 34.695034748 ], [ 134.884156303999987, 34.69489936 ], [ 134.884166226, 34.694880108 ], [ 134.883788470000013, 34.694566919 ], [ 134.883714643, 34.694626748 ], [ 134.884083476, 34.694943333 ], [ 134.884105383, 34.694922135 ], [ 134.884299688999988, 34.695075414 ], [ 134.884170311, 34.695183441 ], [ 134.884193061, 34.695203802 ], [ 134.884177082, 34.695231387 ], [ 134.884085577, 34.695309586 ], [ 134.884001725, 34.695383586 ], [ 134.883916667, 34.695390423 ], [ 134.883812672, 34.695302252 ], [ 134.883798223000014, 34.695314306 ], [ 134.883845188, 34.695352333 ], [ 134.883901582, 34.695397973 ], [ 134.883333333, 34.695790946 ], [ 134.882410558, 34.696429054 ], [ 134.882385668000012, 34.69639664 ], [ 134.88223518800001, 34.696503135 ], [ 134.882149610999988, 34.696433946 ], [ 134.880674500999987, 34.697489279 ], [ 134.880795447, 34.697608559 ], [ 134.880739364, 34.697624667 ], [ 134.880696252, 34.697644252 ], [ 134.880651855, 34.69766564 ], [ 134.880622749999986, 34.697688027 ], [ 134.880601504999987, 34.697710387 ], [ 134.880547328, 34.697653946 ], [ 134.880534086000011, 34.697663198 ], [ 134.880590661000014, 34.697721802 ], [ 134.880570947, 34.697742532 ], [ 134.880542166, 34.697765198 ], [ 134.880514994, 34.697782721 ], [ 134.880491725000013, 34.69779436 ], [ 134.880445642000012, 34.697808108 ], [ 134.880351894, 34.697696829 ], [ 134.880340246, 34.697702721 ], [ 134.880429830999987, 34.697814225 ], [ 134.880431634, 34.697816387 ], [ 134.880410636, 34.697828775 ], [ 134.880318275, 34.697714 ], [ 134.880305772000014, 34.697719919 ], [ 134.880398327, 34.697836081 ], [ 134.880372283000014, 34.697873054 ], [ 134.880319974, 34.697921162 ], [ 134.880264034, 34.697960559 ], [ 134.880172827, 34.698002414 ], [ 134.880141608, 34.697969946 ], [ 134.880128366, 34.697979081 ], [ 134.88020516200001, 34.698058721 ], [ 134.880168392, 34.698091333 ], [ 134.880098521, 34.698139532 ], [ 134.880023217, 34.698176081 ], [ 134.87992533100001, 34.698210252 ], [ 134.879814942, 34.698072802 ], [ 134.879675383, 34.69814936 ], [ 134.879621971, 34.698093694 ], [ 134.879608716, 34.698102865 ], [ 134.879661141000014, 34.698157162 ], [ 134.879106693000011, 34.698461306 ], [ 134.878403113, 34.698847225 ], [ 134.878187471, 34.698972775 ], [ 134.878297134, 34.699118694 ], [ 134.878120558, 34.699220973 ], [ 134.877996589, 34.69927636 ], [ 134.877956589, 34.699301054 ], [ 134.877909196, 34.699316946 ], [ 134.877868755, 34.699324081 ], [ 134.877842555, 34.699289306 ], [ 134.877823917, 34.699295414 ], [ 134.877865109999988, 34.699351946 ], [ 134.877860752, 34.699367468 ], [ 134.877846861, 34.699382495 ], [ 134.8778107, 34.699408721 ], [ 134.87771978, 34.699459973 ], [ 134.877667108, 34.69948536 ], [ 134.877627134, 34.699500586 ], [ 134.877596743999987, 34.699510441 ], [ 134.877591970999987, 34.699512829 ], [ 134.877288418, 34.699080279 ], [ 134.877189195999989, 34.699131919 ], [ 134.877485694, 34.699552865 ], [ 134.877392386999986, 34.699606829 ], [ 134.877377782, 34.699625306 ], [ 134.877025382999989, 34.699818162 ], [ 134.87699425400001, 34.69983136 ], [ 134.87696275, 34.699837559 ], [ 134.876930636, 34.699801279 ], [ 134.876915746, 34.699811892 ], [ 134.876946304, 34.699845198 ], [ 134.87690022000001, 34.699893081 ], [ 134.876852866, 34.699927108 ], [ 134.876802723999987, 34.69995536 ], [ 134.876750363000014, 34.699974721 ], [ 134.87668725, 34.699989162 ], [ 134.876671894, 34.699993198 ], [ 134.876658716, 34.699999108 ], [ 134.876657392999988, 34.7 ], [ 134.876643917, 34.700008919 ], [ 134.876604254, 34.700034694 ], [ 134.876554773, 34.700045802 ], [ 134.876515227, 34.7 ], [ 134.8764362, 34.699908495 ], [ 134.876473307, 34.699889775 ], [ 134.876403359, 34.699793532 ], [ 134.876243748, 34.699573829 ], [ 134.876155084, 34.699616135 ], [ 134.876143748, 34.699621495 ], [ 134.87639900100001, 34.699962225 ], [ 134.8763138, 34.7 ], [ 134.875002996, 34.700581198 ], [ 134.875, 34.700578027 ], [ 134.874793748, 34.700360252 ], [ 134.874714034, 34.700407946 ], [ 134.874586615, 34.7 ], [ 134.874560078, 34.699915054 ], [ 134.874531946, 34.699919946 ], [ 134.874513580000013, 34.699930306 ], [ 134.874534553, 34.7 ], [ 134.874664306, 34.700431135 ], [ 134.87467066100001, 34.700437892 ], [ 134.874495642, 34.700560441 ], [ 134.874464669, 34.700531919 ], [ 134.874263917, 34.700632441 ], [ 134.874241167, 34.700606387 ], [ 134.874170441, 34.700641495 ], [ 134.874144643, 34.700654333 ], [ 134.873943476, 34.700754387 ], [ 134.873850661, 34.700800586 ], [ 134.873870610000012, 34.70082645 ], [ 134.873841750999986, 34.700843198 ], [ 134.87353939, 34.700994081 ], [ 134.873509468, 34.701009 ], [ 134.873212892, 34.701157081 ], [ 134.873182827, 34.701172 ], [ 134.872947276, 34.701289613 ], [ 134.872918223, 34.701304054 ], [ 134.872889494, 34.701318441 ], [ 134.872859468, 34.701333441 ], [ 134.87282727600001, 34.701349441 ], [ 134.872789754, 34.701304198 ], [ 134.872757951000011, 34.701281892 ], [ 134.872723191, 34.701272387 ], [ 134.872680921000011, 34.701269865 ], [ 134.872647302, 34.701281162 ], [ 134.872422633000014, 34.701352694 ], [ 134.872374501, 34.701384081 ], [ 134.872352633, 34.701414027 ], [ 134.87233486400001, 34.701451333 ], [ 134.87233131, 34.701491198 ], [ 134.872277328, 34.701517135 ], [ 134.872647367000013, 34.702118775 ], [ 134.872583139, 34.702132414 ], [ 134.87251939, 34.702163532 ], [ 134.872477108, 34.702192198 ], [ 134.872457223999987, 34.702208252 ], [ 134.872436031, 34.702220135 ], [ 134.872410143, 34.702217108 ], [ 134.872255331, 34.702348333 ], [ 134.871820441000011, 34.702010748 ], [ 134.871785331000012, 34.701986198 ], [ 134.870542049, 34.702845378 ], [ 134.870755837, 34.703050559 ], [ 134.870876109, 34.703165829 ], [ 134.870979442, 34.703332225 ], [ 134.871117223999988, 34.703795 ], [ 134.871151115, 34.703845829 ], [ 134.871239728, 34.703977775 ], [ 134.871559442, 34.704261946 ], [ 134.87173639400001, 34.704442495 ], [ 134.871908327, 34.704702495 ], [ 134.872144721000012, 34.705067495 ], [ 134.872192776, 34.705172225 ], [ 134.872244449, 34.705284441 ], [ 134.872341388, 34.705396108 ], [ 134.872524163, 34.705521946 ], [ 134.872623061000013, 34.705572225 ], [ 134.872729728, 34.705540829 ], [ 134.872763061, 34.705526387 ], [ 134.872874163, 34.705477775 ], [ 134.873011115, 34.705503054 ], [ 134.873399442, 34.705716667 ], [ 134.87355166, 34.705848613 ], [ 134.873779727999988, 34.705930279 ], [ 134.874068885000014, 34.706024721 ], [ 134.874312503, 34.706175559 ], [ 134.874468326999988, 34.706383054 ], [ 134.874471115, 34.706397775 ], [ 134.874506394, 34.706577775 ], [ 134.874529169999988, 34.706822775 ], [ 134.87460166, 34.707057225 ], [ 134.874620558, 34.707118333 ], [ 134.874696667, 34.707281667 ], [ 134.874894721, 34.707501667 ], [ 134.875, 34.70766164 ], [ 134.875442048999986, 34.708333333 ], [ 134.875564449, 34.708519441 ], [ 134.875640557999986, 34.708563613 ], [ 134.875724163, 34.708563613 ], [ 134.875914449, 34.708431387 ], [ 134.876089364, 34.708333333 ], [ 134.876127497, 34.708311946 ], [ 134.876214721, 34.708318333 ], [ 134.876248780999987, 34.708333333 ], [ 134.876328885, 34.708368613 ], [ 134.876968326999986, 34.708764721 ], [ 134.877166109, 34.708953054 ], [ 134.877432503, 34.709122775 ], [ 134.877546667, 34.709191946 ], [ 134.877571945999989, 34.709188333 ], [ 134.877683606, 34.709173054 ], [ 134.877851115, 34.70906 ], [ 134.87801083, 34.708978333 ], [ 134.878185837, 34.708984441 ], [ 134.878292503000011, 34.709129162 ], [ 134.878429442, 34.709286108 ], [ 134.878566393999989, 34.709462225 ], [ 134.878650271999987, 34.709531387 ], [ 134.878771946, 34.7095 ], [ 134.878886109, 34.709386667 ], [ 134.879000272000013, 34.709380559 ], [ 134.879098885, 34.709449721 ], [ 134.87920166, 34.709581667 ], [ 134.879353891, 34.709745 ], [ 134.879589728000013, 34.709914721 ], [ 134.879797782, 34.709982775 ], [ 134.879916939, 34.710021667 ], [ 134.880206394, 34.710059162 ], [ 134.880426938999989, 34.710109441 ], [ 134.880468611999987, 34.710140559 ], [ 134.88057917, 34.710222775 ], [ 134.880708612, 34.710448892 ], [ 134.880838054, 34.710675279 ], [ 134.880877782, 34.710785 ], [ 134.880892218000014, 34.710824721 ], [ 134.880914448999988, 34.710886387 ], [ 134.88092917, 34.710926667 ], [ 134.881104449, 34.711152775 ], [ 134.881137782, 34.711177495 ], [ 134.881264163, 34.711270829 ], [ 134.88143166, 34.711358613 ], [ 134.881621946, 34.711440279 ], [ 134.881712776, 34.711597495 ], [ 134.881720558000012, 34.711786108 ], [ 134.881724721000012, 34.711808054 ], [ 134.881773891, 34.712075279 ], [ 134.881857497, 34.712326667 ], [ 134.882002218, 34.712515 ], [ 134.882218884999986, 34.712779162 ], [ 134.882432218, 34.713055559 ], [ 134.882538612, 34.713300559 ], [ 134.882660558, 34.713583613 ], [ 134.882744163000012, 34.713728054 ], [ 134.883333333, 34.714397892 ], [ 134.883373060999986, 34.714443054 ], [ 134.883476394000013, 34.714560829 ], [ 134.883722218, 34.714840279 ], [ 134.88446, 34.715613333 ], [ 134.884642776, 34.715845829 ], [ 134.884696109, 34.716071946 ], [ 134.884711114999988, 34.716361108 ], [ 134.88474917, 34.716574721 ], [ 134.884770078, 34.716666667 ], [ 134.884829169999989, 34.716926387 ], [ 134.884859728, 34.717140279 ], [ 134.884935837, 34.717391667 ], [ 134.884943333, 34.717730829 ], [ 134.884980272, 34.718052495 ], [ 134.884988885000013, 34.718126946 ], [ 134.885072775999987, 34.718541667 ], [ 134.885232503, 34.718830829 ], [ 134.885315551, 34.718895 ], [ 134.885411388, 34.718969162 ], [ 134.88560166, 34.719000559 ], [ 134.885905837, 34.719013054 ], [ 134.886225551, 34.719006667 ], [ 134.88652221800001, 34.718975279 ], [ 134.886712503000012, 34.718969162 ], [ 134.887328884999988, 34.718849721 ], [ 134.887481115000014, 34.718849721 ], [ 134.887542218, 34.7189 ], [ 134.88759527900001, 34.719038054 ], [ 134.887717224, 34.719157495 ], [ 134.887899728, 34.719226667 ], [ 134.888288053999986, 34.719365 ], [ 134.888451659999987, 34.719396387 ], [ 134.889151387999988, 34.719459162 ], [ 134.888938327, 34.719861108 ], [ 134.888808885, 34.720238333 ], [ 134.888846939, 34.720301108 ], [ 134.88902499400001, 34.720313054 ], [ 134.889227497, 34.720326387 ], [ 134.889451946, 34.720309162 ], [ 134.88959166, 34.720298613 ], [ 134.889722218, 34.720288613 ], [ 134.889981115000012, 34.720282225 ], [ 134.890160558, 34.720255829 ], [ 134.890407224, 34.720219441 ], [ 134.89071166, 34.720162775 ], [ 134.891305279, 34.720011946 ], [ 134.891632503000011, 34.719942775 ], [ 134.891537497, 34.720118892 ], [ 134.891286394, 34.720615279 ], [ 134.89112972800001, 34.720824162 ], [ 134.891050272, 34.720929721 ], [ 134.890715551, 34.721225 ], [ 134.890821945999988, 34.721463892 ], [ 134.890827224, 34.721887495 ], [ 134.890828885, 34.722016667 ], [ 134.890829728, 34.722072225 ], [ 134.890833891, 34.722110279 ], [ 134.890852503, 34.722285829 ], [ 134.890908054, 34.722538892 ], [ 134.890913332999986, 34.722562225 ], [ 134.890996939, 34.722668892 ], [ 134.891440272000011, 34.723000559 ], [ 134.891476109, 34.723027225 ], [ 134.891651388000014, 34.723209441 ], [ 134.89166666700001, 34.723226 ], [ 134.891704721, 34.723267225 ], [ 134.89184917, 34.723423054 ], [ 134.891863605999987, 34.723431946 ], [ 134.892123061, 34.723592775 ], [ 134.892362776, 34.723724721 ], [ 134.892614163, 34.72397 ], [ 134.892728054, 34.724183613 ], [ 134.892888054, 34.724340829 ], [ 134.893238054, 34.724523054 ], [ 134.893611115, 34.724573333 ], [ 134.893706394, 34.724552225 ], [ 134.893797497, 34.724531946 ], [ 134.89392306100001, 34.724504162 ], [ 134.894194449, 34.724412775 ], [ 134.894398054, 34.724343892 ], [ 134.89446306100001, 34.724321946 ], [ 134.894588612, 34.724337225 ], [ 134.894820829999986, 34.724365829 ], [ 134.895495278999988, 34.724724162 ], [ 134.895663332999987, 34.724799162 ], [ 134.895753891, 34.724839721 ], [ 134.895963333, 34.724933054 ], [ 134.896004162999986, 34.724951387 ], [ 134.896058327, 34.724975559 ], [ 134.896099170000014, 34.724988892 ], [ 134.89613345, 34.725 ], [ 134.896678611999988, 34.725176667 ], [ 134.896998612, 34.725275829 ], [ 134.897032218, 34.725286108 ], [ 134.897104721, 34.725308613 ], [ 134.897250558, 34.725339721 ], [ 134.897362776, 34.725363613 ], [ 134.897545837, 34.725402775 ], [ 134.897911946, 34.725439721 ], [ 134.898291660000012, 34.725478333 ], [ 134.899098611999989, 34.725547495 ], [ 134.899981387999986, 34.725591387 ], [ 134.9, 34.72559164 ], [ 134.900349728, 34.725596387 ], [ 134.900534163, 34.725599162 ], [ 134.90109, 34.725606667 ], [ 134.90193083, 34.725618333 ], [ 134.90204472100001, 34.72562 ], [ 134.902162776000011, 34.725621667 ], [ 134.902469169999989, 34.725625829 ], [ 134.903833606, 34.725637775 ], [ 134.904250272000013, 34.725625829 ], [ 134.904652776, 34.725519162 ], [ 134.905011946, 34.725400559 ], [ 134.905414162999989, 34.725341108 ], [ 134.905658327, 34.725341108 ], [ 134.906017497, 34.725222495 ], [ 134.90649166, 34.725020829 ], [ 134.906533217, 34.725 ], [ 134.90689389100001, 34.724819162 ], [ 134.907027497, 34.724703054 ], [ 134.907166939, 34.724581667 ], [ 134.907330272, 34.724385279 ], [ 134.907482776, 34.724202225 ], [ 134.90749917, 34.724137495 ], [ 134.907554449, 34.723917495 ], [ 134.907525837, 34.723834441 ], [ 134.907344994, 34.723815279 ], [ 134.907275836999986, 34.723733613 ], [ 134.907354721, 34.723619162 ], [ 134.90773083, 34.723333333 ], [ 134.907909170000011, 34.723120829 ], [ 134.908008054, 34.722883613 ], [ 134.907988327, 34.722720279 ], [ 134.907918884999987, 34.722565 ], [ 134.907978327, 34.722368892 ], [ 134.908116939, 34.722188892 ], [ 134.908124721, 34.722184721 ], [ 134.908333333, 34.722071441 ], [ 134.908463332999986, 34.722000829 ], [ 134.90881, 34.721878333 ], [ 134.909205837, 34.721747495 ], [ 134.909413605999987, 34.721698333 ], [ 134.909581946, 34.721690279 ], [ 134.909730558, 34.721739441 ], [ 134.909938327, 34.721829162 ], [ 134.910185837, 34.721788333 ], [ 134.910502503, 34.721682225 ], [ 134.910759727999988, 34.721575829 ], [ 134.911046667, 34.721535 ], [ 134.911185279, 34.721453333 ], [ 134.911323891, 34.721273333 ], [ 134.911327782, 34.721270559 ], [ 134.911462503, 34.721167225 ], [ 134.91171, 34.72111 ], [ 134.911962503000012, 34.721101667 ], [ 134.912209728, 34.721175279 ], [ 134.912453333, 34.721305279 ], [ 134.912516667, 34.721338892 ], [ 134.912868612000011, 34.721652775 ], [ 134.912883061, 34.721665829 ], [ 134.913229441999988, 34.721886387 ], [ 134.913585551000011, 34.722082775 ], [ 134.913971659999987, 34.722246108 ], [ 134.914525837000014, 34.722565 ], [ 134.914883333, 34.722792495 ], [ 134.915086939, 34.722922225 ], [ 134.91516083, 34.723012495 ], [ 134.915318885, 34.723206387 ], [ 134.91541, 34.723317495 ], [ 134.915784449, 34.723776108 ], [ 134.916068054, 34.724123333 ], [ 134.916586939000013, 34.724570279 ], [ 134.916666666999987, 34.724646748 ], [ 134.917034941999987, 34.725 ], [ 134.917635550999989, 34.725576108 ], [ 134.918109442, 34.725976667 ], [ 134.918289728, 34.726097775 ], [ 134.918695551000013, 34.726256108 ], [ 134.919507497000012, 34.726572495 ], [ 134.920173061000014, 34.726795829 ], [ 134.920759442, 34.726954162 ], [ 134.920771388, 34.726955559 ], [ 134.921199441999988, 34.727000829 ], [ 134.922033606000014, 34.727187225 ], [ 134.92253555100001, 34.727373333 ], [ 134.922975279000013, 34.727587495 ], [ 134.923189728000011, 34.727773892 ], [ 134.923243332999988, 34.727785 ], [ 134.923550557999988, 34.727848333 ], [ 134.924193061000011, 34.727811108 ], [ 134.924633061, 34.727718054 ], [ 134.925, 34.727619252 ], [ 134.925151946, 34.727578333 ], [ 134.925501387999986, 34.727401387 ], [ 134.925794720999988, 34.727243054 ], [ 134.926087782, 34.727177775 ], [ 134.926135837, 34.727174441 ], [ 134.926775837, 34.727131108 ], [ 134.927421114999987, 34.727222495 ], [ 134.927435279, 34.727224441 ], [ 134.928168327, 34.727447775 ], [ 134.92899166, 34.727829721 ], [ 134.929476666999989, 34.728016108 ], [ 134.929983891, 34.728155829 ], [ 134.930266394, 34.728224441 ], [ 134.930671946, 34.728323333 ], [ 134.931081946, 34.728459721 ], [ 134.931540272, 34.728612225 ], [ 134.931904449, 34.728728613 ], [ 134.932267782, 34.728845 ], [ 134.933333333, 34.729187387 ], [ 134.933338885000012, 34.729189162 ], [ 134.933333333, 34.729205279 ], [ 134.933293891, 34.729319721 ], [ 134.933333333, 34.729332027 ], [ 134.935064449, 34.729869162 ], [ 134.935087224, 34.729925 ], [ 134.93495166, 34.730241667 ], [ 134.934872776, 34.730437225 ], [ 134.93492917, 34.730493054 ], [ 134.935831115000013, 34.730772495 ], [ 134.93599917, 34.730803613 ], [ 134.936383891, 34.730875 ], [ 134.936987224, 34.730986667 ], [ 134.938757497000012, 34.731303333 ], [ 134.938785837000012, 34.731308892 ], [ 134.939141115000012, 34.731378054 ], [ 134.93941166, 34.731471108 ], [ 134.939851659999988, 34.731629162 ], [ 134.940252218000012, 34.731764721 ], [ 134.940291388, 34.731778054 ], [ 134.940446667, 34.731801946 ], [ 134.940652503, 34.731833892 ], [ 134.941193606000013, 34.731973613 ], [ 134.941666667, 34.732061279 ], [ 134.942451115000011, 34.732206667 ], [ 134.943364449, 34.732308892 ], [ 134.944063891000013, 34.732411387 ], [ 134.944661387999986, 34.732411387 ], [ 134.945698885000013, 34.732355559 ], [ 134.948437782000013, 34.732581108 ], [ 134.948523891, 34.732588333 ], [ 134.94872917, 34.732651108 ], [ 134.948828327, 34.732681667 ], [ 134.949223061, 34.732905 ], [ 134.949760752, 34.733333333 ], [ 134.95, 34.733524027 ], [ 134.950508612, 34.733929441 ], [ 134.950732218000013, 34.734093613 ], [ 134.951281115, 34.734497495 ], [ 134.951692218, 34.734870279 ], [ 134.952893891, 34.735959721 ], [ 134.954066394, 34.737030279 ], [ 134.954553890999989, 34.737638054 ], [ 134.954895551, 34.738064162 ], [ 134.955049441999989, 34.738293054 ], [ 134.955961115, 34.739646667 ], [ 134.956237496999989, 34.740056946 ], [ 134.956303061, 34.740136667 ], [ 134.957212776, 34.741239721 ], [ 134.957268327, 34.741311108 ], [ 134.957545810999989, 34.741666667 ], [ 134.957968327, 34.742208054 ], [ 134.958250558, 34.742701667 ], [ 134.958333333000013, 34.742801333 ], [ 134.958645279, 34.743176667 ], [ 134.959309170000012, 34.744126387 ], [ 134.959530272, 34.744443054 ], [ 134.959896109, 34.744852225 ], [ 134.959913605999986, 34.744871667 ], [ 134.960613061, 34.745588613 ], [ 134.961244449, 34.746221946 ], [ 134.962040272, 34.747034721 ], [ 134.962128054, 34.747124162 ], [ 134.962243061, 34.747241667 ], [ 134.962366108999987, 34.747367495 ], [ 134.96244, 34.747443054 ], [ 134.963076939, 34.748093613 ], [ 134.964272502999989, 34.749323054 ], [ 134.964411946000013, 34.749463613 ], [ 134.96494447500001, 34.75 ], [ 134.966093605999987, 34.751157495 ], [ 134.966157224, 34.751243333 ], [ 134.966196394, 34.751296387 ], [ 134.966369442, 34.751316946 ], [ 134.966511946, 34.751333613 ], [ 134.966506939, 34.751494721 ], [ 134.966504449000013, 34.751581667 ], [ 134.966489442000011, 34.752069441 ], [ 134.966475279, 34.75216 ], [ 134.966460272, 34.752254162 ], [ 134.96645166, 34.752309162 ], [ 134.966430272, 34.752445 ], [ 134.966421946, 34.752497495 ], [ 134.966361946, 34.752581667 ], [ 134.966312503000012, 34.752650829 ], [ 134.966083333, 34.752972495 ], [ 134.965864721, 34.753112775 ], [ 134.965863332999987, 34.753146667 ], [ 134.965855837, 34.753185279 ], [ 134.965817496999989, 34.753239441 ], [ 134.965724163, 34.753380559 ], [ 134.965674721, 34.753455559 ], [ 134.96560917, 34.753554721 ], [ 134.965483333, 34.753746108 ], [ 134.965404721, 34.753865 ], [ 134.965365551, 34.753924441 ], [ 134.965271115, 34.754045279 ], [ 134.964978054, 34.754420829 ], [ 134.964915837, 34.754486667 ], [ 134.964866939, 34.754538613 ], [ 134.964775551, 34.754635559 ], [ 134.964625278999989, 34.754769162 ], [ 134.964485551, 34.75489 ], [ 134.964393890999986, 34.754969441 ], [ 134.964307224, 34.755098333 ], [ 134.964272502999989, 34.755193613 ], [ 134.96429, 34.755303333 ], [ 134.964347782, 34.755470559 ], [ 134.964434163, 34.755699441 ], [ 134.964503606, 34.755888054 ], [ 134.964538327000014, 34.756040829 ], [ 134.964521115, 34.756183892 ], [ 134.964497782, 34.756284162 ], [ 134.964312776000014, 34.756632495 ], [ 134.964075837, 34.757150279 ], [ 134.963844449, 34.757741946 ], [ 134.963813943, 34.757813441 ], [ 134.963592192, 34.758333333 ], [ 134.963514721, 34.758515 ], [ 134.963335279, 34.758992225 ], [ 134.963219728000013, 34.759378892 ], [ 134.962960272, 34.760288054 ], [ 134.962815551, 34.760660559 ], [ 134.962618885000012, 34.761280829 ], [ 134.962381946, 34.761261667 ], [ 134.962232776, 34.761217225 ], [ 134.962173606, 34.761199721 ], [ 134.961959442, 34.761171108 ], [ 134.961797497, 34.761199721 ], [ 134.96158917, 34.761256946 ], [ 134.961544449, 34.761308892 ], [ 134.961519728000013, 34.761338054 ], [ 134.961433061, 34.761552775 ], [ 134.961418611999989, 34.761575829 ], [ 134.961334720999986, 34.761710279 ], [ 134.961248054, 34.761922775 ], [ 134.961126394, 34.762266387 ], [ 134.960993333, 34.762581387 ], [ 134.960987497, 34.762681387 ], [ 134.96101083, 34.762815279 ], [ 134.961085837000013, 34.762891108 ], [ 134.961195837, 34.762953333 ], [ 134.961331660000013, 34.763001946 ], [ 134.961371388, 34.763016108 ], [ 134.96139555100001, 34.762990279 ], [ 134.961438885, 34.762943613 ], [ 134.961554449, 34.762881946 ], [ 134.961878612, 34.762748333 ], [ 134.962167782, 34.76261 ], [ 134.962372776, 34.762541667 ], [ 134.96241083000001, 34.762528892 ], [ 134.962781115000013, 34.762452495 ], [ 134.963156938999987, 34.762390279 ], [ 134.96340583700001, 34.762376108 ], [ 134.963618612, 34.762356387 ], [ 134.963761659999989, 34.762330559 ], [ 134.963855837000011, 34.762313333 ], [ 134.964029442, 34.762308613 ], [ 134.964226109, 34.762337225 ], [ 134.964509442, 34.762404162 ], [ 134.964775551, 34.762494721 ], [ 134.964983891, 34.762595 ], [ 134.965221115, 34.762742775 ], [ 134.965400558, 34.762876387 ], [ 134.965637781999988, 34.763086108 ], [ 134.96582277600001, 34.763229441 ], [ 134.966007782, 34.763334441 ], [ 134.96625083, 34.763406108 ], [ 134.966418612000012, 34.763434721 ], [ 134.966603606, 34.763425 ], [ 134.966666667, 34.76341364 ], [ 134.966788611999988, 34.763391667 ], [ 134.966962218, 34.763334441 ], [ 134.96721083, 34.763229441 ], [ 134.967407497000011, 34.76311 ], [ 134.96752917, 34.762990829 ], [ 134.967699728000014, 34.762819162 ], [ 134.967867496999986, 34.762647495 ], [ 134.967988885000011, 34.762451667 ], [ 134.968087223999987, 34.762299162 ], [ 134.968197224, 34.762213054 ], [ 134.96837083, 34.762146387 ], [ 134.968526938999986, 34.762122495 ], [ 134.968665837, 34.762131946 ], [ 134.968793061000014, 34.762189162 ], [ 134.968937782000012, 34.762270559 ], [ 134.969030272, 34.762370559 ], [ 134.969163333000012, 34.762642775 ], [ 134.969331114999989, 34.762981108 ], [ 134.969441115, 34.763138613 ], [ 134.969770558, 34.763553892 ], [ 134.969880558, 34.763678054 ], [ 134.969973061, 34.763692225 ], [ 134.970029727999986, 34.763692225 ], [ 134.970123333, 34.763692225 ], [ 134.970262217999988, 34.763649441 ], [ 134.970456109, 34.763611108 ], [ 134.970785837, 34.763525279 ], [ 134.970959442, 34.763468054 ], [ 134.971057782, 34.763391667 ], [ 134.971156109, 34.763262775 ], [ 134.971271660000014, 34.763119721 ], [ 134.971462503, 34.762981108 ], [ 134.971508885, 34.762919441 ], [ 134.971537782000013, 34.762766667 ], [ 134.971647782, 34.762523333 ], [ 134.971740272, 34.762394441 ], [ 134.971827224, 34.762346667 ], [ 134.971919727999989, 34.762332495 ], [ 134.972081659999986, 34.762318054 ], [ 134.97219166, 34.762361108 ], [ 134.972307224, 34.762461387 ], [ 134.972388327, 34.762595 ], [ 134.972527224, 34.762819162 ], [ 134.972602218, 34.763315279 ], [ 134.972685837, 34.763522775 ], [ 134.97282194600001, 34.76374 ], [ 134.972853606, 34.763790279 ], [ 134.973084994, 34.763971387 ], [ 134.973270272, 34.764071667 ], [ 134.973513061, 34.763923892 ], [ 134.973623061000012, 34.763895279 ], [ 134.973704163, 34.763895279 ], [ 134.97377917, 34.763952495 ], [ 134.973941387999986, 34.76411 ], [ 134.974288327000011, 34.764520279 ], [ 134.97455444900001, 34.764897225 ], [ 134.974670272, 34.764992775 ], [ 134.974797497, 34.765045279 ], [ 134.975, 34.765062721 ], [ 134.975074994000011, 34.765069162 ], [ 134.975248612, 34.765112225 ], [ 134.975329728, 34.765169441 ], [ 134.97543944200001, 34.765303054 ], [ 134.97562166, 34.765548892 ], [ 134.975823891, 34.765682225 ], [ 134.976390830000014, 34.765925559 ], [ 134.976569442, 34.766064162 ], [ 134.976587497, 34.766078333 ], [ 134.97669166, 34.766188054 ], [ 134.976749727999987, 34.766312225 ], [ 134.976749727999987, 34.766421946 ], [ 134.976714994, 34.766574441 ], [ 134.976677665000011, 34.766666667 ], [ 134.976609442000012, 34.766835279 ], [ 134.976558612, 34.766961108 ], [ 134.976541387999987, 34.767185559 ], [ 134.976570272, 34.767395559 ], [ 134.976651388, 34.767490829 ], [ 134.976761114999988, 34.767524162 ], [ 134.976888327000012, 34.767519441 ], [ 134.977200829999987, 34.767448054 ], [ 134.977355550999988, 34.767421667 ], [ 134.977448054, 34.767426387 ], [ 134.977523333, 34.767498054 ], [ 134.977598612, 34.768099441 ], [ 134.977644721, 34.768385559 ], [ 134.977731659999989, 34.768881667 ], [ 134.977812503, 34.768953333 ], [ 134.977922503, 34.768972495 ], [ 134.978061387999986, 34.768967775 ], [ 134.978425550999987, 34.768848333 ], [ 134.978604994, 34.768824441 ], [ 134.97881888500001, 34.768838892 ], [ 134.979203606, 34.768925829 ], [ 134.979274449, 34.768947775 ], [ 134.979712776000014, 34.769083333 ], [ 134.979880558, 34.769150279 ], [ 134.979944163, 34.769245559 ], [ 134.98003083, 34.769379162 ], [ 134.980152503, 34.769450829 ], [ 134.980279728, 34.76947 ], [ 134.980406939, 34.769455559 ], [ 134.980470558, 34.769431667 ], [ 134.98055166, 34.769460279 ], [ 134.980609442, 34.769531946 ], [ 134.980667224, 34.769656108 ], [ 134.980696109, 34.769875559 ], [ 134.98073083, 34.769985279 ], [ 134.98080027200001, 34.770071387 ], [ 134.981077782, 34.770233613 ], [ 134.981317782, 34.770312225 ], [ 134.981595551, 34.770379162 ], [ 134.981688053999989, 34.770426946 ], [ 134.981803606, 34.770517495 ], [ 134.981948327, 34.770823054 ], [ 134.982040829999988, 34.770970559 ], [ 134.982254993999987, 34.771347495 ], [ 134.98229, 34.771420279 ], [ 134.982384163, 34.771615559 ], [ 134.982456109, 34.771765279 ], [ 134.982544994, 34.771949721 ], [ 134.982590558, 34.772044441 ], [ 134.982642503, 34.772168333 ], [ 134.982729442, 34.772211387 ], [ 134.982816109, 34.772235279 ], [ 134.982874721, 34.772236667 ], [ 134.983018612, 34.77224 ], [ 134.983082218, 34.772292495 ], [ 134.983186394, 34.772354441 ], [ 134.983333333, 34.772406694 ], [ 134.983602776, 34.772502495 ], [ 134.98373, 34.772507225 ], [ 134.984071115, 34.772459441 ], [ 134.984291115, 34.772411946 ], [ 134.984522503, 34.772316387 ], [ 134.984698885, 34.772203054 ], [ 134.984813061000011, 34.772132225 ], [ 134.985051660000011, 34.771983613 ], [ 134.985190558, 34.771916667 ], [ 134.985288884999989, 34.771907225 ], [ 134.985358327, 34.771935829 ], [ 134.985433605999987, 34.772074162 ], [ 134.985867496999987, 34.772666108 ], [ 134.985965837, 34.772828333 ], [ 134.986052503, 34.772885559 ], [ 134.986283891, 34.772980829 ], [ 134.986323333, 34.772993054 ], [ 134.98645166, 34.773033333 ], [ 134.98655917, 34.773046667 ], [ 134.986642503000013, 34.773057225 ], [ 134.986850557999986, 34.773047775 ], [ 134.987151388, 34.773028613 ], [ 134.98753917, 34.772985829 ], [ 134.98771832700001, 34.772990559 ], [ 134.98785722400001, 34.773014441 ], [ 134.987996109, 34.773090829 ], [ 134.988518054, 34.773464162 ], [ 134.988703332999989, 34.773573613 ], [ 134.988853606, 34.773597495 ], [ 134.98901, 34.773573613 ], [ 134.989235551, 34.773506946 ], [ 134.989374449, 34.773487775 ], [ 134.989542218, 34.773521108 ], [ 134.989686393999989, 34.773583054 ], [ 134.989877497, 34.773750279 ], [ 134.990143606, 34.773984162 ], [ 134.990270829999986, 34.774022225 ], [ 134.99046166, 34.773945829 ], [ 134.990739442, 34.773755 ], [ 134.99097083, 34.773645279 ], [ 134.99132666700001, 34.773516387 ], [ 134.991511659999986, 34.773473333 ], [ 134.991656393999989, 34.773468613 ], [ 134.991666667, 34.773470081 ], [ 134.991789442, 34.773487775 ], [ 134.991933891, 34.773549721 ], [ 134.992147497, 34.773694162 ], [ 134.992159728, 34.773702495 ], [ 134.992437224000014, 34.773836108 ], [ 134.992917224, 34.774041387 ], [ 134.993119728000011, 34.774084162 ], [ 134.993391659999986, 34.774098613 ], [ 134.993677782, 34.774090279 ], [ 134.993938327, 34.774104441 ], [ 134.99432083, 34.774111108 ], [ 134.994493606, 34.774114162 ], [ 134.994817497000014, 34.774133333 ], [ 134.995112503, 34.774118892 ], [ 134.995303606, 34.774118892 ], [ 134.995517497, 34.774152225 ], [ 134.99573722400001, 34.774223892 ], [ 134.996014721, 34.774252495 ], [ 134.996286667, 34.774238333 ], [ 134.99648917, 34.774228613 ], [ 134.996628054000013, 34.774243054 ], [ 134.996720558, 34.774285829 ], [ 134.996847782, 34.774390829 ], [ 134.99709083, 34.774715559 ], [ 134.997232218, 34.774865279 ], [ 134.997486109, 34.774960279 ], [ 134.997550558, 34.774960279 ], [ 134.997738327, 34.774935829 ], [ 134.997960830000011, 34.774898892 ], [ 134.998138885, 34.77485 ], [ 134.998366108999988, 34.774793054 ], [ 134.998573606, 34.774748054 ], [ 134.998711945999986, 34.774796946 ], [ 134.998934448999989, 34.774915279 ], [ 134.999029416000013, 34.775 ], [ 134.999058053999988, 34.775025559 ], [ 134.999206394, 34.775147775 ], [ 134.999324163000011, 34.775211946 ], [ 134.999438612, 34.775274441 ], [ 134.999468326999988, 34.775290559 ], [ 134.999710558, 34.775380279 ], [ 134.999957782, 34.775461946 ], [ 135.0, 34.775474108 ], [ 135.00014083, 34.775514721 ], [ 135.00028917, 34.775547495 ], [ 135.000570829999987, 34.775600559 ], [ 135.000867497, 34.775625 ], [ 135.001129442, 34.775633054 ], [ 135.001342218, 34.775653613 ], [ 135.0015, 34.775669721 ], [ 135.001653333, 34.775665829 ], [ 135.001776939, 34.775665829 ], [ 135.001826394, 34.775620829 ], [ 135.001851115, 34.775523054 ], [ 135.001863061, 34.775448054 ], [ 135.001905551, 34.775180559 ], [ 135.001915279, 34.775058054 ], [ 135.001921114999988, 34.775 ], [ 135.001935006, 34.774862225 ], [ 135.002014163000013, 34.774364721 ], [ 135.002053606, 34.774177225 ], [ 135.002028884999987, 34.774018054 ], [ 135.002004163, 34.773850829 ], [ 135.001964721, 34.773695829 ], [ 135.001890558000014, 34.773540829 ], [ 135.00182834, 34.773419162 ], [ 135.001796667, 34.773357495 ], [ 135.001722503, 34.773276108 ], [ 135.00160917, 34.773153613 ], [ 135.001475551, 34.773055829 ], [ 135.001346939, 34.772908892 ], [ 135.000966393999988, 34.772546108 ], [ 135.000823061, 34.772411387 ], [ 135.000758612, 34.772231946 ], [ 135.000684449, 34.772097495 ], [ 135.000659727999988, 34.772036108 ], [ 135.000595551, 34.771909721 ], [ 135.000546109, 34.771766946 ], [ 135.00052138800001, 34.771628333 ], [ 135.000519442000012, 34.771518613 ], [ 135.000516393999987, 34.771338892 ], [ 135.000496667, 34.771147225 ], [ 135.000506667, 34.770992225 ], [ 135.00058083, 34.770470279 ], [ 135.000625279, 34.770262495 ], [ 135.000773606, 34.770188892 ], [ 135.001001115, 34.770201108 ], [ 135.00190583700001, 34.770258333 ], [ 135.002113060999989, 34.770274721 ], [ 135.002305837, 34.770295 ], [ 135.002938612, 34.770299162 ], [ 135.003156109, 34.770290829 ], [ 135.003403333, 34.770303054 ], [ 135.003611115000012, 34.770307225 ], [ 135.003773061, 34.770305279 ], [ 135.004238885, 34.770299162 ], [ 135.00446138800001, 34.770266387 ], [ 135.004664163, 34.770262495 ], [ 135.004896394000014, 34.770250279 ], [ 135.005276939, 34.770229721 ], [ 135.005395551, 34.770213333 ], [ 135.005519170000014, 34.770152225 ], [ 135.005667497, 34.770017775 ], [ 135.005786109000013, 34.769887225 ], [ 135.005894721, 34.769781108 ], [ 135.005918611999988, 34.769755279 ], [ 135.005980271999988, 34.769688054 ], [ 135.00601834, 34.769646667 ], [ 135.006250271999988, 34.769398613 ], [ 135.006252503000013, 34.769396108 ], [ 135.006418884999988, 34.769218333 ], [ 135.006537497000011, 34.769055279 ], [ 135.006666109, 34.768896108 ], [ 135.00669083, 34.768798333 ], [ 135.006725279, 34.768647225 ], [ 135.00677, 34.768520829 ], [ 135.006883606, 34.768337495 ], [ 135.007031946000012, 34.768141667 ], [ 135.00719, 34.768011108 ], [ 135.007368054000011, 34.767876667 ], [ 135.00747194600001, 34.767807225 ], [ 135.007659728, 34.76775 ], [ 135.007887224, 34.767689162 ], [ 135.008114449, 34.767628054 ], [ 135.008333333, 34.767611946 ], [ 135.008336939, 34.767611667 ], [ 135.008554163000014, 34.767579162 ], [ 135.008946667, 34.767475 ], [ 135.00913778200001, 34.767424162 ], [ 135.009278884999986, 34.767384441 ], [ 135.009385006, 34.767354721 ], [ 135.009441388, 34.767339721 ], [ 135.009567782, 34.767305829 ], [ 135.009765550999987, 34.767240559 ], [ 135.01038834, 34.767158892 ], [ 135.01064555100001, 34.767126387 ], [ 135.01083834, 34.767073333 ], [ 135.011831672999989, 34.766857225 ], [ 135.012024720999989, 34.766804162 ], [ 135.012207497, 34.766730829 ], [ 135.012418884999988, 34.766666667 ], [ 135.012785837, 34.766555279 ], [ 135.012998612, 34.766494162 ], [ 135.013216109000012, 34.766445279 ], [ 135.01334472100001, 34.76638 ], [ 135.013492776, 34.766351387 ], [ 135.013710558000014, 34.766326946 ], [ 135.013982218, 34.766335279 ], [ 135.014323333, 34.766359721 ], [ 135.014526109, 34.766392225 ], [ 135.014713605999987, 34.766416667 ], [ 135.014936109, 34.766441108 ], [ 135.015285551, 34.766441108 ], [ 135.015405837, 34.766441108 ], [ 135.015471946, 34.766435829 ], [ 135.015658054, 34.766420829 ], [ 135.015705279, 34.766413892 ], [ 135.015855837, 34.766392225 ], [ 135.016043606000011, 34.766371946 ], [ 135.016513333, 34.766290279 ], [ 135.016636939, 34.766245559 ], [ 135.01666666700001, 34.766220135 ], [ 135.016775279, 34.766127225 ], [ 135.016884162999986, 34.765984441 ], [ 135.017131388, 34.765833613 ], [ 135.017328885000012, 34.765735559 ], [ 135.017458885, 34.765718333 ], [ 135.017511946000013, 34.765711108 ], [ 135.017645550999987, 34.765682495 ], [ 135.017793332999986, 34.765629721 ], [ 135.018006109, 34.765568333 ], [ 135.01819389100001, 34.765490829 ], [ 135.018436109, 34.765425559 ], [ 135.018658612, 34.765401108 ], [ 135.018895837, 34.765397225 ], [ 135.01912333300001, 34.765360559 ], [ 135.019321115, 34.765283054 ], [ 135.01941, 34.765156387 ], [ 135.019484162999987, 34.765062775 ], [ 135.019598054, 34.765005559 ], [ 135.01979083, 34.764948613 ], [ 135.019963891, 34.764911667 ], [ 135.020166394, 34.764765 ], [ 135.02036917, 34.764760829 ], [ 135.020606394, 34.764711946 ], [ 135.021085836999987, 34.764512225 ], [ 135.021288340000012, 34.764389721 ], [ 135.022371115, 34.763839441 ], [ 135.022539169999988, 34.763757775 ], [ 135.022731946, 34.763647775 ], [ 135.023173332999988, 34.763455559 ], [ 135.023256108999988, 34.763419441 ], [ 135.02348834, 34.763329721 ], [ 135.023671388, 34.763235829 ], [ 135.023814721, 34.763121667 ], [ 135.024126109, 34.762925829 ], [ 135.024294163, 34.762791387 ], [ 135.024457224, 34.762636387 ], [ 135.024575836999986, 34.762534441 ], [ 135.02472917, 34.762456946 ], [ 135.024837782, 34.762432495 ], [ 135.024981115, 34.762428333 ], [ 135.025, 34.762431694 ], [ 135.025164163, 34.762460829 ], [ 135.025302503, 34.762493613 ], [ 135.025406393999987, 34.762534441 ], [ 135.025480558, 34.762587495 ], [ 135.025544720999989, 34.762648613 ], [ 135.02560917, 34.762791387 ], [ 135.025643605999988, 34.763031946 ], [ 135.025663606, 34.763480559 ], [ 135.025628885, 34.763696667 ], [ 135.025618885, 34.763823054 ], [ 135.025623891, 34.764145279 ], [ 135.025723333, 34.764166667 ], [ 135.02589083, 34.764202495 ], [ 135.026053606, 34.764250829 ], [ 135.026275836999986, 34.764316667 ], [ 135.0264, 34.764353333 ], [ 135.02655333300001, 34.764377775 ], [ 135.026716394, 34.764398333 ], [ 135.026719727999989, 34.764398892 ], [ 135.027324449, 34.764483892 ], [ 135.027581387999987, 34.764512495 ], [ 135.027966939, 34.764516387 ], [ 135.028103891, 34.764530279 ], [ 135.02820917, 34.764540829 ], [ 135.028619728, 34.764549162 ], [ 135.028792503, 34.764569441 ], [ 135.028985551, 34.764610279 ], [ 135.029158612, 34.764634721 ], [ 135.029781115, 34.764769441 ], [ 135.029993606, 34.764875279 ], [ 135.030151945999989, 34.764965 ], [ 135.030326667, 34.765068613 ], [ 135.030855006, 34.765354441 ], [ 135.031130272000013, 34.765478892 ], [ 135.031321115, 34.765581387 ], [ 135.031476667, 34.765643613 ], [ 135.031537781999987, 34.765664162 ], [ 135.031603061, 34.765686387 ], [ 135.031747497, 34.765735279 ], [ 135.032147224, 34.765716946 ], [ 135.032337782000013, 34.765728054 ], [ 135.032529442, 34.765738054 ], [ 135.03273, 34.765748333 ], [ 135.032759442000014, 34.76575 ], [ 135.032817224000013, 34.765739721 ], [ 135.032883891000012, 34.765728054 ], [ 135.033096938999989, 34.765779162 ], [ 135.033333333, 34.765849468 ], [ 135.033367782, 34.765859721 ], [ 135.033607497, 34.765933054 ], [ 135.033795006, 34.765975559 ], [ 135.033882776000013, 34.765995279 ], [ 135.03394, 34.765983054 ], [ 135.034020558, 34.765966108 ], [ 135.035148054, 34.765552225 ], [ 135.035374448999988, 34.765471667 ], [ 135.03556083, 34.765394721 ], [ 135.035871673, 34.765314162 ], [ 135.037035006, 34.765057775 ], [ 135.037152502999987, 34.765029441 ], [ 135.037523333, 34.764940559 ], [ 135.037714449, 34.764889162 ], [ 135.037792776, 34.764876108 ], [ 135.038356394, 34.764783333 ], [ 135.038498885, 34.764759721 ], [ 135.038668612, 34.764731946 ], [ 135.038775279, 34.764790279 ], [ 135.038921673, 34.764885559 ], [ 135.039059442, 34.764991667 ], [ 135.039365837, 34.76527 ], [ 135.039521115000014, 34.765442225 ], [ 135.039627782, 34.765599721 ], [ 135.039712218, 34.765757225 ], [ 135.039960830000012, 34.766251667 ], [ 135.040014163, 34.766427495 ], [ 135.04005834, 34.766599721 ], [ 135.040082724, 34.766666667 ], [ 135.040125006000011, 34.766782775 ], [ 135.040200558, 34.766933054 ], [ 135.040316109, 34.767057495 ], [ 135.040453606, 34.767200559 ], [ 135.040456939, 34.767205279 ], [ 135.040524721, 34.767303054 ], [ 135.040551388000011, 34.767409162 ], [ 135.04052333300001, 34.767491946 ], [ 135.04048917, 34.767592495 ], [ 135.040351388, 34.767800829 ], [ 135.04029834, 34.767881387 ], [ 135.040285006, 34.767976667 ], [ 135.040311673, 34.768075559 ], [ 135.040422503, 34.7682 ], [ 135.040506939000011, 34.768335559 ], [ 135.040541115, 34.768415559 ], [ 135.040560272, 34.768460279 ], [ 135.040604449, 34.768654441 ], [ 135.040608885000012, 34.768793613 ], [ 135.040595837000012, 34.768932775 ], [ 135.040502503, 34.769152495 ], [ 135.040493606000013, 34.769320829 ], [ 135.040484811999988, 34.769542054 ], [ 135.040480272, 34.769727495 ], [ 135.040573606, 34.769844721 ], [ 135.04067083000001, 34.769885 ], [ 135.04083083, 34.769910559 ], [ 135.041132776000012, 34.769914441 ], [ 135.041310272, 34.769936387 ], [ 135.04155, 34.769918054 ], [ 135.041666666999987, 34.769898306 ], [ 135.041745279, 34.769885 ], [ 135.041931946, 34.769822775 ], [ 135.042295837000012, 34.769808054 ], [ 135.04262, 34.769921667 ], [ 135.042833333, 34.770042495 ], [ 135.04283655, 34.770044495 ], [ 135.043010829999986, 34.770152495 ], [ 135.043139442000012, 34.770276946 ], [ 135.043277224, 34.770394162 ], [ 135.043361673, 34.770419721 ], [ 135.043441388, 34.770430829 ], [ 135.043588054, 34.770408892 ], [ 135.043769728, 34.770368613 ], [ 135.043987224, 34.770251387 ], [ 135.044151672999988, 34.770166946 ], [ 135.044298054, 34.770082775 ], [ 135.044440272, 34.77005 ], [ 135.044635551, 34.770031667 ], [ 135.044946394, 34.770145 ], [ 135.045190558, 34.770276946 ], [ 135.045301673000012, 34.770427225 ], [ 135.045297224, 34.770536946 ], [ 135.045270558, 34.770705559 ], [ 135.045288340000013, 34.770786108 ], [ 135.04542583700001, 34.770888613 ], [ 135.045536938999987, 34.770998613 ], [ 135.045652503000014, 34.771068054 ], [ 135.045794449, 34.771020559 ], [ 135.045923333, 34.770998613 ], [ 135.046114163, 34.771038892 ], [ 135.046313891000011, 34.771130279 ], [ 135.046447224, 34.771218333 ], [ 135.046522503, 34.771328054 ], [ 135.04658917, 34.771456387 ], [ 135.046680272, 34.771557225 ], [ 135.046704721, 34.771584441 ], [ 135.046801945999988, 34.771635559 ], [ 135.046997497, 34.771683333 ], [ 135.047210557999989, 34.771661108 ], [ 135.04738805400001, 34.771602775 ], [ 135.047525837, 34.771551667 ], [ 135.047681114999989, 34.771441667 ], [ 135.04790778200001, 34.771207225 ], [ 135.048085279, 34.771082775 ], [ 135.048209442, 34.770958333 ], [ 135.048325006, 34.770826387 ], [ 135.048511388, 34.770650559 ], [ 135.04876027200001, 34.770390559 ], [ 135.048826666999986, 34.770317225 ], [ 135.048942218, 34.770265829 ], [ 135.049133061, 34.770240279 ], [ 135.049346109, 34.770178054 ], [ 135.049457224, 34.770068054 ], [ 135.04956834, 34.769932775 ], [ 135.049688054, 34.769833892 ], [ 135.049790272, 34.769782495 ], [ 135.049914449, 34.769738613 ], [ 135.05, 34.769715027 ], [ 135.050087782, 34.769690829 ], [ 135.050274163000012, 34.769683613 ], [ 135.050447497, 34.769690829 ], [ 135.05082, 34.769720279 ], [ 135.051002218, 34.769738892 ], [ 135.051117497, 34.769504441 ], [ 135.051145551, 34.769446667 ], [ 135.051326109, 34.769072225 ], [ 135.051419442, 34.768936667 ], [ 135.051587782000013, 34.768786108 ], [ 135.051681388, 34.768702225 ], [ 135.051781582, 34.768617468 ], [ 135.051863333, 34.768548333 ], [ 135.051952218, 34.768409162 ], [ 135.051925551000011, 34.768288333 ], [ 135.051898885000014, 34.768211387 ], [ 135.051832503000014, 34.76816 ], [ 135.051721388, 34.768090559 ], [ 135.051601388, 34.76801 ], [ 135.051539442, 34.767943892 ], [ 135.051543891, 34.767775559 ], [ 135.051596939, 34.767665559 ], [ 135.051650271999989, 34.767614441 ], [ 135.051761387999989, 34.767555829 ], [ 135.052032218, 34.767504441 ], [ 135.052116667, 34.767482775 ], [ 135.052205279, 34.767405829 ], [ 135.052271946, 34.767303333 ], [ 135.05228834, 34.767231946 ], [ 135.052338612, 34.767010279 ], [ 135.052400830000011, 34.766922225 ], [ 135.052502776000011, 34.766852775 ], [ 135.052693891, 34.766830829 ], [ 135.052906939, 34.766790559 ], [ 135.053093333, 34.766753892 ], [ 135.0532, 34.766706108 ], [ 135.053249533000013, 34.766666667 ], [ 135.053324163000013, 34.766607225 ], [ 135.053488612, 34.766523054 ], [ 135.053602218, 34.766478333 ], [ 135.053692776, 34.766442495 ], [ 135.053874721, 34.766361946 ], [ 135.05391917, 34.76623 ], [ 135.053812776, 34.765984721 ], [ 135.05376834, 34.765735559 ], [ 135.053777223999987, 34.765574441 ], [ 135.053795006, 34.765453613 ], [ 135.053883606, 34.765215829 ], [ 135.053950272, 34.765065559 ], [ 135.054052503, 34.764922775 ], [ 135.054194449, 34.764798054 ], [ 135.054372218, 34.764699162 ], [ 135.054567497, 34.764600279 ], [ 135.054749442, 34.764523333 ], [ 135.054789441999986, 34.764512495 ], [ 135.054940558, 34.764519721 ], [ 135.055037782, 34.764519721 ], [ 135.055144449000011, 34.764483054 ], [ 135.05525083, 34.764417225 ], [ 135.055401945999989, 34.764358613 ], [ 135.055601673000012, 34.764311108 ], [ 135.055779441999988, 34.7643 ], [ 135.056041388000011, 34.764289162 ], [ 135.056161115, 34.764278054 ], [ 135.056254449, 34.764223054 ], [ 135.056281115, 34.764149721 ], [ 135.05633, 34.76404 ], [ 135.056463060999988, 34.763911667 ], [ 135.056605279, 34.763834721 ], [ 135.056791673, 34.763739721 ], [ 135.057009169999986, 34.763677225 ], [ 135.057346667, 34.763648333 ], [ 135.057613061000012, 34.763663054 ], [ 135.057843891, 34.763714162 ], [ 135.058026109, 34.763802225 ], [ 135.058194721, 34.763897225 ], [ 135.058333333, 34.763959775 ], [ 135.058762776, 34.764153613 ], [ 135.059024720999986, 34.764278054 ], [ 135.059224449, 34.764329441 ], [ 135.059347224, 34.764303333 ], [ 135.059481946, 34.764274441 ], [ 135.060170272, 34.764051108 ], [ 135.060343333, 34.763992495 ], [ 135.060556666999986, 34.763901108 ], [ 135.060799728, 34.763819441 ], [ 135.06093834, 34.763772775 ], [ 135.061071672999987, 34.763750829 ], [ 135.061204721, 34.763754441 ], [ 135.061395837, 34.763791108 ], [ 135.061524449, 34.763868054 ], [ 135.061624720999987, 34.763903054 ], [ 135.061992218, 34.764031667 ], [ 135.062016938999989, 34.764040279 ], [ 135.062345551, 34.764238054 ], [ 135.06278083, 34.764549162 ], [ 135.062931673, 34.76467 ], [ 135.06329138800001, 34.764981387 ], [ 135.06342, 34.765065559 ], [ 135.063557782, 34.765080279 ], [ 135.06387306100001, 34.765091108 ], [ 135.064055006, 34.765127775 ], [ 135.064219442, 34.765175559 ], [ 135.064561115, 34.765252495 ], [ 135.06473, 34.765395279 ], [ 135.064916109, 34.765526946 ], [ 135.065049442, 34.765680829 ], [ 135.065106939, 34.765834721 ], [ 135.065178054, 34.766072775 ], [ 135.065204720999986, 34.766285279 ], [ 135.065164721, 34.766461108 ], [ 135.065146938999987, 34.766655279 ], [ 135.06514489, 34.766666667 ], [ 135.065115837, 34.766827495 ], [ 135.065106939, 34.766999441 ], [ 135.06516917, 34.76708 ], [ 135.065320272, 34.76719 ], [ 135.065528885, 34.767292495 ], [ 135.065670829999988, 34.767354721 ], [ 135.065848612, 34.767424162 ], [ 135.066023333, 34.767509198 ], [ 135.066345837, 34.767665829 ], [ 135.066581115, 34.767724441 ], [ 135.066666667, 34.76774336 ], [ 135.066763333000011, 34.767764721 ], [ 135.066914163, 34.767772225 ], [ 135.06730944200001, 34.767695279 ], [ 135.067504721, 34.767673333 ], [ 135.06805055800001, 34.767688054 ], [ 135.068130558, 34.767680829 ], [ 135.068276938999986, 34.767669721 ], [ 135.068951946, 34.767548892 ], [ 135.069142776, 34.767512225 ], [ 135.069233333, 34.767499162 ], [ 135.069622218, 34.767442775 ], [ 135.069817782, 34.767570829 ], [ 135.070119728, 34.767831108 ], [ 135.070279441999986, 34.767962775 ], [ 135.070452503000013, 34.768083613 ], [ 135.070648054, 34.768314162 ], [ 135.070776394, 34.768511946 ], [ 135.070905278999987, 34.768702495 ], [ 135.071033891000013, 34.768893054 ], [ 135.071269441999988, 34.768911387 ], [ 135.07154917, 34.768947775 ], [ 135.071850829999988, 34.769017495 ], [ 135.07205083, 34.769090829 ], [ 135.072201673, 34.769171387 ], [ 135.072450272, 34.769325279 ], [ 135.072738885, 34.769446108 ], [ 135.073005279, 34.769515559 ], [ 135.073227497, 34.769574162 ], [ 135.073409442000013, 34.769625559 ], [ 135.073631388, 34.769728054 ], [ 135.073924162999987, 34.769889162 ], [ 135.074323891, 34.770134721 ], [ 135.074483606, 34.770255559 ], [ 135.074678885, 34.770409441 ], [ 135.075, 34.770564306 ], [ 135.075203061, 34.770662225 ], [ 135.075425005999989, 34.77075 ], [ 135.075593606000012, 34.770826946 ], [ 135.075833333, 34.770914721 ], [ 135.076233061000011, 34.771002775 ], [ 135.076419442, 34.771017495 ], [ 135.076707782, 34.771046667 ], [ 135.07692083, 34.771065 ], [ 135.077151945999987, 34.771076108 ], [ 135.077273891, 34.771075279 ], [ 135.07772917, 34.771072225 ], [ 135.077851673, 34.771080559 ], [ 135.078, 34.771090559 ], [ 135.078186394, 34.771156667 ], [ 135.078244163, 34.771200559 ], [ 135.078328340000013, 34.771306667 ], [ 135.078324163, 34.771391108 ], [ 135.078284163, 34.771570279 ], [ 135.078190830000011, 34.771833892 ], [ 135.07816, 34.771937775 ], [ 135.078128612, 34.772042775 ], [ 135.078093061, 34.772185559 ], [ 135.078035551, 34.772386946 ], [ 135.077928885, 34.772628892 ], [ 135.077912776, 34.772674441 ], [ 135.07784, 34.772877775 ], [ 135.077831388, 34.772916108 ], [ 135.077786667, 34.773112225 ], [ 135.077702503000012, 34.773299162 ], [ 135.077653606000013, 34.773430829 ], [ 135.077622502999986, 34.773511667 ], [ 135.077595837, 34.773658054 ], [ 135.077601388, 34.773691387 ], [ 135.077622502999986, 34.773819162 ], [ 135.077715837, 34.773987495 ], [ 135.077897782, 34.774093613 ], [ 135.078092866, 34.774137441 ], [ 135.078306394, 34.774181667 ], [ 135.078417224, 34.774196108 ], [ 135.07888778200001, 34.774328054 ], [ 135.079189727999989, 34.774423333 ], [ 135.07934083, 34.774536946 ], [ 135.07946917000001, 34.774679721 ], [ 135.079775641999987, 34.775 ], [ 135.079802218, 34.775027775 ], [ 135.079984449, 34.775258333 ], [ 135.080117497, 34.775426946 ], [ 135.080233061, 34.775591667 ], [ 135.080636938999987, 34.775939721 ], [ 135.080770272, 34.776082495 ], [ 135.08093, 34.77624 ], [ 135.081027782, 34.776383054 ], [ 135.081391946, 34.776818613 ], [ 135.08157834, 34.777005279 ], [ 135.081667224, 34.777177495 ], [ 135.081693890999986, 34.777320279 ], [ 135.081693890999986, 34.777397225 ], [ 135.081667224, 34.777580279 ], [ 135.081686109, 34.777699162 ], [ 135.081689442, 34.777719441 ], [ 135.081746939, 34.777770829 ], [ 135.08185360600001, 34.777822225 ], [ 135.08204, 34.777924721 ], [ 135.082235279, 34.778027225 ], [ 135.082381672999986, 34.778122495 ], [ 135.082537224, 34.778254441 ], [ 135.082670272, 34.77839 ], [ 135.08283, 34.778495559 ], [ 135.082847781999988, 34.778507225 ], [ 135.083065551, 34.778606108 ], [ 135.083215837000012, 34.778641387 ], [ 135.083283061, 34.778657225 ], [ 135.083333333000013, 34.778657225 ], [ 135.083451673000013, 34.778657225 ], [ 135.083678053999989, 34.778609721 ], [ 135.083766938999986, 34.778616946 ], [ 135.0841, 34.778708613 ], [ 135.084295279, 34.778785559 ], [ 135.08448639400001, 34.778858613 ], [ 135.084699441999987, 34.778913613 ], [ 135.084970272, 34.778997775 ], [ 135.085218612, 34.779052775 ], [ 135.085493891, 34.779082225 ], [ 135.085742503, 34.779144441 ], [ 135.085933333000014, 34.779213892 ], [ 135.086044449000013, 34.779239721 ], [ 135.086146667, 34.779232225 ], [ 135.086235279, 34.779195829 ], [ 135.086497224, 34.779001667 ], [ 135.086755006, 34.778701108 ], [ 135.086848054, 34.778657225 ], [ 135.086985836999986, 34.778631667 ], [ 135.087101115, 34.778668333 ], [ 135.087203333, 34.778723333 ], [ 135.087301115, 34.778767225 ], [ 135.087403061, 34.778770829 ], [ 135.087505279, 34.778752495 ], [ 135.087745006, 34.778671946 ], [ 135.087904721, 34.77854 ], [ 135.088086939, 34.778510829 ], [ 135.088162503, 34.778521667 ], [ 135.088242218, 34.778474162 ], [ 135.088344449, 34.778463054 ], [ 135.088428612, 34.778514441 ], [ 135.088579442, 34.778635279 ], [ 135.088712776, 34.778701108 ], [ 135.088903606, 34.778745279 ], [ 135.089134449, 34.778778054 ], [ 135.089391946, 34.778855 ], [ 135.089991387999987, 34.778986946 ], [ 135.0902, 34.779067495 ], [ 135.090377782, 34.779148054 ], [ 135.090644163, 34.779100559 ], [ 135.090886667, 34.779051667 ], [ 135.091261388, 34.778975829 ], [ 135.091452218, 34.778931946 ], [ 135.091493606, 34.778923892 ], [ 135.09163834, 34.778895279 ], [ 135.091666667, 34.778888532 ], [ 135.091807224, 34.778855 ], [ 135.091998053999987, 34.778723333 ], [ 135.092109169999986, 34.778609721 ], [ 135.092286667, 34.778485 ], [ 135.092446394, 34.778353333 ], [ 135.092633060999987, 34.778261667 ], [ 135.092846109, 34.778225 ], [ 135.09305917, 34.778239721 ], [ 135.093188054, 34.77828 ], [ 135.093436667, 34.778430279 ], [ 135.093658612000013, 34.778525279 ], [ 135.093862776, 34.778565829 ], [ 135.09412917, 34.778576667 ], [ 135.09464, 34.778620559 ], [ 135.094692775999988, 34.778660829 ], [ 135.094683890999988, 34.778705 ], [ 135.094551115, 34.778891667 ], [ 135.094426667, 34.778994162 ], [ 135.094324721, 34.779137225 ], [ 135.094200272, 34.77928 ], [ 135.094133606000014, 34.779433892 ], [ 135.094062775999987, 34.779697495 ], [ 135.094000558, 34.779858613 ], [ 135.09389834000001, 34.779994162 ], [ 135.093765279, 34.780125829 ], [ 135.093645278999986, 34.780272225 ], [ 135.093547497, 34.780382225 ], [ 135.093445551, 34.780609162 ], [ 135.093356667, 34.780792495 ], [ 135.093303333, 34.780946387 ], [ 135.093214669, 34.781086108 ], [ 135.093205837, 34.7811 ], [ 135.092917224, 34.781605559 ], [ 135.092810558, 34.781796108 ], [ 135.092770558000012, 34.781979162 ], [ 135.092797224, 34.782118333 ], [ 135.092846109, 34.782286946 ], [ 135.092819442, 34.782393054 ], [ 135.092779442, 34.782506108 ], [ 135.092779442, 34.782506387 ], [ 135.092806109, 34.782594162 ], [ 135.092881673, 34.782685829 ], [ 135.09298, 34.782782225 ], [ 135.093001388, 34.782803054 ], [ 135.093183606, 34.782909162 ], [ 135.093298885, 34.783077775 ], [ 135.093334449, 34.783161946 ], [ 135.093328054000011, 34.783261108 ], [ 135.093325551, 34.783297495 ], [ 135.093320557999988, 34.783333333 ], [ 135.093276667, 34.783649162 ], [ 135.093205837, 34.783846946 ], [ 135.093165836999987, 34.784004441 ], [ 135.093138054, 34.784141946 ], [ 135.093134721000013, 34.784158333 ], [ 135.093085837, 34.784257225 ], [ 135.093028054, 34.784304721 ], [ 135.092886109, 34.784367225 ], [ 135.092806109, 34.784429441 ], [ 135.09278389100001, 34.784524721 ], [ 135.092730558, 34.784795559 ], [ 135.092673061, 34.784967495 ], [ 135.092624163000011, 34.785154441 ], [ 135.092579728, 34.785341108 ], [ 135.092526394, 34.785546108 ], [ 135.092535279, 34.785582775 ], [ 135.092717224000012, 34.785645279 ], [ 135.092881673, 34.785692775 ], [ 135.09305917, 34.785758613 ], [ 135.093258885000012, 34.785843054 ], [ 135.093458612, 34.785916108 ], [ 135.093605006, 34.786026108 ], [ 135.093742776, 34.786183613 ], [ 135.093964721, 34.786370279 ], [ 135.094151114999988, 34.786414441 ], [ 135.094355551, 34.786374162 ], [ 135.094994721, 34.786168892 ], [ 135.095216666999988, 34.786165279 ], [ 135.095381115, 34.786198333 ], [ 135.095525551, 34.786250559 ], [ 135.095776394000012, 34.786341108 ], [ 135.095732503, 34.786516387 ], [ 135.095728054, 34.786533333 ], [ 135.095669728, 34.786766108 ], [ 135.095643061, 34.786938054 ], [ 135.095643061, 34.787146946 ], [ 135.095647496999987, 34.787304441 ], [ 135.095754163, 34.787791387 ], [ 135.095674163000012, 34.787985559 ], [ 135.095580829999989, 34.788117225 ], [ 135.09547, 34.788263892 ], [ 135.095385551, 34.788384721 ], [ 135.095128054000014, 34.788718054 ], [ 135.094945837000012, 34.788901108 ], [ 135.094786109000012, 34.789040279 ], [ 135.094599728, 34.789146667 ], [ 135.094497497, 34.789205279 ], [ 135.094288885, 34.789281946 ], [ 135.094257782, 34.789322495 ], [ 135.094168884999988, 34.789520279 ], [ 135.094080272000014, 34.789721667 ], [ 135.093933606, 34.789846108 ], [ 135.093773891000012, 34.789955829 ], [ 135.093587224, 34.790065559 ], [ 135.093365279000011, 34.790201108 ], [ 135.093156666999988, 34.790285279 ], [ 135.092965551, 34.790391667 ], [ 135.092841388000011, 34.790497775 ], [ 135.09269917, 34.790626108 ], [ 135.092397497, 34.790893333 ], [ 135.092233061, 34.790955829 ], [ 135.09206917, 34.791043613 ], [ 135.091838054, 34.791131667 ], [ 135.091666667, 34.79121436 ], [ 135.091656109000013, 34.791219441 ], [ 135.091065551000014, 34.791442775 ], [ 135.090688340000014, 34.791581946 ], [ 135.090483891, 34.791662775 ], [ 135.090470026, 34.791666667 ], [ 135.089858054, 34.791838333 ], [ 135.089609169999989, 34.791908054 ], [ 135.089480558, 34.792028892 ], [ 135.089422776, 34.792083892 ], [ 135.089365006, 34.792219441 ], [ 135.089333891, 34.792296387 ], [ 135.089249728, 34.792365559 ], [ 135.089156394000014, 34.792383892 ], [ 135.089063061, 34.792365559 ], [ 135.088956667, 34.792292775 ], [ 135.088801115, 34.792157225 ], [ 135.088681388, 34.792146108 ], [ 135.088588054000013, 34.792164441 ], [ 135.088379728, 34.792278054 ], [ 135.088171115, 34.7923 ], [ 135.087953333, 34.792314721 ], [ 135.087553891, 34.792383892 ], [ 135.087305279, 34.792431667 ], [ 135.08710083, 34.792471946 ], [ 135.086901114999989, 34.792552495 ], [ 135.086776667, 34.7926 ], [ 135.086665837, 34.792669721 ], [ 135.086554721, 34.792775829 ], [ 135.08644834, 34.792944441 ], [ 135.086381673, 34.793112775 ], [ 135.086217224, 34.793226387 ], [ 135.085959728, 34.79334 ], [ 135.085893333, 34.793398613 ], [ 135.085768885, 34.793482775 ], [ 135.08568, 34.793581667 ], [ 135.08560917, 34.793728333 ], [ 135.085538054000011, 34.793904162 ], [ 135.085453605999987, 34.794068892 ], [ 135.085373606, 34.794259441 ], [ 135.085205837, 34.794643054 ], [ 135.08517834, 34.794706108 ], [ 135.085173606000012, 34.794720559 ], [ 135.085135279000013, 34.794836108 ], [ 135.085111673, 34.794907495 ], [ 135.085045279000013, 34.795061108 ], [ 135.084978611999986, 34.795236946 ], [ 135.084774449, 34.795676667 ], [ 135.08469, 34.795852495 ], [ 135.084618885, 34.796002495 ], [ 135.084463891000013, 34.796203892 ], [ 135.083944449, 34.796687495 ], [ 135.083638885, 34.796969162 ], [ 135.083566939, 34.797035559 ], [ 135.083333333000013, 34.797364162 ], [ 135.083309442, 34.797397775 ], [ 135.08327834, 34.79757 ], [ 135.083225006, 34.797767775 ], [ 135.083197445, 34.797910495 ], [ 135.083193891, 34.797928892 ], [ 135.083074163, 34.798419721 ], [ 135.082985551, 34.798604162 ], [ 135.082905278999988, 34.798771387 ], [ 135.082927496999986, 34.798925279 ], [ 135.082943605999986, 34.799091667 ], [ 135.082958612, 34.799247495 ], [ 135.082936394, 34.799339162 ], [ 135.082825551000013, 34.799529721 ], [ 135.082754449, 34.799679721 ], [ 135.082661115, 34.799880829 ], [ 135.082603580000011, 34.8 ], [ 135.082434721, 34.800349721 ], [ 135.082350272000014, 34.800540279 ], [ 135.082328053999987, 34.800712495 ], [ 135.082270271999988, 34.800888333 ], [ 135.082155006, 34.801115279 ], [ 135.082012776, 34.801375279 ], [ 135.081906393999986, 34.801514721 ], [ 135.081671115, 34.801624441 ], [ 135.081272776, 34.801909441 ], [ 135.080562776, 34.802417225 ], [ 135.079899727999987, 34.802891667 ], [ 135.079606667, 34.802979441 ], [ 135.079375836999986, 34.803093054 ], [ 135.079220271999986, 34.803122225 ], [ 135.079217497, 34.803122225 ], [ 135.079011673, 34.803115 ], [ 135.078891672999987, 34.803166387 ], [ 135.078736394, 34.803316387 ], [ 135.078585551, 34.803440829 ], [ 135.078376666999986, 34.80354 ], [ 135.078248054, 34.803558054 ], [ 135.078017224, 34.803543613 ], [ 135.077715278999989, 34.803536108 ], [ 135.077662503, 34.803553892 ], [ 135.077595279, 34.803576387 ], [ 135.077475837, 34.803638892 ], [ 135.077342503000011, 34.8038 ], [ 135.077182776, 34.804016108 ], [ 135.077173891, 34.804107495 ], [ 135.077187224, 34.804206108 ], [ 135.077244721, 34.804341667 ], [ 135.077280272, 34.804488333 ], [ 135.077196109, 34.804664162 ], [ 135.07709834, 34.804836108 ], [ 135.07688527900001, 34.804971667 ], [ 135.07677416300001, 34.805001108 ], [ 135.076525551, 34.804993613 ], [ 135.076392218, 34.804993613 ], [ 135.076290272, 34.805052225 ], [ 135.076121388, 34.805206108 ], [ 135.075975006, 34.805352775 ], [ 135.075779727999986, 34.805425829 ], [ 135.075664163, 34.805466108 ], [ 135.075402218, 34.805513892 ], [ 135.075166939000013, 34.805557775 ], [ 135.075006939, 34.805638333 ], [ 135.075, 34.805648829 ], [ 135.074953606, 34.805718892 ], [ 135.07498917, 34.805894721 ], [ 135.075, 34.805998306 ], [ 135.075011388, 34.806107225 ], [ 135.075033606, 34.806231667 ], [ 135.075086938999988, 34.806316108 ], [ 135.075246666999988, 34.806447775 ], [ 135.075348885000011, 34.806539441 ], [ 135.075451115, 34.806649162 ], [ 135.075446667, 34.806788333 ], [ 135.07546, 34.807041108 ], [ 135.075535279, 34.807194721 ], [ 135.075610829999988, 34.807315829 ], [ 135.075681946, 34.807388892 ], [ 135.075806109000013, 34.807455 ], [ 135.076076938999989, 34.807557495 ], [ 135.076294721000011, 34.807636108 ], [ 135.07649, 34.807720559 ], [ 135.076584449, 34.807760559 ], [ 135.076645279, 34.807786387 ], [ 135.076747497000014, 34.807914441 ], [ 135.076734163, 34.808031667 ], [ 135.076707497, 34.808148892 ], [ 135.076645279, 34.808255279 ], [ 135.076590311, 34.808333333 ], [ 135.076552217999989, 34.808387225 ], [ 135.076541946, 34.808393054 ], [ 135.076522776, 34.808404441 ], [ 135.076339170000011, 34.808511667 ], [ 135.076170272000013, 34.808577495 ], [ 135.075917224, 34.808665559 ], [ 135.075788612, 34.808738613 ], [ 135.075775279, 34.808859721 ], [ 135.075806109000013, 34.808938333 ], [ 135.075837224, 34.808954721 ], [ 135.075896667, 34.80902 ], [ 135.076096394, 34.809238892 ], [ 135.076174721, 34.809324441 ], [ 135.07628, 34.809562775 ], [ 135.076456109, 34.809961667 ], [ 135.076491946, 34.810042775 ], [ 135.076540558, 34.810153054 ], [ 135.076665499, 34.810436135 ], [ 135.077044721, 34.811295 ], [ 135.077071388, 34.811371946 ], [ 135.077155837, 34.811507495 ], [ 135.077271115, 34.811672495 ], [ 135.077315551, 34.811785829 ], [ 135.077306666999988, 34.811818892 ], [ 135.07732, 34.811961667 ], [ 135.077284449, 34.812056667 ], [ 135.0772, 34.812162225 ], [ 135.077146938999988, 34.812228892 ], [ 135.076925550999988, 34.812454721 ], [ 135.076809442000012, 34.812573054 ], [ 135.076729441999987, 34.812668333 ], [ 135.076667224, 34.812778333 ], [ 135.076632503000013, 34.812888333 ], [ 135.076614162999988, 34.812946667 ], [ 135.076583061, 34.813148333 ], [ 135.076551946, 34.813327775 ], [ 135.076488885, 34.813509721 ], [ 135.07648083, 34.813532775 ], [ 135.076407497, 34.813766946 ], [ 135.076405279, 34.813774441 ], [ 135.07633, 34.813906387 ], [ 135.076214449, 34.81402 ], [ 135.076010272, 34.814144441 ], [ 135.076223333, 34.814276387 ], [ 135.076347782, 34.814382495 ], [ 135.07644083, 34.814485279 ], [ 135.076485279, 34.814565829 ], [ 135.07648083, 34.814660829 ], [ 135.076409727999987, 34.814763333 ], [ 135.076276667, 34.814895 ], [ 135.076192217999989, 34.814971946 ], [ 135.076121115, 34.815111108 ], [ 135.076121115, 34.815232225 ], [ 135.076152218, 34.815547225 ], [ 135.076165551, 34.815653333 ], [ 135.07609, 34.815723054 ], [ 135.075983606, 34.815807225 ], [ 135.075965837000012, 34.815909721 ], [ 135.075992503, 34.816052495 ], [ 135.076147782, 34.816188054 ], [ 135.076294448999988, 34.816305279 ], [ 135.076463061, 34.816400559 ], [ 135.076640558, 34.816437225 ], [ 135.076796108999986, 34.816521387 ], [ 135.077031388, 34.816620279 ], [ 135.077104916, 34.816666667 ], [ 135.0772, 34.816726667 ], [ 135.077306666999988, 34.816847495 ], [ 135.077448885, 34.816961108 ], [ 135.077595279, 34.816997495 ], [ 135.077795006, 34.817023333 ], [ 135.078035006, 34.817041667 ], [ 135.078215551, 34.817076108 ], [ 135.078283606000014, 34.817089162 ], [ 135.078487497, 34.817133054 ], [ 135.078665084, 34.817125892 ], [ 135.079126939, 34.817107495 ], [ 135.079322217999987, 34.817085559 ], [ 135.079362218, 34.817045279 ], [ 135.079539727999986, 34.816953613 ], [ 135.079726394, 34.816902495 ], [ 135.07999722400001, 34.816906108 ], [ 135.080405551000013, 34.816938892 ], [ 135.080627497, 34.816942775 ], [ 135.08084083, 34.816928054 ], [ 135.080927782, 34.816948892 ], [ 135.081040558000012, 34.816975559 ], [ 135.081164721, 34.817052495 ], [ 135.081253606, 34.817166108 ], [ 135.081320272, 34.817290559 ], [ 135.081368884999989, 34.817455559 ], [ 135.081435279, 34.817605559 ], [ 135.081577497000012, 34.817715279 ], [ 135.081759442, 34.817850829 ], [ 135.081946109, 34.817938613 ], [ 135.082248054, 34.818114441 ], [ 135.082434449, 34.818239162 ], [ 135.08259416300001, 34.818356108 ], [ 135.082754163, 34.818480829 ], [ 135.08303834, 34.818850829 ], [ 135.08318917, 34.819059441 ], [ 135.08330917, 34.819195 ], [ 135.083333333000013, 34.819221387 ], [ 135.083433332999988, 34.819330559 ], [ 135.083517782, 34.819436667 ], [ 135.08362, 34.819594162 ], [ 135.083837497, 34.819887225 ], [ 135.083975006, 34.820085 ], [ 135.084072502999987, 34.820231667 ], [ 135.084196939, 34.820363613 ], [ 135.084338885, 34.820502495 ], [ 135.084649727999988, 34.820758892 ], [ 135.08482277600001, 34.820905279 ], [ 135.084956109, 34.821037225 ], [ 135.085338054, 34.82144 ], [ 135.085457782, 34.821590279 ], [ 135.085551114999987, 34.821736667 ], [ 135.085617782000014, 34.821923613 ], [ 135.085635551, 34.822033333 ], [ 135.08567083, 34.822267225 ], [ 135.085688612000013, 34.822385 ], [ 135.085688612000013, 34.822626946 ], [ 135.085683061, 34.822643613 ], [ 135.085622218, 34.822824721 ], [ 135.085515550999986, 34.822967495 ], [ 135.085431115, 34.823084721 ], [ 135.08532917, 34.823132225 ], [ 135.085235837, 34.823216667 ], [ 135.085106939000013, 34.823381108 ], [ 135.08497834, 34.823567775 ], [ 135.08489834, 34.82374 ], [ 135.084911673, 34.823886667 ], [ 135.084947224, 34.824168613 ], [ 135.084982776, 34.824260279 ], [ 135.08508917, 34.824381108 ], [ 135.085266939, 34.824556946 ], [ 135.085453333, 34.824681387 ], [ 135.085635551, 34.824783892 ], [ 135.08587083, 34.824941387 ], [ 135.085947224, 34.825 ], [ 135.085995006, 34.825036667 ], [ 135.086057224, 34.825172225 ], [ 135.086106109000013, 34.825425 ], [ 135.086172503, 34.825556946 ], [ 135.086283333000011, 34.825703333 ], [ 135.086634163000014, 34.826054721 ], [ 135.086650272000014, 34.826067775 ], [ 135.086785006000014, 34.826179162 ], [ 135.086848612000011, 34.82622 ], [ 135.086945006, 34.826281667 ], [ 135.087016109, 34.826303892 ], [ 135.087086938999988, 34.8263 ], [ 135.087171388, 34.826252495 ], [ 135.087322503, 34.826153613 ], [ 135.087491115, 34.826083892 ], [ 135.087619728, 34.826021667 ], [ 135.087744163, 34.825978054 ], [ 135.087983891, 34.825926667 ], [ 135.088223606000014, 34.825912225 ], [ 135.088325837000014, 34.825915829 ], [ 135.088494449, 34.825952495 ], [ 135.088641115, 34.826047495 ], [ 135.088894163, 34.826230559 ], [ 135.089231388, 34.826483333 ], [ 135.0894, 34.826615 ], [ 135.089533333, 34.826750559 ], [ 135.089582218, 34.826765279 ], [ 135.089835005999987, 34.826763054 ], [ 135.09000834, 34.826761667 ], [ 135.090310272000011, 34.826783613 ], [ 135.090541115, 34.826805559 ], [ 135.090776393999988, 34.826845829 ], [ 135.090954163, 34.826904441 ], [ 135.091069442, 34.826981387 ], [ 135.091105006, 34.827083892 ], [ 135.091113891, 34.827237775 ], [ 135.091129169999988, 34.827315559 ], [ 135.091145006, 34.827395279 ], [ 135.091225006, 34.827479441 ], [ 135.091313606, 34.827541946 ], [ 135.091381388, 34.827574441 ], [ 135.091588885, 34.827673613 ], [ 135.09166, 34.827706667 ], [ 135.091666667, 34.827709865 ], [ 135.091926394000012, 34.827834721 ], [ 135.092143606, 34.827959441 ], [ 135.09225917, 34.828065559 ], [ 135.092321387999988, 34.828212225 ], [ 135.092334720999986, 34.828365829 ], [ 135.09233917, 34.828501387 ], [ 135.092325837, 34.828735559 ], [ 135.092321387999988, 34.828915 ], [ 135.092361388, 34.829032225 ], [ 135.092423333, 34.829189721 ], [ 135.092512218, 34.829314441 ], [ 135.092561115, 34.829416946 ], [ 135.092561115, 34.829479162 ], [ 135.092494448999986, 34.829574441 ], [ 135.092516667000012, 34.829706387 ], [ 135.092596667, 34.829830829 ], [ 135.092654449, 34.830017495 ], [ 135.09272083, 34.830164162 ], [ 135.092769728, 34.830299721 ], [ 135.092858611999986, 34.830603613 ], [ 135.092916394000014, 34.830838054 ], [ 135.09292083, 34.830984721 ], [ 135.092920026, 34.831015919 ], [ 135.092916394000014, 34.831156667 ], [ 135.092845278999988, 34.831390829 ], [ 135.092774163, 34.831581387 ], [ 135.092565551, 34.831943892 ], [ 135.092463333000012, 34.832086946 ], [ 135.092392503000013, 34.832189441 ], [ 135.092379169999987, 34.83227 ], [ 135.09241, 34.832317495 ], [ 135.092521115000011, 34.832372495 ], [ 135.092707497, 34.832438613 ], [ 135.092831673, 34.832483892 ], [ 135.093089442, 34.832577775 ], [ 135.093400272, 34.832724162 ], [ 135.093946394, 34.832936667 ], [ 135.094199442, 34.833028333 ], [ 135.094341673, 34.833072225 ], [ 135.094532503000011, 34.833116108 ], [ 135.09478083, 34.833163613 ], [ 135.094998339999989, 34.833200279 ], [ 135.095189442, 34.833200279 ], [ 135.09538917, 34.833185829 ], [ 135.095562218, 34.833149162 ], [ 135.095713333, 34.833083054 ], [ 135.096197782, 34.832900279 ], [ 135.09622834000001, 34.832888892 ], [ 135.096356939, 34.832826667 ], [ 135.096511673, 34.832795829 ], [ 135.096521388000014, 34.832793892 ], [ 135.096721115, 34.832837775 ], [ 135.09685, 34.832911108 ], [ 135.09745834, 34.833251667 ], [ 135.097555836999987, 34.833303054 ], [ 135.097661582, 34.833333333 ], [ 135.097746939, 34.833357775 ], [ 135.097946394, 34.833394441 ], [ 135.098212776, 34.833442225 ], [ 135.098545836999989, 34.833522775 ], [ 135.098723333, 34.833563054 ], [ 135.09883, 34.833573892 ], [ 135.098927497, 34.833588613 ], [ 135.099069727999989, 34.833595829 ], [ 135.099171673, 34.833603333 ], [ 135.099313891, 34.833647225 ], [ 135.09946917, 34.833698613 ], [ 135.099638054, 34.833811946 ], [ 135.09986, 34.833925559 ], [ 135.1, 34.833962 ], [ 135.100028611999988, 34.833969441 ], [ 135.10017083, 34.834017225 ], [ 135.100235837000014, 34.834052775 ], [ 135.10025083, 34.834061108 ], [ 135.100446108999989, 34.834225559 ], [ 135.100641388000014, 34.834365 ], [ 135.100832503, 34.834474721 ], [ 135.100981946, 34.834541667 ], [ 135.100996394, 34.834548054 ], [ 135.101142775999989, 34.834690829 ], [ 135.101222775999986, 34.834793333 ], [ 135.101333891, 34.835009441 ], [ 135.101365006, 34.835148613 ], [ 135.101347224, 34.835357495 ], [ 135.10131610900001, 34.835485829 ], [ 135.101298612, 34.835582225 ], [ 135.101285006000012, 34.835657775 ], [ 135.101289442, 34.835767775 ], [ 135.101347224, 34.835885 ], [ 135.101444721, 34.836035 ], [ 135.101578053999987, 34.836115829 ], [ 135.101603606, 34.836120279 ], [ 135.101702218000014, 34.836137775 ], [ 135.101875551, 34.836178054 ], [ 135.102115279, 34.836243892 ], [ 135.10236389100001, 34.836379441 ], [ 135.102689442000013, 34.836565 ], [ 135.103522776, 34.837518613 ], [ 135.103674721, 34.837739162 ], [ 135.103826667, 34.838013613 ], [ 135.103936393999987, 34.838164441 ], [ 135.103957224, 34.838192775 ], [ 135.103993333, 34.838371667 ], [ 135.103949728, 34.838610279 ], [ 135.103957224, 34.838705559 ], [ 135.104070830000012, 34.838926387 ], [ 135.104352776000013, 34.839373892 ], [ 135.104483061, 34.839666108 ], [ 135.104743606, 34.839922225 ], [ 135.104895551, 34.840095279 ], [ 135.105011673, 34.840357495 ], [ 135.105091115, 34.840536667 ], [ 135.10517083, 34.840673892 ], [ 135.105424163, 34.840906667 ], [ 135.105453061, 34.841210829 ], [ 135.105503606000013, 34.84136 ], [ 135.105708365999988, 34.841666667 ], [ 135.105822217999986, 34.841837225 ], [ 135.105836667, 34.841932775 ], [ 135.105764163, 34.842254721 ], [ 135.10572083, 34.842475279 ], [ 135.10572083, 34.842684162 ], [ 135.105735278999987, 34.842809441 ], [ 135.105836667, 34.843083613 ], [ 135.105995837, 34.843555 ], [ 135.106075551, 34.843650559 ], [ 135.106184163, 34.843698054 ], [ 135.1063, 34.84371 ], [ 135.106538885, 34.843686108 ], [ 135.10679944200001, 34.843692225 ], [ 135.107023891000011, 34.843751946 ], [ 135.107472503, 34.844008333 ], [ 135.107665551, 34.844139721 ], [ 135.107738054, 34.844229162 ], [ 135.107875551, 34.844306667 ], [ 135.108165006, 34.844467775 ], [ 135.108333333, 34.844606495 ], [ 135.108425551000011, 34.844682495 ], [ 135.108585006, 34.844915 ], [ 135.108729727999986, 34.844992775 ], [ 135.109171115, 34.845147775 ], [ 135.109352218, 34.845159721 ], [ 135.109728612, 34.845248892 ], [ 135.109844449, 34.845260829 ], [ 135.110133891, 34.845219162 ], [ 135.110249728000014, 34.845213054 ], [ 135.110387224, 34.845290559 ], [ 135.110785279, 34.845571108 ], [ 135.110951672999988, 34.845797775 ], [ 135.111154449, 34.846072225 ], [ 135.111422218, 34.846370279 ], [ 135.111638340000013, 34.846221667 ], [ 135.111761388, 34.846197775 ], [ 135.112687782, 34.846251387 ], [ 135.113259728, 34.846448333 ], [ 135.113322503, 34.846453333 ], [ 135.113411673, 34.846460279 ], [ 135.113570558, 34.846412495 ], [ 135.11413527900001, 34.846191667 ], [ 135.114736109, 34.846030559 ], [ 135.114909727999986, 34.845929162 ], [ 135.115336939, 34.845601108 ], [ 135.115532218, 34.845380559 ], [ 135.115915836999989, 34.844843892 ], [ 135.116183891, 34.844545559 ], [ 135.116408054, 34.844175559 ], [ 135.11643834, 34.844145 ], [ 135.116574449000012, 34.844008613 ], [ 135.116666667, 34.843940667 ], [ 135.116776939, 34.843859441 ], [ 135.116994162999987, 34.843752225 ], [ 135.117160829999989, 34.843686387 ], [ 135.117283891, 34.843537495 ], [ 135.117493606000011, 34.843376387 ], [ 135.117707782, 34.843280559 ], [ 135.11780683500001, 34.843236387 ], [ 135.117841115, 34.843221108 ], [ 135.118340558, 34.842976667 ], [ 135.118499727999989, 34.842857225 ], [ 135.118593890999989, 34.842702495 ], [ 135.118874162999987, 34.841915 ], [ 135.118956161, 34.841666667 ], [ 135.11896083, 34.841652495 ], [ 135.119091115, 34.841455829 ], [ 135.119203606000013, 34.841349441 ], [ 135.119236109000013, 34.841318613 ], [ 135.119424163, 34.841175279 ], [ 135.119474720999989, 34.841056108 ], [ 135.119503606, 34.840936667 ], [ 135.119503606, 34.840698054 ], [ 135.119532502999988, 34.840566946 ], [ 135.119597782, 34.840465559 ], [ 135.119930558, 34.840179162 ], [ 135.120169442, 34.839863333 ], [ 135.120267496999986, 34.839719441 ], [ 135.120336109, 34.839618613 ], [ 135.120524163, 34.839475559 ], [ 135.12061834, 34.839445559 ], [ 135.12085, 34.839445559 ], [ 135.121023606, 34.839391946 ], [ 135.121125006, 34.839296667 ], [ 135.121248054, 34.839123613 ], [ 135.121515837, 34.838861108 ], [ 135.121805551, 34.838610559 ], [ 135.122220272, 34.838121387 ], [ 135.12232917, 34.837939162 ], [ 135.122508054, 34.837686667 ], [ 135.122680272, 34.837565829 ], [ 135.123044449, 34.837497225 ], [ 135.123216939, 34.837460559 ], [ 135.123568054, 34.837471108 ], [ 135.124053606, 34.837460559 ], [ 135.124187782, 34.837444721 ], [ 135.124526393999986, 34.837334162 ], [ 135.124673333, 34.837270829 ], [ 135.125, 34.83714164 ], [ 135.125005550999987, 34.837139441 ], [ 135.12521, 34.837055 ], [ 135.125497223999986, 34.837070829 ], [ 135.125720558000012, 34.837055 ], [ 135.125918612, 34.837007775 ], [ 135.12616778200001, 34.836986667 ], [ 135.126493606, 34.836986667 ], [ 135.126838612, 34.837039441 ], [ 135.126966394, 34.837081387 ], [ 135.127132503000013, 34.837134162 ], [ 135.127311115, 34.837207775 ], [ 135.127400558, 34.837218333 ], [ 135.127681673000012, 34.837034162 ], [ 135.127879728000011, 34.837018333 ], [ 135.127960661, 34.836992441 ], [ 135.128077782, 34.836955 ], [ 135.12842917, 34.836855 ], [ 135.128544162999987, 34.836849721 ], [ 135.128818612, 34.836891946 ], [ 135.129099728, 34.836976108 ], [ 135.129329442, 34.837007775 ], [ 135.129501946, 34.836991946 ], [ 135.129757497000014, 34.836897225 ], [ 135.129974721, 34.836828892 ], [ 135.130204721000013, 34.836802495 ], [ 135.130332503, 34.836807775 ], [ 135.130556109, 34.836813054 ], [ 135.130773333, 34.836797225 ], [ 135.130977782, 34.836786667 ], [ 135.131239442, 34.836791946 ], [ 135.131443891, 34.836833892 ], [ 135.131571673, 34.836913054 ], [ 135.13171834, 34.836997225 ], [ 135.131782218000012, 34.837056946 ], [ 135.13186527900001, 34.837134162 ], [ 135.131973891, 34.837176108 ], [ 135.132392218, 34.837164162 ], [ 135.132529728, 34.837160279 ], [ 135.132759728, 34.837134162 ], [ 135.133181115000014, 34.837118333 ], [ 135.133333333, 34.837065559 ], [ 135.133423891, 34.837034162 ], [ 135.133647497, 34.836939162 ], [ 135.133743333000012, 34.836876108 ], [ 135.133871115, 34.836776108 ], [ 135.133947782, 34.836670829 ], [ 135.133993061000012, 34.836565 ], [ 135.133949728, 34.836157225 ], [ 135.133964163, 34.83602 ], [ 135.134014721, 34.835912775 ], [ 135.134101673, 34.835793333 ], [ 135.134260558, 34.835691946 ], [ 135.134658339999987, 34.835644162 ], [ 135.134976109, 34.835668054 ], [ 135.135243890999988, 34.835709721 ], [ 135.135547497, 34.835823054 ], [ 135.135786109, 34.835954441 ], [ 135.135981388, 34.836038054 ], [ 135.136386394, 34.836145279 ], [ 135.136574449, 34.836163333 ], [ 135.136892503000013, 34.836115559 ], [ 135.137058884999988, 34.836091667 ], [ 135.137362503, 34.836127495 ], [ 135.137550557999987, 34.836139441 ], [ 135.13765917, 34.836115559 ], [ 135.137839442, 34.835990279 ], [ 135.13794083, 34.835841387 ], [ 135.138128884999986, 34.835501387 ], [ 135.138215551, 34.835411946 ], [ 135.138425278999989, 34.835280559 ], [ 135.138551388, 34.835238892 ], [ 135.138624163, 34.835215 ], [ 135.139058054, 34.835203054 ], [ 135.139238885, 34.835167225 ], [ 135.139354449, 34.835107495 ], [ 135.139441388, 34.834964441 ], [ 135.139549728, 34.834779441 ], [ 135.139643891, 34.834654162 ], [ 135.139817224000012, 34.834582495 ], [ 135.140157224, 34.834493054 ], [ 135.140352503, 34.834499162 ], [ 135.140518612, 34.834523054 ], [ 135.14075749700001, 34.834612495 ], [ 135.141010271999988, 34.834654162 ], [ 135.14131389100001, 34.834678054 ], [ 135.141610272, 34.834719721 ], [ 135.14166666700001, 34.834737441 ], [ 135.141762218, 34.834767495 ], [ 135.141946667000013, 34.834791387 ], [ 135.14233, 34.834833054 ], [ 135.142749442, 34.834904721 ], [ 135.142879442, 34.834934721 ], [ 135.142922776, 34.835000279 ], [ 135.142922776, 34.835001108 ], [ 135.142937224, 34.835191108 ], [ 135.142901115, 34.835280559 ], [ 135.14277834, 34.835471387 ], [ 135.142691388, 34.835662495 ], [ 135.142684163000013, 34.835763892 ], [ 135.142734721000011, 34.835853333 ], [ 135.142937224, 34.836061946 ], [ 135.143067497, 34.836217225 ], [ 135.143139728, 34.836336387 ], [ 135.143356667, 34.836565279 ], [ 135.143433606, 34.836715279 ], [ 135.143556109, 34.836832225 ], [ 135.143607782, 34.836948892 ], [ 135.143704449000012, 34.836996946 ], [ 135.143878339999986, 34.837023333 ], [ 135.14400083000001, 34.837103054 ], [ 135.144175279, 34.837214721 ], [ 135.144316939, 34.837331667 ], [ 135.14440083, 34.837448613 ], [ 135.144691388000012, 34.837730559 ], [ 135.144884721000011, 34.837927225 ], [ 135.145071946, 34.837996387 ], [ 135.14533, 34.838006946 ], [ 135.14560083, 34.838054721 ], [ 135.146058885, 34.838336667 ], [ 135.146197497, 34.838431667 ], [ 135.146213891, 34.838443054 ], [ 135.146375006, 34.83856 ], [ 135.146471946, 34.838650279 ], [ 135.146671946, 34.838910829 ], [ 135.146852218, 34.839054441 ], [ 135.147097224, 34.839213892 ], [ 135.14729083, 34.839272225 ], [ 135.147478054, 34.839341387 ], [ 135.147710272000012, 34.839511667 ], [ 135.147751115, 34.839535559 ], [ 135.147913891, 34.839631108 ], [ 135.148023891, 34.839695829 ], [ 135.148181115, 34.839788054 ], [ 135.148400558, 34.839825279 ], [ 135.148619728, 34.839894441 ], [ 135.149051945999986, 34.840133613 ], [ 135.149303605999989, 34.840271946 ], [ 135.149326667, 34.840293613 ], [ 135.149451946, 34.84041 ], [ 135.149593891, 34.840511108 ], [ 135.14983917, 34.840952225 ], [ 135.149968054, 34.841138054 ], [ 135.15, 34.841172748 ], [ 135.150090557999988, 34.841271108 ], [ 135.150206667, 34.841388054 ], [ 135.150316393999987, 34.841510279 ], [ 135.150419441999986, 34.841600829 ], [ 135.15052063600001, 34.841666667 ], [ 135.150574449, 34.841701667 ], [ 135.150793606, 34.841834721 ], [ 135.150967782, 34.841893054 ], [ 135.151116108999986, 34.841946387 ], [ 135.151251673, 34.841935559 ], [ 135.151335550999988, 34.841887775 ], [ 135.151619442, 34.841770829 ], [ 135.15183221800001, 34.841701667 ], [ 135.151922944, 34.841666667 ], [ 135.152038885, 34.841621946 ], [ 135.152180558, 34.841515559 ], [ 135.152587224, 34.841483892 ], [ 135.152613061000011, 34.841462495 ], [ 135.152535551, 34.841154441 ], [ 135.152438612, 34.841010829 ], [ 135.152309728, 34.840335559 ], [ 135.152307224, 34.840311946 ], [ 135.152296939, 34.840218613 ], [ 135.152406394, 34.840101667 ], [ 135.1526, 34.839958054 ], [ 135.153051673, 34.839713613 ], [ 135.153138612, 34.839795 ], [ 135.153290272, 34.839936946 ], [ 135.153387224, 34.840080559 ], [ 135.15347083, 34.840192225 ], [ 135.153602776000014, 34.840321387 ], [ 135.153677224, 34.840394162 ], [ 135.153954449, 34.840569721 ], [ 135.154173891, 34.840713054 ], [ 135.154322218, 34.840776946 ], [ 135.154470558000014, 34.840835279 ], [ 135.154831946, 34.840946946 ], [ 135.155199728000014, 34.841058613 ], [ 135.155354448999987, 34.841117225 ], [ 135.15547693900001, 34.841276667 ], [ 135.155541672999988, 34.841383054 ], [ 135.155593061, 34.841515829 ], [ 135.155593061, 34.841601108 ], [ 135.155591115, 34.841604721 ], [ 135.15555594, 34.841666667 ], [ 135.155502776, 34.841760279 ], [ 135.155438339999989, 34.841898333 ], [ 135.155444721, 34.842068613 ], [ 135.155444721, 34.842249441 ], [ 135.155470558, 34.842903333 ], [ 135.155457782000013, 34.843057495 ], [ 135.155425551, 34.843248892 ], [ 135.155393061000012, 34.843498892 ], [ 135.155435551000011, 34.843613333 ], [ 135.155483606, 34.843743333 ], [ 135.155541672999988, 34.843913333 ], [ 135.155606109, 34.844078333 ], [ 135.155664163000012, 34.84419 ], [ 135.155773891, 34.844301667 ], [ 135.156076939, 34.844758613 ], [ 135.156186666999986, 34.844944721 ], [ 135.156322218000014, 34.845098892 ], [ 135.156386667, 34.845295559 ], [ 135.156507224, 34.845608054 ], [ 135.156567224000014, 34.845763333 ], [ 135.156586667, 34.845976108 ], [ 135.156567224000014, 34.846289721 ], [ 135.156548054000012, 34.846491667 ], [ 135.156980272, 34.846922495 ], [ 135.157083333, 34.847060559 ], [ 135.157225006, 34.847166946 ], [ 135.157319728, 34.847320279 ], [ 135.157412218, 34.84747 ], [ 135.157515279, 34.847656108 ], [ 135.157559144, 34.847711054 ], [ 135.157663891, 34.847842225 ], [ 135.157792776, 34.847975 ], [ 135.157896109, 34.848108054 ], [ 135.157928340000012, 34.848166387 ], [ 135.157941115, 34.848581108 ], [ 135.157966939, 34.848815 ], [ 135.157973333, 34.848990279 ], [ 135.157960558000013, 34.849139162 ], [ 135.157786667000011, 34.849623054 ], [ 135.157702776, 34.849819721 ], [ 135.157683333, 34.849931387 ], [ 135.157677834, 34.85 ], [ 135.157676939, 34.850011108 ], [ 135.157696394, 34.850085559 ], [ 135.157754449, 34.850197225 ], [ 135.157909170000011, 34.850468333 ], [ 135.158096394000012, 34.850691667 ], [ 135.15816722400001, 34.850824441 ], [ 135.158257497, 34.850968054 ], [ 135.158333333, 34.851142135 ], [ 135.158347782, 34.851175279 ], [ 135.158333333, 34.851195775 ], [ 135.158302776, 34.851239162 ], [ 135.158018885, 34.851499721 ], [ 135.157981336, 34.851523252 ], [ 135.157857497, 34.851600829 ], [ 135.157754449, 34.851691108 ], [ 135.157535005999989, 34.851882495 ], [ 135.157393061, 34.852058054 ], [ 135.157244721000012, 34.852286387 ], [ 135.157231946, 34.852387225 ], [ 135.157231946, 34.852504162 ], [ 135.157251115, 34.852818054 ], [ 135.157276939000013, 34.853105 ], [ 135.157341388, 34.853381387 ], [ 135.157386667, 34.853541108 ], [ 135.157412502999989, 34.853716387 ], [ 135.15750917, 34.854040829 ], [ 135.157586667, 34.854327775 ], [ 135.157612503, 34.854455559 ], [ 135.157593061, 34.854657495 ], [ 135.157470558, 34.855104162 ], [ 135.157367224000012, 34.855332775 ], [ 135.157341388, 34.855476387 ], [ 135.157335006000011, 34.855571946 ], [ 135.157313606, 34.855645559 ], [ 135.15729, 34.855726108 ], [ 135.157296394000014, 34.855832495 ], [ 135.157348054000011, 34.856071667 ], [ 135.157373606, 34.856295 ], [ 135.157373606, 34.856449162 ], [ 135.157341388, 34.856592775 ], [ 135.15729, 34.856885279 ], [ 135.157225278999988, 34.857113892 ], [ 135.157076939, 34.857310279 ], [ 135.157012503, 34.857437775 ], [ 135.156915551, 34.857602495 ], [ 135.156825279, 34.85781 ], [ 135.15681277600001, 34.857916387 ], [ 135.156806394, 34.858182225 ], [ 135.156796355000012, 34.858333333 ], [ 135.156793333, 34.858378892 ], [ 135.156780558, 34.858538333 ], [ 135.156716109, 34.858671387 ], [ 135.156554721, 34.858985 ], [ 135.156367497, 34.859197495 ], [ 135.15636111500001, 34.859346387 ], [ 135.156380558, 34.859500559 ], [ 135.156412776, 34.859676108 ], [ 135.156464449, 34.860149162 ], [ 135.156598339999988, 34.860279162 ], [ 135.156645006, 34.860324721 ], [ 135.156845006, 34.860452225 ], [ 135.157128885, 34.860601108 ], [ 135.157238611999986, 34.860670279 ], [ 135.157386939, 34.860760829 ], [ 135.157631946, 34.860920279 ], [ 135.157780558000013, 34.861090279 ], [ 135.157845006, 34.861255279 ], [ 135.157831945999988, 34.86142 ], [ 135.157748054, 34.86159 ], [ 135.157541673, 34.86184 ], [ 135.15741917, 34.861978333 ], [ 135.157303061, 34.862100559 ], [ 135.157212776, 34.862222775 ], [ 135.15687083, 34.862669162 ], [ 135.156843060999989, 34.862704162 ], [ 135.156703061, 34.862881667 ], [ 135.15661917, 34.86302 ], [ 135.156528885, 34.863158333 ], [ 135.15623861200001, 34.863498613 ], [ 135.15623861200001, 34.863567495 ], [ 135.156245551000012, 34.863594441 ], [ 135.156283605999988, 34.863743054 ], [ 135.156406393999987, 34.863918613 ], [ 135.156412776, 34.864046108 ], [ 135.156283605999988, 34.864498054 ], [ 135.156154721, 34.864705279 ], [ 135.156096667000014, 34.864859441 ], [ 135.15608360600001, 34.864981946 ], [ 135.155993333, 34.865577225 ], [ 135.155890272, 34.865816387 ], [ 135.155883891, 34.865944162 ], [ 135.155922503, 34.866098333 ], [ 135.155993333, 34.866640559 ], [ 135.15599642, 34.866666667 ], [ 135.156012776000011, 34.866805279 ], [ 135.156032218, 34.866927775 ], [ 135.15610306100001, 34.867086946 ], [ 135.156174163, 34.867522775 ], [ 135.156225551, 34.867767495 ], [ 135.156270830000011, 34.867916387 ], [ 135.156303060999988, 34.868006667 ], [ 135.156393333000011, 34.868256667 ], [ 135.156554721, 34.868336387 ], [ 135.156883606, 34.868458613 ], [ 135.15706972800001, 34.868521946 ], [ 135.157257781999988, 34.868586387 ], [ 135.157433022, 34.868675559 ], [ 135.15767, 34.868796108 ], [ 135.15769666700001, 34.868809721 ], [ 135.157656667, 34.868835 ], [ 135.157513606, 34.868925 ], [ 135.157477224, 34.868948054 ], [ 135.157328885, 34.869006108 ], [ 135.157173891000014, 34.869038054 ], [ 135.157167496999989, 34.869101946 ], [ 135.157199728, 34.869171108 ], [ 135.157277224000012, 34.869335829 ], [ 135.157322502999989, 34.869516667 ], [ 135.157315837, 34.869702775 ], [ 135.157315837, 34.869851667 ], [ 135.157303061, 34.870011108 ], [ 135.157290272000012, 34.870069441 ], [ 135.157186939000013, 34.870138613 ], [ 135.157064448999989, 34.870197225 ], [ 135.156991388, 34.870239441 ], [ 135.15693527900001, 34.870271667 ], [ 135.156832218, 34.870377775 ], [ 135.156718885, 34.870512775 ], [ 135.156599728, 34.870654441 ], [ 135.156535279, 34.870792495 ], [ 135.156217223999988, 34.871224721 ], [ 135.156186939, 34.871265829 ], [ 135.156128884999987, 34.871435829 ], [ 135.156135279000011, 34.87159 ], [ 135.156180557999988, 34.871749721 ], [ 135.156341672999986, 34.872275559 ], [ 135.15637416300001, 34.872435279 ], [ 135.156464449, 34.872562775 ], [ 135.156612776, 34.872669162 ], [ 135.157161115, 34.872998613 ], [ 135.157264449, 34.8731 ], [ 135.157380558, 34.873312495 ], [ 135.157393332999987, 34.873381387 ], [ 135.157328885, 34.873450559 ], [ 135.157232218, 34.873525 ], [ 135.157228339999989, 34.873540559 ], [ 135.157206394000013, 34.873626108 ], [ 135.157262503, 34.873684162 ], [ 135.157309442000013, 34.873732495 ], [ 135.157333606, 34.873756667 ], [ 135.157457782, 34.873881387 ], [ 135.157612776, 34.873998333 ], [ 135.157754721, 34.874136387 ], [ 135.157864448999987, 34.874481946 ], [ 135.157883606000013, 34.874641667 ], [ 135.157896666999989, 34.874753333 ], [ 135.157935278999986, 34.874992495 ], [ 135.157937951, 34.875 ], [ 135.158031946, 34.875263613 ], [ 135.158141672999989, 34.875433613 ], [ 135.158251388, 34.875556108 ], [ 135.158333333, 34.87567664 ], [ 135.158341673, 34.875688892 ], [ 135.15847083, 34.875991946 ], [ 135.158522218, 34.876167495 ], [ 135.158503061, 34.876316387 ], [ 135.158333333, 34.876611721 ], [ 135.158328885, 34.876619441 ], [ 135.158257782, 34.876768054 ], [ 135.157845006, 34.877246667 ], [ 135.157761115, 34.877374162 ], [ 135.157709442, 34.877539162 ], [ 135.157638612, 34.877682495 ], [ 135.157554721, 34.877974721 ], [ 135.157464449, 34.878017225 ], [ 135.157341673, 34.878059721 ], [ 135.156993333, 34.878134162 ], [ 135.15681277600001, 34.878155559 ], [ 135.156606394, 34.878182225 ], [ 135.156258054, 34.878187495 ], [ 135.156122503, 34.878405559 ], [ 135.156113606, 34.878419721 ], [ 135.155993333, 34.878612775 ], [ 135.155993333, 34.878735 ], [ 135.155986939, 34.878878613 ], [ 135.155933606, 34.879164162 ], [ 135.155902776, 34.879330279 ], [ 135.155896109, 34.879366387 ], [ 135.155883891, 34.879431387 ], [ 135.155835616, 34.879534892 ], [ 135.155786939, 34.879638613 ], [ 135.155785551, 34.879667495 ], [ 135.155780558, 34.879776946 ], [ 135.155741946, 34.879920279 ], [ 135.155728885, 34.880074441 ], [ 135.155651388, 34.880430829 ], [ 135.155625837, 34.880611667 ], [ 135.155593333000013, 34.880765829 ], [ 135.15554834, 34.880914721 ], [ 135.155425837, 34.881286667 ], [ 135.155290272, 34.881626667 ], [ 135.155251388000011, 34.881743613 ], [ 135.155154721, 34.881903333 ], [ 135.155051673, 34.882110559 ], [ 135.154997782, 34.882153054 ], [ 135.154883891, 34.882243613 ], [ 135.15452250300001, 34.882397775 ], [ 135.154406394, 34.882472225 ], [ 135.15441428, 34.882510108 ], [ 135.154451673000011, 34.88269 ], [ 135.154619169999989, 34.882780559 ], [ 135.154635837, 34.882787775 ], [ 135.154838612, 34.882876108 ], [ 135.155186939, 34.882998333 ], [ 135.155541946, 34.883094162 ], [ 135.155760558, 34.883103333 ], [ 135.155922503, 34.88311 ], [ 135.15637416300001, 34.883072775 ], [ 135.156586939, 34.883056946 ], [ 135.15681277600001, 34.883009441 ], [ 135.156993333, 34.882945559 ], [ 135.157103060999987, 34.882945559 ], [ 135.15722555100001, 34.882982775 ], [ 135.157515837, 34.883121108 ], [ 135.15781917000001, 34.883291108 ], [ 135.157911414000012, 34.883333333 ], [ 135.157993333, 34.883370829 ], [ 135.158135279, 34.883413333 ], [ 135.158328885, 34.883477225 ], [ 135.158333333, 34.883478225 ], [ 135.158657497, 34.883551667 ], [ 135.158754449000014, 34.883578333 ], [ 135.158838054, 34.883822775 ], [ 135.158902776, 34.883939721 ], [ 135.158935006, 34.884067225 ], [ 135.15895834, 34.884114721 ], [ 135.159005837, 34.884210829 ], [ 135.159051115000011, 34.884269441 ], [ 135.159167223999987, 34.884311946 ], [ 135.159457497, 34.884386387 ], [ 135.159618884999986, 34.884460829 ], [ 135.15976083000001, 34.884572495 ], [ 135.160121946, 34.884779721 ], [ 135.160438054, 34.884933892 ], [ 135.160618885, 34.884971108 ], [ 135.160825279, 34.884992495 ], [ 135.161044449, 34.885003054 ], [ 135.161689728, 34.885077495 ], [ 135.16192834, 34.885120279 ], [ 135.162134721, 34.885189441 ], [ 135.162328339999988, 34.885290559 ], [ 135.16258, 34.885428613 ], [ 135.162692217999989, 34.885499162 ], [ 135.162876394, 34.885614721 ], [ 135.163009442, 34.885712495 ], [ 135.163179727999989, 34.885838054 ], [ 135.16363, 34.886120829 ], [ 135.163925837, 34.886306387 ], [ 135.164018340000013, 34.886364441 ], [ 135.164153891000012, 34.886497225 ], [ 135.16427, 34.886614162 ], [ 135.164773061, 34.887161946 ], [ 135.16494083, 34.887262775 ], [ 135.165108612000012, 34.887337225 ], [ 135.165334449, 34.887502225 ], [ 135.16554083, 34.887624441 ], [ 135.16568917, 34.887805279 ], [ 135.165805279000011, 34.887943333 ], [ 135.165895551, 34.888097495 ], [ 135.165940830000011, 34.88822 ], [ 135.165973060999988, 34.888464441 ], [ 135.166050558, 34.888591946 ], [ 135.166114721000014, 34.888645279 ], [ 135.166295279, 34.888693054 ], [ 135.16645917, 34.888741667 ], [ 135.166666666999987, 34.888803387 ], [ 135.166717782, 34.888818613 ], [ 135.167148054, 34.888946387 ], [ 135.167172776, 34.888953613 ], [ 135.167301946, 34.889027495 ], [ 135.167506108999987, 34.889144441 ], [ 135.167559442, 34.889182495 ], [ 135.167671946000013, 34.889255279 ], [ 135.168231115, 34.889616667 ], [ 135.168653606, 34.88985 ], [ 135.168830558, 34.889947775 ], [ 135.169113606, 34.890105279 ], [ 135.169601115, 34.890355 ], [ 135.16989722400001, 34.890501667 ], [ 135.169989442, 34.890539441 ], [ 135.170072776000012, 34.890553333 ], [ 135.170186939, 34.890572225 ], [ 135.170233061, 34.890577495 ], [ 135.170391115, 34.890501946 ], [ 135.170542776, 34.890333613 ], [ 135.170615006, 34.890225 ], [ 135.170575551000013, 34.890073054 ], [ 135.170476667, 34.889937225 ], [ 135.170430558, 34.889774441 ], [ 135.170364721, 34.889616946 ], [ 135.170391115, 34.889394441 ], [ 135.170470271999989, 34.889182775 ], [ 135.170588885, 34.889063333 ], [ 135.170799442, 34.888976667 ], [ 135.170924721, 34.888933054 ], [ 135.171115551000014, 34.888813892 ], [ 135.171273606, 34.888705279 ], [ 135.171405551, 34.888607495 ], [ 135.171460311, 34.888595279 ], [ 135.171721673, 34.888536946 ], [ 135.171853333, 34.888471946 ], [ 135.171971946000014, 34.888406946 ], [ 135.17218917, 34.888287495 ], [ 135.172446109, 34.888189721 ], [ 135.172656939, 34.888119162 ], [ 135.172946667, 34.888081387 ], [ 135.173144162999989, 34.888092225 ], [ 135.173302218, 34.888124721 ], [ 135.173506393999986, 34.888206108 ], [ 135.173809442, 34.888330829 ], [ 135.174118885000013, 34.888450279 ], [ 135.17431, 34.888504721 ], [ 135.174395551, 34.888526387 ], [ 135.174599728, 34.88851 ], [ 135.174771115, 34.888504721 ], [ 135.175, 34.888466946 ], [ 135.175001673, 34.888466667 ], [ 135.175390271999987, 34.888358054 ], [ 135.175679728, 34.888265829 ], [ 135.175770272, 34.888223613 ], [ 135.175877224, 34.888173613 ], [ 135.176015551, 34.888135559 ], [ 135.176239442, 34.888113892 ], [ 135.176568885, 34.888081387 ], [ 135.176924449000012, 34.888075829 ], [ 135.177108885, 34.888059441 ], [ 135.177266939, 34.888043333 ], [ 135.177484449, 34.888043333 ], [ 135.177747782000012, 34.887999721 ], [ 135.177945279, 34.887951108 ], [ 135.178215551, 34.887847775 ], [ 135.178373606, 34.887782775 ], [ 135.17859083, 34.887712225 ], [ 135.178828054, 34.887695829 ], [ 135.179545837, 34.887679721 ], [ 135.179776393999987, 34.887701387 ], [ 135.179947497, 34.887723054 ], [ 135.180171673, 34.887782775 ], [ 135.180329441999987, 34.88781 ], [ 135.180500558, 34.887798892 ], [ 135.180606109, 34.887836946 ], [ 135.18071805400001, 34.887940279 ], [ 135.180764163, 34.888005279 ], [ 135.180882503, 34.888119162 ], [ 135.181014449, 34.888255 ], [ 135.181277782, 34.888661946 ], [ 135.181495006, 34.888678333 ], [ 135.181666394, 34.888683892 ], [ 135.181877224, 34.888656667 ], [ 135.182423891000013, 34.888591387 ], [ 135.182792503, 34.888483054 ], [ 135.182924449000012, 34.888450279 ], [ 135.183056109, 34.888363613 ], [ 135.183240558, 34.888211667 ], [ 135.183333333, 34.888124892 ], [ 135.183339170000011, 34.888119441 ], [ 135.183813606, 34.887973054 ], [ 135.184030830000012, 34.887886108 ], [ 135.184175837, 34.887793892 ], [ 135.184419442, 34.887625559 ], [ 135.184742218, 34.887516946 ], [ 135.185011946, 34.887441108 ], [ 135.185196394, 34.887365 ], [ 135.185242192, 34.88734264 ], [ 135.185311388, 34.887308892 ], [ 135.185341388000012, 34.887294441 ], [ 135.185571673, 34.887153333 ], [ 135.185611115, 34.887110279 ], [ 135.185769442, 34.886936387 ], [ 135.185828612, 34.886833054 ], [ 135.18584834, 34.886686667 ], [ 135.185901115, 34.886578054 ], [ 135.18598, 34.886475 ], [ 135.186056109, 34.886266667 ], [ 135.18606083, 34.886254162 ], [ 135.186125006, 34.886078613 ], [ 135.186158054, 34.885780279 ], [ 135.186190829999987, 34.885644441 ], [ 135.186190829999987, 34.885519721 ], [ 135.186177781999987, 34.885259441 ], [ 135.186125006, 34.885181946 ], [ 135.186085551, 34.885123613 ], [ 135.185966939, 34.884917495 ], [ 135.185920829999986, 34.884819721 ], [ 135.18598, 34.884700279 ], [ 135.186026109000011, 34.884667775 ], [ 135.186111114999989, 34.884628748 ], [ 135.186144721, 34.884613333 ], [ 135.186460829999987, 34.884700279 ], [ 135.186488340000011, 34.884709162 ], [ 135.186836394000011, 34.884819721 ], [ 135.187113061, 34.884846946 ], [ 135.187284162999987, 34.884830559 ], [ 135.187286667, 34.884830559 ], [ 135.187475279000012, 34.884825 ], [ 135.187732218, 34.884841387 ], [ 135.187995551, 34.884879441 ], [ 135.188140557999986, 34.884922775 ], [ 135.188278612, 34.884911946 ], [ 135.188416939, 34.884846946 ], [ 135.188515837000011, 34.884781667 ], [ 135.18866083, 34.884651387 ], [ 135.188667224, 34.884445279 ], [ 135.188654163, 34.884163054 ], [ 135.188673891, 34.883929441 ], [ 135.188733332999988, 34.883717775 ], [ 135.188759442, 34.883555 ], [ 135.188878054000014, 34.883337775 ], [ 135.188883022, 34.883333333 ], [ 135.189036109, 34.883196667 ], [ 135.189253606, 34.883082775 ], [ 135.189438054, 34.882995829 ], [ 135.189543332999989, 34.882941667 ], [ 135.189708054, 34.882854721 ], [ 135.189879170000012, 34.882724441 ], [ 135.190037224, 34.882556387 ], [ 135.190056938999987, 34.882544441 ], [ 135.19034, 34.882371667 ], [ 135.190498053999988, 34.882301108 ], [ 135.19061, 34.882203333 ], [ 135.190781388, 34.882046108 ], [ 135.190959170000014, 34.881785559 ], [ 135.191057782, 34.881655279 ], [ 135.191196109, 34.881541387 ], [ 135.191256939, 34.881453613 ], [ 135.191275279, 34.881427495 ], [ 135.19140027200001, 34.881286387 ], [ 135.19160444900001, 34.881053054 ], [ 135.191644163, 34.880884721 ], [ 135.191666667, 34.880667306 ], [ 135.191670558, 34.880629721 ], [ 135.191696667, 34.880575279 ], [ 135.191769169999986, 34.880515559 ], [ 135.191953606, 34.880472225 ], [ 135.19220834, 34.880438054 ], [ 135.192230271999989, 34.880435 ], [ 135.192236939, 34.880434162 ], [ 135.192829728, 34.880564441 ], [ 135.19301, 34.880628892 ], [ 135.193027224, 34.880635 ], [ 135.193185279, 34.880716387 ], [ 135.193448612, 34.880825 ], [ 135.193745006, 34.880911946 ], [ 135.193929442000012, 34.880939162 ], [ 135.194100558, 34.880901108 ], [ 135.194271673, 34.880830559 ], [ 135.194436394, 34.880743613 ], [ 135.194508885, 34.880675 ], [ 135.194568054, 34.880618892 ], [ 135.194752502999989, 34.880499441 ], [ 135.194996108999987, 34.880320279 ], [ 135.195154163000012, 34.880146667 ], [ 135.195206939, 34.880010829 ], [ 135.195272776, 34.879902225 ], [ 135.195417782, 34.879755829 ], [ 135.195621945999989, 34.879549441 ], [ 135.19572083, 34.879457225 ], [ 135.19583917, 34.879468054 ], [ 135.195971115, 34.879511387 ], [ 135.196135551, 34.879544162 ], [ 135.196537497, 34.879685279 ], [ 135.196656109, 34.879745 ], [ 135.196794163, 34.879755829 ], [ 135.196971388, 34.879683054 ], [ 135.19701834, 34.879663613 ], [ 135.19703610900001, 34.879652495 ], [ 135.197228884999987, 34.879533333 ], [ 135.197339728, 34.879457775 ], [ 135.197459442, 34.879375829 ], [ 135.197565006, 34.879207495 ], [ 135.197657224000011, 34.878898054 ], [ 135.197670272000011, 34.878751667 ], [ 135.197716109, 34.878588892 ], [ 135.197775279000012, 34.878393333 ], [ 135.197861115, 34.878187225 ], [ 135.197861115, 34.878051387 ], [ 135.197808611999989, 34.877915829 ], [ 135.197716394, 34.877774721 ], [ 135.197663606, 34.877660559 ], [ 135.197571388, 34.877497775 ], [ 135.197551673, 34.877416387 ], [ 135.197597782, 34.877345829 ], [ 135.197826939, 34.877243333 ], [ 135.197973061, 34.877177775 ], [ 135.198177224, 34.877074721 ], [ 135.198328612000012, 34.877015 ], [ 135.19855917000001, 34.876895559 ], [ 135.19877, 34.876749162 ], [ 135.19888834, 34.876694721 ], [ 135.199053061, 34.876651387 ], [ 135.199211115, 34.876575279 ], [ 135.199388885, 34.876510279 ], [ 135.199533890999987, 34.876466667 ], [ 135.199672217999989, 34.87638 ], [ 135.19975138800001, 34.876358333 ], [ 135.199909442, 34.87638 ], [ 135.2, 34.876434 ], [ 135.200027782, 34.876450559 ], [ 135.200126667, 34.876488333 ], [ 135.200317782000013, 34.876471946 ], [ 135.200548340000012, 34.876433892 ], [ 135.200818054, 34.876395829 ], [ 135.200936394, 34.876222225 ], [ 135.201061673, 34.876081387 ], [ 135.201213061, 34.875994441 ], [ 135.201364721, 34.875961946 ], [ 135.201601673, 34.875950829 ], [ 135.201990271999989, 34.875999721 ], [ 135.201996394, 34.876002225 ], [ 135.202220829999987, 34.876097495 ], [ 135.20235917, 34.876168054 ], [ 135.202530272, 34.876227775 ], [ 135.202760829999988, 34.876292775 ], [ 135.203340272, 34.876358054 ], [ 135.203537782000012, 34.876379721 ], [ 135.203827497, 34.876417775 ], [ 135.204031945999986, 34.876406667 ], [ 135.204143891, 34.876401387 ], [ 135.204268885, 34.876450279 ], [ 135.204506109, 34.876683613 ], [ 135.204611115, 34.876751667 ], [ 135.20469055800001, 34.876803054 ], [ 135.204835279, 34.876873613 ], [ 135.205019728, 34.876906108 ], [ 135.205250272, 34.876911667 ], [ 135.205400558, 34.877167775 ], [ 135.205447782, 34.877248054 ], [ 135.205573061, 34.877340279 ], [ 135.205711388, 34.877367495 ], [ 135.205876109, 34.877421667 ], [ 135.205877496999989, 34.877421667 ], [ 135.206218054, 34.877438054 ], [ 135.206613333, 34.877546667 ], [ 135.206698885, 34.877535829 ], [ 135.206903061, 34.877443613 ], [ 135.207041388, 34.877318613 ], [ 135.207146939000012, 34.877150279 ], [ 135.20739917, 34.877100829 ], [ 135.207561672999987, 34.877068892 ], [ 135.207733061, 34.877014721 ], [ 135.207917497000011, 34.876976667 ], [ 135.208082217999987, 34.877058054 ], [ 135.208333333000013, 34.877241802 ], [ 135.208727224, 34.87753 ], [ 135.20887221800001, 34.877627775 ], [ 135.209102776, 34.877801387 ], [ 135.209257782, 34.877910829 ], [ 135.209563890999988, 34.878127225 ], [ 135.209768054, 34.878262775 ], [ 135.209906109, 34.878371387 ], [ 135.210097224, 34.878452775 ], [ 135.210255279, 34.878474441 ], [ 135.210426667, 34.87848 ], [ 135.21073610900001, 34.878431108 ], [ 135.210854721, 34.878371387 ], [ 135.211071673, 34.878300829 ], [ 135.211394449000011, 34.878241108 ], [ 135.211539442, 34.878251946 ], [ 135.211953891, 34.878287775 ], [ 135.211980558, 34.87829 ], [ 135.212125551000014, 34.878300829 ], [ 135.212283606, 34.878213892 ], [ 135.212349442, 34.878116387 ], [ 135.212421946, 34.877975279 ], [ 135.212514163, 34.877649441 ], [ 135.212586667000011, 34.877443333 ], [ 135.212649441999986, 34.877262225 ], [ 135.212682503, 34.877166387 ], [ 135.212691946, 34.877139162 ], [ 135.212774163, 34.876993892 ], [ 135.212915837, 34.876743054 ], [ 135.213113606, 34.876504162 ], [ 135.21327138800001, 34.876384721 ], [ 135.213429442, 34.876292495 ], [ 135.213686109, 34.876151387 ], [ 135.213824448999986, 34.876053613 ], [ 135.214022218, 34.875793054 ], [ 135.214173606, 34.875695559 ], [ 135.214344721, 34.875651946 ], [ 135.214522776, 34.875565279 ], [ 135.214615006, 34.875510829 ], [ 135.214931115000013, 34.875168892 ], [ 135.215121946000011, 34.875071387 ], [ 135.215227223999989, 34.875006108 ], [ 135.215247562, 34.875 ], [ 135.215363281, 34.874965252 ], [ 135.215495006, 34.874925829 ], [ 135.215516939, 34.874919162 ], [ 135.215882502999989, 34.874880559 ], [ 135.215978054, 34.874870559 ], [ 135.216215006, 34.874854162 ], [ 135.216406109, 34.874875829 ], [ 135.216649728, 34.874930279 ], [ 135.216666667, 34.874936333 ], [ 135.216755279000012, 34.874968054 ], [ 135.216796693, 34.875 ], [ 135.216959442, 34.875125559 ], [ 135.217117497, 34.875206946 ], [ 135.217347782, 34.875298892 ], [ 135.217486109, 34.875358613 ], [ 135.217749442000013, 34.875423892 ], [ 135.217848339999989, 34.875456387 ], [ 135.217986667, 34.875575829 ], [ 135.218085279, 34.875668054 ], [ 135.218381115, 34.875646387 ], [ 135.218703333, 34.875622495 ], [ 135.218967782, 34.875603054 ], [ 135.219165551, 34.875548613 ], [ 135.219309611, 34.875559892 ], [ 135.219580272, 34.875581108 ], [ 135.219777782, 34.875505279 ], [ 135.219942503, 34.875396667 ], [ 135.220265006, 34.875212225 ], [ 135.220547004, 34.875 ], [ 135.220568054000012, 34.874984162 ], [ 135.220699728, 34.874902775 ], [ 135.220864449, 34.874881108 ], [ 135.221108054000013, 34.874935279 ], [ 135.22150094700001, 34.875 ], [ 135.221733605999987, 34.875038333 ], [ 135.221878612000012, 34.875054721 ], [ 135.222144332, 34.875 ], [ 135.222326394, 34.874962495 ], [ 135.223057497000013, 34.874658333 ], [ 135.223250752000013, 34.874605468 ], [ 135.223515551, 34.874532495 ], [ 135.223946394, 34.874413892 ], [ 135.224117497, 34.874332495 ], [ 135.224216109, 34.874246387 ], [ 135.224223061, 34.874240279 ], [ 135.22437444900001, 34.874158892 ], [ 135.224386109, 34.874153892 ], [ 135.224700272, 34.874017225 ], [ 135.224822023, 34.873964441 ], [ 135.224977782, 34.873896667 ], [ 135.225, 34.873892108 ], [ 135.225763891000014, 34.873735559 ], [ 135.22608, 34.873415279 ], [ 135.226185279, 34.873285 ], [ 135.226284163, 34.873105829 ], [ 135.226429169999989, 34.872921387 ], [ 135.227001946, 34.872926667 ], [ 135.227206394, 34.872845279 ], [ 135.227390272, 34.872709721 ], [ 135.227541946, 34.872666108 ], [ 135.227759170000013, 34.872530559 ], [ 135.228180830000014, 34.872454441 ], [ 135.228358612, 34.872438333 ], [ 135.228562776, 34.872497775 ], [ 135.228674721, 34.872552225 ], [ 135.228782503, 34.872671946 ], [ 135.228845837, 34.872742225 ], [ 135.229228054, 34.873073333 ], [ 135.22934, 34.873187225 ], [ 135.229484449000012, 34.873279441 ], [ 135.229622776000014, 34.873355559 ], [ 135.229715006, 34.873420559 ], [ 135.229820558, 34.873409721 ], [ 135.230228885, 34.873366108 ], [ 135.230419727999987, 34.873338892 ], [ 135.230617497, 34.873300829 ], [ 135.230788612, 34.873219441 ], [ 135.230920272, 34.873138054 ], [ 135.23101917, 34.873138054 ], [ 135.231493061, 34.873219441 ], [ 135.231703891, 34.873235829 ], [ 135.231895006, 34.873252225 ], [ 135.232178054, 34.873311946 ], [ 135.232540272, 34.873393333 ], [ 135.232823606000011, 34.873512775 ], [ 135.232994721000011, 34.873594162 ], [ 135.233146393999988, 34.873659162 ], [ 135.233333333, 34.873781613 ], [ 135.233337224, 34.873784162 ], [ 135.233745551, 34.874104162 ], [ 135.233831114999987, 34.874375559 ], [ 135.233890558000013, 34.874527775 ], [ 135.233943333000013, 34.874750279 ], [ 135.233976109, 34.874804441 ], [ 135.234169248, 34.875 ], [ 135.234351388, 34.875184441 ], [ 135.234356939, 34.875188333 ], [ 135.23452917, 34.875309162 ], [ 135.23466083, 34.875401667 ], [ 135.234759728, 34.875564441 ], [ 135.234779442, 34.875862775 ], [ 135.234786109, 34.875949721 ], [ 135.234904449, 34.876052775 ], [ 135.23505834, 34.876100559 ], [ 135.235115279000013, 34.876118054 ], [ 135.235246939, 34.876161387 ], [ 135.235298885, 34.876198892 ], [ 135.235411672999987, 34.876280829 ], [ 135.235503891, 34.876351387 ], [ 135.235701388, 34.87646 ], [ 135.235787781999989, 34.876516387 ], [ 135.235925279000014, 34.876606387 ], [ 135.236037497000012, 34.876688054 ], [ 135.236149442, 34.876769441 ], [ 135.236340272, 34.87684 ], [ 135.236590557999989, 34.876953892 ], [ 135.236860557999989, 34.877073333 ], [ 135.237031946, 34.877122225 ], [ 135.237183333, 34.877127495 ], [ 135.237301946, 34.877111387 ], [ 135.237466667, 34.877127495 ], [ 135.23776306100001, 34.877176387 ], [ 135.238, 34.877181946 ], [ 135.238210830000014, 34.877149162 ], [ 135.238322776, 34.877133054 ], [ 135.238454448999988, 34.877105829 ], [ 135.238658612, 34.877041108 ], [ 135.238876108999989, 34.877035559 ], [ 135.239060558, 34.877024721 ], [ 135.239192218, 34.877046387 ], [ 135.23948834, 34.877149441 ], [ 135.239653061000013, 34.877236387 ], [ 135.239791387999986, 34.877328613 ], [ 135.239942776, 34.877415559 ], [ 135.240206109000013, 34.8776 ], [ 135.240489442000012, 34.877779162 ], [ 135.240673891, 34.877866108 ], [ 135.240792503, 34.877931108 ], [ 135.240924162999988, 34.877963892 ], [ 135.241036109, 34.877969162 ], [ 135.241279728, 34.878007225 ], [ 135.241405006, 34.878083054 ], [ 135.241523605999987, 34.878197225 ], [ 135.241655279000014, 34.878267775 ], [ 135.241666667, 34.878271333 ], [ 135.241793605999987, 34.878311108 ], [ 135.24193834, 34.878354441 ], [ 135.24209, 34.878354441 ], [ 135.242399442, 34.878338333 ], [ 135.242669442, 34.878099441 ], [ 135.242709170000012, 34.877969162 ], [ 135.242814449, 34.877876946 ], [ 135.242972503, 34.877855279 ], [ 135.243072503, 34.877892495 ], [ 135.243431115, 34.878025829 ], [ 135.24344, 34.878029162 ], [ 135.243604721, 34.878078054 ], [ 135.24376917, 34.878121387 ], [ 135.243920558000013, 34.878165 ], [ 135.244006394, 34.878132225 ], [ 135.244302776000012, 34.877833892 ], [ 135.244408054, 34.877719721 ], [ 135.244526667, 34.877638333 ], [ 135.24465834, 34.877643892 ], [ 135.244741946, 34.877681946 ], [ 135.244921673, 34.877763333 ], [ 135.245554163, 34.878213613 ], [ 135.24616, 34.878664162 ], [ 135.246265279, 34.878696667 ], [ 135.24643, 34.878571946 ], [ 135.246686939, 34.878414441 ], [ 135.246884449, 34.878257225 ], [ 135.247042502999989, 34.878219162 ], [ 135.247209728, 34.878211387 ], [ 135.247415006000011, 34.878271108 ], [ 135.247503333, 34.878277775 ], [ 135.247574163, 34.878283054 ], [ 135.247718885000012, 34.878229441 ], [ 135.247827497, 34.878175829 ], [ 135.247975279, 34.878026946 ], [ 135.248141673, 34.877836108 ], [ 135.248271945999988, 34.877884441 ], [ 135.248900271999986, 34.878117775 ], [ 135.248976938999988, 34.878146108 ], [ 135.249078340000011, 34.878211667 ], [ 135.249179728, 34.878229721 ], [ 135.249295550999989, 34.878217775 ], [ 135.249447497, 34.878241667 ], [ 135.249606938999989, 34.878295279 ], [ 135.249758885, 34.878378892 ], [ 135.249903606, 34.878486108 ], [ 135.25, 34.878574468 ], [ 135.250033890999987, 34.878605559 ], [ 135.250058884999987, 34.878639162 ], [ 135.250113606000014, 34.878712775 ], [ 135.250200272, 34.878778613 ], [ 135.250290272, 34.878811946 ], [ 135.250384163, 34.878823892 ], [ 135.250507223999989, 34.878782225 ], [ 135.250623061, 34.878716387 ], [ 135.250847497, 34.878776108 ], [ 135.251412218000013, 34.878966946 ], [ 135.251928885000012, 34.879181946 ], [ 135.252051946, 34.879235829 ], [ 135.252153333, 34.879307225 ], [ 135.252233061, 34.879385 ], [ 135.252319728, 34.87954 ], [ 135.252406667, 34.879659162 ], [ 135.252508054, 34.879790559 ], [ 135.252587782, 34.879873892 ], [ 135.252672217999987, 34.879953333 ], [ 135.252802503, 34.880006946 ], [ 135.252896666999987, 34.880036946 ], [ 135.252983605999987, 34.880030829 ], [ 135.25317917000001, 34.880018892 ], [ 135.253432218, 34.880036946 ], [ 135.253605837, 34.880084721 ], [ 135.253743332999989, 34.880156108 ], [ 135.253885032, 34.880243667 ], [ 135.254267497, 34.88048 ], [ 135.254687224, 34.880730559 ], [ 135.25485389100001, 34.880873892 ], [ 135.254947781999988, 34.880975279 ], [ 135.255032503, 34.881066387 ], [ 135.255126667000013, 34.88115 ], [ 135.255228054000014, 34.881191667 ], [ 135.255401673, 34.881293054 ], [ 135.255730272, 34.881460279 ], [ 135.256113891000012, 34.881639162 ], [ 135.256302218, 34.881698892 ], [ 135.256512218000012, 34.881764441 ], [ 135.256888612000012, 34.881907495 ], [ 135.257105551, 34.881997225 ], [ 135.257243061, 34.882062775 ], [ 135.257337224, 34.882140279 ], [ 135.257445837, 34.882286946 ], [ 135.257586393999986, 34.882588892 ], [ 135.257693333, 34.882827225 ], [ 135.257825279, 34.883121667 ], [ 135.257926394, 34.883246946 ], [ 135.25802430600001, 34.883333333 ], [ 135.258027782, 34.883336387 ], [ 135.258158054, 34.883384162 ], [ 135.258333333, 34.883439667 ], [ 135.258440558, 34.883473613 ], [ 135.258553060999986, 34.883521667 ], [ 135.258650272000011, 34.883563054 ], [ 135.258932776, 34.883670279 ], [ 135.25912083, 34.883753892 ], [ 135.25929, 34.883841108 ], [ 135.2595, 34.883984162 ], [ 135.259767782000011, 34.884163054 ], [ 135.26028, 34.884513613 ], [ 135.260653606, 34.884769162 ], [ 135.260914163, 34.884912495 ], [ 135.261145836999987, 34.885031667 ], [ 135.261395005999987, 34.885115279 ], [ 135.261539728, 34.885151108 ], [ 135.261727782, 34.885168892 ], [ 135.26189444900001, 34.885162775 ], [ 135.262126109, 34.885109162 ], [ 135.262285279, 34.885073333 ], [ 135.262444448999986, 34.885007775 ], [ 135.262715006, 34.884852775 ], [ 135.262866939, 34.884810829 ], [ 135.26303333300001, 34.884805 ], [ 135.26403, 34.884886667 ], [ 135.264923333000013, 34.88496 ], [ 135.26666666700001, 34.885111 ], [ 135.26705917000001, 34.885145 ], [ 135.268863606, 34.885298333 ], [ 135.269866109, 34.885383613 ], [ 135.26990917, 34.885387225 ], [ 135.270186394, 34.885409721 ], [ 135.270883061, 34.885466387 ], [ 135.271518054000012, 34.885518333 ], [ 135.271843061, 34.885544721 ], [ 135.272535837, 34.885605559 ], [ 135.273061673, 34.885651946 ], [ 135.273865006, 34.885711667 ], [ 135.274053333000012, 34.885741667 ], [ 135.274798885, 34.885795279 ], [ 135.275, 34.885807252 ], [ 135.27529834, 34.885825 ], [ 135.275905005999988, 34.885896667 ], [ 135.276729728, 34.885962225 ], [ 135.27729444900001, 34.88601 ], [ 135.277562218000014, 34.886039721 ], [ 135.277728612, 34.886063613 ], [ 135.277938612000014, 34.886135279 ], [ 135.278112502999988, 34.886200829 ], [ 135.278264449, 34.886278333 ], [ 135.278466939, 34.886397775 ], [ 135.278713061, 34.886528892 ], [ 135.27888333300001, 34.886594721 ], [ 135.278977497, 34.886600559 ], [ 135.279085837, 34.886558892 ], [ 135.279172776, 34.886469441 ], [ 135.279310272, 34.886302225 ], [ 135.279462218, 34.886165 ], [ 135.279585279, 34.886075559 ], [ 135.279744449, 34.885968333 ], [ 135.279961673, 34.885860829 ], [ 135.280142503, 34.885783333 ], [ 135.280395836999986, 34.885747495 ], [ 135.280420558, 34.886047225 ], [ 135.280442218, 34.886196387 ], [ 135.280536394, 34.886691667 ], [ 135.280485551, 34.886936108 ], [ 135.280427782, 34.887210559 ], [ 135.280333606, 34.887443054 ], [ 135.279899441999987, 34.888375559 ], [ 135.27980083, 34.888546387 ], [ 135.279754720999989, 34.888626108 ], [ 135.279675524999988, 34.888743135 ], [ 135.279603060999989, 34.888850279 ], [ 135.279581115000013, 34.888882495 ], [ 135.279501388, 34.889011108 ], [ 135.279385551, 34.889124441 ], [ 135.279190272, 34.889285559 ], [ 135.278929728, 34.889482495 ], [ 135.278495279, 34.889780829 ], [ 135.278444449, 34.889817775 ], [ 135.278241946, 34.889965559 ], [ 135.278033891, 34.890088613 ], [ 135.277995006, 34.890111667 ], [ 135.277611673, 34.890278892 ], [ 135.277513606000014, 34.890331667 ], [ 135.277445279, 34.890368333 ], [ 135.277344449, 34.890454721 ], [ 135.277264163000012, 34.890523333 ], [ 135.277173891, 34.89058 ], [ 135.277054449, 34.890654721 ], [ 135.276966667000011, 34.890726946 ], [ 135.276685279, 34.890958892 ], [ 135.276373891, 34.891227225 ], [ 135.276011946000011, 34.891555279 ], [ 135.275910584, 34.891666667 ], [ 135.275664449, 34.891937225 ], [ 135.275227497, 34.892393892 ], [ 135.275211115, 34.892414162 ], [ 135.275032218, 34.892632495 ], [ 135.275, 34.892666829 ], [ 135.274858612, 34.892817495 ], [ 135.274706394, 34.893017775 ], [ 135.274670272, 34.893107225 ], [ 135.274684721, 34.893185 ], [ 135.274735551, 34.893310279 ], [ 135.274793333, 34.893447225 ], [ 135.27480055800001, 34.893608333 ], [ 135.274778884999989, 34.893721667 ], [ 135.274619728, 34.894119162 ], [ 135.274467496999989, 34.894381387 ], [ 135.274438612000012, 34.894554441 ], [ 135.274438612000012, 34.89462 ], [ 135.274447302, 34.894651252 ], [ 135.274460272, 34.894697775 ], [ 135.274561673, 34.894840829 ], [ 135.274706394, 34.895059162 ], [ 135.274778884999989, 34.895190559 ], [ 135.274793333, 34.895309721 ], [ 135.274836666999988, 34.895482775 ], [ 135.274858612, 34.895536387 ], [ 135.274945279, 34.895584162 ], [ 135.275, 34.895586279 ], [ 135.275097224, 34.89559 ], [ 135.275242217999988, 34.895601946 ], [ 135.275358054, 34.895625829 ], [ 135.275531672999989, 34.895697495 ], [ 135.275618611999988, 34.895808333 ], [ 135.275604163, 34.895957495 ], [ 135.275560558, 34.896094441 ], [ 135.275495551, 34.896255559 ], [ 135.275466394, 34.896380829 ], [ 135.275451946, 34.896511946 ], [ 135.275466394, 34.896664721 ], [ 135.27551, 34.896796108 ], [ 135.275618611999988, 34.896975 ], [ 135.275748885000013, 34.897088333 ], [ 135.275886394, 34.897213613 ], [ 135.275919339000012, 34.897264973 ], [ 135.27595138800001, 34.897315 ], [ 135.276002218, 34.897422495 ], [ 135.276081673, 34.897549441 ], [ 135.276161388, 34.897674721 ], [ 135.276204721, 34.897853613 ], [ 135.276190272, 34.897942495 ], [ 135.275998054000013, 34.898285279 ], [ 135.275966109, 34.898342225 ], [ 135.275821115000014, 34.898592775 ], [ 135.275734449, 34.898735829 ], [ 135.275661946000014, 34.898891108 ], [ 135.275661946000014, 34.89899 ], [ 135.275748885000013, 34.899264441 ], [ 135.275792218, 34.899383892 ], [ 135.275857497, 34.899514721 ], [ 135.276038340000014, 34.899959721 ], [ 135.276044137000014, 34.9 ], [ 135.276074449, 34.900210279 ], [ 135.276096394, 34.900329721 ], [ 135.276096394, 34.900460829 ], [ 135.27608917, 34.900804441 ], [ 135.27627, 34.900923892 ], [ 135.276537782, 34.901066946 ], [ 135.276595837, 34.901448613 ], [ 135.276573891, 34.901774441 ], [ 135.276573891, 34.902006946 ], [ 135.276610272, 34.902156108 ], [ 135.276682502999989, 34.902317225 ], [ 135.276856394, 34.902436667 ], [ 135.277121946, 34.902557775 ], [ 135.277368054, 34.902671108 ], [ 135.277505551, 34.902760559 ], [ 135.277555279000012, 34.902814333 ], [ 135.277621388, 34.902885829 ], [ 135.27794500600001, 34.903266946 ], [ 135.277966666999987, 34.903356387 ], [ 135.277952218, 34.903433892 ], [ 135.27767, 34.903624721 ], [ 135.277561388, 34.903726108 ], [ 135.277373061, 34.903857225 ], [ 135.277213891, 34.903988613 ], [ 135.277126939, 34.90409 ], [ 135.27709083, 34.904179441 ], [ 135.27709083, 34.904274721 ], [ 135.277119728, 34.904358333 ], [ 135.277163333, 34.904489441 ], [ 135.277235551, 34.904626667 ], [ 135.277602503, 34.905222775 ], [ 135.277667782, 34.905365829 ], [ 135.27771834, 34.905515 ], [ 135.277732776, 34.905725559 ], [ 135.27767500600001, 34.905821108 ], [ 135.277518054000012, 34.905997495 ], [ 135.277461388, 34.906037225 ], [ 135.277322503, 34.906134721 ], [ 135.277040272, 34.906391108 ], [ 135.276673061, 34.906710829 ], [ 135.27655, 34.906824162 ], [ 135.276499441999988, 34.906925559 ], [ 135.276470558, 34.907074721 ], [ 135.276470558, 34.907247775 ], [ 135.276456109, 34.907486387 ], [ 135.276426939, 34.907893054 ], [ 135.276398054, 34.908066108 ], [ 135.276361946, 34.908185559 ], [ 135.276303891, 34.908310829 ], [ 135.276293138999989, 34.908333333 ], [ 135.27621, 34.908507495 ], [ 135.276123061, 34.908644721 ], [ 135.276101388, 34.908788054 ], [ 135.276108612, 34.908928613 ], [ 135.276202776, 34.909071667 ], [ 135.27636917, 34.909214721 ], [ 135.27655, 34.909393613 ], [ 135.276688611999987, 34.909513613 ], [ 135.276839728, 34.909644162 ], [ 135.277030558, 34.909795559 ], [ 135.277404163, 34.910091667 ], [ 135.277860272, 34.910596387 ], [ 135.277932776, 34.91068 ], [ 135.277990558, 34.910811108 ], [ 135.277983333, 34.910984162 ], [ 135.277932776, 34.911123054 ], [ 135.277915551, 34.911145 ], [ 135.277838612000011, 34.911242495 ], [ 135.277701115000013, 34.911391667 ], [ 135.277483891, 34.911588333 ], [ 135.277223333, 34.911797225 ], [ 135.276774448999987, 34.912097225 ], [ 135.276593606, 34.912246108 ], [ 135.276557497, 34.912299721 ], [ 135.276492217999987, 34.912443054 ], [ 135.276492217999987, 34.912671387 ], [ 135.27655, 34.913186108 ], [ 135.276557497, 34.913341387 ], [ 135.276546109, 34.913377225 ], [ 135.276513891, 34.913478613 ], [ 135.276426939, 34.913725 ], [ 135.276333061, 34.913832225 ], [ 135.276014449, 34.914141946 ], [ 135.275927497, 34.914279162 ], [ 135.275797224, 34.914440279 ], [ 135.275753891, 34.914583333 ], [ 135.27577555100001, 34.914761946 ], [ 135.27577555100001, 34.914875279 ], [ 135.275739442, 34.914952775 ], [ 135.275623606000011, 34.915084162 ], [ 135.275515006, 34.915246946 ], [ 135.275478885000012, 34.915372225 ], [ 135.27542083, 34.915551108 ], [ 135.275370272, 34.915779721 ], [ 135.275334163, 34.916043892 ], [ 135.27531221800001, 34.916397775 ], [ 135.275283333, 34.916570559 ], [ 135.27527, 34.916666667 ], [ 135.27524, 34.916882775 ], [ 135.275225551, 34.917043613 ], [ 135.275232776, 34.917277775 ], [ 135.275283333, 34.917576108 ], [ 135.275363061, 34.918085 ], [ 135.275435279, 34.918391108 ], [ 135.275551115000013, 34.918786667 ], [ 135.275666939, 34.919066946 ], [ 135.275746667, 34.919390829 ], [ 135.275947497, 34.919894441 ], [ 135.276096394, 34.920110559 ], [ 135.276363061000012, 34.920391387 ], [ 135.276588054, 34.920564721 ], [ 135.27676917, 34.920624441 ], [ 135.277711114999988, 34.920737775 ], [ 135.277804163000013, 34.920726667 ], [ 135.277825837, 34.920724162 ], [ 135.277987497, 34.920705 ], [ 135.27815917, 34.920684721 ], [ 135.278565837, 34.920636387 ], [ 135.278877224000013, 34.920612495 ], [ 135.279217781999989, 34.920672225 ], [ 135.279594721, 34.92069 ], [ 135.280152503000011, 34.920678054 ], [ 135.280496938999988, 34.920701946 ], [ 135.280714163, 34.920827225 ], [ 135.280866393999986, 34.920892775 ], [ 135.281040272000013, 34.920898892 ], [ 135.281163333, 34.920934721 ], [ 135.281279442, 34.921000279 ], [ 135.281525837, 34.921113613 ], [ 135.281685006, 34.921250829 ], [ 135.281786667, 34.921423892 ], [ 135.281938612, 34.92174 ], [ 135.281989442, 34.921853333 ], [ 135.282221115, 34.922061946 ], [ 135.282423891, 34.922145559 ], [ 135.282648612, 34.922276667 ], [ 135.282938339999987, 34.922473613 ], [ 135.283333333, 34.922640198 ], [ 135.283532503, 34.922724162 ], [ 135.284007224, 34.923082225 ], [ 135.284144721, 34.922986667 ], [ 135.284173891, 34.922777775 ], [ 135.284304163, 34.922748054 ], [ 135.284572218, 34.922837495 ], [ 135.284804163, 34.922950829 ], [ 135.285028885, 34.922974721 ], [ 135.285202776, 34.923022495 ], [ 135.285355006, 34.923105829 ], [ 135.285528885, 34.923189441 ], [ 135.285760558, 34.923350559 ], [ 135.286195006000014, 34.923511667 ], [ 135.286521115, 34.923601108 ], [ 135.286898054, 34.923726387 ], [ 135.286988611999988, 34.923863613 ], [ 135.287045279000012, 34.924128333 ], [ 135.287053606, 34.924167775 ], [ 135.287039170000014, 34.924722225 ], [ 135.287045383, 34.925 ], [ 135.287046393999987, 34.925044441 ], [ 135.286978054, 34.925333892 ], [ 135.286937782, 34.925503613 ], [ 135.286937782, 34.925646946 ], [ 135.287017497, 34.925718613 ], [ 135.287876109, 34.926028613 ], [ 135.288615279, 34.926326946 ], [ 135.288955550999987, 34.92647 ], [ 135.28923083, 34.926690829 ], [ 135.289455551, 34.926798054 ], [ 135.290143891000014, 34.926977225 ], [ 135.290296109, 34.926959162 ], [ 135.290506109, 34.926893613 ], [ 135.290897497, 34.926845829 ], [ 135.291241673, 34.926881667 ], [ 135.29162555100001, 34.926995 ], [ 135.291666666999987, 34.927014162 ], [ 135.291707951, 34.927033387 ], [ 135.291958885000014, 34.927150279 ], [ 135.29237917, 34.927424441 ], [ 135.292763060999988, 34.927651108 ], [ 135.293313606, 34.927889721 ], [ 135.29353834, 34.927937495 ], [ 135.293835279, 34.928056946 ], [ 135.294255551, 34.928164162 ], [ 135.294454721, 34.928194162 ], [ 135.294686667, 34.928182225 ], [ 135.295041672999986, 34.928086667 ], [ 135.295233891, 34.928028054 ], [ 135.295433061000011, 34.927967495 ], [ 135.29575917, 34.927877775 ], [ 135.295918612, 34.927854162 ], [ 135.296135837, 34.927758613 ], [ 135.296722503000012, 34.927424721 ], [ 135.29736749700001, 34.927043054 ], [ 135.297867223999987, 34.926822225 ], [ 135.298045006, 34.926732775 ], [ 135.298117224, 34.926637495 ], [ 135.298226109000012, 34.926351108 ], [ 135.298327497, 34.926201946 ], [ 135.298457782000014, 34.926136387 ], [ 135.298783891, 34.926058892 ], [ 135.298950558, 34.926052775 ], [ 135.299262218, 34.926070829 ], [ 135.299457782, 34.926035 ], [ 135.299537496999989, 34.925993054 ], [ 135.299783606, 34.925635279 ], [ 135.3, 34.925311 ], [ 135.300066109, 34.925211946 ], [ 135.300192049, 34.925 ], [ 135.300225551000011, 34.924943613 ], [ 135.300370558, 34.924633333 ], [ 135.300714721, 34.923989162 ], [ 135.300895837000013, 34.923517775 ], [ 135.301011673, 34.923321108 ], [ 135.30113500600001, 34.923213613 ], [ 135.30147555100001, 34.923016946 ], [ 135.301794449, 34.922844162 ], [ 135.302069728, 34.922617495 ], [ 135.302305279, 34.922355 ], [ 135.302464449000013, 34.922086387 ], [ 135.302482218, 34.922011108 ], [ 135.302522503, 34.921841946 ], [ 135.302558885, 34.921519721 ], [ 135.302595006, 34.921328892 ], [ 135.302653061, 34.921233333 ], [ 135.302768612, 34.921190279 ], [ 135.302812218000014, 34.921173892 ], [ 135.30316, 34.921221387 ], [ 135.303507782, 34.921388613 ], [ 135.30389167300001, 34.921692775 ], [ 135.30413083, 34.922008892 ], [ 135.304442503, 34.922480279 ], [ 135.304536667, 34.922653054 ], [ 135.304826394, 34.922987225 ], [ 135.30510888500001, 34.923249721 ], [ 135.305471388, 34.923458613 ], [ 135.305561946000012, 34.923571946 ], [ 135.305569170000012, 34.923697225 ], [ 135.305547497, 34.923869721 ], [ 135.305445837, 34.924275559 ], [ 135.305438611999989, 34.924526108 ], [ 135.305467782, 34.924651108 ], [ 135.305634449, 34.924889721 ], [ 135.305677782, 34.924967495 ], [ 135.305653217000014, 34.925 ], [ 135.305511115, 34.925188054 ], [ 135.305445837, 34.925349162 ], [ 135.305460558, 34.925504162 ], [ 135.30555834, 34.925629441 ], [ 135.305608885, 34.925760829 ], [ 135.305623333, 34.925933892 ], [ 135.305703061, 34.926071108 ], [ 135.305826394, 34.92622 ], [ 135.305847782, 34.926363333 ], [ 135.306, 34.926613613 ], [ 135.306260830000014, 34.9269 ], [ 135.306463606, 34.927192225 ], [ 135.306586939, 34.927371108 ], [ 135.30671, 34.927693333 ], [ 135.306771672999986, 34.927812495 ], [ 135.306821946000014, 34.927861387 ], [ 135.307018054, 34.928051108 ], [ 135.307206394, 34.928206387 ], [ 135.307380271999989, 34.928331667 ], [ 135.307633891, 34.928659721 ], [ 135.307764449, 34.928945829 ], [ 135.307800558, 34.929029441 ], [ 135.307764449, 34.929166667 ], [ 135.307597781999988, 34.929423054 ], [ 135.307597781999988, 34.929566108 ], [ 135.30769917, 34.929679441 ], [ 135.30793834, 34.9299 ], [ 135.308296939, 34.930299721 ], [ 135.308333333, 34.930371225 ], [ 135.308391115, 34.930484721 ], [ 135.308405279, 34.930627775 ], [ 135.308354721, 34.930890279 ], [ 135.308333333, 34.93094536 ], [ 135.308238885, 34.931188613 ], [ 135.30821, 34.931331667 ], [ 135.308224163, 34.931492775 ], [ 135.308289441999989, 34.931564441 ], [ 135.308333333, 34.931594892 ], [ 135.308658885, 34.931820829 ], [ 135.308825551000012, 34.931952225 ], [ 135.308923333, 34.932214721 ], [ 135.308908885, 34.932363892 ], [ 135.308872775999987, 34.932691667 ], [ 135.30882917, 34.932846667 ], [ 135.308713332999986, 34.932966108 ], [ 135.308517497, 34.933031667 ], [ 135.308365551, 34.933037495 ], [ 135.308333333, 34.933037495 ], [ 135.30806834, 34.933037495 ], [ 135.307800558, 34.933121108 ], [ 135.307626667, 34.933234441 ], [ 135.307514578, 34.933333333 ], [ 135.307423891000013, 34.933413333 ], [ 135.307351388, 34.933532775 ], [ 135.307351388, 34.933634162 ], [ 135.307401946, 34.933777225 ], [ 135.307597781999988, 34.933986108 ], [ 135.307941672999988, 34.934278333 ], [ 135.308028611999987, 34.934427495 ], [ 135.308028611999987, 34.934540829 ], [ 135.307985006, 34.934654162 ], [ 135.307825551, 34.934856946 ], [ 135.307672503, 34.935046108 ], [ 135.30760834, 34.935125559 ], [ 135.307398054, 34.935668054 ], [ 135.307340272, 34.935835 ], [ 135.307188054, 34.936157225 ], [ 135.307032217999989, 34.936598613 ], [ 135.306938339999988, 34.936866946 ], [ 135.30711917, 34.936878892 ], [ 135.307488611999986, 34.936998333 ], [ 135.308111946, 34.937141387 ], [ 135.308333333, 34.937198775 ], [ 135.30850306100001, 34.937242775 ], [ 135.308669728000012, 34.937332225 ], [ 135.308908885, 34.937612775 ], [ 135.308988612, 34.937893054 ], [ 135.30906834000001, 34.938274721 ], [ 135.309043061000011, 34.938572775 ], [ 135.308985006, 34.938918892 ], [ 135.308985006, 34.939133613 ], [ 135.309043061000011, 34.939324441 ], [ 135.309158884999988, 34.939539162 ], [ 135.309354449000011, 34.939879162 ], [ 135.309368885, 34.939950829 ], [ 135.309325551, 34.940046108 ], [ 135.309064721, 34.940469721 ], [ 135.308988612, 34.940654721 ], [ 135.308981388, 34.940827775 ], [ 135.309024720999986, 34.94109 ], [ 135.30906834000001, 34.941233054 ], [ 135.309017497000013, 34.941364162 ], [ 135.308836394, 34.941394162 ], [ 135.308546667, 34.941489441 ], [ 135.308430558, 34.941578892 ], [ 135.308422775999986, 34.941666667 ], [ 135.308408885, 34.941823613 ], [ 135.308445279000011, 34.942211387 ], [ 135.308489728000012, 34.942388333 ], [ 135.308532218000011, 34.942557225 ], [ 135.308695279, 34.942915279 ], [ 135.308760272, 34.943118054 ], [ 135.308760272, 34.943225559 ], [ 135.308731388000012, 34.943326946 ], [ 135.30847055800001, 34.943684441 ], [ 135.308333333, 34.943901802 ], [ 135.308282217999988, 34.943982775 ], [ 135.308253060999988, 34.944143892 ], [ 135.308253060999988, 34.944298892 ], [ 135.308272503000012, 34.944354162 ], [ 135.308333333, 34.944525829 ], [ 135.30836917, 34.944626946 ], [ 135.308568054, 34.945080279 ], [ 135.308626108999988, 34.945253333 ], [ 135.308618884999987, 34.945396387 ], [ 135.30848834, 34.945790279 ], [ 135.308333333, 34.946264198 ], [ 135.308285551000012, 34.946410279 ], [ 135.308147782, 34.946523613 ], [ 135.30793083, 34.946577495 ], [ 135.307691673, 34.946660829 ], [ 135.307434449, 34.94681 ], [ 135.307296667, 34.946959162 ], [ 135.30713, 34.947263333 ], [ 135.306985006, 34.947549721 ], [ 135.306912776, 34.947668892 ], [ 135.306803890999987, 34.947722775 ], [ 135.306412776, 34.947794162 ], [ 135.306282218, 34.94786 ], [ 135.306043061, 34.948062775 ], [ 135.30593083, 34.94817 ], [ 135.305720830000013, 34.948492225 ], [ 135.305467224000012, 34.948766387 ], [ 135.305184449, 34.948939441 ], [ 135.304945551, 34.949046667 ], [ 135.304706394, 34.949076667 ], [ 135.304492775999989, 34.949084441 ], [ 135.304387497, 34.949088333 ], [ 135.30395834, 34.949051946 ], [ 135.303895006, 34.949046667 ], [ 135.303431388, 34.949058613 ], [ 135.30322834, 34.949118333 ], [ 135.303112503, 34.94916 ], [ 135.302989442000012, 34.949303333 ], [ 135.302866109, 34.949762495 ], [ 135.302826394, 34.949953333 ], [ 135.302800636, 34.95 ], [ 135.302753891, 34.950084721 ], [ 135.30255083, 34.950191946 ], [ 135.302420558, 34.950275559 ], [ 135.302369728, 34.950353054 ], [ 135.302355279000011, 34.950514162 ], [ 135.302369728, 34.950949441 ], [ 135.302413333, 34.951295279 ], [ 135.302536393999986, 34.951617495 ], [ 135.302659728, 34.951814441 ], [ 135.302967497, 34.952118613 ], [ 135.303156109000014, 34.952249721 ], [ 135.303293606000011, 34.952393054 ], [ 135.30340917, 34.952613613 ], [ 135.303503606, 34.952774721 ], [ 135.30372083, 34.953055 ], [ 135.303945551, 34.953275829 ], [ 135.304343891, 34.953621667 ], [ 135.304684449, 34.953902225 ], [ 135.304978054, 34.954068892 ], [ 135.305043332999986, 34.954206108 ], [ 135.30501416300001, 34.954367225 ], [ 135.304956393999987, 34.954552225 ], [ 135.304869442000012, 34.954719162 ], [ 135.304753333, 34.954933892 ], [ 135.304695551, 34.955208333 ], [ 135.304666394, 34.955375279 ], [ 135.304637496999987, 34.955530279 ], [ 135.304514163, 34.955655559 ], [ 135.304195551, 34.956061387 ], [ 135.304081115, 34.956311946 ], [ 135.304075837, 34.956323892 ], [ 135.303945551, 34.956538333 ], [ 135.303887497, 34.956723054 ], [ 135.303887497, 34.956812775 ], [ 135.303931115000012, 34.95695 ], [ 135.304090272, 34.957206387 ], [ 135.304133891, 34.957415279 ], [ 135.304119442, 34.957594162 ], [ 135.304046938999988, 34.957951946 ], [ 135.304018054000011, 34.958190559 ], [ 135.304024527, 34.958333333 ], [ 135.304028885, 34.958429162 ], [ 135.304065006, 34.958584441 ], [ 135.304092218, 34.958683054 ], [ 135.304217224000013, 34.959133054 ], [ 135.304311388, 34.959633892 ], [ 135.304340272, 34.95998 ], [ 135.304289727999986, 34.960331946 ], [ 135.304256939, 34.960493054 ], [ 135.304235279000011, 34.960594441 ], [ 135.304177497000012, 34.960833054 ], [ 135.304179079, 34.960843495 ], [ 135.304191946, 34.960928333 ], [ 135.304278885, 34.961059721 ], [ 135.304416393999986, 34.961196946 ], [ 135.30464111500001, 34.961375829 ], [ 135.305133606, 34.961674162 ], [ 135.305235006, 34.961841108 ], [ 135.30526389100001, 34.961978333 ], [ 135.305249442, 34.962228613 ], [ 135.305300272000011, 34.962383613 ], [ 135.305108053999987, 34.962503054 ], [ 135.304912503, 34.962580559 ], [ 135.304695278999986, 34.962705829 ], [ 135.304456394, 34.962866946 ], [ 135.304275279, 34.962932495 ], [ 135.303883891, 34.962992225 ], [ 135.303151946000014, 34.963093613 ], [ 135.302493606000013, 34.963072775 ], [ 135.302326939000011, 34.963031108 ], [ 135.302232776000011, 34.962965279 ], [ 135.302095279000014, 34.962911667 ], [ 135.30197917000001, 34.962947495 ], [ 135.301848885, 34.963102495 ], [ 135.30174, 34.963538054 ], [ 135.301707497, 34.963848333 ], [ 135.301664163, 34.964146387 ], [ 135.301678611999989, 34.964313613 ], [ 135.301685837, 34.964492225 ], [ 135.301635006, 34.964808333 ], [ 135.301533606, 34.965058892 ], [ 135.301446667, 34.965327225 ], [ 135.301395837, 34.965577775 ], [ 135.301240272, 34.965894162 ], [ 135.301138611999988, 34.966055 ], [ 135.301037224, 34.966132775 ], [ 135.300733060999988, 34.966275829 ], [ 135.300363333, 34.966603892 ], [ 135.300298054, 34.966666667 ], [ 135.300189728, 34.966770829 ], [ 135.300052218, 34.966979441 ], [ 135.300001388, 34.967122495 ], [ 135.3, 34.967140892 ], [ 135.299972503, 34.967504441 ], [ 135.299928885000014, 34.967790829 ], [ 135.299852776, 34.968053054 ], [ 135.299736939000013, 34.968387225 ], [ 135.29971917, 34.968504162 ], [ 135.299700558000012, 34.968625829 ], [ 135.299736939000013, 34.968995829 ], [ 135.299787497000011, 34.969132775 ], [ 135.299881672999987, 34.96927 ], [ 135.3, 34.969358946 ], [ 135.300048339999989, 34.969395279 ], [ 135.300352503, 34.969586387 ], [ 135.30033083, 34.969938054 ], [ 135.300327224, 34.970182495 ], [ 135.300356109, 34.970474721 ], [ 135.300435837, 34.970767225 ], [ 135.300551673, 34.971393333 ], [ 135.300544449, 34.971548613 ], [ 135.300435837, 34.971733613 ], [ 135.3, 34.97219364 ], [ 135.299910558, 34.972288054 ], [ 135.299685837, 34.972496667 ], [ 135.299511946, 34.972735279 ], [ 135.299410558, 34.972926387 ], [ 135.29933083, 34.973075279 ], [ 135.299243891, 34.973170829 ], [ 135.299011946, 34.973290279 ], [ 135.298512503000012, 34.973552495 ], [ 135.298323891, 34.973689721 ], [ 135.298244163, 34.973797225 ], [ 135.298099442, 34.974071667 ], [ 135.297954449, 34.974328054 ], [ 135.297907224, 34.974494721 ], [ 135.297907224, 34.974757225 ], [ 135.297936978, 34.975 ], [ 135.297965006, 34.975228613 ], [ 135.297950558, 34.97567 ], [ 135.297972218000012, 34.975807225 ], [ 135.29808083, 34.975932495 ], [ 135.298211946, 34.97599836 ], [ 135.298493891, 34.976159162 ], [ 135.29861, 34.976195 ], [ 135.298648612, 34.976197495 ], [ 135.298696939, 34.976200829 ], [ 135.299146109, 34.976093613 ], [ 135.299291114999988, 34.976045829 ], [ 135.299588054, 34.975980279 ], [ 135.299733061000012, 34.975998054 ], [ 135.299827224000012, 34.976051667 ], [ 135.299979442, 34.976314162 ], [ 135.299993891000014, 34.976469441 ], [ 135.299997497, 34.976588613 ], [ 135.299903333, 34.976708054 ], [ 135.299685837, 34.976892775 ], [ 135.299504721, 34.977137495 ], [ 135.299215006, 34.977459441 ], [ 135.298961388, 34.977638333 ], [ 135.298794721, 34.977829162 ], [ 135.298765551, 34.977966387 ], [ 135.298794721, 34.978151387 ], [ 135.298881673000011, 34.978407775 ], [ 135.298914163, 34.978592775 ], [ 135.299073606, 34.978843333 ], [ 135.299118494999988, 34.978951054 ], [ 135.299160558000011, 34.979051946 ], [ 135.299312776, 34.979535279 ], [ 135.299479170000012, 34.979803613 ], [ 135.299703891, 34.980048333 ], [ 135.29987778200001, 34.980191108 ], [ 135.3, 34.980253108 ], [ 135.300066109, 34.980286667 ], [ 135.300261673, 34.980340279 ], [ 135.300529727999987, 34.980381946 ], [ 135.301015279000012, 34.980489441 ], [ 135.301352218, 34.980686387 ], [ 135.30146083, 34.980805559 ], [ 135.301562217999987, 34.981115829 ], [ 135.301591388, 34.981425829 ], [ 135.301591388, 34.981640829 ], [ 135.301641946, 34.981795829 ], [ 135.301641673, 34.981921108 ], [ 135.30159834, 34.982082225 ], [ 135.301612776000013, 34.982219441 ], [ 135.301685279, 34.982326667 ], [ 135.301801114999989, 34.982368333 ], [ 135.301961946, 34.982411108 ], [ 135.302025837, 34.982428054 ], [ 135.302554721, 34.982559441 ], [ 135.303148885000013, 34.982714441 ], [ 135.303543891, 34.982786108 ], [ 135.304065551, 34.982899441 ], [ 135.304304721, 34.982965 ], [ 135.30452917, 34.982976946 ], [ 135.304826109, 34.982887495 ], [ 135.304985550999987, 34.982798054 ], [ 135.305130272000014, 34.982702495 ], [ 135.305224449, 34.982678613 ], [ 135.305427497000011, 34.982720279 ], [ 135.305702776, 34.982845559 ], [ 135.305999727999989, 34.983048613 ], [ 135.30621, 34.983155829 ], [ 135.306455084, 34.983333333 ], [ 135.306695551, 34.983507495 ], [ 135.30692, 34.983632775 ], [ 135.307093891, 34.983674441 ], [ 135.307246109, 34.983680559 ], [ 135.307336109, 34.983661108 ], [ 135.307427834, 34.983641162 ], [ 135.307521388, 34.983620829 ], [ 135.307677224, 34.983632775 ], [ 135.308333333, 34.983653775 ], [ 135.308423333, 34.983656667 ], [ 135.309082776, 34.983561387 ], [ 135.30956083, 34.983424441 ], [ 135.309858053999989, 34.983865559 ], [ 135.309981115, 34.984068333 ], [ 135.310307224000013, 34.984456108 ], [ 135.310365279, 34.984593333 ], [ 135.310361672999989, 34.984754162 ], [ 135.310303606, 34.984879441 ], [ 135.310202218, 34.984963054 ], [ 135.310021115000012, 34.985070559 ], [ 135.309774721, 34.985303054 ], [ 135.309708885, 34.985339162 ], [ 135.309470272, 34.98547 ], [ 135.309361673000012, 34.985601387 ], [ 135.309187782, 34.985875829 ], [ 135.30905, 34.986179721 ], [ 135.308955837000013, 34.986448054 ], [ 135.308890558, 34.986621108 ], [ 135.308781946000011, 34.986746387 ], [ 135.308651673000014, 34.986811946 ], [ 135.308488612, 34.986835829 ], [ 135.308372502999987, 34.986889441 ], [ 135.308336394, 34.986979162 ], [ 135.308333333, 34.986989198 ], [ 135.308292776, 34.987122225 ], [ 135.308205837, 34.987253333 ], [ 135.308104449000012, 34.987348892 ], [ 135.307872503, 34.987515829 ], [ 135.307792776000014, 34.987647225 ], [ 135.307800272, 34.987790279 ], [ 135.307836394, 34.987897775 ], [ 135.307952218, 34.988046946 ], [ 135.307887224000012, 34.98819 ], [ 135.307582776, 34.988446387 ], [ 135.307466939, 34.988523892 ], [ 135.307191388, 34.988589441 ], [ 135.30685834, 34.988631108 ], [ 135.306713333, 34.988696667 ], [ 135.306513891, 34.988875829 ], [ 135.306311115, 34.988953333 ], [ 135.305963333, 34.989096387 ], [ 135.30563, 34.989275279 ], [ 135.305318340000014, 34.989400559 ], [ 135.305101115000014, 34.989472225 ], [ 135.30465917, 34.989615559 ], [ 135.304514163, 34.989705 ], [ 135.304478053999986, 34.989800279 ], [ 135.304478053999986, 34.989979441 ], [ 135.304543061, 34.990725 ], [ 135.304532218, 34.990921946 ], [ 135.304488885000012, 34.991082495 ], [ 135.304409170000014, 34.991237775 ], [ 135.30429306100001, 34.991339162 ], [ 135.303872776, 34.991524162 ], [ 135.303667224, 34.991651946 ], [ 135.303646394, 34.991665 ], [ 135.303643696, 34.991666667 ], [ 135.303517782, 34.991744721 ], [ 135.303597497, 34.992168333 ], [ 135.303604721, 34.992395 ], [ 135.303575837000011, 34.992740829 ], [ 135.303579442, 34.993027225 ], [ 135.303601115, 34.993212225 ], [ 135.303608340000011, 34.993498333 ], [ 135.303572218, 34.993689162 ], [ 135.303340272000014, 34.994011387 ], [ 135.303238885000013, 34.994202225 ], [ 135.303188054, 34.994422775 ], [ 135.303101115, 34.994607775 ], [ 135.302970558, 34.994959721 ], [ 135.302901673, 34.995108892 ], [ 135.302821946, 34.995150559 ], [ 135.302619442, 34.995156667 ], [ 135.302394721000013, 34.995085 ], [ 135.302191946, 34.994947775 ], [ 135.302075837, 34.994816667 ], [ 135.302003606, 34.994822495 ], [ 135.301887497, 34.994959721 ], [ 135.301728054, 34.995096946 ], [ 135.301300558, 34.995204441 ], [ 135.300844163, 34.995293892 ], [ 135.300518054, 34.995407225 ], [ 135.30046, 34.995544441 ], [ 135.300301673, 34.995859162 ], [ 135.300286109000012, 34.99589 ], [ 135.300097782, 34.996068892 ], [ 135.3, 34.996130279 ], [ 135.299945551, 34.996164441 ], [ 135.299771673, 34.996206108 ], [ 135.299536394, 34.996212225 ], [ 135.299326109, 34.996241946 ], [ 135.299145006, 34.996331387 ], [ 135.298884163, 34.996558054 ], [ 135.298558054000011, 34.996850559 ], [ 135.298376939, 34.997011667 ], [ 135.298203061, 34.997101108 ], [ 135.297985551000011, 34.997142775 ], [ 135.297811673000012, 34.997148613 ], [ 135.297655279, 34.997146108 ], [ 135.297435279000013, 34.997142775 ], [ 135.297007782, 34.997184441 ], [ 135.296746939, 34.997172495 ], [ 135.296573061, 34.997130829 ], [ 135.296377224, 34.997059162 ], [ 135.296188885, 34.99691 ], [ 135.296040557999987, 34.996808613 ], [ 135.29588834, 34.996790829 ], [ 135.295525837000014, 34.996856387 ], [ 135.295272218, 34.996880279 ], [ 135.294794163, 34.996874441 ], [ 135.294496939, 34.996844441 ], [ 135.294192775999988, 34.996761108 ], [ 135.293931945999987, 34.996647775 ], [ 135.293664162999988, 34.996617775 ], [ 135.293439442, 34.99657 ], [ 135.293033606, 34.996438892 ], [ 135.292602503000012, 34.996558054 ], [ 135.292391673, 34.996612495 ], [ 135.292254721, 34.996647775 ], [ 135.291921388, 34.996832495 ], [ 135.29175917, 34.996966108 ], [ 135.291747496999989, 34.996975829 ], [ 135.291666666999987, 34.996998054 ], [ 135.291617224, 34.997011667 ], [ 135.291196939, 34.997005559 ], [ 135.290791115, 34.996987775 ], [ 135.29061, 34.996993613 ], [ 135.290341946000012, 34.99694 ], [ 135.290023061, 34.99691 ], [ 135.289791115000014, 34.996868333 ], [ 135.289653606, 34.996802775 ], [ 135.289581387999988, 34.996534441 ], [ 135.289363891, 34.996253892 ], [ 135.289287782, 34.996080829 ], [ 135.289164721, 34.995985559 ], [ 135.289113891, 34.996152495 ], [ 135.28867917, 34.996421108 ], [ 135.288331387999989, 34.996564162 ], [ 135.288244449, 34.996677495 ], [ 135.288141115, 34.996757225 ], [ 135.288128612, 34.996766946 ], [ 135.287831388, 34.997011667 ], [ 135.287389442, 34.997315829 ], [ 135.287215551, 34.997399162 ], [ 135.286998054, 34.997429162 ], [ 135.286534448999987, 34.997399162 ], [ 135.286316938999988, 34.997405279 ], [ 135.286078054, 34.997524441 ], [ 135.285976393999988, 34.997637775 ], [ 135.28590778200001, 34.997810829 ], [ 135.285900272, 34.997948054 ], [ 135.28582083, 34.998275829 ], [ 135.285755551, 34.998431108 ], [ 135.285639442, 34.998496667 ], [ 135.285371387999987, 34.998651667 ], [ 135.285096109, 34.998872495 ], [ 135.284951115000013, 34.998938054 ], [ 135.284900558, 34.999009721 ], [ 135.284878612, 34.999128892 ], [ 135.284886109000013, 34.999236387 ], [ 135.285030830000011, 34.999504721 ], [ 135.285168612, 34.999653892 ], [ 135.285252503, 34.999685559 ], [ 135.28534250300001, 34.999719441 ], [ 135.285639442, 34.999856667 ], [ 135.285968884999988, 34.999928333 ], [ 135.286357562, 35.0 ], [ 135.28638917, 35.000005838 ], [ 135.286860272000013, 35.000071387 ], [ 135.287091946, 35.000125 ], [ 135.287323891, 35.000274171 ], [ 135.287548612, 35.000512775 ], [ 135.287606667, 35.000697505 ], [ 135.287671673, 35.000828892 ], [ 135.287831114999989, 35.000983892 ], [ 135.288048612000011, 35.001258333 ], [ 135.288077496999989, 35.001371667 ], [ 135.288012218, 35.001520838 ], [ 135.28795138800001, 35.001629171 ], [ 135.287881946, 35.001753333 ], [ 135.287867497, 35.001848892 ], [ 135.287954449000011, 35.001914441 ], [ 135.288128054, 35.001998054 ], [ 135.28830917, 35.002093333 ], [ 135.288603061, 35.002375 ], [ 135.288620558, 35.002391667 ], [ 135.288620558, 35.002522775 ], [ 135.288591673000013, 35.002761387 ], [ 135.288483061, 35.003219721 ], [ 135.288244721000012, 35.003449721 ], [ 135.288103606, 35.003612505 ], [ 135.287953891, 35.003954441 ], [ 135.287946667, 35.004109721 ], [ 135.287983061, 35.004276667 ], [ 135.288041115, 35.004592775 ], [ 135.28812083, 35.004915 ], [ 135.288222217999987, 35.005314441 ], [ 135.288388884999989, 35.005708333 ], [ 135.288563061, 35.006053892 ], [ 135.288787782000014, 35.006322505 ], [ 135.288885837, 35.006435838 ], [ 135.288929169999989, 35.006543054 ], [ 135.288972776, 35.006722225 ], [ 135.288972776, 35.006889171 ], [ 135.288936394, 35.007157505 ], [ 135.288951115, 35.007330559 ], [ 135.289001673, 35.007527505 ], [ 135.289125006, 35.007831667 ], [ 135.28924111500001, 35.008058333 ], [ 135.28935, 35.008159721 ], [ 135.289502218, 35.008213333 ], [ 135.289661946, 35.008243333 ], [ 135.289857782000013, 35.008320838 ], [ 135.289876134999986, 35.008333333 ], [ 135.289978053999988, 35.008402775 ], [ 135.290067782, 35.008463892 ], [ 135.290068612, 35.008465838 ], [ 135.290115006, 35.008565 ], [ 135.290085837, 35.008684441 ], [ 135.289926394, 35.009006387 ], [ 135.289745006, 35.009251108 ], [ 135.289578054, 35.009549441 ], [ 135.289447497, 35.009704441 ], [ 135.289346109, 35.009859441 ], [ 135.289092218, 35.010068333 ], [ 135.288903606, 35.010199441 ], [ 135.288729442, 35.010253333 ], [ 135.288548053999989, 35.010253333 ], [ 135.288286938999988, 35.010288892 ], [ 135.287931673, 35.010408333 ], [ 135.287699442, 35.01048 ], [ 135.287687497, 35.01049 ], [ 135.287543606000014, 35.010611108 ], [ 135.287485279, 35.010693892 ], [ 135.287463890999987, 35.010724441 ], [ 135.287456666999987, 35.010945279 ], [ 135.287471114999988, 35.011088333 ], [ 135.287550829999986, 35.011249171 ], [ 135.287652503, 35.011410279 ], [ 135.287753891, 35.011535559 ], [ 135.287891673, 35.011535559 ], [ 135.288218054, 35.011589171 ], [ 135.288593606, 35.011757505 ], [ 135.288895551, 35.011885838 ], [ 135.289447497, 35.012254171 ], [ 135.289843333, 35.012536667 ], [ 135.290228612, 35.012759441 ], [ 135.290561946, 35.012939441 ], [ 135.290853333, 35.013016387 ], [ 135.291509442, 35.013110559 ], [ 135.291666666999987, 35.013130892 ], [ 135.291754838, 35.013142279 ], [ 135.291842503, 35.013153613 ], [ 135.292613333, 35.013230559 ], [ 135.292720272, 35.013261667 ], [ 135.293352776, 35.013444721 ], [ 135.293764163, 35.013547505 ], [ 135.294180558, 35.013590279 ], [ 135.294451388, 35.013581667 ], [ 135.295347224000011, 35.013444721 ], [ 135.296076109000012, 35.013281946 ], [ 135.296659442, 35.013205 ], [ 135.297124449, 35.013172225 ], [ 135.297313061000011, 35.013148333 ], [ 135.297777223999987, 35.013178333 ], [ 135.298133891, 35.013178333 ], [ 135.299220558, 35.013178333 ], [ 135.299713606000012, 35.013124721 ], [ 135.3, 35.013051721 ], [ 135.300112503, 35.013023054 ], [ 135.300478612, 35.012832225 ], [ 135.300993606, 35.012623613 ], [ 135.301312776, 35.012569721 ], [ 135.301436109, 35.012575838 ], [ 135.301624721, 35.012677225 ], [ 135.302023606, 35.012874171 ], [ 135.302226667000014, 35.012903892 ], [ 135.302357224, 35.012891946 ], [ 135.30265472100001, 35.012742775 ], [ 135.302806939, 35.012706946 ], [ 135.302988340000013, 35.012695 ], [ 135.303184163, 35.012695 ], [ 135.303387224, 35.012677225 ], [ 135.303539441999988, 35.012617505 ], [ 135.303731672999987, 35.012474441 ], [ 135.303934721, 35.012355 ], [ 135.304101673, 35.012343054 ], [ 135.304464449, 35.012343054 ], [ 135.304616667, 35.012331108 ], [ 135.304776108999988, 35.012295559 ], [ 135.304928612, 35.0122 ], [ 135.305117224000014, 35.011961387 ], [ 135.305247782, 35.011776387 ], [ 135.305385551, 35.011627225 ], [ 135.305494163, 35.011561667 ], [ 135.305603061, 35.011561667 ], [ 135.30577, 35.011591667 ], [ 135.305885837, 35.011573613 ], [ 135.306081673, 35.011525838 ], [ 135.306212218000013, 35.011376667 ], [ 135.306270272, 35.011239721 ], [ 135.30629221800001, 35.011114441 ], [ 135.306335550999989, 35.011042775 ], [ 135.30643, 35.010977225 ], [ 135.306560558, 35.010935279 ], [ 135.306705551, 35.010780279 ], [ 135.306945006, 35.010481946 ], [ 135.307231388, 35.010141946 ], [ 135.307290558, 35.010079171 ], [ 135.307354721, 35.010010838 ], [ 135.307490558000012, 35.009895838 ], [ 135.307608612, 35.009796387 ], [ 135.30787693900001, 35.009700838 ], [ 135.308261388, 35.009635279 ], [ 135.308333333, 35.009636414 ], [ 135.308631388, 35.009641108 ], [ 135.308913891, 35.009671108 ], [ 135.309116939, 35.009748333 ], [ 135.30932, 35.009921387 ], [ 135.309443333, 35.010118054 ], [ 135.309515837, 35.010308892 ], [ 135.309624721, 35.010488054 ], [ 135.309776938999988, 35.010565559 ], [ 135.310001946, 35.010607225 ], [ 135.310233891, 35.010607225 ], [ 135.31037917, 35.010595279 ], [ 135.31044055800001, 35.010631108 ], [ 135.310476939000011, 35.010845838 ], [ 135.310491388, 35.011024721 ], [ 135.31062917, 35.011293333 ], [ 135.310745279, 35.011382775 ], [ 135.310919442, 35.011442505 ], [ 135.311267496999989, 35.011454441 ], [ 135.311499728, 35.011442505 ], [ 135.311956394, 35.011388613 ], [ 135.31233360600001, 35.011382775 ], [ 135.312725279, 35.011424441 ], [ 135.31297917, 35.011436387 ], [ 135.313211115, 35.011424441 ], [ 135.313399728, 35.011424441 ], [ 135.313733332999988, 35.011460279 ], [ 135.314186667, 35.011537775 ], [ 135.314309728000012, 35.011579721 ], [ 135.314454721, 35.011752505 ], [ 135.31449834, 35.011853892 ], [ 135.314505551, 35.012056946 ], [ 135.31449111500001, 35.012223892 ], [ 135.314454721, 35.012378892 ], [ 135.314403891000012, 35.012522225 ], [ 135.314403891000012, 35.012641387 ], [ 135.314433060999988, 35.012909721 ], [ 135.314403891000012, 35.013094721 ], [ 135.314338612, 35.013255838 ], [ 135.314222776, 35.013452775 ], [ 135.314178885, 35.013528892 ], [ 135.314099442000014, 35.013667505 ], [ 135.314059442, 35.013858333 ], [ 135.314066667, 35.013977505 ], [ 135.314161115, 35.014150559 ], [ 135.314313333, 35.014305559 ], [ 135.314472776, 35.014395 ], [ 135.314697782, 35.014526108 ], [ 135.314806667, 35.014615559 ], [ 135.31511834, 35.014830279 ], [ 135.315328885000014, 35.015045 ], [ 135.315401114999986, 35.015146387 ], [ 135.315473606000012, 35.015385 ], [ 135.315495279, 35.015736946 ], [ 135.315556939, 35.015868333 ], [ 135.315658612, 35.01594 ], [ 135.31581083, 35.015975559 ], [ 135.315955837, 35.01594 ], [ 135.31610834, 35.015844441 ], [ 135.316253333, 35.015713333 ], [ 135.316376666999986, 35.0156 ], [ 135.316579728, 35.015486387 ], [ 135.316666667, 35.015457333 ], [ 135.316811672999989, 35.015408892 ], [ 135.317181673, 35.015331387 ], [ 135.317740272, 35.015188613 ], [ 135.318160830000011, 35.015093054 ], [ 135.318356394, 35.015039441 ], [ 135.318777224, 35.014782775 ], [ 135.318980272, 35.014669441 ], [ 135.319150558, 35.014633892 ], [ 135.319324720999987, 35.014633892 ], [ 135.319426394, 35.014603892 ], [ 135.319716394000011, 35.014454721 ], [ 135.320006667, 35.014377225 ], [ 135.320122503, 35.014383333 ], [ 135.320296667, 35.014442775 ], [ 135.320478054, 35.014478613 ], [ 135.320659442, 35.014454721 ], [ 135.32084805400001, 35.014395279 ], [ 135.321007497000011, 35.014305838 ], [ 135.321275837, 35.014120838 ], [ 135.321377496999986, 35.014096946 ], [ 135.321442776, 35.014108892 ], [ 135.32155834, 35.014228054 ], [ 135.321761673, 35.014526387 ], [ 135.321983606, 35.014779721 ], [ 135.321986394, 35.014782775 ], [ 135.322138612, 35.01492 ], [ 135.322291115000013, 35.015051387 ], [ 135.322418054, 35.015206387 ], [ 135.322497782, 35.015361667 ], [ 135.322708054, 35.01563 ], [ 135.322875006, 35.015796946 ], [ 135.323150558, 35.015958054 ], [ 135.32328834, 35.016077225 ], [ 135.323353606000012, 35.016178892 ], [ 135.32333917, 35.016280279 ], [ 135.323259442, 35.016447225 ], [ 135.323090143, 35.016666667 ], [ 135.322983606, 35.016804721 ], [ 135.322773332999986, 35.017085279 ], [ 135.322602776, 35.01727 ], [ 135.322370830000011, 35.017407225 ], [ 135.322189442, 35.017556387 ], [ 135.32200083, 35.01764 ], [ 135.321863060999988, 35.017806946 ], [ 135.321805006, 35.017944171 ], [ 135.321739728000011, 35.018129171 ], [ 135.321616393999989, 35.018391667 ], [ 135.321573061, 35.018552505 ], [ 135.32141333300001, 35.018755559 ], [ 135.321304721, 35.018862775 ], [ 135.321231946000012, 35.019041667 ], [ 135.321188611999986, 35.019238613 ], [ 135.321184163, 35.019526667 ], [ 135.321177782, 35.019924441 ], [ 135.321155837, 35.020109171 ], [ 135.321112503, 35.020264441 ], [ 135.321112503, 35.020347775 ], [ 135.321163061, 35.020437225 ], [ 135.321257497, 35.020508892 ], [ 135.321424162999989, 35.020580559 ], [ 135.321450169, 35.020611279 ], [ 135.321540272, 35.020717775 ], [ 135.32159834, 35.020932505 ], [ 135.321612776, 35.021099441 ], [ 135.321547497000012, 35.021284441 ], [ 135.321464163, 35.021409721 ], [ 135.321253891, 35.021564721 ], [ 135.321152218, 35.021672225 ], [ 135.321079728, 35.021797505 ], [ 135.321072503000011, 35.021928613 ], [ 135.321123333, 35.022113613 ], [ 135.321304721, 35.022405838 ], [ 135.321345551, 35.022453613 ], [ 135.321442502999986, 35.022566667 ], [ 135.321645550999989, 35.022727775 ], [ 135.32189917, 35.022876946 ], [ 135.322298053999987, 35.023085559 ], [ 135.322443061, 35.023240838 ], [ 135.322493891, 35.023419721 ], [ 135.322475837000013, 35.023676108 ], [ 135.32246111500001, 35.023914721 ], [ 135.32249027200001, 35.024272775 ], [ 135.32254834, 35.024451667 ], [ 135.322686108999989, 35.024636667 ], [ 135.322809442, 35.024714171 ], [ 135.32294, 35.024726108 ], [ 135.323113891, 35.024684171 ], [ 135.32357083, 35.024511387 ], [ 135.323817497, 35.02441 ], [ 135.323984449, 35.024398054 ], [ 135.324368612, 35.024433892 ], [ 135.324745551, 35.024445559 ], [ 135.325, 35.024404694 ], [ 135.325079442, 35.024391946 ], [ 135.325246109, 35.024326387 ], [ 135.325362218, 35.024206946 ], [ 135.325434721, 35.024028054 ], [ 135.325521673, 35.023938613 ], [ 135.32580834, 35.023723892 ], [ 135.326040272, 35.023580838 ], [ 135.326185551, 35.023526946 ], [ 135.326381387999987, 35.023533054 ], [ 135.32656972800001, 35.023527225 ], [ 135.326932503, 35.023497505 ], [ 135.327121115000011, 35.023455838 ], [ 135.327309727999989, 35.023378333 ], [ 135.327440272, 35.023354441 ], [ 135.327556109, 35.023479721 ], [ 135.327628612000012, 35.023628613 ], [ 135.327643061, 35.023801667 ], [ 135.327606667, 35.023944721 ], [ 135.327512503, 35.024111667 ], [ 135.327338340000011, 35.024326387 ], [ 135.327280272, 35.024481387 ], [ 135.327287782000013, 35.024708054 ], [ 135.327331115, 35.024869171 ], [ 135.32738917, 35.024934721 ], [ 135.327483605999987, 35.024946667 ], [ 135.327721115, 35.024925559 ], [ 135.327882503000012, 35.024911108 ], [ 135.328542503, 35.024899171 ], [ 135.328919727999988, 35.024940838 ], [ 135.329060363, 35.025 ], [ 135.329231388000011, 35.025071946 ], [ 135.32940917, 35.025191387 ], [ 135.329561388, 35.025239171 ], [ 135.32975, 35.025263054 ], [ 135.329858885, 35.025304721 ], [ 135.329945551, 35.025394171 ], [ 135.330235837, 35.025608892 ], [ 135.330446109, 35.02574 ], [ 135.330627497, 35.025793892 ], [ 135.330895837000014, 35.025811667 ], [ 135.331432503, 35.025811667 ], [ 135.331686394, 35.025901108 ], [ 135.331933061, 35.025960838 ], [ 135.332063606, 35.025960838 ], [ 135.332201387999987, 35.025925 ], [ 135.332361115, 35.025817775 ], [ 135.332520558, 35.025680559 ], [ 135.332781673, 35.025555279 ], [ 135.332951946, 35.025507505 ], [ 135.333104163, 35.025501387 ], [ 135.333271115, 35.025513333 ], [ 135.333333333000013, 35.025510667 ], [ 135.333464721000013, 35.025505 ], [ 135.333822218, 35.025489721 ], [ 135.334185006000013, 35.025483613 ], [ 135.334503891, 35.025447775 ], [ 135.334830558, 35.025471667 ], [ 135.335272776000011, 35.025495838 ], [ 135.33586749700001, 35.025579441 ], [ 135.336309728, 35.025650838 ], [ 135.336567224, 35.025728613 ], [ 135.336705005999988, 35.025752225 ], [ 135.336828340000011, 35.025734441 ], [ 135.337241946, 35.025633054 ], [ 135.337466667, 35.025603333 ], [ 135.337981673, 35.025597225 ], [ 135.338141115000013, 35.025621108 ], [ 135.338177782, 35.025621108 ], [ 135.338496666999987, 35.025621108 ], [ 135.339055006, 35.025674721 ], [ 135.339345006, 35.025746387 ], [ 135.339664163, 35.025847775 ], [ 135.339802776, 35.025877225 ], [ 135.340063891, 35.025883333 ], [ 135.340390272, 35.025930838 ], [ 135.34097778200001, 35.025978613 ], [ 135.341304163, 35.025972775 ], [ 135.341666667, 35.025886468 ], [ 135.341906109, 35.025829441 ], [ 135.342395006, 35.025730559 ], [ 135.342406667, 35.025728054 ], [ 135.342711114999986, 35.025614721 ], [ 135.342986667, 35.025418054 ], [ 135.343472502999987, 35.025364171 ], [ 135.343836667, 35.025370838 ], [ 135.344125279, 35.025376108 ], [ 135.344705551, 35.025513333 ], [ 135.345184448999987, 35.025668613 ], [ 135.345445551000012, 35.025805559 ], [ 135.345822218, 35.026145838 ], [ 135.346116109, 35.026461946 ], [ 135.346319169999987, 35.026599171 ], [ 135.346558612, 35.026670559 ], [ 135.34692834, 35.026694441 ], [ 135.348146939, 35.026730279 ], [ 135.348466108999986, 35.026766108 ], [ 135.348763333, 35.026897225 ], [ 135.34890834, 35.026945 ], [ 135.349082503, 35.026933054 ], [ 135.349213061, 35.026891387 ], [ 135.349354449, 35.026736387 ], [ 135.349513890999987, 35.026426108 ], [ 135.349601115000013, 35.026062225 ], [ 135.349782218, 35.025936946 ], [ 135.349883891, 35.025895279 ], [ 135.35, 35.025903613 ], [ 135.350050558, 35.025907225 ], [ 135.350268340000014, 35.025960838 ], [ 135.350391673, 35.026050279 ], [ 135.35063083, 35.026014441 ], [ 135.350863061000013, 35.025936946 ], [ 135.351471946, 35.025847505 ], [ 135.351936109, 35.025716108 ], [ 135.352145551, 35.025670559 ], [ 135.352320558, 35.025632775 ], [ 135.352588884999989, 35.025615 ], [ 135.352882776, 35.025519721 ], [ 135.353083606000013, 35.025430279 ], [ 135.353151115, 35.025400279 ], [ 135.353280558, 35.025321946 ], [ 135.353564449, 35.025149721 ], [ 135.353803891000013, 35.025036387 ], [ 135.353963333, 35.025012505 ], [ 135.354102776, 35.025005 ], [ 135.354291388, 35.025023054 ], [ 135.354407224, 35.025011108 ], [ 135.354427471, 35.025 ], [ 135.354603061, 35.024903613 ], [ 135.354697496999989, 35.024790279 ], [ 135.35471917000001, 35.024611387 ], [ 135.354646667, 35.024414441 ], [ 135.354530558, 35.024247505 ], [ 135.354443606, 35.024038613 ], [ 135.354472503000011, 35.023853892 ], [ 135.354523333, 35.023501946 ], [ 135.354516109, 35.023418333 ], [ 135.35449083, 35.023305 ], [ 135.354519728000014, 35.023096108 ], [ 135.354701115000012, 35.022780279 ], [ 135.354737224, 35.022571667 ], [ 135.354722775999988, 35.022189721 ], [ 135.354701115000012, 35.021963054 ], [ 135.354651219, 35.021701667 ], [ 135.354643061, 35.021658892 ], [ 135.354621388, 35.021473892 ], [ 135.354668339999989, 35.021133892 ], [ 135.354791673, 35.020937225 ], [ 135.354915006, 35.020632775 ], [ 135.354915006, 35.020531387 ], [ 135.354929442000014, 35.020418054 ], [ 135.355009442000011, 35.020209441 ], [ 135.355132503, 35.020018613 ], [ 135.35537917, 35.019666667 ], [ 135.35532834, 35.019577225 ], [ 135.355118054, 35.019386387 ], [ 135.354958612, 35.019177505 ], [ 135.354831673, 35.018974721 ], [ 135.354773606, 35.018807775 ], [ 135.35478083000001, 35.018676667 ], [ 135.354889727999989, 35.018485559 ], [ 135.355150830000014, 35.018235 ], [ 135.355259442, 35.018056108 ], [ 135.355245006, 35.017877225 ], [ 135.355259442, 35.017686387 ], [ 135.355306109, 35.017606387 ], [ 135.355339442, 35.017549171 ], [ 135.355375551, 35.017388054 ], [ 135.355382776, 35.017251108 ], [ 135.35547, 35.017137775 ], [ 135.355636667, 35.017048333 ], [ 135.35569834, 35.016923054 ], [ 135.355763606000011, 35.016768054 ], [ 135.355784254000014, 35.016666667 ], [ 135.355792775999987, 35.016624721 ], [ 135.355763606000011, 35.016517505 ], [ 135.355654721, 35.016386108 ], [ 135.35543, 35.016076108 ], [ 135.355415551, 35.015968613 ], [ 135.355473606, 35.015777775 ], [ 135.355546108999988, 35.015646387 ], [ 135.355509727999987, 35.015551108 ], [ 135.355335837000013, 35.015342225 ], [ 135.355154449, 35.015121667 ], [ 135.3551, 35.014918892 ], [ 135.355114449000013, 35.01471 ], [ 135.355172503, 35.014465279 ], [ 135.355303061, 35.014143613 ], [ 135.355070829999988, 35.014000279 ], [ 135.354751946, 35.013881108 ], [ 135.354556108999986, 35.013738054 ], [ 135.354368612, 35.013641027 ], [ 135.354302217999987, 35.013606667 ], [ 135.354106667, 35.013523054 ], [ 135.35386, 35.013338333 ], [ 135.353707781999987, 35.013201108 ], [ 135.353656939, 35.013093613 ], [ 135.353649728, 35.012932505 ], [ 135.353689442, 35.012783613 ], [ 135.353682217999989, 35.012610559 ], [ 135.35350083, 35.012228613 ], [ 135.353370272, 35.01199 ], [ 135.353370272, 35.011900559 ], [ 135.353406667, 35.011763333 ], [ 135.353508054, 35.011632225 ], [ 135.353849169999989, 35.011447225 ], [ 135.35416834, 35.011268613 ], [ 135.354262503, 35.011179171 ], [ 135.354276938999988, 35.011047775 ], [ 135.35424805400001, 35.010898892 ], [ 135.354269728, 35.010743613 ], [ 135.354360272, 35.010397775 ], [ 135.354338612, 35.010087505 ], [ 135.35433389100001, 35.010021108 ], [ 135.354331388, 35.009986108 ], [ 135.354403606, 35.009681946 ], [ 135.354375006, 35.009479171 ], [ 135.354164720999989, 35.009168892 ], [ 135.354113891, 35.008995838 ], [ 135.354091946000011, 35.008822775 ], [ 135.354166524, 35.008333333 ], [ 135.354182775999988, 35.008226667 ], [ 135.35419, 35.008029721 ], [ 135.35419, 35.007868613 ], [ 135.35424083, 35.007737505 ], [ 135.354414721000012, 35.007534721 ], [ 135.354559728, 35.007313892 ], [ 135.354704721, 35.006956108 ], [ 135.354711946, 35.006711387 ], [ 135.354690272, 35.006598054 ], [ 135.354534449, 35.006455 ], [ 135.354353061000012, 35.006311946 ], [ 135.354215278999988, 35.006138892 ], [ 135.354135551000013, 35.006043333 ], [ 135.354005006, 35.006019441 ], [ 135.353700272, 35.006013613 ], [ 135.353659442, 35.006013054 ], [ 135.352866393999989, 35.006001667 ], [ 135.352536939, 35.005951108 ], [ 135.35243834, 35.005936108 ], [ 135.352198885, 35.005834721 ], [ 135.352133606, 35.005739171 ], [ 135.35212639400001, 35.005596108 ], [ 135.352198885, 35.005297775 ], [ 135.352184449, 35.005119171 ], [ 135.352039442, 35.004934171 ], [ 135.351850829999989, 35.004707505 ], [ 135.351611388, 35.004480838 ], [ 135.351510272000013, 35.004278054 ], [ 135.351531946, 35.004051387 ], [ 135.35161861200001, 35.003836667 ], [ 135.351785551, 35.003598054 ], [ 135.351974163, 35.003466667 ], [ 135.35211917, 35.003406946 ], [ 135.352399442, 35.003220559 ], [ 135.352573333, 35.002890279 ], [ 135.352653061000012, 35.002753054 ], [ 135.352711115, 35.002294171 ], [ 135.352779728, 35.002138613 ], [ 135.352950271999987, 35.001751108 ], [ 135.353131388, 35.001590279 ], [ 135.353355837, 35.001357505 ], [ 135.353479170000014, 35.001160559 ], [ 135.353501388000012, 35.001077775 ], [ 135.353544449, 35.000916108 ], [ 135.353551673, 35.000802775 ], [ 135.353406667, 35.000528333 ], [ 135.353138612, 35.000140838 ], [ 135.353046783, 35.0 ], [ 135.352874163, 34.999735279 ], [ 135.35272917, 34.999436946 ], [ 135.352736394, 34.999263892 ], [ 135.352808885, 34.999091108 ], [ 135.352982776, 34.998959721 ], [ 135.353388612, 34.998679441 ], [ 135.353569728, 34.998446667 ], [ 135.353638612, 34.998303613 ], [ 135.35368917, 34.998172225 ], [ 135.353681946, 34.997957495 ], [ 135.353609442, 34.997522495 ], [ 135.353486393999987, 34.997170559 ], [ 135.353233061, 34.996645559 ], [ 135.353095279, 34.996251667 ], [ 135.353030272000012, 34.996060829 ], [ 135.353001115000012, 34.995864162 ], [ 135.353011946, 34.995685 ], [ 135.353041115, 34.995458333 ], [ 135.353062776, 34.995303333 ], [ 135.353011946, 34.995148613 ], [ 135.352901946, 34.994988892 ], [ 135.35286, 34.994927775 ], [ 135.352816394, 34.994796667 ], [ 135.35280917, 34.994420829 ], [ 135.352801946, 34.994134441 ], [ 135.35280917, 34.993758613 ], [ 135.352827224, 34.993567775 ], [ 135.352914163, 34.993317225 ], [ 135.353037497, 34.993078613 ], [ 135.353196938999986, 34.992905559 ], [ 135.35355194600001, 34.992589721 ], [ 135.353675006, 34.992458333 ], [ 135.35379834, 34.992267495 ], [ 135.353870558000011, 34.992064721 ], [ 135.353856109, 34.991909721 ], [ 135.353805551, 34.991790279 ], [ 135.353691672999986, 34.991666667 ], [ 135.35364610900001, 34.991617225 ], [ 135.353229442000014, 34.991331108 ], [ 135.353041115, 34.991211667 ], [ 135.352896109, 34.991098333 ], [ 135.352642503, 34.990776108 ], [ 135.352584449, 34.990543613 ], [ 135.352562776000013, 34.990388892 ], [ 135.35270778200001, 34.990036667 ], [ 135.352899728000011, 34.989559441 ], [ 135.353131673, 34.989034721 ], [ 135.353327224, 34.988599162 ], [ 135.353421387999987, 34.988456108 ], [ 135.35355194600001, 34.988330829 ], [ 135.353921388, 34.988098333 ], [ 135.354109728, 34.987937225 ], [ 135.354298054, 34.987734441 ], [ 135.354479442000013, 34.98749 ], [ 135.354689442, 34.987293054 ], [ 135.354793333, 34.987199441 ], [ 135.354881388, 34.98712 ], [ 135.355062503, 34.986976946 ], [ 135.355171388, 34.986857495 ], [ 135.355232503, 34.986733892 ], [ 135.355265551, 34.986666667 ], [ 135.355273061, 34.986645279 ], [ 135.355424721, 34.986219162 ], [ 135.355576667, 34.985957225 ], [ 135.355736109, 34.985718613 ], [ 135.355866666999987, 34.985593333 ], [ 135.356214449, 34.985426108 ], [ 135.357040558, 34.985098054 ], [ 135.357319442, 34.984943054 ], [ 135.357681673, 34.984758054 ], [ 135.358116394, 34.984465829 ], [ 135.358290272, 34.984298892 ], [ 135.358333333, 34.984258694 ], [ 135.358616109, 34.983994721 ], [ 135.359036393999986, 34.983505559 ], [ 135.359165616000013, 34.983333333 ], [ 135.359246667, 34.983225279 ], [ 135.359369728, 34.983022495 ], [ 135.35944583700001, 34.982861387 ], [ 135.359514448999988, 34.982661667 ], [ 135.359525551, 34.982628892 ], [ 135.359532776, 34.982515559 ], [ 135.359460272, 34.982366387 ], [ 135.359308054, 34.982187225 ], [ 135.35891722400001, 34.981829441 ], [ 135.358333333, 34.981344198 ], [ 135.35821834, 34.981248613 ], [ 135.358199727999988, 34.981233054 ], [ 135.358062217999986, 34.981179441 ], [ 135.357815837, 34.981191387 ], [ 135.356976667, 34.981201667 ], [ 135.356830272, 34.981203333 ], [ 135.356620271999986, 34.981179441 ], [ 135.356265551, 34.981107775 ], [ 135.355881388, 34.981000559 ], [ 135.355435836999987, 34.980821667 ], [ 135.355088054, 34.980636667 ], [ 135.354653332999987, 34.980374162 ], [ 135.354472218000012, 34.980266667 ], [ 135.35411, 34.980117775 ], [ 135.353588339999988, 34.979992495 ], [ 135.353313061, 34.979920829 ], [ 135.353008612, 34.979843333 ], [ 135.352479728, 34.979545 ], [ 135.352244163, 34.979527225 ], [ 135.351802502999988, 34.979604721 ], [ 135.351324449, 34.979735829 ], [ 135.351041673, 34.979938613 ], [ 135.350831672999988, 34.980087775 ], [ 135.350548885, 34.980248613 ], [ 135.35048, 34.980159441 ], [ 135.350230272, 34.979837225 ], [ 135.35, 34.979526973 ], [ 135.349902477, 34.979395559 ], [ 135.349829078999988, 34.979296694 ], [ 135.349592503, 34.978978333 ], [ 135.349382776, 34.97868 ], [ 135.349295837, 34.978518892 ], [ 135.349281388, 34.978369721 ], [ 135.349346394, 34.977689721 ], [ 135.349353606, 34.977439162 ], [ 135.349348053999989, 34.977374721 ], [ 135.349313891, 34.976986108 ], [ 135.349096393999986, 34.976515 ], [ 135.348806667, 34.976115279 ], [ 135.34859666700001, 34.975906387 ], [ 135.348524163, 34.975775279 ], [ 135.348516939, 34.975554441 ], [ 135.34860389100001, 34.97531 ], [ 135.348658054, 34.975131108 ], [ 135.348716589, 34.975 ], [ 135.348788612, 34.974838613 ], [ 135.34894083, 34.974492775 ], [ 135.348962503, 34.974182775 ], [ 135.348911673, 34.973848613 ], [ 135.348788612, 34.973520559 ], [ 135.348774112, 34.973416748 ], [ 135.348766939, 34.973365559 ], [ 135.348788612, 34.973168613 ], [ 135.348850272, 34.972900279 ], [ 135.348857497000012, 34.972721387 ], [ 135.348799727999989, 34.972244162 ], [ 135.348748885, 34.971969721 ], [ 135.348611388, 34.971784721 ], [ 135.348321387999988, 34.971498613 ], [ 135.348133061, 34.971266108 ], [ 135.347966394, 34.971075279 ], [ 135.347832503, 34.970878333 ], [ 135.347607782000011, 34.970406946 ], [ 135.347462775999986, 34.970251946 ], [ 135.346883333, 34.969870279 ], [ 135.346687782, 34.969691108 ], [ 135.34660083, 34.969548054 ], [ 135.346571946000012, 34.969393054 ], [ 135.346589728, 34.969226946 ], [ 135.346622503, 34.968921667 ], [ 135.346648054000013, 34.968748613 ], [ 135.346618885, 34.968629441 ], [ 135.346553891000013, 34.968521946 ], [ 135.34643778200001, 34.968444721 ], [ 135.346111673, 34.968414721 ], [ 135.345850829999989, 34.968307495 ], [ 135.345655279, 34.968206108 ], [ 135.345597223999988, 34.968110559 ], [ 135.345314721, 34.967466387 ], [ 135.345133890999989, 34.967138333 ], [ 135.345068612, 34.966846108 ], [ 135.345108612, 34.966720829 ], [ 135.345142802, 34.966666667 ], [ 135.345296939, 34.966422495 ], [ 135.345622776, 34.965808054 ], [ 135.346195005999988, 34.964925559 ], [ 135.346354448999989, 34.964651108 ], [ 135.346481388, 34.964496108 ], [ 135.346604449000012, 34.964418333 ], [ 135.346792776, 34.964394721 ], [ 135.347169728000011, 34.964418333 ], [ 135.347517497000013, 34.964609441 ], [ 135.347633333, 34.964764441 ], [ 135.347836394000012, 34.964937495 ], [ 135.348075005999988, 34.965038892 ], [ 135.348401115, 34.965098613 ], [ 135.348872218, 34.965080559 ], [ 135.349016939, 34.965044721 ], [ 135.349176394000011, 34.964925559 ], [ 135.349321388, 34.964692775 ], [ 135.349661946, 34.964251387 ], [ 135.34974083, 34.964171387 ], [ 135.349991673, 34.963917495 ], [ 135.35, 34.963910333 ], [ 135.350477224, 34.9635 ], [ 135.350708612, 34.963368892 ], [ 135.350947782, 34.963291387 ], [ 135.351476666999986, 34.963321108 ], [ 135.35217972800001, 34.963315279 ], [ 135.35257083, 34.963291387 ], [ 135.353186394, 34.963154162 ], [ 135.353472776, 34.963052775 ], [ 135.353981673, 34.962786946 ], [ 135.354066939, 34.962742495 ], [ 135.35424805400001, 34.962617225 ], [ 135.354682776, 34.962104162 ], [ 135.354987224000013, 34.961824162 ], [ 135.355447223999988, 34.961335 ], [ 135.355642776, 34.961072495 ], [ 135.355685551, 34.961017495 ], [ 135.355968612, 34.960655 ], [ 135.356265837, 34.960165829 ], [ 135.356635278999988, 34.959587495 ], [ 135.357091673000014, 34.958925279 ], [ 135.35736834, 34.958544721 ], [ 135.357421388, 34.958471946 ], [ 135.357507198, 34.958333333 ], [ 135.357805551000013, 34.957851387 ], [ 135.357914163, 34.957583054 ], [ 135.35808083, 34.957052495 ], [ 135.358102503, 34.956861667 ], [ 135.358164163, 34.955925 ], [ 135.35833083, 34.955781946 ], [ 135.358333333, 34.955780613 ], [ 135.358816109, 34.955525279 ], [ 135.358997224, 34.955364162 ], [ 135.359174720999988, 34.955197225 ], [ 135.359377497, 34.954982775 ], [ 135.359522503, 34.954809721 ], [ 135.359710830000012, 34.954690559 ], [ 135.359798054, 34.954661387 ], [ 135.36001527900001, 34.954589162 ], [ 135.360384721, 34.954469721 ], [ 135.360725279, 34.954421946 ], [ 135.361029441999989, 34.954517495 ], [ 135.361536394000012, 34.954672495 ], [ 135.361797497, 34.954756108 ], [ 135.362166939, 34.954917225 ], [ 135.362717497, 34.955257225 ], [ 135.363014721000013, 34.955513613 ], [ 135.363336939, 34.955835829 ], [ 135.363749727999988, 34.956157775 ], [ 135.363923605999986, 34.956235279 ], [ 135.364184720999987, 34.956253054 ], [ 135.364403061, 34.956235829 ], [ 135.364488884999986, 34.956229162 ], [ 135.364735279, 34.95617 ], [ 135.365315006, 34.955949162 ], [ 135.365814721, 34.955919441 ], [ 135.366111673, 34.955853613 ], [ 135.366423333, 34.955806108 ], [ 135.366666667, 34.955876829 ], [ 135.366731115, 34.955895559 ], [ 135.367130272, 34.956059721 ], [ 135.367397782000012, 34.95617 ], [ 135.367673333, 34.956193613 ], [ 135.368108054, 34.956092225 ], [ 135.368549728, 34.956062495 ], [ 135.368890271999987, 34.955955 ], [ 135.369233606, 34.955781667 ], [ 135.369303333, 34.955746387 ], [ 135.369542218, 34.955543613 ], [ 135.369694449, 34.955370559 ], [ 135.369838664000014, 34.955137613 ], [ 135.369882776, 34.955066387 ], [ 135.369915551, 34.954887225 ], [ 135.36990834, 34.954708613 ], [ 135.369915551, 34.954595279 ], [ 135.370009728000014, 34.954523613 ], [ 135.370473333, 34.954517775 ], [ 135.370770558, 34.954595279 ], [ 135.370886109, 34.954595279 ], [ 135.371016667, 34.954565559 ], [ 135.371299169999986, 34.954452225 ], [ 135.37161083, 34.954237495 ], [ 135.371907782, 34.953939162 ], [ 135.372012503, 34.953829441 ], [ 135.37209834, 34.953757225 ], [ 135.372197497, 34.953737775 ], [ 135.372546394000011, 34.953622495 ], [ 135.372694449, 34.953558892 ], [ 135.372874720999988, 34.953505829 ], [ 135.373016109, 34.95349 ], [ 135.373151388, 34.953548333 ], [ 135.373235005999987, 34.953675559 ], [ 135.373366108999988, 34.953901387 ], [ 135.373370271999988, 34.953908613 ], [ 135.373524721, 34.954131108 ], [ 135.373608053999988, 34.954226667 ], [ 135.373781946, 34.954311387 ], [ 135.373949442, 34.954443892 ], [ 135.374245551, 34.954576387 ], [ 135.374438612, 34.954676946 ], [ 135.375, 34.954972054 ], [ 135.375043606, 34.954995 ], [ 135.375326939, 34.955132775 ], [ 135.37550083, 34.955297225 ], [ 135.375655279, 34.955567495 ], [ 135.375738885, 34.955789721 ], [ 135.375822503, 34.956022775 ], [ 135.375889441999988, 34.956214441 ], [ 135.375931946, 34.956335559 ], [ 135.37644666700001, 34.955975279 ], [ 135.376897224, 34.955705279 ], [ 135.377154721000011, 34.955546108 ], [ 135.37743805400001, 34.955376667 ], [ 135.377740558, 34.955233613 ], [ 135.377817782, 34.955217495 ], [ 135.377959442, 34.955212225 ], [ 135.378616109, 34.955381946 ], [ 135.378931388000012, 34.955429441 ], [ 135.379253333, 34.955440279 ], [ 135.379658611999986, 34.955471946 ], [ 135.379877497, 34.955535559 ], [ 135.380141388, 34.955715829 ], [ 135.380353891, 34.955869441 ], [ 135.380469728, 34.955901108 ], [ 135.38059194600001, 34.955890559 ], [ 135.380817224, 34.955853613 ], [ 135.381068340000013, 34.955848333 ], [ 135.381190557999986, 34.955858892 ], [ 135.381364448999989, 34.955906667 ], [ 135.381551115, 34.956028333 ], [ 135.381634721000012, 34.956134441 ], [ 135.381757224000012, 34.956192775 ], [ 135.381885837, 34.956229721 ], [ 135.382035551, 34.956200279 ], [ 135.382046939, 34.956198054 ], [ 135.382195005999989, 34.956091946 ], [ 135.382343061, 34.956060279 ], [ 135.382460272, 34.956032225 ], [ 135.382632218, 34.955991387 ], [ 135.382799728, 34.955821667 ], [ 135.38298, 34.955238892 ], [ 135.383076394, 34.954931387 ], [ 135.383108612, 34.954777775 ], [ 135.383218054, 34.954602775 ], [ 135.38332749700001, 34.954533892 ], [ 135.383333333, 34.954531829 ], [ 135.383552775999988, 34.954454441 ], [ 135.383881115, 34.954359162 ], [ 135.384222218, 34.954285 ], [ 135.384460558, 34.954210559 ], [ 135.384743606, 34.954173613 ], [ 135.38514917, 34.954231946 ], [ 135.385323061, 34.954274162 ], [ 135.385477497000011, 34.954258613 ], [ 135.3856, 34.954036108 ], [ 135.385825278999988, 34.953209441 ], [ 135.385992503000011, 34.952345559 ], [ 135.386050558, 34.952101667 ], [ 135.386134163, 34.951910829 ], [ 135.386211388, 34.951730829 ], [ 135.386301673, 34.951577225 ], [ 135.386404163, 34.951508333 ], [ 135.386738885, 34.951333613 ], [ 135.387176667, 34.951206387 ], [ 135.387350558, 34.951121667 ], [ 135.38746, 34.951068613 ], [ 135.387537224, 34.950983892 ], [ 135.387582218, 34.950898892 ], [ 135.387646667000013, 34.950718892 ], [ 135.387717497000011, 34.950453892 ], [ 135.38789778200001, 34.950008613 ], [ 135.387899079, 34.95 ], [ 135.387908885, 34.949935 ], [ 135.387916939, 34.949881387 ], [ 135.38789778200001, 34.949775559 ], [ 135.387820557999987, 34.949653613 ], [ 135.387678885000014, 34.949393892 ], [ 135.387614449000012, 34.949150279 ], [ 135.387614449000012, 34.949054721 ], [ 135.387665836999986, 34.948922225 ], [ 135.387736667000013, 34.948806108 ], [ 135.387833333, 34.948625829 ], [ 135.387923333, 34.948408613 ], [ 135.387942775999988, 34.948302495 ], [ 135.387942775999988, 34.948058613 ], [ 135.387923333, 34.947836108 ], [ 135.387859170000013, 34.947624162 ], [ 135.387736667000013, 34.947359162 ], [ 135.387575837000014, 34.94702 ], [ 135.387447224, 34.946861108 ], [ 135.387337782, 34.946723333 ], [ 135.387170558, 34.946606667 ], [ 135.387164163, 34.946537775 ], [ 135.387196394, 34.946283333 ], [ 135.387273606, 34.946071387 ], [ 135.387350558, 34.945907495 ], [ 135.387453606, 34.945827775 ], [ 135.387537224, 34.945732495 ], [ 135.387633891, 34.945626387 ], [ 135.387794721, 34.945520559 ], [ 135.387884721, 34.945494162 ], [ 135.387936394, 34.945478054 ], [ 135.388026394, 34.945446387 ], [ 135.388097224, 34.945382775 ], [ 135.388142218000013, 34.945276667 ], [ 135.388142218000013, 34.945191946 ], [ 135.388174449, 34.945022495 ], [ 135.388238885, 34.944688613 ], [ 135.38830333300001, 34.944476387 ], [ 135.388496393999986, 34.943994162 ], [ 135.388650829999989, 34.943803613 ], [ 135.388843891, 34.943671108 ], [ 135.388953332999989, 34.943596667 ], [ 135.389970557999987, 34.943506667 ], [ 135.390395278999989, 34.943480279 ], [ 135.39051111500001, 34.943448613 ], [ 135.390595006000012, 34.943316108 ], [ 135.390723606, 34.943141387 ], [ 135.390826667, 34.942993054 ], [ 135.390916393999987, 34.942931387 ], [ 135.390942503, 34.942913333 ], [ 135.390987497, 34.942886946 ], [ 135.391155006, 34.942876387 ], [ 135.391302776, 34.942860559 ], [ 135.39139917, 34.942833892 ], [ 135.39147, 34.942738613 ], [ 135.391598885, 34.942526667 ], [ 135.39166666700001, 34.942437973 ], [ 135.39185, 34.942198054 ], [ 135.392170558, 34.941666667 ], [ 135.392228885, 34.94157 ], [ 135.392351946, 34.941365829 ], [ 135.392757497, 34.941487775 ], [ 135.392963606, 34.941636108 ], [ 135.393009611, 34.941666667 ], [ 135.393313333, 34.941868333 ], [ 135.39353, 34.942012495 ], [ 135.393826109, 34.942171387 ], [ 135.393918054000011, 34.942222495 ], [ 135.39400083000001, 34.942268333 ], [ 135.394122218, 34.942335829 ], [ 135.394456939, 34.942574162 ], [ 135.394637224, 34.942733333 ], [ 135.394701387999987, 34.942844441 ], [ 135.394765551, 34.942976946 ], [ 135.394765551, 34.943035279 ], [ 135.39474, 34.943210279 ], [ 135.394669169999986, 34.943321387 ], [ 135.394533891, 34.943491108 ], [ 135.394488884999987, 34.943570559 ], [ 135.394527497000013, 34.943644721 ], [ 135.394662776, 34.943745559 ], [ 135.394894449, 34.943909721 ], [ 135.395132503000013, 34.944068613 ], [ 135.395544449, 34.944344162 ], [ 135.395692503, 34.944413054 ], [ 135.395956667, 34.944439441 ], [ 135.396162503, 34.944376108 ], [ 135.396902776, 34.944058054 ], [ 135.397089442, 34.944026387 ], [ 135.397385551000013, 34.944047495 ], [ 135.397616938999988, 34.944111108 ], [ 135.397739441999988, 34.944137495 ], [ 135.397861673, 34.944148333 ], [ 135.398061115, 34.944126946 ], [ 135.398421673, 34.944068613 ], [ 135.398489727999987, 34.944059441 ], [ 135.398698612, 34.944031667 ], [ 135.39931639400001, 34.943952225 ], [ 135.399683333000013, 34.943893892 ], [ 135.4, 34.943868946 ], [ 135.400088885, 34.943861946 ], [ 135.400243333, 34.943861946 ], [ 135.400417224, 34.943904441 ], [ 135.400648612, 34.943909721 ], [ 135.400790272, 34.943888613 ], [ 135.400964163, 34.943851387 ], [ 135.401337496999986, 34.943655279 ], [ 135.401472776, 34.943628892 ], [ 135.401620830000013, 34.943618333 ], [ 135.401948885, 34.943596946 ], [ 135.401962244, 34.943595667 ], [ 135.402225837, 34.943570559 ], [ 135.402541388, 34.943528054 ], [ 135.403165551, 34.943485829 ], [ 135.403545551, 34.943448613 ], [ 135.403821946, 34.943438054 ], [ 135.403950830000014, 34.943448613 ], [ 135.404221115000013, 34.943491108 ], [ 135.404414163000013, 34.943575829 ], [ 135.404663891000013, 34.943689162 ], [ 135.404916394, 34.943803892 ], [ 135.405225279, 34.943930829 ], [ 135.405262218, 34.943948333 ], [ 135.405392776000014, 34.944010559 ], [ 135.40554083, 34.944036946 ], [ 135.405785279000014, 34.944015829 ], [ 135.406152217999988, 34.943968054 ], [ 135.406435550999987, 34.943904441 ], [ 135.406731388, 34.943835559 ], [ 135.407291388, 34.943665829 ], [ 135.407619727999986, 34.943517495 ], [ 135.408038054, 34.943268613 ], [ 135.40813472100001, 34.943136108 ], [ 135.408237496999988, 34.94294 ], [ 135.408333333, 34.942708306 ], [ 135.408340558, 34.942690829 ], [ 135.408398612000013, 34.942558333 ], [ 135.408442218, 34.942504721 ], [ 135.408442775999987, 34.942503892 ], [ 135.408463061, 34.942478892 ], [ 135.408533606, 34.942431108 ], [ 135.408649728, 34.942389162 ], [ 135.408810558, 34.942394441 ], [ 135.408985836999989, 34.94245 ], [ 135.408988612, 34.942451108 ], [ 135.409093891, 34.942484162 ], [ 135.409376939, 34.942563613 ], [ 135.409962775999986, 34.942606108 ], [ 135.410323061000014, 34.942611387 ], [ 135.410477224, 34.942638054 ], [ 135.41069, 34.942675 ], [ 135.41073972800001, 34.942738892 ], [ 135.410862503, 34.942897225 ], [ 135.410986109, 34.943056387 ], [ 135.411113605999986, 34.943221387 ], [ 135.411136667, 34.943251108 ], [ 135.411346667, 34.943522775 ], [ 135.411372218, 34.943724162 ], [ 135.41132083, 34.943930829 ], [ 135.411214721, 34.944002495 ], [ 135.411069728, 34.944100559 ], [ 135.410747781999987, 34.944296667 ], [ 135.410387496999988, 34.944418613 ], [ 135.409531115, 34.944699441 ], [ 135.409254721, 34.944853054 ], [ 135.409061673, 34.944990829 ], [ 135.408598054, 34.945324721 ], [ 135.408665279, 34.945390279 ], [ 135.408700272, 34.945424721 ], [ 135.40873250300001, 34.945456108 ], [ 135.408804163000013, 34.945526108 ], [ 135.408901115, 34.945515829 ], [ 135.408981673, 34.945507225 ], [ 135.409100271999989, 34.945494441 ], [ 135.409672776, 34.945176387 ], [ 135.409923891, 34.945054441 ], [ 135.410110558000014, 34.944953892 ], [ 135.41078, 34.94462 ], [ 135.411056939, 34.944476667 ], [ 135.411256394, 34.944403613 ], [ 135.411417224, 34.944344441 ], [ 135.411623333, 34.944243613 ], [ 135.41173917, 34.944137495 ], [ 135.411835837000012, 34.944015829 ], [ 135.411932218, 34.943782495 ], [ 135.411951673, 34.94356 ], [ 135.412118885000012, 34.943003613 ], [ 135.412170558000014, 34.942754441 ], [ 135.412086939, 34.942505559 ], [ 135.412028885000012, 34.942389162 ], [ 135.411887224, 34.942219441 ], [ 135.41157834, 34.94205 ], [ 135.411301388, 34.941890829 ], [ 135.411095550999988, 34.941843333 ], [ 135.410969169999987, 34.941833892 ], [ 135.41091917, 34.94183 ], [ 135.410812218, 34.941821946 ], [ 135.410278054, 34.941816667 ], [ 135.409975551, 34.941785 ], [ 135.409692503, 34.941716108 ], [ 135.40962061, 34.941702829 ], [ 135.40957666700001, 34.941694721 ], [ 135.409488689999989, 34.941666667 ], [ 135.40946083, 34.941657775 ], [ 135.409428612, 34.941588892 ], [ 135.409447782, 34.941466946 ], [ 135.409544449, 34.941265559 ], [ 135.409621673, 34.941058892 ], [ 135.409724721, 34.940788613 ], [ 135.410033606000013, 34.940269162 ], [ 135.41020834, 34.940055559 ], [ 135.410284721000011, 34.939961946 ], [ 135.410413333, 34.939924721 ], [ 135.410915279, 34.940030829 ], [ 135.411211388, 34.940073054 ], [ 135.411539728, 34.940089162 ], [ 135.412266939, 34.940115559 ], [ 135.412531115, 34.940141946 ], [ 135.412711115, 34.940258613 ], [ 135.413097497, 34.940513054 ], [ 135.413251946, 34.94055 ], [ 135.413644721, 34.940566108 ], [ 135.413927497, 34.94055 ], [ 135.414629170000012, 34.940608333 ], [ 135.414906108999986, 34.940677225 ], [ 135.415221388, 34.940714441 ], [ 135.415466109, 34.940740829 ], [ 135.415755837, 34.940793892 ], [ 135.415916667, 34.940878613 ], [ 135.416135551, 34.941021667 ], [ 135.416328612, 34.941170279 ], [ 135.41645749700001, 34.941286667 ], [ 135.416666666999987, 34.941437829 ], [ 135.416824163, 34.941551667 ], [ 135.416977224, 34.941646108 ], [ 135.417010389000012, 34.941666667 ], [ 135.417107224, 34.941726667 ], [ 135.417242503000011, 34.941785 ], [ 135.417364721000013, 34.941800829 ], [ 135.417455006000012, 34.941774162 ], [ 135.417459974, 34.941666667 ], [ 135.417461388, 34.941636387 ], [ 135.41744834, 34.941498613 ], [ 135.417384163, 34.941101387 ], [ 135.417390558, 34.940852225 ], [ 135.417390558, 34.940587225 ], [ 135.417435551000011, 34.940444162 ], [ 135.417480558, 34.940327495 ], [ 135.417596393999986, 34.940110279 ], [ 135.417757497, 34.939829441 ], [ 135.417821946, 34.939612225 ], [ 135.417841114999987, 34.939527495 ], [ 135.417802503, 34.939421667 ], [ 135.417725279, 34.939289162 ], [ 135.417628611999987, 34.939230829 ], [ 135.417455006000012, 34.939156667 ], [ 135.417165551000011, 34.939034721 ], [ 135.416959442, 34.938875829 ], [ 135.416914448999989, 34.938764441 ], [ 135.416901673000012, 34.938626667 ], [ 135.416908054, 34.938377495 ], [ 135.416914448999989, 34.938218613 ], [ 135.416933891000014, 34.938017225 ], [ 135.417004449, 34.937836946 ], [ 135.417075278999988, 34.937704441 ], [ 135.417210558, 34.937492495 ], [ 135.417519442000014, 34.937100279 ], [ 135.417731946, 34.93674 ], [ 135.417796394, 34.936596946 ], [ 135.417783332999988, 34.936490829 ], [ 135.417751388, 34.936358333 ], [ 135.417725551, 34.936226108 ], [ 135.41773834, 34.936104441 ], [ 135.417802776, 34.935886946 ], [ 135.41786083, 34.935701667 ], [ 135.41788, 34.935516108 ], [ 135.418028054, 34.935012495 ], [ 135.418305006, 34.934281387 ], [ 135.418407497, 34.934026946 ], [ 135.418484721, 34.933894441 ], [ 135.418626394, 34.933899721 ], [ 135.419328054, 34.933936946 ], [ 135.419611388, 34.933952775 ], [ 135.420152218, 34.933889162 ], [ 135.420345279, 34.933878613 ], [ 135.420918054, 34.933862495 ], [ 135.421491115, 34.933873333 ], [ 135.42174834, 34.933958054 ], [ 135.42185978, 34.934011586 ], [ 135.421902776, 34.934032225 ], [ 135.422057224000014, 34.934138333 ], [ 135.42230834, 34.934276108 ], [ 135.42245, 34.934339721 ], [ 135.422694449, 34.934381946 ], [ 135.423061388, 34.934387225 ], [ 135.423370557999988, 34.934456108 ], [ 135.423454163, 34.934535559 ], [ 135.423531387999986, 34.934673333 ], [ 135.42389834, 34.935065559 ], [ 135.42413, 34.935261667 ], [ 135.424361673, 34.935404721 ], [ 135.424696109, 34.935558613 ], [ 135.424709442, 34.935568613 ], [ 135.424831388, 34.935659162 ], [ 135.424928054, 34.935749162 ], [ 135.425, 34.935864279 ], [ 135.42503083, 34.935913613 ], [ 135.425024449, 34.936072495 ], [ 135.425076109, 34.936168054 ], [ 135.425162218, 34.936250829 ], [ 135.425346394, 34.936427495 ], [ 135.425465279, 34.936471387 ], [ 135.425591115, 34.936517775 ], [ 135.425732503, 34.936586667 ], [ 135.425996667, 34.936676667 ], [ 135.42629917, 34.936782495 ], [ 135.426299196, 34.936782532 ], [ 135.426498611999989, 34.936893613 ], [ 135.426814162999989, 34.936994441 ], [ 135.427045837, 34.937063333 ], [ 135.427245279, 34.937084441 ], [ 135.427399728000012, 34.937073892 ], [ 135.427547497, 34.937036667 ], [ 135.427656939, 34.936962495 ], [ 135.42775360600001, 34.936877775 ], [ 135.427978884999987, 34.936676667 ], [ 135.428185006, 34.936538892 ], [ 135.428358612000011, 34.93647 ], [ 135.428381388, 34.936468333 ], [ 135.428583890999988, 34.936454162 ], [ 135.42870917, 34.936475829 ], [ 135.428828612, 34.936496387 ], [ 135.428996109, 34.936533613 ], [ 135.42927917, 34.936602495 ], [ 135.430051673, 34.936788054 ], [ 135.430341387999988, 34.936872775 ], [ 135.430598885, 34.936946946 ], [ 135.431171388, 34.937026108 ], [ 135.431551388, 34.937026108 ], [ 135.431924721, 34.937047495 ], [ 135.43232389100001, 34.937021108 ], [ 135.432388054, 34.937036946 ], [ 135.432446109000011, 34.937105559 ], [ 135.432555551, 34.937317775 ], [ 135.432651946, 34.937545559 ], [ 135.43281944200001, 34.937921667 ], [ 135.432883890999989, 34.938011946 ], [ 135.432980272, 34.938033054 ], [ 135.433315005999987, 34.938080829 ], [ 135.433333333, 34.938081198 ], [ 135.433578885, 34.938086108 ], [ 135.433773061000011, 34.938109162 ], [ 135.434158054, 34.938155 ], [ 135.43455083, 34.938223892 ], [ 135.434981946, 34.938298054 ], [ 135.435143061, 34.938292775 ], [ 135.435303891, 34.938250279 ], [ 135.435503333000014, 34.938176108 ], [ 135.435799442, 34.938011946 ], [ 135.436011946, 34.937852775 ], [ 135.436173061, 34.937768054 ], [ 135.436333891, 34.937667495 ], [ 135.43655917000001, 34.937588054 ], [ 135.43695834, 34.937508333 ], [ 135.437075693999986, 34.937494198 ], [ 135.43717722400001, 34.937481946 ], [ 135.437505279, 34.937392225 ], [ 135.437711115000013, 34.937270279 ], [ 135.438161673, 34.937058333 ], [ 135.438548054, 34.936941667 ], [ 135.439223891000012, 34.937402775 ], [ 135.439352776, 34.937535279 ], [ 135.439738885, 34.937996108 ], [ 135.439970558, 34.938229162 ], [ 135.440202218, 34.938356387 ], [ 135.440478885, 34.93851 ], [ 135.440787782, 34.938669162 ], [ 135.441186939, 34.938955279 ], [ 135.441418612, 34.939188333 ], [ 135.441483061000014, 34.939273054 ], [ 135.44159250300001, 34.939379162 ], [ 135.441656939000012, 34.939395 ], [ 135.441666667, 34.939392919 ], [ 135.441724449, 34.939380559 ], [ 135.44177917, 34.939368613 ], [ 135.44189500600001, 34.939331387 ], [ 135.442023891, 34.939225559 ], [ 135.442236109, 34.939066387 ], [ 135.442468053999988, 34.938918054 ], [ 135.442766393999989, 34.938647495 ], [ 135.443362775999987, 34.938107225 ], [ 135.444244449, 34.937280829 ], [ 135.444382776, 34.937143054 ], [ 135.444952503, 34.936576108 ], [ 135.445203606, 34.936353333 ], [ 135.445388885, 34.936187775 ], [ 135.445576939, 34.936019441 ], [ 135.44626555100001, 34.935489721 ], [ 135.446858223, 34.935010441 ], [ 135.446993061, 34.934901387 ], [ 135.447405006, 34.934567495 ], [ 135.447643333, 34.934403054 ], [ 135.447836394, 34.934313054 ], [ 135.447894163, 34.934297225 ], [ 135.447971388000013, 34.934292225 ], [ 135.448100272, 34.934297495 ], [ 135.448286939000013, 34.934329162 ], [ 135.448544449, 34.934424721 ], [ 135.448923891, 34.934525279 ], [ 135.449039728, 34.934530559 ], [ 135.44913, 34.934504162 ], [ 135.449213606, 34.934419441 ], [ 135.449265006, 34.934334441 ], [ 135.449348885, 34.934165 ], [ 135.449432503, 34.933958333 ], [ 135.449496939, 34.933656108 ], [ 135.44952917, 34.933529162 ], [ 135.449561115, 34.933449441 ], [ 135.449660246, 34.933333333 ], [ 135.449773606, 34.933200559 ], [ 135.449928054, 34.933004441 ], [ 135.45, 34.932912054 ], [ 135.450098054, 34.932786108 ], [ 135.45025, 34.932591108 ], [ 135.450333605999987, 34.932532775 ], [ 135.450443060999987, 34.932485 ], [ 135.450610558, 34.932416108 ], [ 135.450803606, 34.932331387 ], [ 135.451022503, 34.932251946 ], [ 135.451221946, 34.932151108 ], [ 135.451421673, 34.932029162 ], [ 135.451646939, 34.931875559 ], [ 135.451859442, 34.931727495 ], [ 135.452194163, 34.931324721 ], [ 135.452226109, 34.931192225 ], [ 135.452213333, 34.931075559 ], [ 135.452168339999986, 34.930985559 ], [ 135.45206527900001, 34.930794721 ], [ 135.451981673, 34.930641108 ], [ 135.451949442, 34.930450279 ], [ 135.451988054, 34.930280559 ], [ 135.452097497000011, 34.930111108 ], [ 135.452213333, 34.930010279 ], [ 135.45238083000001, 34.929867225 ], [ 135.452541673000013, 34.929787775 ], [ 135.452818611999987, 34.929718892 ], [ 135.453918885, 34.929528054 ], [ 135.454234449000012, 34.929501667 ], [ 135.455135551000012, 34.929358892 ], [ 135.455354449, 34.929332225 ], [ 135.455753333, 34.929221108 ], [ 135.455997782, 34.929189162 ], [ 135.45635834, 34.929210559 ], [ 135.456712503, 34.929231667 ], [ 135.456950557999988, 34.929194441 ], [ 135.457025837, 34.929170829 ], [ 135.457118054, 34.929141667 ], [ 135.457735837, 34.928828892 ], [ 135.458083606, 34.928606387 ], [ 135.458241388, 34.928463054 ], [ 135.458333333000013, 34.928379441 ], [ 135.458643333, 34.928097495 ], [ 135.45903610900001, 34.927737225 ], [ 135.459621672999987, 34.927403613 ], [ 135.460439442, 34.926990279 ], [ 135.460574449, 34.926894721 ], [ 135.460677497, 34.926778333 ], [ 135.460767497, 34.926629721 ], [ 135.460844721, 34.926465559 ], [ 135.460922218, 34.926327775 ], [ 135.461012218, 34.926274721 ], [ 135.461185836999988, 34.926317225 ], [ 135.461417497000014, 34.926417775 ], [ 135.46161693900001, 34.926566387 ], [ 135.461835837, 34.926751667 ], [ 135.461938885, 34.926841946 ], [ 135.462222218, 34.926847225 ], [ 135.462486109, 34.926847225 ], [ 135.462801388, 34.926889441 ], [ 135.462956109, 34.926937225 ], [ 135.463136109, 34.927032495 ], [ 135.463393606000011, 34.927239162 ], [ 135.463451673, 34.927329441 ], [ 135.46348389100001, 34.927461946 ], [ 135.463528884999988, 34.927615559 ], [ 135.463572218, 34.927642495 ], [ 135.463606109000011, 34.927663333 ], [ 135.463646109, 34.927669441 ], [ 135.463709169999987, 34.927679162 ], [ 135.463797782, 34.927690279 ], [ 135.464005006, 34.927716387 ], [ 135.464294720999987, 34.927763892 ], [ 135.464906109, 34.927923054 ], [ 135.465228054, 34.92805 ], [ 135.465434163, 34.928156108 ], [ 135.465775279000013, 34.928293892 ], [ 135.466177781999988, 34.928431946 ], [ 135.466470558, 34.928532495 ], [ 135.466666667, 34.928605748 ], [ 135.467094449, 34.928765559 ], [ 135.467152503, 34.928786667 ], [ 135.467371388, 34.928325829 ], [ 135.467506667, 34.928135 ], [ 135.467693333, 34.927843333 ], [ 135.467789728000014, 34.927764162 ], [ 135.46804083, 34.927653054 ], [ 135.468195279000014, 34.927546946 ], [ 135.468311115, 34.927398613 ], [ 135.468344721, 34.927290559 ], [ 135.468381946, 34.927170559 ], [ 135.468370558, 34.926843333 ], [ 135.468362776, 34.926614162 ], [ 135.468446394000011, 34.926471108 ], [ 135.468536394000012, 34.926269721 ], [ 135.468543061, 34.926142495 ], [ 135.468497781999986, 34.926041946 ], [ 135.468510830000014, 34.925956946 ], [ 135.468562217999988, 34.925824721 ], [ 135.468594449, 34.925681387 ], [ 135.468588054, 34.925538333 ], [ 135.468523606, 34.925432495 ], [ 135.468375551, 34.925379441 ], [ 135.468188884999989, 34.925353054 ], [ 135.46809221800001, 34.925384721 ], [ 135.467944163, 34.925427225 ], [ 135.467873333, 34.925427225 ], [ 135.467706109, 34.925374162 ], [ 135.467448612, 34.925268054 ], [ 135.467075279, 34.925199162 ], [ 135.466764034, 34.925 ], [ 135.466666667, 34.924937694 ], [ 135.466611672999989, 34.924902495 ], [ 135.466348054, 34.924716946 ], [ 135.466129169999988, 34.924552775 ], [ 135.466000558, 34.924415 ], [ 135.465968339999989, 34.924308892 ], [ 135.465942503, 34.924203054 ], [ 135.465974721, 34.924007225 ], [ 135.466000558, 34.923816387 ], [ 135.466039169999988, 34.923662775 ], [ 135.466090558, 34.923403054 ], [ 135.46609693900001, 34.923206946 ], [ 135.466045551, 34.923016108 ], [ 135.465974721, 34.922756387 ], [ 135.466000558, 34.922555 ], [ 135.466116394000011, 34.922337775 ], [ 135.466212776, 34.921977495 ], [ 135.466264163, 34.921717775 ], [ 135.466257782000014, 34.921484441 ], [ 135.466270558, 34.921214162 ], [ 135.466219169999988, 34.920944162 ], [ 135.466083891000011, 34.920626387 ], [ 135.465929728, 34.920430279 ], [ 135.465755836999989, 34.920154721 ], [ 135.465718611999989, 34.919897225 ], [ 135.465696667, 34.919832495 ], [ 135.465551946, 34.919707225 ], [ 135.465407223999989, 34.919588054 ], [ 135.465197224, 34.919534441 ], [ 135.464878885, 34.919450829 ], [ 135.464611115, 34.919349441 ], [ 135.46443, 34.91923 ], [ 135.464234721, 34.919027225 ], [ 135.464073891, 34.918729162 ], [ 135.463900271999989, 34.918520279 ], [ 135.463726394, 34.918371108 ], [ 135.463596109, 34.918305559 ], [ 135.463176667, 34.918204162 ], [ 135.462727782, 34.918036946 ], [ 135.462518053999986, 34.917965559 ], [ 135.462293606, 34.917917775 ], [ 135.462076394, 34.917935559 ], [ 135.461750558, 34.918048892 ], [ 135.461691115, 34.918078054 ], [ 135.46151917, 34.918162225 ], [ 135.461229442, 34.918257775 ], [ 135.460997782, 34.918287495 ], [ 135.46081722400001, 34.918251946 ], [ 135.460549442, 34.918126667 ], [ 135.460259728000011, 34.918066946 ], [ 135.459926939000013, 34.918084721 ], [ 135.459586667, 34.918096667 ], [ 135.459229169999986, 34.918090829 ], [ 135.458946667, 34.918114721 ], [ 135.458333333000013, 34.918142414 ], [ 135.458288054, 34.918144441 ], [ 135.458035005999989, 34.918120559 ], [ 135.457680272, 34.918001387 ], [ 135.457434162999988, 34.917923613 ], [ 135.457050558, 34.917881946 ], [ 135.456710272, 34.917905559 ], [ 135.456606588999989, 34.917928694 ], [ 135.456442503, 34.917965279 ], [ 135.456174721, 34.918042775 ], [ 135.455791115000011, 34.918144162 ], [ 135.455523333, 34.918275279 ], [ 135.455335006000013, 34.918460279 ], [ 135.455118054, 34.918651108 ], [ 135.454857497, 34.918776387 ], [ 135.454488340000012, 34.918913613 ], [ 135.454235006, 34.919003054 ], [ 135.453967224, 34.919104721 ], [ 135.453540272, 34.919176108 ], [ 135.453257782, 34.919194162 ], [ 135.452722218, 34.919253613 ], [ 135.4521, 34.919515829 ], [ 135.451448612, 34.919896667 ], [ 135.45112917, 34.919943892 ], [ 135.45066472100001, 34.920011946 ], [ 135.450314721000012, 34.920043333 ], [ 135.450313061, 34.920043333 ], [ 135.450123865, 34.920035441 ], [ 135.45, 34.920030387 ], [ 135.449685279, 34.920017225 ], [ 135.449163606000013, 34.919985829 ], [ 135.448641946, 34.91997 ], [ 135.448476394000011, 34.919975279 ], [ 135.44813917, 34.920017225 ], [ 135.447515551, 34.920216387 ], [ 135.446898885, 34.920315829 ], [ 135.446262503000014, 34.920357775 ], [ 135.445848885, 34.920357775 ], [ 135.445616667, 34.920339441 ], [ 135.445305006000012, 34.920271387 ], [ 135.445076109000013, 34.920203054 ], [ 135.444656109, 34.920150829 ], [ 135.444325279, 34.920103613 ], [ 135.444128054, 34.920088054 ], [ 135.443911673, 34.920077495 ], [ 135.44342834, 34.920161387 ], [ 135.443218339999987, 34.920218892 ], [ 135.443053061, 34.920245 ], [ 135.44293221800001, 34.920239721 ], [ 135.442633061, 34.920203054 ], [ 135.442429442, 34.920203054 ], [ 135.442267224, 34.920247775 ], [ 135.442063606, 34.920284441 ], [ 135.441872776, 34.920263333 ], [ 135.441666667, 34.920217586 ], [ 135.441637496999988, 34.920211108 ], [ 135.441344721, 34.920184721 ], [ 135.441051945999988, 34.920169162 ], [ 135.440803891, 34.92019 ], [ 135.440657496999989, 34.920221387 ], [ 135.440554721000012, 34.920253054 ], [ 135.440435279000013, 34.920289721 ], [ 135.440174449000011, 34.920368054 ], [ 135.439977223999989, 34.920446667 ], [ 135.439798884999988, 34.920499162 ], [ 135.43955083, 34.920514721 ], [ 135.439302776, 34.920504441 ], [ 135.439130830000011, 34.920436387 ], [ 135.438895551, 34.9203 ], [ 135.438599728000014, 34.920066946 ], [ 135.438374721, 34.919896667 ], [ 135.438295006, 34.919843333 ], [ 135.438182776, 34.919783054 ], [ 135.438128612000014, 34.919753892 ], [ 135.43781, 34.919395829 ], [ 135.43765083, 34.919276667 ], [ 135.437491673000011, 34.919085559 ], [ 135.437144448999987, 34.918626387 ], [ 135.436939442000011, 34.918426387 ], [ 135.436773061, 34.918205829 ], [ 135.436541388, 34.918015 ], [ 135.436266394, 34.917859721 ], [ 135.436015837000014, 34.917734441 ], [ 135.435977523, 34.917708135 ], [ 135.435060271999987, 34.917078333 ], [ 135.434524721, 34.916768054 ], [ 135.434271388000013, 34.916827775 ], [ 135.434025279, 34.916893333 ], [ 135.433728885, 34.916929162 ], [ 135.433333333, 34.916949559 ], [ 135.433265551, 34.916953054 ], [ 135.432758885, 34.916905279 ], [ 135.432469442000013, 34.916845829 ], [ 135.431564968, 34.916666667 ], [ 135.431535551, 34.916660829 ], [ 135.430985551, 34.916559441 ], [ 135.430299170000012, 34.916347495 ], [ 135.430082218, 34.916186667 ], [ 135.42932221800001, 34.915673613 ], [ 135.42918083, 34.915593333 ], [ 135.429090558000013, 34.915542225 ], [ 135.429068859000012, 34.915535892 ], [ 135.428931388, 34.915495829 ], [ 135.428558054, 34.915387225 ], [ 135.428087497, 34.915255829 ], [ 135.427870272, 34.915076946 ], [ 135.427711115, 34.914903892 ], [ 135.427465006, 34.914719162 ], [ 135.427131946, 34.914587775 ], [ 135.426886667, 34.914510279 ], [ 135.426597224, 34.914444721 ], [ 135.426198612, 34.914398333 ], [ 135.425880830000011, 34.914361108 ], [ 135.425641946000013, 34.914289441 ], [ 135.425424721000013, 34.91423 ], [ 135.425, 34.913930333 ], [ 135.424896394, 34.913857225 ], [ 135.424505278999987, 34.913508054 ], [ 135.424485966, 34.913439054 ], [ 135.424461946, 34.913353054 ], [ 135.424389728, 34.912935559 ], [ 135.424382218, 34.912708892 ], [ 135.424324449000011, 34.912476108 ], [ 135.424128884999988, 34.911888892 ], [ 135.424002218, 34.911662495 ], [ 135.423998612, 34.911656108 ], [ 135.423839442, 34.911459441 ], [ 135.423643891000012, 34.911232775 ], [ 135.423325551, 34.911029721 ], [ 135.42310834, 34.910880559 ], [ 135.422940829999987, 34.910801108 ], [ 135.422856667, 34.910761387 ], [ 135.422567224, 34.910641946 ], [ 135.422205279, 34.910564441 ], [ 135.421923061, 34.910546667 ], [ 135.421291387999986, 34.910458333 ], [ 135.420862218, 34.910398333 ], [ 135.420815551, 34.910391667 ], [ 135.420526109, 34.910349721 ], [ 135.41949834, 34.910021667 ], [ 135.419310272, 34.909932225 ], [ 135.419100272, 34.909753333 ], [ 135.418941115, 34.909538613 ], [ 135.418752776, 34.909174721 ], [ 135.418661388, 34.908970279 ], [ 135.418651388, 34.908948054 ], [ 135.41860083, 34.908691387 ], [ 135.418622503, 34.908607775 ], [ 135.418702218, 34.908476667 ], [ 135.418853113000011, 34.908333333 ], [ 135.419035006, 34.908160559 ], [ 135.419295837, 34.907939721 ], [ 135.419396939, 34.907808613 ], [ 135.419672217999988, 34.907486387 ], [ 135.41970834, 34.907307495 ], [ 135.419691115, 34.907128613 ], [ 135.419665006, 34.906854162 ], [ 135.419758885, 34.906639441 ], [ 135.419831388, 34.906531946 ], [ 135.419968885, 34.906478333 ], [ 135.420120558, 34.906484162 ], [ 135.420431946, 34.906531946 ], [ 135.420989170000013, 34.906531946 ], [ 135.421372776, 34.906496108 ], [ 135.421676939, 34.906484162 ], [ 135.421947497, 34.906448613 ], [ 135.42217917, 34.906424721 ], [ 135.423185006000011, 34.906448613 ], [ 135.423416667, 34.906442495 ], [ 135.424422776, 34.906400829 ], [ 135.424448885, 34.906403054 ], [ 135.42469083, 34.906424721 ], [ 135.425, 34.906487 ], [ 135.425045278999988, 34.906496108 ], [ 135.4254, 34.906633333 ], [ 135.425682503, 34.906740829 ], [ 135.425978885, 34.906698892 ], [ 135.426094721, 34.906651387 ], [ 135.426463891, 34.906353054 ], [ 135.426654163, 34.906159162 ], [ 135.426742217999987, 34.906147495 ], [ 135.426878612, 34.906129441 ], [ 135.427095837, 34.906129441 ], [ 135.427123891, 34.906108054 ], [ 135.427204448999987, 34.906045829 ], [ 135.427320272, 34.905813054 ], [ 135.427450558, 34.905592495 ], [ 135.427501115000013, 34.905347775 ], [ 135.427486667000011, 34.905156946 ], [ 135.427450558, 34.90499 ], [ 135.427327497, 34.904775279 ], [ 135.427327497, 34.904566667 ], [ 135.427363606, 34.904369721 ], [ 135.427711115, 34.903856946 ], [ 135.427826939, 34.903665829 ], [ 135.428381115, 34.902592225 ], [ 135.428482503, 34.902383333 ], [ 135.42901083000001, 34.901506387 ], [ 135.429206109, 34.901106946 ], [ 135.429503061, 34.900593892 ], [ 135.429584162999987, 34.900381946 ], [ 135.429763333000011, 34.9 ], [ 135.429885551000012, 34.899739441 ], [ 135.429916939, 34.899672225 ], [ 135.429991946, 34.899511108 ], [ 135.430025551, 34.899439441 ], [ 135.430112218, 34.899278333 ], [ 135.430293060999986, 34.898729721 ], [ 135.430303333000012, 34.898711108 ], [ 135.430408885, 34.898520829 ], [ 135.430531946, 34.898309162 ], [ 135.430922775999989, 34.897569441 ], [ 135.431053333, 34.897342775 ], [ 135.431082218, 34.897241667 ], [ 135.431299442000011, 34.897074441 ], [ 135.431516394, 34.896961108 ], [ 135.431748054, 34.896847775 ], [ 135.432312776, 34.896227495 ], [ 135.432442775999988, 34.895988892 ], [ 135.43241389100001, 34.895762225 ], [ 135.431892776000012, 34.895058333 ], [ 135.431784163, 34.894903333 ], [ 135.431683061, 34.894509441 ], [ 135.431603333, 34.894336387 ], [ 135.431429728000012, 34.894148613 ], [ 135.431270272, 34.893981667 ], [ 135.430713061, 34.893671387 ], [ 135.430503061, 34.893516387 ], [ 135.430452503, 34.892740829 ], [ 135.43056834, 34.892561946 ], [ 135.430741946000012, 34.892430559 ], [ 135.431456394, 34.892131108 ], [ 135.431456497999989, 34.892131081 ], [ 135.431909728, 34.891941108 ], [ 135.43200834000001, 34.891899721 ], [ 135.432123061, 34.891868892 ], [ 135.43239061, 34.891797135 ], [ 135.43260917, 34.891738613 ], [ 135.432616667, 34.891740279 ], [ 135.43284083, 34.891786387 ], [ 135.432866939, 34.891793333 ], [ 135.432988054, 34.891825829 ], [ 135.433195551000011, 34.891881667 ], [ 135.433333333, 34.891961252 ], [ 135.433340272, 34.891965279 ], [ 135.43356472100001, 34.892329162 ], [ 135.43365, 34.892740829 ], [ 135.433773061000011, 34.893003333 ], [ 135.43395416300001, 34.893235829 ], [ 135.434193061, 34.893403054 ], [ 135.434424721, 34.893480559 ], [ 135.434656109, 34.893587775 ], [ 135.434873333000013, 34.893856387 ], [ 135.434967497, 34.894118892 ], [ 135.435090558000013, 34.894357495 ], [ 135.435307497, 34.894613892 ], [ 135.435437782, 34.894727225 ], [ 135.435502776, 34.894852495 ], [ 135.435589728, 34.894983613 ], [ 135.435814163, 34.895150829 ], [ 135.436038612, 34.895288054 ], [ 135.436965006, 34.895556387 ], [ 135.437182218, 34.895633892 ], [ 135.437421115, 34.895753613 ], [ 135.437739442, 34.895950279 ], [ 135.438021946, 34.896051667 ], [ 135.438311387999988, 34.896087495 ], [ 135.438441673, 34.896081667 ], [ 135.438781946, 34.895920559 ], [ 135.438941115, 34.895926387 ], [ 135.439216109, 34.895962225 ], [ 135.439469441999989, 34.896016108 ], [ 135.43966083, 34.896115279 ], [ 135.439802218000011, 34.896188892 ], [ 135.43995416300001, 34.896385829 ], [ 135.440184448999986, 34.896564721 ], [ 135.440871945999987, 34.897095829 ], [ 135.441096394, 34.897226946 ], [ 135.441666667, 34.897440198 ], [ 135.441718885, 34.897459721 ], [ 135.442008612, 34.897585 ], [ 135.442211115, 34.89774 ], [ 135.44284083, 34.898575 ], [ 135.443094163000012, 34.898676387 ], [ 135.44357917, 34.898938892 ], [ 135.44378917, 34.898897225 ], [ 135.444122218, 34.898742225 ], [ 135.444255006, 34.898703054 ], [ 135.444548884999989, 34.898616946 ], [ 135.444903606, 34.898503613 ], [ 135.445156938999986, 34.898402225 ], [ 135.445357497, 34.89811 ], [ 135.445504449, 34.897895279 ], [ 135.445651387999987, 34.897653892 ], [ 135.445817782, 34.897212225 ], [ 135.445890272000014, 34.896872225 ], [ 135.445883060999989, 34.896711108 ], [ 135.445849728000013, 34.896613892 ], [ 135.445817782, 34.896520279 ], [ 135.445774449, 34.896460829 ], [ 135.445687497, 34.896341387 ], [ 135.445361673, 34.895947775 ], [ 135.445231388, 34.895816387 ], [ 135.445123061, 34.895613613 ], [ 135.445131946, 34.895440559 ], [ 135.444983060999988, 34.895433613 ], [ 135.444753891, 34.895422775 ], [ 135.444710272, 34.895345279 ], [ 135.444659728, 34.895225829 ], [ 135.444659728, 34.895118613 ], [ 135.444666939, 34.894921667 ], [ 135.444551115, 34.894748613 ], [ 135.444131387999988, 34.894164162 ], [ 135.444044448999989, 34.893931387 ], [ 135.444087782, 34.893633054 ], [ 135.444131387999988, 34.893513892 ], [ 135.444493061, 34.893090279 ], [ 135.444485837, 34.892923333 ], [ 135.444420830000013, 34.892744441 ], [ 135.444175836999989, 34.892167495 ], [ 135.444167497, 34.892147775 ], [ 135.444087782, 34.891933054 ], [ 135.44401674400001, 34.891666667 ], [ 135.443943061, 34.891390279 ], [ 135.443863333, 34.891241108 ], [ 135.443762217999989, 34.891199441 ], [ 135.443682503, 34.891205279 ], [ 135.443508885, 34.891223054 ], [ 135.443356666999989, 34.891223054 ], [ 135.443168612, 34.891181387 ], [ 135.442929728, 34.891133613 ], [ 135.442494163, 34.891133613 ], [ 135.442233606, 34.891062225 ], [ 135.441951388, 34.890930829 ], [ 135.441666667, 34.890788829 ], [ 135.441299728, 34.890605829 ], [ 135.441068339999987, 34.890546108 ], [ 135.441018910999986, 34.890511387 ], [ 135.440971479000012, 34.890481333 ], [ 135.440938249, 34.890456532 ], [ 135.440881894, 34.89023336 ], [ 135.440901634, 34.890062108 ], [ 135.440960077999989, 34.889935694 ], [ 135.440908197, 34.889774802 ], [ 135.440871803, 34.889691225 ], [ 135.440749727999986, 34.889418613 ], [ 135.440590558, 34.889191946 ], [ 135.440358885, 34.888661108 ], [ 135.440271946, 34.888440279 ], [ 135.440141673, 34.888175 ], [ 135.440170558, 34.887960279 ], [ 135.440156108999986, 34.887623054 ], [ 135.440148885000013, 34.887372495 ], [ 135.440083891, 34.88711 ], [ 135.43991, 34.886805829 ], [ 135.439837782000012, 34.886603054 ], [ 135.439736394, 34.886355559 ], [ 135.439823333, 34.886128892 ], [ 135.439823333, 34.885967775 ], [ 135.439902776, 34.885771108 ], [ 135.439917224, 34.885520559 ], [ 135.439736394, 34.885335829 ], [ 135.439655550999987, 34.885290279 ], [ 135.439483061, 34.885192495 ], [ 135.439236939000011, 34.885019441 ], [ 135.439019728, 34.884709441 ], [ 135.438960726, 34.884619414 ], [ 135.438883333, 34.884490279 ], [ 135.438814162999989, 34.884251667 ], [ 135.438837665, 34.884186946 ], [ 135.438853671, 34.884144252 ], [ 135.438875005999989, 34.884083054 ], [ 135.438976394, 34.883915829 ], [ 135.438932776, 34.883689162 ], [ 135.438824163, 34.883534162 ], [ 135.438736355, 34.883333333 ], [ 135.438730271999987, 34.883319441 ], [ 135.438476939, 34.882746667 ], [ 135.438404448999989, 34.88255 ], [ 135.438332218, 34.882358892 ], [ 135.43820917, 34.88218 ], [ 135.437879728000013, 34.881932495 ], [ 135.4378, 34.881729721 ], [ 135.437807224000011, 34.881496946 ], [ 135.437908612, 34.881180829 ], [ 135.437828884999988, 34.880939162 ], [ 135.437698885, 34.880742495 ], [ 135.437619442, 34.880497775 ], [ 135.43743111500001, 34.879919162 ], [ 135.437322503, 34.879468892 ], [ 135.437221388000012, 34.878985829 ], [ 135.437214163, 34.878838333 ], [ 135.437213891, 34.878830829 ], [ 135.437250272, 34.87864 ], [ 135.437264721, 34.878437225 ], [ 135.437250272, 34.878353613 ], [ 135.43706917, 34.877876387 ], [ 135.436996939000011, 34.877625829 ], [ 135.437025837, 34.877387225 ], [ 135.437076394, 34.877303613 ], [ 135.437264721, 34.877214162 ], [ 135.43748917, 34.877124721 ], [ 135.437554162999987, 34.877041108 ], [ 135.437546005, 34.876989775 ], [ 135.437518054, 34.876814441 ], [ 135.437409441999989, 34.87657 ], [ 135.437209442000011, 34.876123333 ], [ 135.437185006, 34.876068892 ], [ 135.437025837, 34.875830279 ], [ 135.436955551000011, 34.875771108 ], [ 135.436721946, 34.875573892 ], [ 135.436273061, 34.875341108 ], [ 135.435998054, 34.875239721 ], [ 135.435759170000011, 34.875066667 ], [ 135.435692802, 34.875 ], [ 135.435331946, 34.874637495 ], [ 135.43517055800001, 34.874413892 ], [ 135.43462083, 34.873453333 ], [ 135.434012776, 34.872212495 ], [ 135.433889728, 34.871693613 ], [ 135.433889728, 34.871395559 ], [ 135.433954721, 34.871180829 ], [ 135.434063333000012, 34.870930279 ], [ 135.434309442, 34.870733613 ], [ 135.434454163, 34.870524721 ], [ 135.434490558, 34.870333892 ], [ 135.434533891, 34.870250279 ], [ 135.43467, 34.870165559 ], [ 135.43480167300001, 34.870083333 ], [ 135.434787224, 34.869963892 ], [ 135.4346, 34.869529162 ], [ 135.434591946000012, 34.869510559 ], [ 135.434222776000013, 34.868520559 ], [ 135.434184163, 34.868396387 ], [ 135.434150272000011, 34.868288054 ], [ 135.43404888500001, 34.868204441 ], [ 135.433867782, 34.868193892 ], [ 135.433686939000012, 34.868183613 ], [ 135.433607497, 34.868046387 ], [ 135.433333333, 34.867635748 ], [ 135.433288885, 34.867569162 ], [ 135.433194721, 34.867369441 ], [ 135.432758586, 34.866666667 ], [ 135.432724449, 34.866611667 ], [ 135.432652217999987, 34.866313613 ], [ 135.432572502999989, 34.865866108 ], [ 135.43240972800001, 34.865508333 ], [ 135.432235837, 34.865120829 ], [ 135.432141946, 34.864780559 ], [ 135.432069442, 34.864461667 ], [ 135.43191027200001, 34.863471387 ], [ 135.431874163, 34.863238613 ], [ 135.431635279, 34.862863054 ], [ 135.431316667, 34.862630559 ], [ 135.431092218, 34.862427775 ], [ 135.430607497000011, 34.862069721 ], [ 135.430441115, 34.861848892 ], [ 135.430231115, 34.861556667 ], [ 135.430093606000014, 34.861282225 ], [ 135.430057497, 34.861055559 ], [ 135.430060558, 34.861043892 ], [ 135.430122503, 34.860811108 ], [ 135.430229442000012, 34.860656667 ], [ 135.430564163000014, 34.860173054 ], [ 135.430672776, 34.859934441 ], [ 135.43107083000001, 34.859200829 ], [ 135.431150558000013, 34.858938333 ], [ 135.43125917, 34.858663892 ], [ 135.431461997000014, 34.858333333 ], [ 135.431563061, 34.858168613 ], [ 135.431621115000013, 34.857906387 ], [ 135.43165, 34.857661946 ], [ 135.431649442, 34.857656667 ], [ 135.431613606000013, 34.857196667 ], [ 135.431522776, 34.856968054 ], [ 135.431461673, 34.856814721 ], [ 135.43135834, 34.856415279 ], [ 135.43101083, 34.856021387 ], [ 135.430687782, 34.855755279 ], [ 135.430576394000013, 34.855663613 ], [ 135.430438885, 34.855514441 ], [ 135.429823606000014, 34.8553 ], [ 135.429570272, 34.855210559 ], [ 135.429042218, 34.854894441 ], [ 135.42881778200001, 34.854745279 ], [ 135.428079442000012, 34.854214162 ], [ 135.427841946, 34.854059162 ], [ 135.427595837000013, 34.853963613 ], [ 135.42699527900001, 34.853796667 ], [ 135.42699, 34.853795559 ], [ 135.425793891000012, 34.853516387 ], [ 135.425547782, 34.853319441 ], [ 135.425214721, 34.852776667 ], [ 135.425121946, 34.852716667 ], [ 135.425, 34.852637586 ], [ 135.424809442, 34.852514162 ], [ 135.424577782, 34.852400829 ], [ 135.42397, 34.852174162 ], [ 135.423644163, 34.852126387 ], [ 135.423152218000013, 34.852090559 ], [ 135.422876939, 34.852048892 ], [ 135.422753891000013, 34.851965279 ], [ 135.42263917, 34.851937775 ], [ 135.422529442000013, 34.851911667 ], [ 135.422254449, 34.851875829 ], [ 135.421270271999987, 34.851720829 ], [ 135.421046109, 34.851661108 ], [ 135.420605005999988, 34.851526667 ], [ 135.420516939, 34.8515 ], [ 135.420350272, 34.851494162 ], [ 135.420089728, 34.851547775 ], [ 135.419213891, 34.851881946 ], [ 135.417998054, 34.852311387 ], [ 135.417859442, 34.852300559 ], [ 135.417021115000011, 34.852235829 ], [ 135.416878340000011, 34.852224721 ], [ 135.417392218, 34.851741667 ], [ 135.417536667, 34.851583892 ], [ 135.417676109000013, 34.851430829 ], [ 135.417778054, 34.851319721 ], [ 135.417855551, 34.851234721 ], [ 135.417985837, 34.851049721 ], [ 135.418018612, 34.850784721 ], [ 135.418021388, 34.850761667 ], [ 135.41802194600001, 34.850757775 ], [ 135.418058339999988, 34.850536946 ], [ 135.41805917, 34.850534162 ], [ 135.41811610900001, 34.850358054 ], [ 135.418327756, 34.85 ], [ 135.418391115, 34.849892775 ], [ 135.418422217999989, 34.849833333 ], [ 135.418506939, 34.849671946 ], [ 135.418637224, 34.849469162 ], [ 135.419126393999989, 34.848777225 ], [ 135.419604163, 34.848145 ], [ 135.419799442, 34.847960279 ], [ 135.419966109, 34.847781108 ], [ 135.420349728, 34.847274162 ], [ 135.420594449, 34.846947775 ], [ 135.420689728000013, 34.846820829 ], [ 135.420827497, 34.846516667 ], [ 135.420892503, 34.846373613 ], [ 135.420909169999987, 34.846325 ], [ 135.420972503, 34.846140559 ], [ 135.421001115, 34.846057495 ], [ 135.421066109, 34.845818892 ], [ 135.421116939, 34.84564 ], [ 135.421160272, 34.845031387 ], [ 135.421225551, 34.844798892 ], [ 135.421305006000011, 34.844572225 ], [ 135.42155834, 34.844059441 ], [ 135.42169610900001, 34.843844721 ], [ 135.421833606, 34.843618054 ], [ 135.421908339999987, 34.843457775 ], [ 135.422086939, 34.843075279 ], [ 135.422281672999986, 34.842663613 ], [ 135.422491388, 34.842102775 ], [ 135.422527782, 34.841864441 ], [ 135.422609689000012, 34.841666667 ], [ 135.422621673, 34.841637775 ], [ 135.422836394, 34.841153333 ], [ 135.422954721, 34.840886108 ], [ 135.423432502999987, 34.839860279 ], [ 135.423539728, 34.839654721 ], [ 135.42389083, 34.838981108 ], [ 135.423917497, 34.838929721 ], [ 135.424228612, 34.83822 ], [ 135.424293891, 34.837903892 ], [ 135.424314449, 34.837740279 ], [ 135.424315006, 34.837736667 ], [ 135.42433, 34.837617495 ], [ 135.42433, 34.837122775 ], [ 135.424279442, 34.836569441 ], [ 135.424196939000012, 34.836368333 ], [ 135.424095551, 34.8361 ], [ 135.424089442, 34.836072495 ], [ 135.423972502999987, 34.835541387 ], [ 135.423962218000014, 34.835495829 ], [ 135.423953606, 34.835456108 ], [ 135.42392917, 34.835345279 ], [ 135.423849728, 34.835088892 ], [ 135.423755836999987, 34.834749162 ], [ 135.423596667, 34.834146667 ], [ 135.423595279000011, 34.834016946 ], [ 135.423595006, 34.833973613 ], [ 135.423593606, 34.833836946 ], [ 135.423589442, 34.833406946 ], [ 135.423616083000013, 34.833333333 ], [ 135.423636394, 34.833277225 ], [ 135.423683333000014, 34.833147495 ], [ 135.423719728, 34.832634441 ], [ 135.423741388, 34.832056108 ], [ 135.423726939, 34.831733892 ], [ 135.423752775999986, 34.831179162 ], [ 135.423763060999988, 34.830961387 ], [ 135.423785006, 34.830609441 ], [ 135.42378861200001, 34.830384162 ], [ 135.423792217999988, 34.830173892 ], [ 135.423799441999989, 34.829947495 ], [ 135.423727224, 34.829744721 ], [ 135.423589728, 34.82919 ], [ 135.423401673, 34.828855829 ], [ 135.423336667, 34.828572495 ], [ 135.42319917, 34.82834 ], [ 135.422996667, 34.828023613 ], [ 135.422953333, 34.827880559 ], [ 135.422786939, 34.827588613 ], [ 135.422382218, 34.826908613 ], [ 135.42197, 34.826332775 ], [ 135.421760557999988, 34.826177775 ], [ 135.421678054000012, 34.826069441 ], [ 135.421600272, 34.825966946 ], [ 135.421420558, 34.825730279 ], [ 135.421051946, 34.825294721 ], [ 135.420820558, 34.825068054 ], [ 135.420719364, 34.825 ], [ 135.420466108999989, 34.824829721 ], [ 135.420320272, 34.824661387 ], [ 135.42014083, 34.824453892 ], [ 135.419706939, 34.824045279 ], [ 135.419331115, 34.823723333 ], [ 135.41882, 34.82332 ], [ 135.418673061, 34.823204162 ], [ 135.418434448999989, 34.822983613 ], [ 135.418282503, 34.822810559 ], [ 135.417660829999988, 34.82219 ], [ 135.417508885, 34.822023333 ], [ 135.417270272, 34.821775829 ], [ 135.416930272, 34.821376108 ], [ 135.416666666999987, 34.821040135 ], [ 135.41651834000001, 34.820851108 ], [ 135.416185837, 34.820457495 ], [ 135.41611360600001, 34.820200829 ], [ 135.416091946, 34.819789441 ], [ 135.416092776, 34.819785 ], [ 135.416128054000012, 34.819559721 ], [ 135.416054163000013, 34.818558054 ], [ 135.415990558, 34.817692775 ], [ 135.416163061, 34.817303054 ], [ 135.416308885, 34.816974162 ], [ 135.416318612, 34.816942495 ], [ 135.416402049, 34.816666667 ], [ 135.416475006000013, 34.816425559 ], [ 135.416489442, 34.816282225 ], [ 135.416575279, 34.816017495 ], [ 135.416666666999987, 34.815735252 ], [ 135.416713606, 34.815590279 ], [ 135.416959442, 34.814889441 ], [ 135.417041114999989, 34.814784162 ], [ 135.417103061, 34.814704721 ], [ 135.41719083000001, 34.814591387 ], [ 135.417465837, 34.813982775 ], [ 135.417488612, 34.813870279 ], [ 135.417516393999989, 34.813732225 ], [ 135.41759, 34.813631108 ], [ 135.41769, 34.813493613 ], [ 135.417986394, 34.812736667 ], [ 135.418029728, 34.812625829 ], [ 135.418083891, 34.812505559 ], [ 135.418398612, 34.811808892 ], [ 135.418450272, 34.811688054 ], [ 135.418524163, 34.811514721 ], [ 135.418664162999988, 34.811187495 ], [ 135.418709442, 34.811081108 ], [ 135.418758612, 34.810911108 ], [ 135.418818885, 34.810702225 ], [ 135.418828053999988, 34.810670279 ], [ 135.418892218, 34.810448333 ], [ 135.418948054, 34.810254721 ], [ 135.419215551, 34.809789721 ], [ 135.419497782, 34.809264721 ], [ 135.419736394000012, 34.808829441 ], [ 135.419992503, 34.808488054 ], [ 135.420108612, 34.808333333 ], [ 135.420206394, 34.808203054 ], [ 135.420493891, 34.807846667 ], [ 135.420507224, 34.807830279 ], [ 135.420538612, 34.807791667 ], [ 135.420712218, 34.807508333 ], [ 135.421015837, 34.807066946 ], [ 135.421276667, 34.806707495 ], [ 135.421478885, 34.806428613 ], [ 135.421645006, 34.806166108 ], [ 135.421782503, 34.805987225 ], [ 135.421847496999987, 34.805838054 ], [ 135.421876394, 34.805682775 ], [ 135.421876394, 34.80562 ], [ 135.421876394, 34.805179162 ], [ 135.421972218, 34.805043333 ], [ 135.422057224000014, 34.804922495 ], [ 135.422180272, 34.804666108 ], [ 135.422368054, 34.804165 ], [ 135.422664721, 34.803425279 ], [ 135.422758612, 34.803228613 ], [ 135.42330834, 34.802623333 ], [ 135.423496394000011, 34.802378613 ], [ 135.423691388, 34.802074441 ], [ 135.423740272, 34.802053333 ], [ 135.423895966, 34.802084775 ], [ 135.424237522999988, 34.802151414 ], [ 135.424908222999989, 34.802274468 ], [ 135.425, 34.802339865 ], [ 135.425224916, 34.802500081 ], [ 135.425926667, 34.802443694 ], [ 135.42601980500001, 34.802597495 ], [ 135.426137808, 34.802628279 ], [ 135.426255772, 34.802700054 ], [ 135.426466913000013, 34.802515468 ], [ 135.426733942999988, 34.802300108 ], [ 135.42691406, 34.802295 ], [ 135.427348755, 34.802295 ], [ 135.427605836999987, 34.802298333 ], [ 135.427726109, 34.802518892 ], [ 135.427834721000011, 34.802685829 ], [ 135.42800083, 34.802721667 ], [ 135.428282776, 34.802763333 ], [ 135.428355006, 34.802823054 ], [ 135.428362218, 34.802966108 ], [ 135.428383061, 34.803110279 ], [ 135.42838389100001, 34.803115279 ], [ 135.42844917, 34.803181108 ], [ 135.428636939, 34.803181108 ], [ 135.428695006, 34.803133333 ], [ 135.428695006, 34.803049721 ], [ 135.428644163, 34.802912495 ], [ 135.428666109, 34.802656108 ], [ 135.42876917000001, 34.802642225 ], [ 135.42881778200001, 34.802635829 ], [ 135.428890272, 34.802626108 ], [ 135.428906109, 34.802545 ], [ 135.428919442, 34.802478333 ], [ 135.428956109000012, 34.802290829 ], [ 135.429107224, 34.801522775 ], [ 135.429302218, 34.801505 ], [ 135.42949027200001, 34.801445279 ], [ 135.429548054, 34.801326108 ], [ 135.429627782000011, 34.801284162 ], [ 135.429786939, 34.801260279 ], [ 135.429895279, 34.801209721 ], [ 135.42992416300001, 34.801114162 ], [ 135.429931388, 34.800988892 ], [ 135.429960271999988, 34.80081 ], [ 135.430056939, 34.800690829 ], [ 135.430152776, 34.800572495 ], [ 135.430175279, 34.800544441 ], [ 135.430251672999987, 34.800450559 ], [ 135.430312218000012, 34.800375829 ], [ 135.430315006, 34.800372495 ], [ 135.430385279, 34.800285559 ], [ 135.430481388, 34.800167225 ], [ 135.430503891, 34.800139162 ], [ 135.430616615, 34.8 ], [ 135.43068555100001, 34.799915 ], [ 135.430807224, 34.799764721 ], [ 135.430828885000011, 34.799738054 ], [ 135.430835279, 34.799730279 ], [ 135.430849728, 34.799695279 ], [ 135.430915279, 34.799534721 ], [ 135.431023333000013, 34.799271108 ], [ 135.431168054000011, 34.799247495 ], [ 135.431189728, 34.798958054 ], [ 135.431233061, 34.798486667 ], [ 135.431341388, 34.798471108 ], [ 135.431535006, 34.798443054 ], [ 135.43164834000001, 34.798426387 ], [ 135.431768054, 34.798409162 ], [ 135.432418612, 34.798421108 ], [ 135.43262834, 34.798331667 ], [ 135.432801946000012, 34.798224162 ], [ 135.43296834, 34.797979721 ], [ 135.433026109, 34.797928333 ], [ 135.433235837000012, 34.797741108 ], [ 135.433333333, 34.797771586 ], [ 135.433445551, 34.797806667 ], [ 135.433603333, 34.797955279 ], [ 135.433768029, 34.79810964 ], [ 135.43385856, 34.79819336 ], [ 135.434448833, 34.798239775 ], [ 135.434463333, 34.798147775 ], [ 135.434510272000011, 34.797926108 ], [ 135.434523061, 34.797866387 ], [ 135.434527497, 34.797831946 ], [ 135.434602503, 34.79727 ], [ 135.434546667, 34.797257775 ], [ 135.434053060999986, 34.797150829 ], [ 135.434053060999986, 34.796840559 ], [ 135.434074721, 34.796593054 ], [ 135.434631388000014, 34.796002495 ], [ 135.434840558, 34.795781946 ], [ 135.435383333, 34.795209441 ], [ 135.435693332999989, 34.794898333 ], [ 135.436037223999989, 34.794553333 ], [ 135.436185837000011, 34.794404162 ], [ 135.436360272, 34.794218054 ], [ 135.436431672999987, 34.794141667 ], [ 135.437010272, 34.793548054 ], [ 135.437740558, 34.792772775 ], [ 135.437895006, 34.792614721 ], [ 135.437971673, 34.792535829 ], [ 135.438188884999988, 34.792313333 ], [ 135.438388339999989, 34.792097495 ], [ 135.438478054, 34.792000279 ], [ 135.438695005999989, 34.791892775 ], [ 135.439605836999988, 34.791833333 ], [ 135.440582218, 34.791773613 ], [ 135.440685551, 34.791794721 ], [ 135.440703061, 34.791798333 ], [ 135.440852776000014, 34.791828892 ], [ 135.441053333000013, 34.79187 ], [ 135.441143333000014, 34.791888333 ], [ 135.441265006, 34.791913333 ], [ 135.441515006, 34.791964441 ], [ 135.441608885, 34.791958613 ], [ 135.441666667, 34.791867081 ], [ 135.441703061, 34.791809441 ], [ 135.441882412000012, 34.791666667 ], [ 135.442426109, 34.791233892 ], [ 135.442671946, 34.79121 ], [ 135.442787497000012, 34.791174441 ], [ 135.442794721000013, 34.791066946 ], [ 135.442758612, 34.791019162 ], [ 135.442664721, 34.790989441 ], [ 135.442454449, 34.790936667 ], [ 135.442063333, 34.790838333 ], [ 135.441833061000011, 34.790780559 ], [ 135.441666667, 34.790775559 ], [ 135.441435279, 34.790768613 ], [ 135.441276394, 34.790697225 ], [ 135.441370272, 34.790595829 ], [ 135.441436394, 34.790562495 ], [ 135.441594449, 34.790482225 ], [ 135.441666667, 34.790459414 ], [ 135.441804721000011, 34.790415829 ], [ 135.442043891, 34.79034 ], [ 135.442216394000013, 34.790285559 ], [ 135.442331946, 34.790130279 ], [ 135.44256333300001, 34.790052775 ], [ 135.442708054, 34.790005 ], [ 135.442736939000014, 34.789891667 ], [ 135.442686394, 34.789832225 ], [ 135.442476667, 34.789772495 ], [ 135.44236834, 34.789706946 ], [ 135.442324721, 34.789617495 ], [ 135.442874448999987, 34.789313333 ], [ 135.442387223999987, 34.789337775 ], [ 135.442274163, 34.789343333 ], [ 135.442158611999986, 34.789331387 ], [ 135.442086109, 34.789355279 ], [ 135.442042776, 34.789539721 ], [ 135.441945551, 34.789639162 ], [ 135.44189083, 34.789695 ], [ 135.441731946, 34.789712775 ], [ 135.441666667, 34.789667333 ], [ 135.441637781999987, 34.789647225 ], [ 135.441594449, 34.789548892 ], [ 135.44160083, 34.789498054 ], [ 135.441616394, 34.789375829 ], [ 135.441645005999987, 34.789149441 ], [ 135.441666667, 34.789027559 ], [ 135.441681388, 34.788944721 ], [ 135.441695837, 34.788863054 ], [ 135.442144163, 34.787878613 ], [ 135.442476667, 34.787141946 ], [ 135.442722503, 34.786515829 ], [ 135.442765837, 34.786331108 ], [ 135.442758612, 34.786235559 ], [ 135.442693606, 34.786128054 ], [ 135.442637782, 34.786002775 ], [ 135.442592502999986, 34.785901387 ], [ 135.442578054, 34.785609162 ], [ 135.442548885, 34.785537495 ], [ 135.44252, 34.785466108 ], [ 135.442397224, 34.785305 ], [ 135.442303061, 34.784881387 ], [ 135.442317497, 34.784484721 ], [ 135.442491115, 34.784335829 ], [ 135.44269055800001, 34.784300279 ], [ 135.442925006, 34.784258333 ], [ 135.443106938999989, 34.784238613 ], [ 135.443308339999987, 34.784216667 ], [ 135.443706109, 34.784210559 ], [ 135.443814449, 34.784156946 ], [ 135.443828884999988, 34.784067495 ], [ 135.443828884999988, 34.783900279 ], [ 135.443826783, 34.783788802 ], [ 135.443818171, 34.783333333 ], [ 135.4438, 34.782370279 ], [ 135.44383, 34.782311387 ], [ 135.443856667, 34.782259441 ], [ 135.443857782, 34.782256946 ], [ 135.443980829999987, 34.782239162 ], [ 135.444298885, 34.782221108 ], [ 135.444479728, 34.78212 ], [ 135.444508612, 34.781571108 ], [ 135.444703890999989, 34.781416108 ], [ 135.444790558, 34.781290829 ], [ 135.444884721, 34.781105829 ], [ 135.445130272, 34.780741946 ], [ 135.445188054, 34.780491387 ], [ 135.445165006, 34.780442495 ], [ 135.445123061, 34.780354162 ], [ 135.444985837, 34.780264721 ], [ 135.444964163, 34.780166387 ], [ 135.444971673, 34.780128892 ], [ 135.445007497, 34.779951667 ], [ 135.445123333, 34.779343333 ], [ 135.445296939, 34.778567775 ], [ 135.44536917, 34.778275559 ], [ 135.44539, 34.778153054 ], [ 135.445419728, 34.777980279 ], [ 135.445434162999987, 34.777598613 ], [ 135.445477497000013, 34.777473333 ], [ 135.445578885, 34.777396108 ], [ 135.445940272, 34.777354162 ], [ 135.446113606000011, 34.777306387 ], [ 135.446171673, 34.777228892 ], [ 135.446185006, 34.777155279 ], [ 135.446200557999987, 34.777067775 ], [ 135.446200557999987, 34.776292495 ], [ 135.446207781999988, 34.775958333 ], [ 135.446222503, 34.775713613 ], [ 135.446215279, 34.775382775 ], [ 135.44617917, 34.775287225 ], [ 135.445985837, 34.775249441 ], [ 135.445721946, 34.775197775 ], [ 135.445670557999989, 34.775095829 ], [ 135.445643891, 34.775042775 ], [ 135.445650661, 34.775 ], [ 135.445665551, 34.774905829 ], [ 135.445651115, 34.774595559 ], [ 135.445593333, 34.774249441 ], [ 135.445513891, 34.774046667 ], [ 135.445471115, 34.773116946 ], [ 135.445469442, 34.773079162 ], [ 135.445456939, 34.772807495 ], [ 135.445451673, 34.772697225 ], [ 135.445426938999987, 34.772170829 ], [ 135.445434162999987, 34.772051667 ], [ 135.445419728, 34.771681667 ], [ 135.445383606, 34.771419162 ], [ 135.445268054, 34.771198613 ], [ 135.444978612, 34.77076 ], [ 135.444855837, 34.770497495 ], [ 135.444761672999988, 34.770276946 ], [ 135.444664721, 34.770103892 ], [ 135.444501388, 34.769811946 ], [ 135.444515837000012, 34.769615 ], [ 135.444502776, 34.769395829 ], [ 135.444498612, 34.769327495 ], [ 135.444486939, 34.769131667 ], [ 135.444540558, 34.768978054 ], [ 135.444656667, 34.768644162 ], [ 135.444680557999988, 34.768575279 ], [ 135.444696666999988, 34.768529162 ], [ 135.444808054, 34.768529162 ], [ 135.444906393999986, 34.768529162 ], [ 135.44521, 34.768576946 ], [ 135.445386109, 34.768597775 ], [ 135.445513891, 34.768612775 ], [ 135.446186394, 34.768612775 ], [ 135.446418054, 34.768606108 ], [ 135.446714163, 34.768597775 ], [ 135.44688, 34.768586387 ], [ 135.447061115, 34.768573892 ], [ 135.447106394, 34.768568054 ], [ 135.447379442, 34.768532225 ], [ 135.447683061, 34.768466667 ], [ 135.44805917, 34.768323613 ], [ 135.448572503, 34.768085279 ], [ 135.448738885000012, 34.76796 ], [ 135.448998885, 34.767828613 ], [ 135.449038885, 34.767800829 ], [ 135.449490558, 34.767488613 ], [ 135.449642503, 34.767309721 ], [ 135.449823333000012, 34.767083054 ], [ 135.45, 34.766796441 ], [ 135.450040272, 34.766731108 ], [ 135.450042218, 34.766728892 ], [ 135.450099754, 34.766666667 ], [ 135.45030778200001, 34.766441667 ], [ 135.450408885, 34.766322495 ], [ 135.45046083, 34.766203892 ], [ 135.450474163, 34.766173333 ], [ 135.45046, 34.766087775 ], [ 135.450452503, 34.766041946 ], [ 135.450428612, 34.766006108 ], [ 135.450278884999989, 34.765779721 ], [ 135.450103606, 34.765542775 ], [ 135.450072218, 34.7655 ], [ 135.450018612, 34.765427775 ], [ 135.45, 34.765381865 ], [ 135.449946109, 34.765248892 ], [ 135.449903060999986, 34.764962495 ], [ 135.449953606, 34.764553892 ], [ 135.449975279, 34.764327225 ], [ 135.45, 34.764185108 ], [ 135.450026109, 34.764035 ], [ 135.450279169999988, 34.763366946 ], [ 135.450357223999987, 34.763137225 ], [ 135.450380272, 34.763068892 ], [ 135.450503333, 34.762597495 ], [ 135.450496109, 34.762326108 ], [ 135.450510558, 34.762093613 ], [ 135.450482502999989, 34.762003892 ], [ 135.450308611999986, 34.761450559 ], [ 135.450274449, 34.761342225 ], [ 135.450257497, 34.761288054 ], [ 135.45022083, 34.761142495 ], [ 135.450184449, 34.760997775 ], [ 135.450166109, 34.760923892 ], [ 135.450143606000012, 34.760835279 ], [ 135.450125006, 34.760760829 ], [ 135.450102776, 34.760672495 ], [ 135.450086938999988, 34.760609162 ], [ 135.450047782000013, 34.760453333 ], [ 135.450033333, 34.760274441 ], [ 135.450069442, 34.760032775 ], [ 135.450235837, 34.759776108 ], [ 135.450640558, 34.759364721 ], [ 135.450873605999988, 34.759077775 ], [ 135.451052776000012, 34.758857495 ], [ 135.45112360600001, 34.758802495 ], [ 135.451525837, 34.758490279 ], [ 135.451727885999986, 34.758333333 ], [ 135.45191778200001, 34.758185829 ], [ 135.451920558000012, 34.758183613 ], [ 135.451996939, 34.758145 ], [ 135.452151945999987, 34.758066387 ], [ 135.452277497000011, 34.758003054 ], [ 135.452383333, 34.757949441 ], [ 135.452592775999989, 34.757843613 ], [ 135.45288917, 34.757843613 ], [ 135.453062776, 34.757891387 ], [ 135.453200829999986, 34.758093054 ], [ 135.453364967999988, 34.758333333 ], [ 135.453366667000012, 34.758335829 ], [ 135.453670272000011, 34.758908333 ], [ 135.45376, 34.759056387 ], [ 135.453894448999989, 34.759278054 ], [ 135.454031945999986, 34.759456946 ], [ 135.454456109, 34.759892775 ], [ 135.454696109, 34.760032225 ], [ 135.454824721, 34.760006387 ], [ 135.455007224000013, 34.759969441 ], [ 135.455242503, 34.760179162 ], [ 135.455350558, 34.760275279 ], [ 135.455457497, 34.760328892 ], [ 135.455530558, 34.760365279 ], [ 135.455537782, 34.760368054 ], [ 135.455657497, 34.760411108 ], [ 135.455720272, 34.760433892 ], [ 135.455879728000014, 34.760491387 ], [ 135.455983606, 34.760455 ], [ 135.456288885, 34.760347495 ], [ 135.456408885, 34.760197225 ], [ 135.456447223999987, 34.760149441 ], [ 135.456523606, 34.759964721 ], [ 135.456638054, 34.759541667 ], [ 135.45667083, 34.759215559 ], [ 135.456692776000011, 34.758896108 ], [ 135.45669306100001, 34.758888613 ], [ 135.45669834, 34.758689162 ], [ 135.456736393999989, 34.758450559 ], [ 135.456733606, 34.758333333 ], [ 135.456731946, 34.758262495 ], [ 135.45673083, 34.758211946 ], [ 135.456658054, 34.758033613 ], [ 135.456572776, 34.757825 ], [ 135.456436394, 34.757496387 ], [ 135.456417224, 34.757421667 ], [ 135.456354449, 34.757179162 ], [ 135.45621834, 34.756755829 ], [ 135.45618527900001, 34.756652495 ], [ 135.456087497, 34.756441108 ], [ 135.456032776, 34.756202775 ], [ 135.455996109000012, 34.756092495 ], [ 135.455956394, 34.755973333 ], [ 135.45588, 34.755628892 ], [ 135.455841946, 34.755471387 ], [ 135.455836393999988, 34.755228333 ], [ 135.45582, 34.755070829 ], [ 135.455831115, 34.754904441 ], [ 135.455918340000011, 34.754485829 ], [ 135.455983890999988, 34.754215829 ], [ 135.456005551, 34.754058333 ], [ 135.45604083, 34.753905 ], [ 135.456043891, 34.753891667 ], [ 135.456163890999989, 34.753509441 ], [ 135.45621834, 34.753360829 ], [ 135.456231673, 34.753246108 ], [ 135.456310558000013, 34.752954721 ], [ 135.45639055800001, 34.752658333 ], [ 135.456491672999988, 34.752377775 ], [ 135.456571115, 34.751966108 ], [ 135.45661, 34.751842775 ], [ 135.456665006, 34.751668054 ], [ 135.456766394, 34.751429441 ], [ 135.456860272, 34.751238613 ], [ 135.456988612, 34.751060829 ], [ 135.457025279, 34.751009721 ], [ 135.457062503, 34.750958333 ], [ 135.457228612, 34.751161108 ], [ 135.457304449, 34.751216946 ], [ 135.457560558000011, 34.751405559 ], [ 135.45756083, 34.751405559 ], [ 135.457921946, 34.751685829 ], [ 135.458218054000014, 34.751870829 ], [ 135.458333333000013, 34.751920829 ], [ 135.458506938999989, 34.751996108 ], [ 135.458803061, 34.752085559 ], [ 135.459113890999987, 34.752097495 ], [ 135.459251115, 34.752091387 ], [ 135.459352218, 34.752031946 ], [ 135.459778340000014, 34.75137 ], [ 135.459905551, 34.751073613 ], [ 135.459937223999987, 34.751 ], [ 135.459937223999987, 34.750916667 ], [ 135.459756667, 34.750828613 ], [ 135.459243891, 34.750542225 ], [ 135.459186109, 34.750470559 ], [ 135.459186109, 34.750387225 ], [ 135.45924083, 34.750240559 ], [ 135.459243891, 34.750231946 ], [ 135.459344643, 34.75 ], [ 135.45938834, 34.749899441 ], [ 135.459814449, 34.748767775 ], [ 135.45985, 34.748679162 ], [ 135.46016834, 34.747885 ], [ 135.460181388, 34.747812225 ], [ 135.460197224000012, 34.747725279 ], [ 135.459973333, 34.747063054 ], [ 135.459836109, 34.746211946 ], [ 135.459807224, 34.745938054 ], [ 135.459792776, 34.745800279 ], [ 135.459796394, 34.745602775 ], [ 135.459807224, 34.745038054 ], [ 135.459805006000011, 34.744845559 ], [ 135.459803606, 34.744709162 ], [ 135.459803333, 34.744670279 ], [ 135.459801672999987, 34.744506667 ], [ 135.4598, 34.744359721 ], [ 135.459706109, 34.743530559 ], [ 135.45956917, 34.742595559 ], [ 135.459469195999986, 34.741666667 ], [ 135.459460830000012, 34.741588892 ], [ 135.459401388, 34.740857495 ], [ 135.459396394, 34.740796946 ], [ 135.459388612, 34.740700279 ], [ 135.45935972800001, 34.740534721 ], [ 135.459287497, 34.739313333 ], [ 135.45926500600001, 34.739068892 ], [ 135.459191946, 34.738277225 ], [ 135.459186394, 34.738217495 ], [ 135.459133060999989, 34.737946667 ], [ 135.459056108999988, 34.737555279 ], [ 135.458894449000013, 34.736964162 ], [ 135.45889, 34.736948333 ], [ 135.458723891, 34.736496387 ], [ 135.458485551, 34.736090829 ], [ 135.458629441999989, 34.735993892 ], [ 135.458839442, 34.735852495 ], [ 135.458861115, 34.735780829 ], [ 135.458853891, 34.735595829 ], [ 135.458897224, 34.735197775 ], [ 135.459034449, 34.735126108 ], [ 135.45911416300001, 34.734774162 ], [ 135.459208053999987, 34.734589162 ], [ 135.459315551, 34.734476946 ], [ 135.459345279, 34.734446108 ], [ 135.459713606, 34.734177775 ], [ 135.459733891000013, 34.734155829 ], [ 135.459861673, 34.734018054 ], [ 135.459996394, 34.733807225 ], [ 135.459998885, 34.733803333 ], [ 135.460013606, 34.73377 ], [ 135.46020736700001, 34.733333333 ], [ 135.460293891, 34.733138333 ], [ 135.460295006, 34.733135559 ], [ 135.460251115, 34.733151667 ], [ 135.459755226999988, 34.733333333 ], [ 135.459334449000011, 34.733487495 ], [ 135.458933605999988, 34.733600279 ], [ 135.458492776000014, 34.733724162 ], [ 135.458333333000013, 34.733762027 ], [ 135.457135005999987, 34.734046387 ], [ 135.456195837, 34.734201667 ], [ 135.45544917, 34.734300559 ], [ 135.455386667, 34.734308892 ], [ 135.454773061, 34.734332775 ], [ 135.45306083, 34.734356667 ], [ 135.45252, 34.734341667 ], [ 135.451891115, 34.734324162 ], [ 135.451775006, 34.734320829 ], [ 135.45, 34.734184306 ], [ 135.449796109, 34.734168613 ], [ 135.448986939, 34.734097225 ], [ 135.448582503000011, 34.734013613 ], [ 135.448113060999987, 34.733858613 ], [ 135.447708612000014, 34.73362 ], [ 135.44736917, 34.733351387 ], [ 135.447352411999987, 34.733333333 ], [ 135.447087224, 34.733047225 ], [ 135.447081387999987, 34.733039162 ], [ 135.446848885, 34.732713333 ], [ 135.446581673, 34.732291387 ], [ 135.446090558, 34.731332495 ], [ 135.445904449000011, 34.730837225 ], [ 135.445801673, 34.730564441 ], [ 135.445635551, 34.730033613 ], [ 135.445556109, 34.729504162 ], [ 135.445556109, 34.729081946 ], [ 135.445556109, 34.728997225 ], [ 135.445621115, 34.728414162 ], [ 135.445852218, 34.727526946 ], [ 135.446025551, 34.726912495 ], [ 135.446256939, 34.726210279 ], [ 135.446415836999989, 34.725810559 ], [ 135.446511945999987, 34.725637225 ], [ 135.446574721, 34.725524441 ], [ 135.446798612, 34.725205279 ], [ 135.446926886999989, 34.725 ], [ 135.44726834, 34.724453613 ], [ 135.447578885000013, 34.723892775 ], [ 135.447633891, 34.723742225 ], [ 135.447831673, 34.723202495 ], [ 135.447990557999987, 34.722737225 ], [ 135.448025551, 34.722529721 ], [ 135.448062776, 34.722307775 ], [ 135.448106109, 34.721688892 ], [ 135.448033891, 34.721289162 ], [ 135.447882218, 34.720776387 ], [ 135.447607782, 34.720199162 ], [ 135.447333332999989, 34.719674441 ], [ 135.446950272, 34.719126946 ], [ 135.446516939, 34.718661667 ], [ 135.446170271999989, 34.718339721 ], [ 135.445812776, 34.718086387 ], [ 135.445155551, 34.717746387 ], [ 135.444440272, 34.717370559 ], [ 135.443486939, 34.71702 ], [ 135.442823606, 34.716778613 ], [ 135.442515811, 34.716666667 ], [ 135.442027782, 34.716489162 ], [ 135.441666667, 34.716380775 ], [ 135.441405006, 34.716302225 ], [ 135.441316394000012, 34.716275559 ], [ 135.440729728, 34.716099441 ], [ 135.439582776, 34.715755279 ], [ 135.43819083, 34.715318054 ], [ 135.438163605999989, 34.715309441 ], [ 135.436978885, 34.714951387 ], [ 135.435909728000013, 34.714558054 ], [ 135.434671114999986, 34.714058333 ], [ 135.433659728, 34.713599162 ], [ 135.433333333, 34.713447946 ], [ 135.43271, 34.713159162 ], [ 135.43269917, 34.713153613 ], [ 135.432357782, 34.712983613 ], [ 135.432054163, 34.712832495 ], [ 135.4318, 34.712705829 ], [ 135.43109917000001, 34.712347775 ], [ 135.430546666999987, 34.712015279 ], [ 135.430135006, 34.711758613 ], [ 135.429578885000012, 34.711347225 ], [ 135.429423061, 34.711204162 ], [ 135.428795006, 34.710626946 ], [ 135.42868639400001, 34.710503892 ], [ 135.42853555100001, 34.710333613 ], [ 135.428361946, 34.710137775 ], [ 135.427863333, 34.709499441 ], [ 135.427412218, 34.708864162 ], [ 135.427090558, 34.708410829 ], [ 135.427033969, 34.708333333 ], [ 135.426556108999989, 34.707678892 ], [ 135.426209441999987, 34.707153892 ], [ 135.42587, 34.706784162 ], [ 135.42557, 34.706517225 ], [ 135.425530830000014, 34.706486667 ], [ 135.425194449, 34.706224721 ], [ 135.425, 34.706105441 ], [ 135.424912776000014, 34.706051946 ], [ 135.424625837, 34.705923613 ], [ 135.424565836999989, 34.705896667 ], [ 135.423981115, 34.705711667 ], [ 135.422283606, 34.705255559 ], [ 135.419798612, 34.704551387 ], [ 135.418925006, 34.704254721 ], [ 135.417776393999986, 34.703878892 ], [ 135.416666666999987, 34.703513306 ], [ 135.41635, 34.703409162 ], [ 135.415353606, 34.703032495 ], [ 135.414645006, 34.702764721 ], [ 135.413854163, 34.702432225 ], [ 135.413487782, 34.702270829 ], [ 135.412864721, 34.701996667 ], [ 135.411651388, 34.701263054 ], [ 135.410835006000013, 34.700720279 ], [ 135.409986108999988, 34.700085 ], [ 135.409877717, 34.7 ], [ 135.40956, 34.699750829 ], [ 135.409068885000011, 34.699291667 ], [ 135.408577782, 34.698781667 ], [ 135.408333333, 34.698462532 ], [ 135.407508611999987, 34.697385829 ], [ 135.407294021000013, 34.697096135 ], [ 135.406353450000012, 34.697598387 ], [ 135.405987691, 34.697145613 ], [ 135.404930635999989, 34.695793694 ], [ 135.404806057, 34.695864667 ], [ 135.404789533000013, 34.695853532 ], [ 135.404641699, 34.695814279 ], [ 135.40451027200001, 34.695781613 ], [ 135.404413165, 34.695656279 ], [ 135.404331803, 34.695551495 ], [ 135.40445703, 34.695485333 ], [ 135.403905305, 34.694774135 ], [ 135.40382, 34.694819252 ], [ 135.403804449, 34.694797829 ], [ 135.40388900100001, 34.694753108 ], [ 135.403771479, 34.694601414 ], [ 135.403646251999987, 34.694667694 ], [ 135.403623943000014, 34.694638946 ], [ 135.403749053000013, 34.694572694 ], [ 135.403721088999987, 34.694536613 ], [ 135.403715188, 34.694529 ], [ 135.403575577, 34.694349027 ], [ 135.40356847000001, 34.694339892 ], [ 135.403259053, 34.693940919 ], [ 135.403258716000011, 34.693940468 ], [ 135.403252503, 34.693933748 ], [ 135.403249754, 34.693930802 ], [ 135.403097419, 34.693737973 ], [ 135.402969948, 34.693576721 ], [ 135.402784527, 34.693342162 ], [ 135.402302244, 34.692722495 ], [ 135.402296252000014, 34.692714892 ], [ 135.402169390000012, 34.692778946 ], [ 135.402153943, 34.692759135 ], [ 135.402280947, 34.692695108 ], [ 135.402265058000012, 34.692674775 ], [ 135.402196524, 34.69270936 ], [ 135.402186524, 34.692695946 ], [ 135.402254747, 34.692661532 ], [ 135.401731608, 34.691989468 ], [ 135.401713165, 34.691964414 ], [ 135.401686004999988, 34.691930027 ], [ 135.401561556, 34.691997198 ], [ 135.401542594, 34.691973108 ], [ 135.401541984, 34.691972342 ], [ 135.401544747, 34.691970838 ], [ 135.401667224, 34.691904144 ], [ 135.401563995, 34.691770189 ], [ 135.40148249, 34.691666667 ], [ 135.401286628, 34.691417892 ], [ 135.400935888, 34.690970685 ], [ 135.400473424000012, 34.690380306 ], [ 135.4, 34.68976982 ], [ 135.399846419999989, 34.689571775 ], [ 135.399272464, 34.688839216 ], [ 135.399251582, 34.688812468 ], [ 135.399231945999986, 34.688787306 ], [ 135.39879345, 34.68822464 ], [ 135.39883738, 34.688194874 ], [ 135.398766096, 34.688117153 ], [ 135.398745162000012, 34.688109676 ], [ 135.398696861, 34.688139486 ], [ 135.398667315000012, 34.688133252 ], [ 135.398623541, 34.688114973 ], [ 135.398598650999986, 34.688080757 ], [ 135.398552360999986, 34.688112532 ], [ 135.398549326, 34.688114613 ], [ 135.397525694, 34.686872973 ], [ 135.397112944000014, 34.686362027 ], [ 135.39673083, 34.685881081 ], [ 135.396708521, 34.685894441 ], [ 135.396699856999987, 34.685899559 ], [ 135.396690441, 34.685888108 ], [ 135.396699559000012, 34.685883162 ], [ 135.396722412, 34.685870892 ], [ 135.395812438, 34.684757946 ], [ 135.395784811999988, 34.684772414 ], [ 135.395766031, 34.684782225 ], [ 135.395659247999987, 34.684838252 ], [ 135.39557258100001, 34.684734333 ], [ 135.395570725999988, 34.684732 ], [ 135.395719805, 34.684649135 ], [ 135.395030376, 34.683806495 ], [ 135.394643243, 34.683333333 ], [ 135.391965927, 34.680061063 ], [ 135.39166666700001, 34.679996568 ], [ 135.383333333, 34.678200712 ], [ 135.380941271000012, 34.677685216 ], [ 135.378220051999989, 34.67709864 ], [ 135.376212192, 34.676660595 ], [ 135.375, 34.677709901 ], [ 135.374884396999988, 34.677809964 ], [ 135.374762957, 34.677914667 ], [ 135.374765707, 34.677916901 ], [ 135.373915318, 34.678631811 ], [ 135.375, 34.679448703 ], [ 135.37570546, 34.679979991 ], [ 135.375839767, 34.680030676 ], [ 135.375850453999988, 34.680012559 ], [ 135.378267834000013, 34.680902333 ], [ 135.379200649000012, 34.681232928 ], [ 135.380169454999987, 34.68158691 ], [ 135.380994241, 34.681890919 ], [ 135.38186607, 34.682212279 ], [ 135.381871038000014, 34.682199793 ], [ 135.381913048, 34.682216018 ], [ 135.381906523999987, 34.682227162 ], [ 135.381994215, 34.682266613 ], [ 135.383333333, 34.683012081 ], [ 135.383335979, 34.683013559 ], [ 135.383910402, 34.683333333 ], [ 135.384548534, 34.683688577 ], [ 135.384913774000012, 34.683894207 ], [ 135.385959948, 34.684485369 ], [ 135.386328236, 34.684690432 ], [ 135.38642428, 34.684742964 ], [ 135.386695499000012, 34.684891081 ], [ 135.387032244000011, 34.685078739 ], [ 135.387306018, 34.685230432 ], [ 135.387604098999986, 34.685396874 ], [ 135.388195603000014, 34.685725568 ], [ 135.38850363200001, 34.685892829 ], [ 135.38858144, 34.685936243 ], [ 135.390361323, 34.686935054 ], [ 135.39040594, 34.686959468 ], [ 135.391395032, 34.687500775 ], [ 135.39166666700001, 34.687651973 ], [ 135.39167805400001, 34.687658333 ], [ 135.392661777, 34.688206532 ], [ 135.392833865, 34.688220802 ], [ 135.393399831000011, 34.688957333 ], [ 135.393433139, 34.689002108 ], [ 135.393516355, 34.689109559 ], [ 135.394204501, 34.690009559 ], [ 135.394221167000012, 34.690031946 ], [ 135.394276641, 34.690103586 ], [ 135.394296135, 34.690134946 ], [ 135.394642607, 34.690560225 ], [ 135.39546083, 34.691603306 ], [ 135.39534572, 34.691666667 ], [ 135.395227834, 34.691731532 ], [ 135.397427367, 34.694531775 ], [ 135.397660363, 34.694401279 ], [ 135.397868418, 34.69466764 ], [ 135.398733722, 34.695768973 ], [ 135.398941777, 34.696033081 ], [ 135.399762918, 34.697082865 ], [ 135.399824423000013, 34.697162748 ], [ 135.399970973, 34.697349333 ], [ 135.4, 34.697386387 ], [ 135.40000428, 34.697391865 ], [ 135.40000649800001, 34.697394495 ], [ 135.400051388, 34.697447775 ], [ 135.400070778000014, 34.697470135 ], [ 135.400104086, 34.697514919 ], [ 135.400131829, 34.697550748 ], [ 135.40013466900001, 34.697559721 ], [ 135.40014041500001, 34.697582225 ], [ 135.400136550000013, 34.697706198 ], [ 135.400136693, 34.697717468 ], [ 135.400134773, 34.697780586 ], [ 135.400132361, 34.697805414 ], [ 135.400312724, 34.698033748 ], [ 135.401054163, 34.698973018 ], [ 135.401154514000012, 34.699111865 ], [ 135.401232361000012, 34.699219586 ], [ 135.401045305, 34.699302577 ], [ 135.400333112999988, 34.699617838 ], [ 135.400238223, 34.699666 ], [ 135.400181296999989, 34.699695793 ], [ 135.400102815, 34.699746063 ], [ 135.4, 34.699810018 ], [ 135.399967134, 34.699830459 ], [ 135.399944527, 34.699821369 ], [ 135.399893943, 34.699801081 ], [ 135.39980917, 34.699770162 ], [ 135.399711634, 34.699739387 ], [ 135.39967083, 34.699663667 ], [ 135.399643995, 34.699674721 ], [ 135.39953280200001, 34.699488802 ], [ 135.39955214, 34.699480892 ], [ 135.399537523, 34.699456495 ], [ 135.399502996, 34.699470586 ], [ 135.399498249, 34.699475946 ], [ 135.399496498, 34.699483802 ], [ 135.399498716000011, 34.699495613 ], [ 135.399637808, 34.699726532 ], [ 135.399459339, 34.699759721 ], [ 135.399151115, 34.699813441 ], [ 135.399137977, 34.699818135 ], [ 135.399061894, 34.699868225 ], [ 135.399029079, 34.699830279 ], [ 135.399012529, 34.699840252 ], [ 135.398914643000012, 34.699766559 ], [ 135.398885525, 34.699751586 ], [ 135.398853995, 34.699743829 ], [ 135.398821141000013, 34.699743225 ], [ 135.398789144, 34.699749721 ], [ 135.398760363, 34.699762946 ], [ 135.398736719, 34.699781919 ], [ 135.398719857, 34.699805225 ], [ 135.398711141, 34.699831441 ], [ 135.398709922, 34.699845054 ], [ 135.398714086000012, 34.699872054 ], [ 135.398776615, 34.699981946 ], [ 135.398786887, 34.7 ], [ 135.39885297, 34.700116054 ], [ 135.39893433200001, 34.700212532 ], [ 135.398861025, 34.700254829 ], [ 135.39878275, 34.700300027 ], [ 135.398724189, 34.700219748 ], [ 135.398575083999987, 34.700107108 ], [ 135.398477756, 34.700033613 ], [ 135.398441634, 34.700017973 ], [ 135.398411777, 34.700012721 ], [ 135.398382411999989, 34.700012892 ], [ 135.398351725, 34.700018667 ], [ 135.39832489, 34.700029162 ], [ 135.398084475, 34.700178108 ], [ 135.398063645, 34.700196414 ], [ 135.398051802999987, 34.700216973 ], [ 135.398046641, 34.700240387 ], [ 135.398046355, 34.700260108 ], [ 135.398056497999988, 34.700285441 ], [ 135.398116886999986, 34.700389865 ], [ 135.398167445000013, 34.700475775 ], [ 135.398205642, 34.700518973 ], [ 135.398230219999988, 34.700546721 ], [ 135.3982607, 34.700582495 ], [ 135.398321388, 34.700633802 ], [ 135.398240337, 34.700684946 ], [ 135.39815736700001, 34.700737279 ], [ 135.398082437999989, 34.700648613 ], [ 135.398053256, 34.70062064 ], [ 135.397893385, 34.700495586 ], [ 135.397546809, 34.700228333 ], [ 135.397509195999987, 34.700207946 ], [ 135.397484526999989, 34.700197973 ], [ 135.397457366999987, 34.700191532 ], [ 135.397429468000013, 34.700187532 ], [ 135.397211997, 34.700157802 ], [ 135.397002386999986, 34.700129162 ], [ 135.396879494, 34.700121225 ], [ 135.396794916, 34.700121946 ], [ 135.396713087, 34.700124919 ], [ 135.396027951, 34.700320198 ], [ 135.395768885, 34.7 ], [ 135.39483297000001, 34.698843108 ], [ 135.394744189, 34.698805387 ], [ 135.394730026, 34.698799387 ], [ 135.394714669, 34.698792865 ], [ 135.393874383999986, 34.7 ], [ 135.39362856, 34.700353198 ], [ 135.393364773, 34.70073264 ], [ 135.393381245, 34.700740532 ], [ 135.393271167, 34.700898532 ], [ 135.393115668, 34.701116225 ], [ 135.393096667, 34.701148468 ], [ 135.39308275, 34.701153108 ], [ 135.3930162, 34.701173694 ], [ 135.392912048999989, 34.701214721 ], [ 135.392817562, 34.701242135 ], [ 135.392725888, 34.701269162 ], [ 135.392639689, 34.701289748 ], [ 135.39258917, 34.701298306 ], [ 135.392553838999987, 34.701302306 ], [ 135.392516226, 34.701304973 ], [ 135.392456835, 34.701305306 ], [ 135.392425057999986, 34.701304414 ], [ 135.392339754, 34.701291279 ], [ 135.392226978, 34.701228441 ], [ 135.392151673, 34.70118664 ], [ 135.392158859, 34.70117736 ], [ 135.392163281, 34.701171667 ], [ 135.392287523, 34.701012919 ], [ 135.392104553, 34.700591 ], [ 135.392081582, 34.700551973 ], [ 135.392050389, 34.700493198 ], [ 135.392108301, 34.700414441 ], [ 135.392139442, 34.700372081 ], [ 135.392208444, 34.700272225 ], [ 135.392242192, 34.700238054 ], [ 135.392255576999986, 34.700219892 ], [ 135.392344111999989, 34.700099694 ], [ 135.392354747000013, 34.700077054 ], [ 135.392407004, 34.7 ], [ 135.392437782, 34.69995464 ], [ 135.392451193, 34.699936495 ], [ 135.392536939, 34.699814054 ], [ 135.392550363, 34.699795892 ], [ 135.392633411, 34.699675721 ], [ 135.392644086, 34.69965536 ], [ 135.392732581, 34.699535135 ], [ 135.392743281, 34.699517027 ], [ 135.39282630400001, 34.699394613 ], [ 135.392839728000013, 34.699376468 ], [ 135.393308521, 34.698700775 ], [ 135.393327276, 34.698673586 ], [ 135.393385551, 34.698595468 ], [ 135.393420532, 34.698548468 ], [ 135.393458197, 34.698498829 ], [ 135.393470830000012, 34.698512054 ], [ 135.393855084, 34.697994613 ], [ 135.393487029999989, 34.697507054 ], [ 135.393358780999989, 34.697343027 ], [ 135.393306719, 34.697276495 ], [ 135.393563696, 34.697150225 ], [ 135.393840195, 34.696999775 ], [ 135.393816887000014, 34.696969973 ], [ 135.393850947, 34.696951829 ], [ 135.393837198, 34.696934108 ], [ 135.393803139, 34.696952252 ], [ 135.393576329000012, 34.696661613 ], [ 135.393609196, 34.696644108 ], [ 135.392608106000012, 34.695360919 ], [ 135.392120195, 34.694731973 ], [ 135.392077588, 34.694754532 ], [ 135.392042283, 34.694706865 ], [ 135.391883411, 34.694787225 ], [ 135.39166666700001, 34.694507027 ], [ 135.390754306, 34.693327532 ], [ 135.390456031000014, 34.693465333 ], [ 135.390411245, 34.693403081 ], [ 135.390462944, 34.693375135 ], [ 135.390418949, 34.693322694 ], [ 135.3905838, 34.693223081 ], [ 135.390594864, 34.693234279 ], [ 135.390627392999988, 34.693218225 ], [ 135.390509533, 34.693072306 ], [ 135.390492943999988, 34.693056829 ], [ 135.390464578, 34.693075387 ], [ 135.390564383999987, 34.693198468 ], [ 135.390399222000013, 34.693299054 ], [ 135.390072022999988, 34.692887225 ], [ 135.390239883, 34.69278436 ], [ 135.390339767, 34.692914207 ], [ 135.390366719000014, 34.692897027 ], [ 135.390372023, 34.692893919 ], [ 135.390352826999987, 34.692869027 ], [ 135.390244720999988, 34.692734748 ], [ 135.390209442000014, 34.692750829 ], [ 135.390228885, 34.692777694 ], [ 135.390061505, 34.692874162 ], [ 135.389306719, 34.691915694 ], [ 135.388784112, 34.691800775 ], [ 135.388322088, 34.691944495 ], [ 135.388282866, 34.691863694 ], [ 135.388201362, 34.691891441 ], [ 135.388182218, 34.691887108 ], [ 135.388149532999989, 34.691891919 ], [ 135.388108755, 34.691903532 ], [ 135.385814837999988, 34.69261064 ], [ 135.385733281, 34.692633892 ], [ 135.38569511, 34.69263636 ], [ 135.385626783, 34.692625694 ], [ 135.385591167, 34.692614721 ], [ 135.385566394, 34.692596919 ], [ 135.385538781, 34.69257236 ], [ 135.38559277600001, 34.692526829 ], [ 135.38558723700001, 34.692520108 ], [ 135.385525136000012, 34.692572477 ], [ 135.385447198, 34.692665559 ], [ 135.385409689, 34.692722225 ], [ 135.385382335, 34.692715694 ], [ 135.38534953300001, 34.692709225 ], [ 135.385322218, 34.692709441 ], [ 135.38528958500001, 34.692716495 ], [ 135.385262477, 34.692730252 ], [ 135.385238106, 34.692746252 ], [ 135.385219221999989, 34.692762162 ], [ 135.385205914000011, 34.692789333 ], [ 135.38519808, 34.692816441 ], [ 135.385198392, 34.692841225 ], [ 135.385201245, 34.692852468 ], [ 135.385206913, 34.692868198 ], [ 135.385220855999989, 34.692892892 ], [ 135.385237471000011, 34.692910748 ], [ 135.385253969, 34.692921892 ], [ 135.38527319100001, 34.692930721 ], [ 135.385289637, 34.69293736 ], [ 135.38528705600001, 34.69294864 ], [ 135.38528725, 34.692964414 ], [ 135.38529019500001, 34.692980162 ], [ 135.38529856, 34.692993613 ], [ 135.385306861, 34.693004802 ], [ 135.385317859999986, 34.693011468 ], [ 135.385320584, 34.693011441 ], [ 135.385328807, 34.69301364 ], [ 135.385339921999986, 34.693029333 ], [ 135.385334695000012, 34.693047387 ], [ 135.38533489, 34.693063162 ], [ 135.385335032, 34.693074441 ], [ 135.38533786, 34.693081162 ], [ 135.385332412, 34.693083468 ], [ 135.385365863, 34.693139532 ], [ 135.385371310000011, 34.693137225 ], [ 135.385390584, 34.693150586 ], [ 135.385412529, 34.693161667 ], [ 135.385429001, 34.693168279 ], [ 135.385429222, 34.693186306 ], [ 135.385429468000012, 34.693206586 ], [ 135.385435162, 34.693224559 ], [ 135.385448975, 34.693237973 ], [ 135.385457276000011, 34.693246919 ], [ 135.385470973, 34.693251306 ], [ 135.385479196, 34.693253468 ], [ 135.385473917000013, 34.693269306 ], [ 135.385474189, 34.693289586 ], [ 135.38547435800001, 34.693303108 ], [ 135.385477173, 34.693309829 ], [ 135.385469053, 34.693314414 ], [ 135.385505188, 34.693368198 ], [ 135.385507912, 34.693368162 ], [ 135.385521725, 34.693381586 ], [ 135.38554094700001, 34.693390414 ], [ 135.385557393, 34.693394775 ], [ 135.385565577, 34.693396973 ], [ 135.385563061, 34.693412775 ], [ 135.385566057, 34.693433027 ], [ 135.385571699, 34.693448748 ], [ 135.385580052, 34.693462198 ], [ 135.385591115000011, 34.693473387 ], [ 135.385602114, 34.693480054 ], [ 135.385613060999987, 34.693482198 ], [ 135.385615811, 34.693484441 ], [ 135.385610584, 34.693502495 ], [ 135.385610804, 34.693520532 ], [ 135.385610999, 34.693536306 ], [ 135.385611025, 34.693538559 ], [ 135.385625032, 34.693565468 ], [ 135.385641776999989, 34.693596892 ], [ 135.38564725, 34.693596829 ], [ 135.3856638, 34.693612468 ], [ 135.385683061, 34.693623586 ], [ 135.385696744, 34.693628054 ], [ 135.385702243999987, 34.693630279 ], [ 135.385699754, 34.693648306 ], [ 135.385702697999989, 34.693666306 ], [ 135.38570834, 34.693679802 ], [ 135.385716667, 34.693693252 ], [ 135.385730441, 34.693702135 ], [ 135.385744189, 34.693711027 ], [ 135.385755162, 34.693715441 ], [ 135.385747198, 34.693733559 ], [ 135.385747445, 34.693751586 ], [ 135.38575031100001, 34.693762802 ], [ 135.385750389, 34.693769586 ], [ 135.385745006, 34.693774135 ], [ 135.385775746, 34.693832468 ], [ 135.385783865, 34.693827892 ], [ 135.385797717, 34.693843532 ], [ 135.385814189, 34.693852414 ], [ 135.385825136, 34.693854559 ], [ 135.385833385000012, 34.693859 ], [ 135.385838858999989, 34.693861225 ], [ 135.385836304, 34.693874748 ], [ 135.385839221999987, 34.693890495 ], [ 135.385842192000013, 34.693908495 ], [ 135.385850557999987, 34.693921973 ], [ 135.385861608, 34.693933135 ], [ 135.385872581, 34.693937559 ], [ 135.385883554, 34.693941946 ], [ 135.385889027, 34.693944162 ], [ 135.385886394000011, 34.693950946 ], [ 135.385883799999988, 34.693962252 ], [ 135.38588394300001, 34.693973495 ], [ 135.38588406, 34.693982532 ], [ 135.385884162999986, 34.693991532 ], [ 135.385884189, 34.693993775 ], [ 135.385876083, 34.69399836 ], [ 135.38591786, 34.694065613 ], [ 135.385926004999988, 34.694063279 ], [ 135.385950752000014, 34.694078865 ], [ 135.385958975, 34.694081027 ], [ 135.385975667999986, 34.694105667 ], [ 135.385975888, 34.694123694 ], [ 135.385984306000012, 34.694141667 ], [ 135.385992633, 34.694152865 ], [ 135.38600642, 34.694164 ], [ 135.386022892, 34.694172892 ], [ 135.386028418, 34.694177333 ], [ 135.386020532, 34.694202198 ], [ 135.386020777999988, 34.694220225 ], [ 135.386023606, 34.694229225 ], [ 135.386015472999986, 34.694233802 ], [ 135.386051699, 34.694292081 ], [ 135.386057107999989, 34.694289775 ], [ 135.386070856, 34.694298667 ], [ 135.386060195, 34.694316802 ], [ 135.386055006, 34.694337108 ], [ 135.386055253, 34.694357387 ], [ 135.386060921, 34.694373135 ], [ 135.386071996999988, 34.694386559 ], [ 135.386080271999987, 34.694395495 ], [ 135.386064189, 34.694418162 ], [ 135.386053554, 34.694438559 ], [ 135.386051089, 34.694458865 ], [ 135.386054086, 34.69448136 ], [ 135.386059831000011, 34.694503865 ], [ 135.386068275000014, 34.694524054 ], [ 135.386079364000011, 34.694537468 ], [ 135.38608763900001, 34.694544162 ], [ 135.386101414, 34.694555333 ], [ 135.386090726, 34.694573441 ], [ 135.386085498999989, 34.694591532 ], [ 135.386085720000011, 34.694609559 ], [ 135.386091388000011, 34.694625279 ], [ 135.386099728, 34.694636468 ], [ 135.386113502, 34.694647613 ], [ 135.386094721, 34.694672586 ], [ 135.386086834999986, 34.694697441 ], [ 135.386081673, 34.69472 ], [ 135.386084695, 34.694742532 ], [ 135.386093112999987, 34.694762721 ], [ 135.386104332, 34.694785162 ], [ 135.386123645, 34.694803027 ], [ 135.386148444000014, 34.694820865 ], [ 135.386175863, 34.694831892 ], [ 135.386197756, 34.694836198 ], [ 135.386227808, 34.694840441 ], [ 135.386236329000013, 34.695083775 ], [ 135.386372996, 34.695316973 ], [ 135.386521894, 34.695576667 ], [ 135.386687198, 34.695864865 ], [ 135.385312361, 34.696413306 ], [ 135.385222477000013, 34.696254532 ], [ 135.385076472, 34.696308613 ], [ 135.38503883300001, 34.696240333 ], [ 135.38510297, 34.696212279 ], [ 135.385076719000011, 34.696164802 ], [ 135.385039468, 34.696179748 ], [ 135.385017328, 34.696146135 ], [ 135.384856355000011, 34.69594964 ], [ 135.38483616100001, 34.695940441 ], [ 135.384815188, 34.695930081 ], [ 135.384795837000013, 34.695909775 ], [ 135.384782892, 34.695895829 ], [ 135.384770311000011, 34.695876108 ], [ 135.384740895, 34.695837694 ], [ 135.384725745999987, 34.695822748 ], [ 135.384712309, 34.695813586 ], [ 135.384689144, 34.695801802 ], [ 135.384288340000012, 34.695126721 ], [ 135.384169442, 34.694926441 ], [ 135.383832114, 34.694358198 ], [ 135.383761751, 34.69423964 ], [ 135.383728418, 34.694183468 ], [ 135.38370328100001, 34.69413864 ], [ 135.38355557700001, 34.693894252 ], [ 135.383513774, 34.693824748 ], [ 135.383480558, 34.693786721 ], [ 135.383444617, 34.693748721 ], [ 135.383375914, 34.693711 ], [ 135.383333333, 34.693690973 ], [ 135.383310026, 34.693680027 ], [ 135.383263411, 34.693662387 ], [ 135.383167665, 34.693642946 ], [ 135.383113022, 34.69363664 ], [ 135.383052996, 34.693637162 ], [ 135.383014838, 34.693639748 ], [ 135.382973994999986, 34.693646865 ], [ 135.382938638000013, 34.693656162 ], [ 135.382886939, 34.693667892 ], [ 135.382783839000012, 34.693713829 ], [ 135.382638664000012, 34.693670027 ], [ 135.382435472999987, 34.693568108 ], [ 135.382231854999986, 34.693216027 ], [ 135.38219834, 34.693155468 ], [ 135.381897017, 34.69262845 ], [ 135.38188585, 34.69260827 ], [ 135.381403243, 34.691769459 ], [ 135.381343826, 34.691666667 ], [ 135.381166031, 34.691359081 ], [ 135.381140921, 34.691314225 ], [ 135.381112438, 34.691271829 ], [ 135.381104747, 34.691260441 ], [ 135.381088080000012, 34.691235802 ], [ 135.381068715999987, 34.691215667 ], [ 135.381041219, 34.691197892 ], [ 135.381010973, 34.691180108 ], [ 135.381021556, 34.691152973 ], [ 135.380977782, 34.691144333 ], [ 135.380947717, 34.691140081 ], [ 135.380920389000011, 34.691135829 ], [ 135.380893139, 34.691138306 ], [ 135.380852309, 34.691145414 ], [ 135.380749052999988, 34.691171108 ], [ 135.37936406, 34.691524919 ], [ 135.379361115, 34.691517279 ], [ 135.379359053, 34.691517829 ], [ 135.379281698999989, 34.691537973 ], [ 135.37928452700001, 34.691545613 ], [ 135.378932283000012, 34.691637333 ], [ 135.378896938999986, 34.691648919 ], [ 135.378869831, 34.691662667 ], [ 135.378864163, 34.691666667 ], [ 135.378837393, 34.691685468 ], [ 135.378810389, 34.691708252 ], [ 135.378783476, 34.691737775 ], [ 135.378767523, 34.691771721 ], [ 135.378762555, 34.691810081 ], [ 135.378757497, 34.691841667 ], [ 135.378763281, 34.691866414 ], [ 135.378771855, 34.691897892 ], [ 135.378926693000011, 34.692277441 ], [ 135.378513502, 34.692400414 ], [ 135.378491725, 34.692405108 ], [ 135.378480973, 34.692416468 ], [ 135.378475694, 34.692432306 ], [ 135.378478586, 34.692443559 ], [ 135.378481478999987, 34.692457027 ], [ 135.378488690000012, 34.692466919 ], [ 135.37844192, 34.692481108 ], [ 135.378386913000014, 34.692497775 ], [ 135.378378003, 34.692473694 ], [ 135.378369663, 34.692462495 ], [ 135.378358664, 34.692455829 ], [ 135.378347690999988, 34.692451414 ], [ 135.378334059999986, 34.692451559 ], [ 135.377608171, 34.692660946 ], [ 135.377495914, 34.692404108 ], [ 135.377474721, 34.692409946 ], [ 135.377286446, 34.691966973 ], [ 135.377304721, 34.691962225 ], [ 135.377378560000011, 34.691975108 ], [ 135.377400389, 34.691974919 ], [ 135.377403217, 34.691983919 ], [ 135.377484747000011, 34.691958414 ], [ 135.377479196, 34.691949441 ], [ 135.377487302, 34.691944865 ], [ 135.377498029, 34.691929 ], [ 135.377384228000011, 34.691666667 ], [ 135.37735192, 34.691592225 ], [ 135.377324527000013, 34.691583414 ], [ 135.377318975, 34.691576721 ], [ 135.377240078, 34.691595414 ], [ 135.37724297, 34.691608919 ], [ 135.377210558, 34.691633973 ], [ 135.377178144999988, 34.691659054 ], [ 135.377163476, 34.691664225 ], [ 135.377156523999986, 34.691666667 ], [ 135.377112827, 34.691682054 ], [ 135.377106278000014, 34.691666667 ], [ 135.376069922, 34.689230162 ], [ 135.376048003, 34.689223586 ], [ 135.376039533000011, 34.689201135 ], [ 135.376050117, 34.689174 ], [ 135.375320660999989, 34.687441946 ], [ 135.375335966, 34.687437468 ], [ 135.375311167, 34.687371973 ], [ 135.375469001, 34.687219 ], [ 135.375457445, 34.687210802 ], [ 135.375313943, 34.687349865 ], [ 135.375290363, 34.687341495 ], [ 135.375301725000014, 34.687325081 ], [ 135.375336135, 34.687293775 ], [ 135.375363113, 34.687268748 ], [ 135.375315447, 34.687165495 ], [ 135.375417782, 34.687063306 ], [ 135.376781607999988, 34.685726468 ], [ 135.376773359, 34.685722027 ], [ 135.377636446, 34.684874108 ], [ 135.377660973, 34.684891108 ], [ 135.377682218, 34.684869829 ], [ 135.377652166, 34.684849279 ], [ 135.377661219, 34.684840198 ], [ 135.377615642, 34.684809108 ], [ 135.377572750000013, 34.684852027 ], [ 135.376720999000014, 34.685679667 ], [ 135.375082309, 34.684235559 ], [ 135.375076912999987, 34.68424236 ], [ 135.375, 34.684173829 ], [ 135.374174734, 34.683438757 ], [ 135.374152374, 34.683418874 ], [ 135.374056187, 34.683333333 ], [ 135.373962619999986, 34.683250126 ], [ 135.373835564, 34.683137135 ], [ 135.373589235, 34.682918081 ], [ 135.373562244, 34.68289409 ], [ 135.372733022, 34.682172865 ], [ 135.371284423, 34.68086636 ], [ 135.370633735000013, 34.681437486 ], [ 135.369591673, 34.682338532 ], [ 135.369137392999988, 34.682725964 ], [ 135.369057069, 34.682795703 ], [ 135.36883202300001, 34.682986928 ], [ 135.368799702, 34.683014171 ], [ 135.368561427, 34.683217748 ], [ 135.368629909, 34.683333333 ], [ 135.368876783, 34.68375009 ], [ 135.369039053, 34.684030144 ], [ 135.369090934000013, 34.684121297 ], [ 135.369099960999989, 34.684118423 ], [ 135.369177353999987, 34.684252171 ], [ 135.369248003, 34.684377775 ], [ 135.369707471, 34.685177441 ], [ 135.370214682000011, 34.686058369 ], [ 135.370404838000013, 34.686386324 ], [ 135.37103786, 34.687491459 ], [ 135.371460104, 34.688226072 ], [ 135.371762776, 34.688753739 ], [ 135.372157030000011, 34.689439369 ], [ 135.372333515, 34.68975464 ], [ 135.372354604, 34.689792234 ], [ 135.372405953, 34.689883288 ], [ 135.372530208, 34.690184586 ], [ 135.37270856, 34.690597198 ], [ 135.372785058, 34.690771252 ], [ 135.372809455, 34.690828009 ], [ 135.37287061, 34.690971081 ], [ 135.372896355, 34.691031198 ], [ 135.372930700000012, 34.691114721 ], [ 135.373046615, 34.691385973 ], [ 135.373166524, 34.691666667 ], [ 135.373171751, 34.691678892 ], [ 135.373342165999986, 34.692075532 ], [ 135.373365227, 34.692129306 ], [ 135.37349214, 34.692425441 ], [ 135.37363786, 34.692766586 ], [ 135.373679947999989, 34.692859333 ], [ 135.373709689, 34.692925081 ], [ 135.373714695, 34.692923586 ], [ 135.373726835000014, 34.692951892 ], [ 135.373754526999988, 34.693017892 ], [ 135.372434137, 34.693606198 ], [ 135.371032633, 34.69429891 ], [ 135.369472542000011, 34.693137297 ], [ 135.369550506, 34.693064721 ], [ 135.369503722, 34.693033559 ], [ 135.369425473, 34.693104108 ], [ 135.369387717, 34.693138225 ], [ 135.369312165999986, 34.693206468 ], [ 135.369358949, 34.69323764 ], [ 135.369393826, 34.693206081 ], [ 135.369431958, 34.693171586 ], [ 135.370946783, 34.694305964 ], [ 135.370957912, 34.694328198 ], [ 135.370927107999989, 34.694356441 ], [ 135.370493839, 34.694753694 ], [ 135.37048573300001, 34.694760541 ], [ 135.368761725000013, 34.696332486 ], [ 135.368453644999988, 34.696353126 ], [ 135.368012957, 34.696023333 ], [ 135.367938625, 34.695969874 ], [ 135.367864254000011, 34.695914162 ], [ 135.36789393, 34.695886865 ], [ 135.367764553, 34.695795568 ], [ 135.367818521, 34.695747775 ], [ 135.369472438, 34.694244054 ], [ 135.369766978, 34.694232532 ], [ 135.369953061, 34.694057414 ], [ 135.36974372200001, 34.693899198 ], [ 135.369398366000013, 34.694210892 ], [ 135.36772821, 34.695726009 ], [ 135.367654656000013, 34.695735649 ], [ 135.366666667, 34.694993739 ], [ 135.36516476, 34.693865928 ], [ 135.365145926999986, 34.693667766 ], [ 135.36596345000001, 34.692923892 ], [ 135.366110713000012, 34.692918135 ], [ 135.366666667, 34.693338162 ], [ 135.36735847, 34.693860865 ], [ 135.368623864999989, 34.692712 ], [ 135.368667562000013, 34.692713892 ], [ 135.368758391999989, 34.692778468 ], [ 135.36885538300001, 34.692678495 ], [ 135.367973969, 34.692014387 ], [ 135.367893138999989, 34.692087468 ], [ 135.36788869, 34.692143108 ], [ 135.367632581, 34.69223264 ], [ 135.36761642, 34.692197892 ], [ 135.367629001000012, 34.692172441 ], [ 135.367617562, 34.692148667 ], [ 135.367591581999989, 34.692156559 ], [ 135.367549053, 34.692072081 ], [ 135.367557197999986, 34.692069748 ], [ 135.367351362, 34.691666667 ], [ 135.367252387, 34.691472865 ], [ 135.367109222000011, 34.691370414 ], [ 135.366988053999989, 34.691281306 ], [ 135.366666667, 34.691041946 ], [ 135.366622179, 34.69100882 ], [ 135.365181245, 34.68991736 ], [ 135.365024254, 34.689799252 ], [ 135.364974695, 34.689763613 ], [ 135.365195887999988, 34.689558919 ], [ 135.363703165, 34.688435694 ], [ 135.363481893999989, 34.68863364 ], [ 135.363347056, 34.68854236 ], [ 135.363235927, 34.688462063 ], [ 135.360015486, 34.691396477 ], [ 135.359941206, 34.691338333 ], [ 135.359792645999988, 34.691470577 ], [ 135.359577847, 34.691666667 ], [ 135.359292633, 34.691927054 ], [ 135.359207147, 34.692005117 ], [ 135.358724137, 34.692441883 ], [ 135.358333333, 34.692796369 ], [ 135.357836368, 34.693247153 ], [ 135.357501751, 34.693549694 ], [ 135.356608612, 34.694361775 ], [ 135.354792581, 34.696015414 ], [ 135.353904695000011, 34.696816162 ], [ 135.355053022, 34.697670225 ], [ 135.355094332, 34.697700892 ], [ 135.356664228, 34.698879919 ], [ 135.35675511, 34.698949 ], [ 135.357658832999988, 34.699626721 ], [ 135.358156615000013, 34.7 ], [ 135.358333333, 34.700132532 ], [ 135.359123748, 34.700725252 ], [ 135.3593138, 34.700867892 ], [ 135.359313969, 34.700868027 ], [ 135.359403839, 34.700935559 ], [ 135.359625058, 34.701101919 ], [ 135.359746355, 34.701202306 ], [ 135.360520947, 34.701171 ], [ 135.361026939, 34.700709225 ], [ 135.361389804999988, 34.700375694 ], [ 135.361828275, 34.700702468 ], [ 135.363012581, 34.701584829 ], [ 135.362582607, 34.701972108 ], [ 135.36165083, 34.702822946 ], [ 135.361584384, 34.702888775 ], [ 135.361583139, 34.702902225 ], [ 135.361583411, 34.702914198 ], [ 135.361592309, 34.702927468 ], [ 135.361612192, 34.702947586 ], [ 135.361635551, 34.702955775 ], [ 135.36165839200001, 34.702966225 ], [ 135.361682632999987, 34.702976387 ], [ 135.362175058, 34.703189829 ], [ 135.362218975, 34.703209748 ], [ 135.36219757500001, 34.703245991 ], [ 135.36218939, 34.703246063 ], [ 135.362186719, 34.703250586 ], [ 135.362206355000012, 34.703258712 ], [ 135.362176589, 34.703313775 ], [ 135.36215192, 34.703304973 ], [ 135.362149273999989, 34.703311757 ], [ 135.36215751, 34.703316189 ], [ 135.36209323, 34.70341364 ], [ 135.362134617, 34.70344936 ], [ 135.362210856, 34.703518468 ], [ 135.362693982, 34.703957126 ], [ 135.363291258, 34.704500901 ], [ 135.363586083, 34.704769252 ], [ 135.363914786, 34.705067937 ], [ 135.36388738, 34.705107171 ], [ 135.363856860999988, 34.705165351 ], [ 135.363836291000013, 34.705217441 ], [ 135.363823917, 34.705260045 ], [ 135.363823294000014, 34.705286622 ], [ 135.363737042999986, 34.705325748 ], [ 135.363542594, 34.705413964 ], [ 135.36351262, 34.705421009 ], [ 135.363479754, 34.705414441 ], [ 135.363331789999989, 34.705680703 ], [ 135.363174695, 34.705963414 ], [ 135.363137562, 34.706005802 ], [ 135.36311834, 34.706023387 ], [ 135.363073410999988, 34.706053414 ], [ 135.363022607, 34.706084775 ], [ 135.362986667, 34.706101198 ], [ 135.362938754999988, 34.706108919 ], [ 135.362660947, 34.706022108 ], [ 135.362281193, 34.705909387 ], [ 135.362260895, 34.705907667 ], [ 135.362082386999987, 34.705862306 ], [ 135.361851946, 34.705808081 ], [ 135.361830804, 34.705802027 ], [ 135.361671414, 34.705784441 ], [ 135.361478885, 34.705768414 ], [ 135.3612338, 34.705757667 ], [ 135.361116693000014, 34.705759748 ], [ 135.360948611999987, 34.705778279 ], [ 135.360822528999989, 34.705796468 ], [ 135.360611414, 34.705848829 ], [ 135.360554423, 34.705865081 ], [ 135.360500078, 34.705885829 ], [ 135.360443113, 34.705911108 ], [ 135.360378029, 34.705945441 ], [ 135.36029131, 34.705993532 ], [ 135.360183087, 34.706071054 ], [ 135.360075032, 34.706159865 ], [ 135.359989001, 34.706264252 ], [ 135.359892244, 34.706384495 ], [ 135.359763061, 34.706529829 ], [ 135.35962834, 34.706670694 ], [ 135.359534163, 34.706779667 ], [ 135.359476693, 34.706836946 ], [ 135.359415551000012, 34.706897865 ], [ 135.359208171, 34.707120441 ], [ 135.359111219, 34.707224946 ], [ 135.359009027000013, 34.707347495 ], [ 135.35887978, 34.707488306 ], [ 135.358874383999989, 34.707495108 ], [ 135.358546057000012, 34.707867468 ], [ 135.358537302, 34.707877027 ], [ 135.358550830000013, 34.707892333 ], [ 135.358556083, 34.707903721 ], [ 135.358556394, 34.707909414 ], [ 135.358552698000011, 34.707919973 ], [ 135.358535136, 34.707938694 ], [ 135.35850917, 34.707957306 ], [ 135.358494721, 34.70796436 ], [ 135.35848192, 34.707968892 ], [ 135.358456031, 34.707977495 ], [ 135.358438885, 34.707986306 ], [ 135.358416031, 34.708008667 ], [ 135.358366524, 34.708049559 ], [ 135.358352776, 34.708066162 ], [ 135.358333333, 34.708097532 ], [ 135.358330078, 34.708102775 ], [ 135.358310415, 34.708128559 ], [ 135.358298638, 34.708139198 ], [ 135.358271581999986, 34.708158 ], [ 135.358219780000013, 34.708188162 ], [ 135.358033217000013, 34.708285108 ], [ 135.357961945999989, 34.708329441 ], [ 135.357956550000011, 34.708333333 ], [ 135.357648275, 34.708555829 ], [ 135.357559728000012, 34.708624892 ], [ 135.357514034, 34.708665135 ], [ 135.357494669, 34.708686748 ], [ 135.357479442, 34.708709775 ], [ 135.357473917, 34.708721892 ], [ 135.357466913, 34.708747829 ], [ 135.357461140999987, 34.708810081 ], [ 135.357251505, 34.708894775 ], [ 135.35716192000001, 34.708933829 ], [ 135.35706428, 34.708981973 ], [ 135.357067173, 34.708995468 ], [ 135.357143087, 34.708956532 ], [ 135.357166939, 34.708944252 ], [ 135.35718406, 34.708976748 ], [ 135.357209727999987, 34.709022865 ], [ 135.357236304, 34.709069973 ], [ 135.357273307000014, 34.709122387 ], [ 135.357304475, 34.709172613 ], [ 135.357344747000013, 34.709234667 ], [ 135.356942049, 34.709695162 ], [ 135.356922802000014, 34.709684054 ], [ 135.356804449, 34.709822532 ], [ 135.356799027, 34.709827081 ], [ 135.356794501, 34.709831892 ], [ 135.356731699, 34.709899054 ], [ 135.356660661, 34.709911559 ], [ 135.35663966300001, 34.709916667 ], [ 135.356609883, 34.709927468 ], [ 135.356575642, 34.709948225 ], [ 135.356553502, 34.709966441 ], [ 135.356512503, 34.71000536 ], [ 135.356472411999988, 34.710038532 ], [ 135.356443942999988, 34.710059027 ], [ 135.356384617, 34.710098027 ], [ 135.356292309, 34.710154694 ], [ 135.356245136000013, 34.710181586 ], [ 135.356048054000013, 34.710284225 ], [ 135.355961115000014, 34.710334081 ], [ 135.355852866, 34.710398802 ], [ 135.355800117, 34.710432495 ], [ 135.35576136200001, 34.710458973 ], [ 135.355686394, 34.710514252 ], [ 135.355570052, 34.710607162 ], [ 135.355551388, 34.710625532 ], [ 135.355516031, 34.710652333 ], [ 135.355478885, 34.710676892 ], [ 135.355440894999987, 34.710710829 ], [ 135.355403255999988, 34.710748829 ], [ 135.355361582, 34.710787306 ], [ 135.355304086, 34.710843054 ], [ 135.35522352800001, 34.710913946 ], [ 135.355150052, 34.710966414 ], [ 135.355096589, 34.711003441 ], [ 135.355033113, 34.711045721 ], [ 135.355002776, 34.711073559 ], [ 135.354972503, 34.711104829 ], [ 135.354943969, 34.711137973 ], [ 135.354914086, 34.711166973 ], [ 135.354887367, 34.711193613 ], [ 135.354879248, 34.711201694 ], [ 135.35484847, 34.711237468 ], [ 135.35481406, 34.711278162 ], [ 135.354780752000011, 34.711313946 ], [ 135.354707951, 34.711429495 ], [ 135.354670778000013, 34.711470387 ], [ 135.35462214, 34.711508559 ], [ 135.35457917, 34.711539108 ], [ 135.354524747, 34.711570667 ], [ 135.354429364, 34.71161764 ], [ 135.354354617000013, 34.711662613 ], [ 135.354278806999986, 34.711713279 ], [ 135.3541962, 34.711777162 ], [ 135.354120532, 34.711839081 ], [ 135.354091114999989, 34.711869279 ], [ 135.354074228, 34.711881865 ], [ 135.354019689000012, 34.711904027 ], [ 135.354001777, 34.711912468 ], [ 135.353969831, 34.711933667 ], [ 135.353935966, 34.711967919 ], [ 135.353895642, 34.712025775 ], [ 135.353871141000013, 34.712074108 ], [ 135.353839779999987, 34.712126225 ], [ 135.353807224, 34.712168946 ], [ 135.353766641, 34.712205081 ], [ 135.353610245999988, 34.712297892 ], [ 135.353492114, 34.712402441 ], [ 135.353320311, 34.712538748 ], [ 135.353187134, 34.712619279 ], [ 135.353155447, 34.712644892 ], [ 135.353112802, 34.712666054 ], [ 135.353074306, 34.712685667 ], [ 135.353040803999988, 34.712704532 ], [ 135.353009585, 34.712731279 ], [ 135.352977886, 34.71276364 ], [ 135.352945305, 34.712805468 ], [ 135.352915551, 34.712844946 ], [ 135.352875694, 34.71288864 ], [ 135.352843721999989, 34.712916306 ], [ 135.352771505, 34.712954495 ], [ 135.352696693000013, 34.712988387 ], [ 135.352592944, 34.713047586 ], [ 135.352543606000012, 34.713094054 ], [ 135.352513061, 34.71313064 ], [ 135.352484384, 34.713250135 ], [ 135.352479558999988, 34.713282 ], [ 135.35246461700001, 34.713309802 ], [ 135.352427613, 34.713373054 ], [ 135.352409974000011, 34.713404198 ], [ 135.352399104999989, 34.713426027 ], [ 135.352388392, 34.713450802 ], [ 135.352374306, 34.713468495 ], [ 135.352358521000014, 34.713491081 ], [ 135.352336394, 34.71351064 ], [ 135.352315616, 34.713533198 ], [ 135.352289805, 34.713556198 ], [ 135.352265837, 34.713577306 ], [ 135.352245006, 34.713598775 ], [ 135.352221504999989, 34.713620973 ], [ 135.352202438, 34.71364464 ], [ 135.352182555000013, 34.713669495 ], [ 135.352164942, 34.713693198 ], [ 135.352143307, 34.713717613 ], [ 135.35212655, 34.713740559 ], [ 135.352104838, 34.713766892 ], [ 135.352086304000011, 34.713788333 ], [ 135.352068716, 34.713813892 ], [ 135.352046083, 34.713837252 ], [ 135.352021699, 34.713861333 ], [ 135.351998197, 34.713884694 ], [ 135.351976005000012, 34.713908775 ], [ 135.35195430600001, 34.713937 ], [ 135.35192856, 34.713965613 ], [ 135.351899611, 34.713991162 ], [ 135.35187022, 34.714016748 ], [ 135.351846252, 34.714038225 ], [ 135.351815472999988, 34.714064162 ], [ 135.35179869000001, 34.714075865 ], [ 135.351784669000011, 34.714090946 ], [ 135.351769780000012, 34.714104865 ], [ 135.351755357, 34.714120667 ], [ 135.351742632999986, 34.714134198 ], [ 135.35173131, 34.714145919 ], [ 135.351721894, 34.714161333 ], [ 135.351709637, 34.714176748 ], [ 135.351696939, 34.714192559 ], [ 135.351681219, 34.714208721 ], [ 135.351664449, 34.714222306 ], [ 135.35165131, 34.714237279 ], [ 135.351637302, 34.714251198 ], [ 135.351624643, 34.714268532 ], [ 135.351608366, 34.714287306 ], [ 135.351595772, 34.714302748 ], [ 135.351580829999989, 34.714320441 ], [ 135.351567276, 34.714336613 ], [ 135.351554578, 34.714351306 ], [ 135.351542411999986, 34.714366748 ], [ 135.35153024600001, 34.714380279 ], [ 135.351518003, 34.714394892 ], [ 135.351507134, 34.714409225 ], [ 135.351491829, 34.714425027 ], [ 135.351474188999987, 34.714437441 ], [ 135.351455577, 34.714450667 ], [ 135.351438366, 34.714463081 ], [ 135.351420311, 34.714477387 ], [ 135.351401284, 34.714490973 ], [ 135.351386809, 34.714504892 ], [ 135.351369196, 34.714519559 ], [ 135.351353307000011, 34.714531946 ], [ 135.351339805, 34.714544748 ], [ 135.351327977000011, 34.714559108 ], [ 135.351315772, 34.714570387 ], [ 135.351297781999989, 34.714588748 ], [ 135.351278716, 34.714601613 ], [ 135.351256498, 34.714615135 ], [ 135.351242023, 34.714627973 ], [ 135.351226667, 34.71464036 ], [ 135.351213087, 34.714654721 ], [ 135.351197782000014, 34.714669 ], [ 135.351183722, 34.714681829 ], [ 135.351168833, 34.714694919 ], [ 135.35096243800001, 34.714850892 ], [ 135.350778833, 34.714958721 ], [ 135.350592633, 34.715096108 ], [ 135.350319494, 34.715214586 ], [ 135.350181634, 34.715233775 ], [ 135.35, 34.715235748 ], [ 135.349962022999989, 34.715236135 ], [ 135.349681051, 34.715213333 ], [ 135.349542114, 34.715205946 ], [ 135.348961362000011, 34.714665667 ], [ 135.348938249000014, 34.714658387 ], [ 135.348915227, 34.714659387 ], [ 135.348890311, 34.71466536 ], [ 135.348774423, 34.71475936 ], [ 135.348590506, 34.714915306 ], [ 135.346198586000014, 34.716666667 ], [ 135.346131336000013, 34.716715892 ], [ 135.345115252999989, 34.717459027 ], [ 135.345157328, 34.717498973 ], [ 135.343739805000013, 34.718538333 ], [ 135.343748054, 34.718542775 ], [ 135.343718301, 34.718565559 ], [ 135.34371275, 34.718558829 ], [ 135.34370194600001, 34.718567946 ], [ 135.3436993, 34.718574721 ], [ 135.344109702, 34.719061685 ], [ 135.343690687, 34.719382577 ], [ 135.34328061, 34.719696649 ], [ 135.343256018, 34.71971109 ], [ 135.342636835, 34.72008673 ], [ 135.341856471999989, 34.720557441 ], [ 135.341666667, 34.720673919 ], [ 135.341309196, 34.720893261 ], [ 135.340563995, 34.721338892 ], [ 135.340200947, 34.721560495 ], [ 135.338948975, 34.722307775 ], [ 135.33894693900001, 34.722366387 ], [ 135.338871284, 34.724007694 ], [ 135.338830636000012, 34.724032802 ], [ 135.338816861, 34.724021667 ], [ 135.338578418, 34.724167865 ], [ 135.338341894, 34.724281613 ], [ 135.338322581, 34.724292667 ], [ 135.338330117, 34.724301441 ], [ 135.338203722, 34.724376865 ], [ 135.338197445, 34.724370775 ], [ 135.338170143000013, 34.724388027 ], [ 135.33817642, 34.724394667 ], [ 135.338102049000014, 34.724439162 ], [ 135.338097082, 34.724433081 ], [ 135.338084617, 34.724440387 ], [ 135.338077198, 34.724440441 ], [ 135.338027562, 34.724470892 ], [ 135.33803642, 34.724480559 ], [ 135.337981894, 34.724513081 ], [ 135.337976860999987, 34.724505387 ], [ 135.337948391999987, 34.724524198 ], [ 135.337953385, 34.72453136 ], [ 135.337900169, 34.724563802 ], [ 135.337896277999988, 34.724557694 ], [ 135.337859222, 34.724580802 ], [ 135.337851725, 34.724585468 ], [ 135.337844254, 34.724590135 ], [ 135.337768028999989, 34.724643586 ], [ 135.3377093, 34.724526613 ], [ 135.337605577, 34.724302081 ], [ 135.337443256, 34.723969892 ], [ 135.337421505, 34.723976829 ], [ 135.337575577, 34.724302333 ], [ 135.337559274, 34.724309252 ], [ 135.337317393, 34.724394613 ], [ 135.337282049, 34.724408414 ], [ 135.337447172999987, 34.724745108 ], [ 135.337245616, 34.724862252 ], [ 135.337148366, 34.724918775 ], [ 135.337133606, 34.724927279 ], [ 135.337122996, 34.724934027 ], [ 135.33710022, 34.724946829 ], [ 135.337120363, 34.724967946 ], [ 135.33706847, 34.725 ], [ 135.337016524, 34.725032081 ], [ 135.337039221999987, 34.725057775 ], [ 135.336951997, 34.725112387 ], [ 135.336926083, 34.725092252 ], [ 135.336752244, 34.725200225 ], [ 135.336721245, 34.725172532 ], [ 135.336218366, 34.725463162 ], [ 135.33623630400001, 34.725483667 ], [ 135.335861607999988, 34.72570436 ], [ 135.335849948, 34.72570464 ], [ 135.335853671, 34.725869667 ], [ 135.335872088, 34.726119387 ], [ 135.335876265, 34.726158577 ], [ 135.335740169, 34.726172225 ], [ 135.335744306, 34.726243405 ], [ 135.335681375, 34.726367153 ], [ 135.33568096, 34.726377072 ], [ 135.335714903, 34.726612081 ], [ 135.335960699999987, 34.726585802 ], [ 135.336070454, 34.726678297 ], [ 135.336082827000013, 34.726681081 ], [ 135.336629364, 34.726703162 ], [ 135.336790246, 34.726708775 ], [ 135.336961855, 34.726705306 ], [ 135.337040454, 34.726704378 ], [ 135.337183423999988, 34.726698874 ], [ 135.337183281, 34.726687604 ], [ 135.337399403, 34.726681856 ], [ 135.337404916, 34.726731216 ], [ 135.33743370900001, 34.726918216 ], [ 135.337458833, 34.727072243 ], [ 135.337470298, 34.727109018 ], [ 135.336831894, 34.727136802 ], [ 135.336466277999989, 34.727151108 ], [ 135.336228911, 34.727159802 ], [ 135.336182581, 34.727166946 ], [ 135.336139248, 34.72719436 ], [ 135.336139416, 34.727207892 ], [ 135.336065811, 34.727215252 ], [ 135.336054890000014, 34.727215333 ], [ 135.335995227000012, 34.727247387 ], [ 135.33592192, 34.727247973 ], [ 135.335847834, 34.727248586 ], [ 135.335751193, 34.727256865 ], [ 135.335433139, 34.72569264 ], [ 135.335040271999986, 34.725257667 ], [ 135.334894526999989, 34.725 ], [ 135.33482786, 34.724882162 ], [ 135.334718949, 34.72469564 ], [ 135.334705719999988, 34.724675919 ], [ 135.334411245000013, 34.724168559 ], [ 135.334666446, 34.724082279 ], [ 135.335110778, 34.723933108 ], [ 135.335136226, 34.723924973 ], [ 135.335333256000013, 34.723857559 ], [ 135.335350506, 34.723811333 ], [ 135.335360246, 34.723813973 ], [ 135.335354968, 34.723830694 ], [ 135.335512309, 34.72387536 ], [ 135.335525616000012, 34.723845946 ], [ 135.335356303999987, 34.723794441 ], [ 135.33537594, 34.723747748 ], [ 135.335546861000012, 34.723798441 ], [ 135.335560143, 34.723766802 ], [ 135.335390311, 34.723718613 ], [ 135.335385032, 34.723732162 ], [ 135.335373839, 34.723728667 ], [ 135.335383839, 34.723707027 ], [ 135.335373865, 34.723684135 ], [ 135.33533622600001, 34.723597802 ], [ 135.335326809, 34.723576081 ], [ 135.33522869, 34.723309225 ], [ 135.335243475999988, 34.723302441 ], [ 135.335249611, 34.72329464 ], [ 135.335251608, 34.72328064 ], [ 135.33524144, 34.723244306 ], [ 135.335230195, 34.723234495 ], [ 135.335214332, 34.723231198 ], [ 135.335136355, 34.723226973 ], [ 135.335123696000011, 34.723226532 ], [ 135.33499061, 34.723230333 ], [ 135.33494703, 34.723210135 ], [ 135.334930363000012, 34.723194865 ], [ 135.334913476, 34.723161721 ], [ 135.334892244, 34.723095387 ], [ 135.33488214, 34.723018667 ], [ 135.334870117, 34.722889946 ], [ 135.334862827, 34.722774775 ], [ 135.334852023, 34.722721135 ], [ 135.334839079, 34.722670865 ], [ 135.334817523, 34.722577198 ], [ 135.334801582000011, 34.722530441 ], [ 135.334790946999988, 34.722490414 ], [ 135.334772802, 34.722435054 ], [ 135.334753774, 34.722386613 ], [ 135.334737782, 34.722337162 ], [ 135.334718689999988, 34.722284387 ], [ 135.33470345, 34.722206108 ], [ 135.334689831, 34.722154919 ], [ 135.334683942999987, 34.721757694 ], [ 135.334565837000014, 34.721758468 ], [ 135.334511362, 34.721758919 ], [ 135.334359416000012, 34.721761973 ], [ 135.33436022, 34.721946225 ], [ 135.334349300000014, 34.721991586 ], [ 135.334321634, 34.722041919 ], [ 135.334296861000013, 34.722069973 ], [ 135.334255084, 34.722109802 ], [ 135.334185252999987, 34.722167081 ], [ 135.333858054, 34.722369721 ], [ 135.33354533100001, 34.722557279 ], [ 135.333333333000013, 34.722681865 ], [ 135.333286445999988, 34.722709387 ], [ 135.333127951, 34.722801387 ], [ 135.333116303999986, 34.722823468 ], [ 135.333066693, 34.722866613 ], [ 135.332982555, 34.722905 ], [ 135.332859559000013, 34.722963252 ], [ 135.332721414, 34.723025865 ], [ 135.33256297, 34.723096919 ], [ 135.332401219, 34.723163892 ], [ 135.332097613, 34.723275279 ], [ 135.331758586, 34.723391162 ], [ 135.331269559, 34.723583694 ], [ 135.330637367, 34.723835946 ], [ 135.330209079000014, 34.724002892 ], [ 135.330052503, 34.724073946 ], [ 135.329825136000011, 34.724188946 ], [ 135.329703696, 34.724230414 ], [ 135.3296293, 34.724247775 ], [ 135.329464773000012, 34.724283225 ], [ 135.329354642999988, 34.724313775 ], [ 135.329286005, 34.724334802 ], [ 135.329249001, 34.724354667 ], [ 135.32921364500001, 34.724383081 ], [ 135.32920192, 34.724389468 ], [ 135.329175811, 34.724395468 ], [ 135.329162477000011, 34.724394495 ], [ 135.329142049000012, 34.724385279 ], [ 135.329127224, 34.72436864 ], [ 135.329081140999989, 34.724287892 ], [ 135.329067638999987, 34.724235252 ], [ 135.329058534000012, 34.724204045 ], [ 135.329048042000011, 34.724158523 ], [ 135.329046524, 34.724131937 ], [ 135.329049235000014, 34.724112351 ], [ 135.329057497, 34.724090198 ], [ 135.329071842, 34.724066649 ], [ 135.329119494, 34.724006847 ], [ 135.329134227999987, 34.723988162 ], [ 135.329148249000013, 34.723973982 ], [ 135.329156252, 34.723968054 ], [ 135.329170584, 34.72396136 ], [ 135.329186926, 34.723957982 ], [ 135.329199248, 34.723957153 ], [ 135.329225357000013, 34.723958117 ], [ 135.329294462, 34.723966387 ], [ 135.329306459, 34.723965117 ], [ 135.329309261, 34.723962748 ], [ 135.329309767000012, 34.723959225 ], [ 135.329308301, 34.72395482 ], [ 135.329300195, 34.723943261 ], [ 135.329286368, 34.723929036 ], [ 135.329257912, 34.723904577 ], [ 135.329193243, 34.723856604 ], [ 135.329113995, 34.723803793 ], [ 135.329078508, 34.723776135 ], [ 135.329034903, 34.723736018 ], [ 135.329000052, 34.72370755 ], [ 135.328982231, 34.723696333 ], [ 135.328964228, 34.723688369 ], [ 135.328955149, 34.723685919 ], [ 135.32894607, 34.72368464 ], [ 135.32893406, 34.723684919 ], [ 135.328927846999989, 34.723685964 ], [ 135.328909468, 34.723692153 ], [ 135.328870934, 34.723710676 ], [ 135.328850065000012, 34.723718865 ], [ 135.328838962, 34.723721847 ], [ 135.328827523, 34.723723559 ], [ 135.328815084000013, 34.723723838 ], [ 135.328803165000011, 34.723722586 ], [ 135.32879035, 34.723719811 ], [ 135.328764371, 34.723711189 ], [ 135.328739455, 34.723700027 ], [ 135.328685746, 34.723673514 ], [ 135.328680623, 34.723673559 ], [ 135.328486433, 34.72383727 ], [ 135.328287173, 34.72400527 ], [ 135.328272231, 34.724006829 ], [ 135.328231038000013, 34.724022766 ], [ 135.328206589, 34.724032423 ], [ 135.328197147, 34.724037009 ], [ 135.328189676, 34.724042117 ], [ 135.328186226000014, 34.724045757 ], [ 135.328183384999988, 34.724054523 ], [ 135.328184345000011, 34.724062 ], [ 135.328187393, 34.724070081 ], [ 135.328198184, 34.724087577 ], [ 135.328221608, 34.724119928 ], [ 135.328229637, 34.724133568 ], [ 135.328237056, 34.724151171 ], [ 135.328240869000012, 34.724168541 ], [ 135.328240973, 34.724186838 ], [ 135.328238119, 34.72420309 ], [ 135.328224694999989, 34.724241252 ], [ 135.328204254000013, 34.724228333 ], [ 135.328170363, 34.724224829 ], [ 135.328146393999987, 34.724230532 ], [ 135.328136640999986, 34.724236279 ], [ 135.328128781, 34.72424536 ], [ 135.328122283, 34.724268135 ], [ 135.328128223, 34.724290441 ], [ 135.328147497, 34.724304892 ], [ 135.32816, 34.724307829 ], [ 135.328151258, 34.724326216 ], [ 135.328145901, 34.724334189 ], [ 135.328139429, 34.724340919 ], [ 135.328133359, 34.724345018 ], [ 135.32812194600001, 34.724348991 ], [ 135.328100376, 34.724353315 ], [ 135.328088404999988, 34.724356838 ], [ 135.328070415000013, 34.724367441 ], [ 135.328062425000013, 34.724375171 ], [ 135.328055759, 34.724383883 ], [ 135.328050518999987, 34.724393297 ], [ 135.328046822, 34.724403063 ], [ 135.328044864, 34.724412901 ], [ 135.328044643, 34.724422369 ], [ 135.328046498, 34.724431369 ], [ 135.328049196, 34.724437568 ], [ 135.328056291, 34.724446342 ], [ 135.328063787, 34.724452505 ], [ 135.32809192, 34.724468054 ], [ 135.328106537, 34.724476045 ], [ 135.328118988, 34.724484685 ], [ 135.328133554, 34.72449791 ], [ 135.328145746, 34.724512865 ], [ 135.328159663, 34.724535108 ], [ 135.328165473000013, 34.724546595 ], [ 135.328168418, 34.724555225 ], [ 135.328169248, 34.724561081 ], [ 135.328167406, 34.724571099 ], [ 135.32816323, 34.724578171 ], [ 135.32815697800001, 34.724584802 ], [ 135.328148975, 34.724590901 ], [ 135.328129014000012, 34.724602423 ], [ 135.328099052999988, 34.724616 ], [ 135.328037134, 34.724634198 ], [ 135.3279707, 34.724646802 ], [ 135.327922218, 34.724657468 ], [ 135.327875032, 34.724672748 ], [ 135.327788949, 34.724706081 ], [ 135.32750900100001, 34.724787865 ], [ 135.327212335000013, 34.724869802 ], [ 135.327003281, 34.724944081 ], [ 135.32699795100001, 34.724946279 ], [ 135.326946252, 34.724969054 ], [ 135.326883722, 34.724990108 ], [ 135.326853256, 34.724999027 ], [ 135.326850830000012, 34.725 ], [ 135.326838807, 34.725004829 ], [ 135.326806589, 34.725023027 ], [ 135.326781634000014, 34.725035027 ], [ 135.326647691, 34.725083919 ], [ 135.326607432, 34.725094874 ], [ 135.326541466, 34.72511173 ], [ 135.326521206, 34.725115685 ], [ 135.326508768, 34.725116324 ], [ 135.326497951, 34.725115784 ], [ 135.32645345, 34.725111 ], [ 135.326432283, 34.72511136 ], [ 135.326410584, 34.725114414 ], [ 135.326389144, 34.72511964 ], [ 135.325960532000011, 34.725233207 ], [ 135.325935837, 34.725241162 ], [ 135.325905512, 34.725252676 ], [ 135.325889533, 34.725258216 ], [ 135.325818249, 34.725277541 ], [ 135.325773113, 34.725284495 ], [ 135.325520143, 34.72533036 ], [ 135.325482580999989, 34.725339225 ], [ 135.325427756000011, 34.725356081 ], [ 135.325384305999989, 34.725373829 ], [ 135.32530786, 34.725409802 ], [ 135.32521358, 34.725452135 ], [ 135.325098145, 34.725494721 ], [ 135.32503406, 34.725514333 ], [ 135.32500131, 34.725522081 ], [ 135.325, 34.725522333 ], [ 135.324932335, 34.725535559 ], [ 135.324915667999989, 34.725537027 ], [ 135.324872088, 34.725537387 ], [ 135.324842802, 34.725545108 ], [ 135.324817886, 34.725550279 ], [ 135.324689416000012, 34.725563667 ], [ 135.324618832999988, 34.725569279 ], [ 135.324583359, 34.725570667 ], [ 135.32448939, 34.725572586 ], [ 135.324442334999986, 34.725572802 ], [ 135.324434086, 34.72556836 ], [ 135.324423165000013, 34.725568441 ], [ 135.324404085999987, 34.725570865 ], [ 135.324390505999986, 34.725575468 ], [ 135.32438511, 34.725582279 ], [ 135.324379805, 34.725593586 ], [ 135.324382724, 34.725609333 ], [ 135.324393606, 34.725836865 ], [ 135.32439642, 34.725843613 ], [ 135.324344501000013, 34.725843937 ], [ 135.324290169, 34.725844279 ], [ 135.324288586, 34.725839441 ], [ 135.324282361, 34.725774919 ], [ 135.324275965999988, 34.725711414 ], [ 135.32427044100001, 34.725657919 ], [ 135.324267690999989, 34.725627198 ], [ 135.324264527, 34.725596559 ], [ 135.324263995, 34.725588559 ], [ 135.324251556, 34.725577279 ], [ 135.324231479, 34.725568108 ], [ 135.324217082, 34.725565892 ], [ 135.324201699000014, 34.72556864 ], [ 135.32419275, 34.725573559 ], [ 135.324184695000014, 34.725584919 ], [ 135.324179248, 34.725604919 ], [ 135.324176355, 34.725623081 ], [ 135.324176887, 34.725641694 ], [ 135.32417834, 34.725675586 ], [ 135.324188664, 34.725725198 ], [ 135.324203217, 34.725860135 ], [ 135.324169974, 34.725864 ], [ 135.324061089, 34.725851198 ], [ 135.323942671999987, 34.725841829 ], [ 135.32384788600001, 34.725835108 ], [ 135.323743580000013, 34.72583064 ], [ 135.32360635500001, 34.725832225 ], [ 135.323424526999986, 34.725824198 ], [ 135.323194086, 34.725821495 ], [ 135.323035383, 34.725815225 ], [ 135.322824163, 34.725810892 ], [ 135.322490778, 34.725811081 ], [ 135.322478171, 34.725858559 ], [ 135.322350999, 34.725819306 ], [ 135.322352438, 34.725810387 ], [ 135.322355084, 34.725812829 ], [ 135.32236291800001, 34.725807252 ], [ 135.322353385000014, 34.725798892 ], [ 135.322362529, 34.725748973 ], [ 135.322592581, 34.725591027 ], [ 135.322835524999988, 34.725425279 ], [ 135.322925616, 34.72536464 ], [ 135.323458521, 34.725 ], [ 135.323495357000013, 34.724974802 ], [ 135.323858003, 34.724726694 ], [ 135.323862139999989, 34.72453136 ], [ 135.323665498999986, 34.724527892 ], [ 135.323670921, 34.724259973 ], [ 135.323868223, 34.724262306 ], [ 135.323877977, 34.723800441 ], [ 135.323847108, 34.723800721 ], [ 135.323848664, 34.722652748 ], [ 135.323847639, 34.722522306 ], [ 135.323847003999987, 34.722446829 ], [ 135.323846693, 34.722347892 ], [ 135.323846226, 34.722325054 ], [ 135.323900947, 34.722324279 ], [ 135.32389978, 34.722267108 ], [ 135.323899805, 34.721981973 ], [ 135.323901751, 34.721680198 ], [ 135.323901193000012, 34.721409829 ], [ 135.323900363, 34.721159252 ], [ 135.323900415, 34.720915225 ], [ 135.323904254000013, 34.720707667 ], [ 135.323901245, 34.720400225 ], [ 135.323900117, 34.720179279 ], [ 135.323901505, 34.72001036 ], [ 135.323902218, 34.719757973 ], [ 135.323905279, 34.719562667 ], [ 135.323904643, 34.719486225 ], [ 135.32390627800001, 34.718949829 ], [ 135.323901245, 34.718661973 ], [ 135.323897302, 34.718462946 ], [ 135.323896031, 34.718373252 ], [ 135.323897471, 34.718363946 ], [ 135.323898392, 34.718355495 ], [ 135.323901893999988, 34.71834664 ], [ 135.32390538300001, 34.718341532 ], [ 135.323910467, 34.718336829 ], [ 135.323926498, 34.718320414 ], [ 135.323933087, 34.718314054 ], [ 135.323940142999987, 34.718304694 ], [ 135.323945668, 34.718294946 ], [ 135.323950700000012, 34.718287333 ], [ 135.323953644999989, 34.718275919 ], [ 135.32396, 34.718250973 ], [ 135.32396345, 34.718232306 ], [ 135.323964577999988, 34.718214027 ], [ 135.32396630400001, 34.718192441 ], [ 135.323965577, 34.718175135 ], [ 135.323962244, 34.718155333 ], [ 135.32396, 34.71813764 ], [ 135.323955668, 34.718117 ], [ 135.323949805000012, 34.718098468 ], [ 135.323940661, 34.718078468 ], [ 135.323929728, 34.718064225 ], [ 135.323914669, 34.718048306 ], [ 135.323898612, 34.718033252 ], [ 135.323882049, 34.718021135 ], [ 135.32386655, 34.718011135 ], [ 135.32384642, 34.717998225 ], [ 135.323829689, 34.717987973 ], [ 135.323812698000012, 34.717980108 ], [ 135.323795188, 34.717973495 ], [ 135.323776161000012, 34.717967748 ], [ 135.323755084, 34.717963279 ], [ 135.323732477, 34.717959667 ], [ 135.323708366, 34.717956468 ], [ 135.323685772, 34.717954135 ], [ 135.323661193, 34.717955586 ], [ 135.323633865, 34.717958081 ], [ 135.323608275, 34.717961667 ], [ 135.323587328, 34.717967333 ], [ 135.323566355, 34.717970865 ], [ 135.323416641, 34.717940198 ], [ 135.323225863, 34.717901414 ], [ 135.323095668, 34.71787436 ], [ 135.322974189, 34.717850198 ], [ 135.322847613, 34.717823946 ], [ 135.322275811, 34.717715135 ], [ 135.322267055999987, 34.717745694 ], [ 135.32225338500001, 34.717743027 ], [ 135.322261505, 34.717712054 ], [ 135.321958833, 34.717653279 ], [ 135.320949663, 34.717453027 ], [ 135.320706524, 34.717403225 ], [ 135.320610052, 34.717385 ], [ 135.320618196999988, 34.717350108 ], [ 135.320303165000013, 34.717290441 ], [ 135.320213217, 34.717273414 ], [ 135.320158885000012, 34.717264865 ], [ 135.320156472, 34.717273892 ], [ 135.320139754, 34.717327721 ], [ 135.320128003, 34.717325387 ], [ 135.320143605999988, 34.717273973 ], [ 135.320146861000012, 34.717262559 ], [ 135.319512335000013, 34.71713964 ], [ 135.319502581, 34.717173108 ], [ 135.319507859999987, 34.717174 ], [ 135.319500052, 34.717200081 ], [ 135.319485772, 34.717197225 ], [ 135.319503450000013, 34.717136748 ], [ 135.319241556, 34.717084559 ], [ 135.319178975, 34.717072081 ], [ 135.318909948, 34.71701964 ], [ 135.318455499, 34.716927748 ], [ 135.318332801999986, 34.716903441 ], [ 135.317955305, 34.716828667 ], [ 135.317823865, 34.716802559 ], [ 135.317804527, 34.716863135 ], [ 135.317793333, 34.716861 ], [ 135.317811336, 34.716801252 ], [ 135.317581284, 34.716756135 ], [ 135.31715280200001, 34.716666667 ], [ 135.316940143000011, 34.716622252 ], [ 135.31693072600001, 34.716621414 ], [ 135.316922477, 34.716623333 ], [ 135.316915005999988, 34.716627108 ], [ 135.316854694999989, 34.716656775 ], [ 135.316766640999987, 34.716639162 ], [ 135.316727082, 34.716632387 ], [ 135.316698833, 34.716627667 ], [ 135.316670609999989, 34.716624162 ], [ 135.316666667, 34.716623748 ], [ 135.316654812, 34.716622441 ], [ 135.316633747999987, 34.716622613 ], [ 135.31661725, 34.716625829 ], [ 135.31634939, 34.716558622 ], [ 135.316089105, 34.716493306 ], [ 135.315926394, 34.716460306 ], [ 135.315692361, 34.716412865 ], [ 135.315571893999987, 34.716389532 ], [ 135.314085576999986, 34.716094306 ], [ 135.314021284, 34.716093973 ], [ 135.313996472000014, 34.716093865 ], [ 135.313947133999989, 34.716085586 ], [ 135.313898418, 34.716057135 ], [ 135.313204501, 34.715919306 ], [ 135.313006109000014, 34.715877748 ], [ 135.312439831, 34.715765694 ], [ 135.311860026, 34.715652586 ], [ 135.311549195999987, 34.715590027 ], [ 135.311497665, 34.715579667 ], [ 135.310773942999987, 34.715435829 ], [ 135.310155746, 34.715317054 ], [ 135.309644060000011, 34.715217279 ], [ 135.308876394, 34.715061495 ], [ 135.308708833, 34.715027252 ], [ 135.308542607, 34.714992748 ], [ 135.308443722, 34.714973207 ], [ 135.308333333, 34.714951396 ], [ 135.30785297, 34.714856495 ], [ 135.307250856, 34.714736802 ], [ 135.30717214, 34.714721802 ], [ 135.306931219, 34.714675919 ], [ 135.306559053, 34.714602973 ], [ 135.306297782, 34.714549162 ], [ 135.306286446, 34.714536054 ], [ 135.306268949000014, 34.714522225 ], [ 135.306247665, 34.714511027 ], [ 135.306218301, 34.714498054 ], [ 135.306184643, 34.714488748 ], [ 135.306154811999988, 34.714482802 ], [ 135.306120636, 34.714478333 ], [ 135.30609036300001, 34.714477667 ], [ 135.306053969, 34.714481694 ], [ 135.306022633, 34.714486667 ], [ 135.305985668, 34.714500135 ], [ 135.305946549999987, 34.714516 ], [ 135.305913191, 34.714533973 ], [ 135.30588978, 34.714550829 ], [ 135.30586655, 34.714571414 ], [ 135.305845473, 34.714599081 ], [ 135.305830078000014, 34.714626027 ], [ 135.305822166000013, 34.714650748 ], [ 135.305815357, 34.714679108 ], [ 135.305794669, 34.714677802 ], [ 135.305793087000012, 34.714694108 ], [ 135.30581380000001, 34.714695495 ], [ 135.305813139, 34.714709532 ], [ 135.305814643, 34.714732252 ], [ 135.305817029999986, 34.714746135 ], [ 135.305826304, 34.714781667 ], [ 135.305841777000012, 34.714821225 ], [ 135.305849559, 34.714844919 ], [ 135.305800467000012, 34.71526664 ], [ 135.30577330700001, 34.715488387 ], [ 135.305760195, 34.715661802 ], [ 135.305753113, 34.715767225 ], [ 135.305705421999988, 34.716158829 ], [ 135.305665745999988, 34.716523919 ], [ 135.305651192999989, 34.716666667 ], [ 135.305617393, 34.716998027 ], [ 135.30561658900001, 34.717005613 ], [ 135.305575057999988, 34.717391198 ], [ 135.305567951, 34.717461441 ], [ 135.305553333, 34.717587721 ], [ 135.30549406, 34.718223586 ], [ 135.305465694, 34.718527775 ], [ 135.305404578, 34.718574054 ], [ 135.305364942000011, 34.718597162 ], [ 135.30533374800001, 34.718611694 ], [ 135.305305135999987, 34.718618252 ], [ 135.305274086, 34.718623135 ], [ 135.305241855, 34.718626775 ], [ 135.305159494, 34.718630162 ], [ 135.305154034, 34.718635108 ], [ 135.305148975, 34.718644387 ], [ 135.305140246, 34.718653667 ], [ 135.305113307, 34.718667586 ], [ 135.305085136, 34.718685306 ], [ 135.304917276, 34.718683694 ], [ 135.304884695, 34.71868336 ], [ 135.304728638, 34.718681865 ], [ 135.304695939999988, 34.718675252 ], [ 135.304674033999987, 34.718669559 ], [ 135.304653256, 34.718665 ], [ 135.304633696, 34.718662 ], [ 135.304613061, 34.71866036 ], [ 135.304582503, 34.71866164 ], [ 135.304502944, 34.718673198 ], [ 135.304229728, 34.718724559 ], [ 135.304124941999987, 34.718744279 ], [ 135.303823645, 34.71880336 ], [ 135.303563398, 34.718853288 ], [ 135.303513722, 34.718862829 ], [ 135.303501245, 34.718883333 ], [ 135.30349786, 34.718966532 ], [ 135.303512762999986, 34.718968333 ], [ 135.303550078, 34.718973441 ], [ 135.303547808, 34.719069586 ], [ 135.303520440999989, 34.719083441 ], [ 135.303456796, 34.719095126 ], [ 135.301544423, 34.719446225 ], [ 135.301477004, 34.719461162 ], [ 135.301445914, 34.719462333 ], [ 135.301342412, 34.71949036 ], [ 135.301310414999989, 34.719574198 ], [ 135.301301751000011, 34.719572279 ], [ 135.301300506, 34.719576252 ], [ 135.301174747, 34.719550586 ], [ 135.301175914, 34.719546865 ], [ 135.301167367, 34.719544946 ], [ 135.301153645, 34.719527586 ], [ 135.301079689, 34.719543387 ], [ 135.301060415, 34.719547613 ], [ 135.301044086, 34.719551054 ], [ 135.301018715999987, 34.719492306 ], [ 135.301027912, 34.719355135 ], [ 135.301015473, 34.719353333 ], [ 135.301003580000014, 34.719495865 ], [ 135.300937497, 34.719511441 ], [ 135.300947717000014, 34.719350162 ], [ 135.30093297, 34.719349225 ], [ 135.30092192, 34.719515081 ], [ 135.300690661, 34.719569559 ], [ 135.300711283999988, 34.719634225 ], [ 135.300670583999988, 34.719645081 ], [ 135.300649467999989, 34.719650667 ], [ 135.300544968, 34.719678441 ], [ 135.300468274999986, 34.719672559 ], [ 135.300514501, 34.719338919 ], [ 135.300517613000011, 34.719297694 ], [ 135.300526446, 34.719060721 ], [ 135.300522633000014, 34.719044973 ], [ 135.3, 34.719121468 ], [ 135.299829026999987, 34.719146495 ], [ 135.29761406, 34.719476387 ], [ 135.297172217999986, 34.719477721 ], [ 135.297039274000014, 34.719442721 ], [ 135.295791777, 34.719448613 ], [ 135.295759468, 34.719448694 ], [ 135.29539703, 34.719450387 ], [ 135.295365772, 34.719450559 ], [ 135.294270026, 34.719455667 ], [ 135.294125810999986, 34.719406694 ], [ 135.294103554, 34.719399108 ], [ 135.294086666999988, 34.719393387 ], [ 135.294063306999988, 34.719385468 ], [ 135.29378214, 34.719258054 ], [ 135.293019636999986, 34.718955306 ], [ 135.292913164999987, 34.719133919 ], [ 135.292907418999988, 34.719155775 ], [ 135.29290939, 34.719185054 ], [ 135.292915032, 34.719209 ], [ 135.292926615, 34.719229441 ], [ 135.292955914, 34.719251495 ], [ 135.293082049, 34.719293054 ], [ 135.292983969, 34.719451108 ], [ 135.292804747, 34.719378892 ], [ 135.292666524, 34.71946336 ], [ 135.292613165, 34.719569694 ], [ 135.292608003, 34.719594532 ], [ 135.292611089, 34.719626054 ], [ 135.292619533, 34.719648532 ], [ 135.292644384, 34.719673108 ], [ 135.292767886, 34.719730748 ], [ 135.292668781, 34.719893802 ], [ 135.292726355000013, 34.719918135 ], [ 135.292827717, 34.719948892 ], [ 135.293124086, 34.720086279 ], [ 135.292724228, 34.72067764 ], [ 135.292381219, 34.720520333 ], [ 135.292605551, 34.720177532 ], [ 135.292488781, 34.720123919 ], [ 135.292393890999989, 34.720140892 ], [ 135.292017691000012, 34.720712495 ], [ 135.291888715999988, 34.720652667 ], [ 135.291842892, 34.720702613 ], [ 135.291741388, 34.720658333 ], [ 135.291776226, 34.720601721 ], [ 135.291737782000013, 34.720581721 ], [ 135.292116083, 34.720015333 ], [ 135.292258495, 34.719820387 ], [ 135.29243236100001, 34.719512532 ], [ 135.292443281, 34.719512441 ], [ 135.292496446, 34.719388081 ], [ 135.292478781, 34.719343667 ], [ 135.292637977, 34.719050973 ], [ 135.292722348000012, 34.718856568 ], [ 135.293102166000011, 34.717981532 ], [ 135.293101971, 34.717795721 ], [ 135.292819637, 34.717689775 ], [ 135.292677134, 34.717735054 ], [ 135.292414254, 34.718180829 ], [ 135.291666666999987, 34.717898108 ], [ 135.291391725000011, 34.717794135 ], [ 135.291252581, 34.717741495 ], [ 135.291325304999987, 34.717620135 ], [ 135.291340311, 34.717595135 ], [ 135.291388495, 34.717514613 ], [ 135.29143061, 34.717444414 ], [ 135.291446031, 34.717418613 ], [ 135.291495837000014, 34.717335441 ], [ 135.29138594, 34.717293054 ], [ 135.29131313900001, 34.717264865 ], [ 135.291362529, 34.717184162 ], [ 135.291384812, 34.717192559 ], [ 135.291666666999987, 34.717299532 ], [ 135.292373333, 34.717567721 ], [ 135.292402918, 34.717521333 ], [ 135.291666666999987, 34.717246694 ], [ 135.291384189000013, 34.717141333 ], [ 135.291244189, 34.717089162 ], [ 135.29125511, 34.717069775 ], [ 135.29122888500001, 34.717060441 ], [ 135.291380116999989, 34.716787108 ], [ 135.291448171000013, 34.716666667 ], [ 135.291527224, 34.716526775 ], [ 135.291606744, 34.716559946 ], [ 135.291549728, 34.716666667 ], [ 135.291542633, 34.716679892 ], [ 135.29160572, 34.716706441 ], [ 135.291629689, 34.716666667 ], [ 135.291666666999987, 34.716605306 ], [ 135.291678029, 34.716586441 ], [ 135.291760311, 34.716619586 ], [ 135.291947588, 34.716293586 ], [ 135.291711776999989, 34.716198532 ], [ 135.291874968, 34.715913279 ], [ 135.291666666999987, 34.715489946 ], [ 135.291642996, 34.715441829 ], [ 135.291495006, 34.715388919 ], [ 135.291360583999989, 34.715092468 ], [ 135.291223734999988, 34.714823117 ], [ 135.290813125999989, 34.714954811 ], [ 135.290899922, 34.715143441 ], [ 135.290851025, 34.715164108 ], [ 135.290039754, 34.714868468 ], [ 135.289483722, 34.714999775 ], [ 135.288655422, 34.71478064 ], [ 135.288654034, 34.714735667 ], [ 135.287246978000013, 34.714607694 ], [ 135.287286887, 34.714242198 ], [ 135.285515162, 34.714060973 ], [ 135.285562088, 34.713689198 ], [ 135.28417725, 34.713544054 ], [ 135.28418131, 34.713507694 ], [ 135.284033476, 34.713496306 ], [ 135.284046083, 34.713377027 ], [ 135.284193385, 34.713388414 ], [ 135.284217393, 34.713188559 ], [ 135.283333333, 34.713103667 ], [ 135.283143411, 34.713085414 ], [ 135.283177108, 34.712806532 ], [ 135.283225084, 34.712742586 ], [ 135.282360272, 34.712296333 ], [ 135.282346861, 34.712316721 ], [ 135.283151336, 34.712738667 ], [ 135.28312978, 34.71276136 ], [ 135.282781608, 34.712865495 ], [ 135.2821693, 34.712541225 ], [ 135.282104772999986, 34.71262736 ], [ 135.282014163000014, 34.712578495 ], [ 135.282253359, 34.71225436 ], [ 135.28223688700001, 34.712245468 ], [ 135.282053929999989, 34.71249473 ], [ 135.281997198, 34.712572027 ], [ 135.281859909, 34.712503495 ], [ 135.281733229999986, 34.712440252 ], [ 135.281777471, 34.712377225 ], [ 135.281865772, 34.712251333 ], [ 135.282141881, 34.711861189 ], [ 135.282673100000011, 34.71125045 ], [ 135.28275808, 34.711292784 ], [ 135.282854332, 34.711346937 ], [ 135.28293677, 34.711386946 ], [ 135.283014812, 34.711413838 ], [ 135.283157198, 34.711484387 ], [ 135.283305045, 34.711563649 ], [ 135.283333333, 34.711576099 ], [ 135.283443074, 34.711624414 ], [ 135.283457393, 34.711616459 ], [ 135.283621582, 34.71163573 ], [ 135.283781907, 34.711650532 ], [ 135.283978223, 34.711673604 ], [ 135.284168145, 34.711699441 ], [ 135.28428345, 34.711719811 ], [ 135.284581218999989, 34.711754901 ], [ 135.284639922, 34.711762378 ], [ 135.284815175, 34.711784622 ], [ 135.285076407, 34.711812964 ], [ 135.285380597, 34.711845477 ], [ 135.285708288, 34.711880595 ], [ 135.285811997, 34.711890514 ], [ 135.285948936000011, 34.711903414 ], [ 135.286711970999988, 34.711937739 ], [ 135.286782437999989, 34.711896613 ], [ 135.286806278, 34.711745441 ], [ 135.28686642, 34.711364108 ], [ 135.287039663, 34.710281054 ], [ 135.287083306999989, 34.710050748 ], [ 135.287116835, 34.709852441 ], [ 135.287152023, 34.709617532 ], [ 135.287228067, 34.709081171 ], [ 135.287281815999989, 34.708933 ], [ 135.287328261999988, 34.70872836 ], [ 135.287376381, 34.708488829 ], [ 135.28740201, 34.708333333 ], [ 135.287430169, 34.708162523 ], [ 135.287468521, 34.707851937 ], [ 135.287503813, 34.707635577 ], [ 135.287517795000014, 34.707580117 ], [ 135.287543502, 34.707432793 ], [ 135.28755888500001, 34.707336306 ], [ 135.287570791, 34.707280234 ], [ 135.287605045, 34.707060099 ], [ 135.287675369999988, 34.706605198 ], [ 135.287748158, 34.706157414 ], [ 135.287761362, 34.706051658 ], [ 135.287792166, 34.705854261 ], [ 135.287855694, 34.705464595 ], [ 135.287916485000011, 34.705083432 ], [ 135.287954903000013, 34.704854694 ], [ 135.288051336, 34.704260225 ], [ 135.288100934, 34.703950369 ], [ 135.2877169, 34.703910279 ], [ 135.287372839999989, 34.703872505 ], [ 135.287028781, 34.703834721 ], [ 135.28653201, 34.703778748 ], [ 135.286502528999989, 34.70378664 ], [ 135.286141582, 34.703751694 ], [ 135.285764812, 34.703707766 ], [ 135.285235875000012, 34.703654018 ], [ 135.285138625, 34.703644775 ], [ 135.284516511, 34.703575982 ], [ 135.284419235, 34.703564297 ], [ 135.284007354000011, 34.703523703 ], [ 135.283918495, 34.703513396 ], [ 135.283333333, 34.703451117 ], [ 135.28319489, 34.703436378 ], [ 135.283103047999987, 34.703423117 ], [ 135.282467691, 34.703350991 ], [ 135.282378638000012, 34.703343036 ], [ 135.281828975, 34.703279973 ], [ 135.281547899, 34.703260973 ], [ 135.28131284, 34.703237928 ], [ 135.281077678, 34.703214784 ], [ 135.280848042, 34.703188982 ], [ 135.280379922, 34.70313655 ], [ 135.280181556, 34.703114387 ], [ 135.279966161, 34.703083063 ], [ 135.279750764999989, 34.703051748 ], [ 135.279696562999987, 34.703046036 ], [ 135.279642244, 34.703040324 ], [ 135.27941428, 34.703007838 ], [ 135.279020636000013, 34.702966541 ], [ 135.278674086, 34.702929658 ], [ 135.278194099, 34.702879108 ], [ 135.278146432999989, 34.702872631 ], [ 135.277507549, 34.702806369 ], [ 135.277315926999989, 34.702772964 ], [ 135.276735266, 34.702709577 ], [ 135.276154721000012, 34.702646279 ], [ 135.275490143000013, 34.702575613 ], [ 135.275, 34.702523486 ], [ 135.274825564, 34.702504928 ], [ 135.274744553, 34.702502676 ], [ 135.273914072999986, 34.702423901 ], [ 135.273878444, 34.702420117 ], [ 135.273338872000011, 34.70236055 ], [ 135.272799416, 34.702301063 ], [ 135.2720962, 34.702230847 ], [ 135.271850765000011, 34.702206324 ], [ 135.271580376, 34.702369595 ], [ 135.271451453, 34.703171541 ], [ 135.27124249, 34.704424937 ], [ 135.271199157000012, 34.704715369 ], [ 135.271110078, 34.705354387 ], [ 135.271109274, 34.705360243 ], [ 135.271105045000013, 34.705390568 ], [ 135.271095253, 34.705460973 ], [ 135.271104254, 34.705475946 ], [ 135.271026641, 34.70594064 ], [ 135.271016329, 34.70600236 ], [ 135.271005279, 34.706068532 ], [ 135.271192335, 34.706324721 ], [ 135.270962451, 34.706784514 ], [ 135.270870208, 34.706751991 ], [ 135.270862555, 34.706761063 ], [ 135.270560934, 34.706653586 ], [ 135.270556719000012, 34.706657126 ], [ 135.269299260999986, 34.706207856 ], [ 135.268846537, 34.706360613 ], [ 135.268636641, 34.706584892 ], [ 135.268324423, 34.706912811 ], [ 135.268270713, 34.706921937 ], [ 135.268217017000012, 34.706931063 ], [ 135.267988949, 34.706969829 ], [ 135.267982918, 34.706958252 ], [ 135.267914811999987, 34.706967775 ], [ 135.267788029, 34.706691919 ], [ 135.267681284, 34.706032225 ], [ 135.267726446000012, 34.705981027 ], [ 135.267762672, 34.705903054 ], [ 135.267779559, 34.705860559 ], [ 135.267891284, 34.705206306 ], [ 135.267914695, 34.705181694 ], [ 135.268064423, 34.704246973 ], [ 135.268041699, 34.704243279 ], [ 135.268110726, 34.703839414 ], [ 135.268187418999986, 34.703333198 ], [ 135.268333256, 34.702459919 ], [ 135.268376354999987, 34.702040108 ], [ 135.268376329, 34.702039865 ], [ 135.268195383, 34.701838495 ], [ 135.268176394, 34.701836387 ], [ 135.267505668000013, 34.701762748 ], [ 135.26666666700001, 34.701670865 ], [ 135.264946887, 34.701482495 ], [ 135.263930558, 34.701385694 ], [ 135.263904553, 34.701382829 ], [ 135.26299703, 34.701283027 ], [ 135.262971997, 34.701280252 ], [ 135.26198861200001, 34.701172 ], [ 135.261961633999988, 34.701169027 ], [ 135.26172537, 34.701143036 ], [ 135.261699663, 34.701140207 ], [ 135.259508235999988, 34.700880216 ], [ 135.259053813, 34.700830216 ], [ 135.258540934, 34.700764333 ], [ 135.258333333, 34.700742027 ], [ 135.257929818, 34.700698658 ], [ 135.25750869, 34.700657234 ], [ 135.257454112, 34.700650288 ], [ 135.257318054, 34.700632982 ], [ 135.25725540900001, 34.700624081 ], [ 135.257228314, 34.700622216 ], [ 135.257160882, 34.700614523 ], [ 135.257089857000011, 34.700607306 ], [ 135.257073917000014, 34.700606712 ], [ 135.256262153, 34.70050955 ], [ 135.255509780000011, 34.700442045 ], [ 135.254325266, 34.700342036 ], [ 135.253273696, 34.70023736 ], [ 135.253220078, 34.700224694 ], [ 135.253161336, 34.700214225 ], [ 135.253103839, 34.700205667 ], [ 135.253051051, 34.700199108 ], [ 135.251226083, 34.7 ], [ 135.25023939, 34.699892333 ], [ 135.25, 34.699866225 ], [ 135.247521608, 34.699595721 ], [ 135.246581634, 34.699489081 ], [ 135.245760389, 34.699400495 ], [ 135.245408807, 34.699361829 ], [ 135.245303528, 34.699355586 ], [ 135.245215642, 34.699354721 ], [ 135.245142802, 34.699361586 ], [ 135.245075227, 34.699370829 ], [ 135.244979611, 34.699390559 ], [ 135.244886912999988, 34.699417306 ], [ 135.244703165, 34.699491892 ], [ 135.244518949, 34.699565748 ], [ 135.24450131, 34.699539721 ], [ 135.244509442, 34.699535775 ], [ 135.244493060999986, 34.699512387 ], [ 135.243273695999989, 34.7 ], [ 135.242526446, 34.700298829 ], [ 135.241666667, 34.700642387 ], [ 135.239761971, 34.70140345 ], [ 135.239756096, 34.701405838 ], [ 135.23959118, 34.701387234 ], [ 135.236367717, 34.701024333 ], [ 135.235457782, 34.700948225 ], [ 135.235110026, 34.700905279 ], [ 135.234762283, 34.700862333 ], [ 135.234676394, 34.700852495 ], [ 135.233333333, 34.700702333 ], [ 135.229527198, 34.700276775 ], [ 135.228473917, 34.700119279 ], [ 135.228411284, 34.70011 ], [ 135.227988171, 34.700046667 ], [ 135.227995668, 34.7 ], [ 135.228184812, 34.698825054 ], [ 135.228397328, 34.698816198 ], [ 135.232747561999986, 34.698634333 ], [ 135.233333333, 34.698609829 ], [ 135.234954228, 34.698542027 ], [ 135.238310610000013, 34.69327 ], [ 135.234108716, 34.692798667 ], [ 135.233333333, 34.692713919 ], [ 135.230106978, 34.692361387 ], [ 135.228325746, 34.692166414 ], [ 135.225608275000013, 34.691868946 ], [ 135.225, 34.691803279 ], [ 135.224019754000011, 34.691697468 ], [ 135.218903217, 34.695493468 ], [ 135.216858003, 34.694339919 ], [ 135.216775863, 34.694437135 ], [ 135.216666667, 34.694375189 ], [ 135.216250337, 34.694138982 ], [ 135.215165824, 34.693531351 ], [ 135.215245499, 34.693434694 ], [ 135.214496497999988, 34.692750667 ], [ 135.215963087, 34.691666667 ], [ 135.21661046700001, 34.691188135 ], [ 135.216666667, 34.691146387 ], [ 135.218184617, 34.690018495 ], [ 135.216666667, 34.689207135 ], [ 135.215865668, 34.688779 ], [ 135.215030947, 34.688332135 ], [ 135.20933786, 34.68528264 ], [ 135.20896153000001, 34.685081613 ], [ 135.208333333000013, 34.684739802 ], [ 135.207498638, 34.684285667 ], [ 135.207402088, 34.684362252 ], [ 135.206422892, 34.685083333 ], [ 135.206120856000013, 34.685305721 ], [ 135.203927808, 34.686920468 ], [ 135.203726057000011, 34.686736279 ], [ 135.203633022, 34.686659613 ], [ 135.203402114, 34.686463027 ], [ 135.203037004, 34.686144532 ], [ 135.203138975, 34.686024532 ], [ 135.203711608, 34.685357306 ], [ 135.203741051, 34.685322748 ], [ 135.204214332, 34.684767468 ], [ 135.203886278, 34.684581586 ], [ 135.203705719999988, 34.684795 ], [ 135.203248029, 34.685326279 ], [ 135.202892088, 34.685739333 ], [ 135.202763113, 34.685886468 ], [ 135.202314553, 34.685448414 ], [ 135.202190467, 34.685333802 ], [ 135.201832438, 34.685003162 ], [ 135.202350804, 34.683333333 ], [ 135.202422633, 34.683101892 ], [ 135.202921829, 34.681507027 ], [ 135.203605253, 34.679333721 ], [ 135.203377249999988, 34.679204 ], [ 135.203220636, 34.679120748 ], [ 135.203189533, 34.679161532 ], [ 135.203155278999986, 34.679141135 ], [ 135.20299083, 34.679046468 ], [ 135.202967224, 34.679033306 ], [ 135.202935577, 34.679014225 ], [ 135.202975888, 34.67896536 ], [ 135.202408755, 34.678640279 ], [ 135.202394864000013, 34.678637387 ], [ 135.20237655, 34.678639613 ], [ 135.202357885999987, 34.67865 ], [ 135.202349831, 34.678661333 ], [ 135.201026821999989, 34.682899955 ], [ 135.201009533, 34.682896288 ], [ 135.201006861, 34.682905027 ], [ 135.2, 34.682692676 ], [ 135.199285577000012, 34.682542 ], [ 135.199288274999986, 34.68253327 ], [ 135.19924358, 34.682523757 ], [ 135.199237393, 34.682522441 ], [ 135.199267639, 34.682344559 ], [ 135.199423722, 34.681329108 ], [ 135.199603671, 34.680154721 ], [ 135.199600143, 34.680110306 ], [ 135.199591387999988, 34.68009936 ], [ 135.19956250300001, 34.680089829 ], [ 135.198525550999989, 34.679982721 ], [ 135.198502866000013, 34.679984225 ], [ 135.198490246, 34.679989081 ], [ 135.198477833999988, 34.680001973 ], [ 135.19846834, 34.680022495 ], [ 135.198460661000013, 34.680051333 ], [ 135.198027198, 34.682765802 ], [ 135.197808392000013, 34.682745802 ], [ 135.19775455300001, 34.683111027 ], [ 135.196437081999989, 34.682968441 ], [ 135.196675188, 34.681474441 ], [ 135.196931479, 34.679871694 ], [ 135.196934838, 34.679847225 ], [ 135.196929948, 34.679830667 ], [ 135.196919559, 34.679815973 ], [ 135.196904695, 34.679804441 ], [ 135.196872750000011, 34.679795667 ], [ 135.195932335, 34.679693865 ], [ 135.195902309, 34.67969336 ], [ 135.195869689, 34.679694586 ], [ 135.195847471, 34.679699252 ], [ 135.195821388000013, 34.679710054 ], [ 135.19580489, 34.679726946 ], [ 135.1957962, 34.679751252 ], [ 135.195291051, 34.682879387 ], [ 135.193766667, 34.682717054 ], [ 135.19400345, 34.681206387 ], [ 135.194259222, 34.679613027 ], [ 135.194260636, 34.679580829 ], [ 135.194258249, 34.679561198 ], [ 135.19424847, 34.679542694 ], [ 135.194227562, 34.679525441 ], [ 135.194214942, 34.679519306 ], [ 135.19419406, 34.679513946 ], [ 135.193216939, 34.679408802 ], [ 135.193186252, 34.679406135 ], [ 135.193159196000011, 34.679408306 ], [ 135.19313741900001, 34.679422333 ], [ 135.193123969, 34.679442802 ], [ 135.193032192, 34.679990387 ], [ 135.192824034000012, 34.681199306 ], [ 135.192601970999988, 34.682669108 ], [ 135.191666667, 34.682579081 ], [ 135.191365383, 34.682550081 ], [ 135.191360999000011, 34.682589054 ], [ 135.191623916999987, 34.682612081 ], [ 135.191623021999987, 34.682621667 ], [ 135.191666667, 34.682624252 ], [ 135.191682633, 34.682625198 ], [ 135.191683917, 34.682611586 ], [ 135.192124604000014, 34.68265373 ], [ 135.192526160999989, 34.682695441 ], [ 135.192432477000011, 34.683333333 ], [ 135.192361193000011, 34.683829054 ], [ 135.192301479, 34.684246946 ], [ 135.192272283, 34.684454225 ], [ 135.192254747, 34.684564586 ], [ 135.192250726, 34.684585892 ], [ 135.191666667, 34.684554613 ], [ 135.190983528, 34.684518027 ], [ 135.190979248, 34.684577559 ], [ 135.191396693, 34.684599495 ], [ 135.191666667, 34.684614306 ], [ 135.191840117, 34.684622613 ], [ 135.192240726, 34.684642865 ], [ 135.192238106, 34.684673802 ], [ 135.192402607, 34.684689135 ], [ 135.192519533, 34.684703279 ], [ 135.192526252, 34.684656892 ], [ 135.192611336, 34.684664225 ], [ 135.192857808000014, 34.684687919 ], [ 135.192980117, 34.684697225 ], [ 135.19297297, 34.684744694 ], [ 135.193138248999986, 34.684761108 ], [ 135.193150777999989, 34.685232586 ], [ 135.193154773, 34.685397892 ], [ 135.193156808999987, 34.685479279 ], [ 135.193159468, 34.685557865 ], [ 135.193163256, 34.685595802 ], [ 135.193078366, 34.685595667 ], [ 135.192630117, 34.685594414 ], [ 135.192291725, 34.68557464 ], [ 135.192009364, 34.685563279 ], [ 135.191666667, 34.68554764 ], [ 135.191570778, 34.685544198 ], [ 135.191168197, 34.685523667 ], [ 135.19085847, 34.685513333 ], [ 135.19064031100001, 34.685501162 ], [ 135.190403515000014, 34.685502333 ], [ 135.19040505800001, 34.685526694 ], [ 135.190146005, 34.685519586 ], [ 135.190151945999986, 34.685419027 ], [ 135.190189831, 34.684774667 ], [ 135.190191309999989, 34.684705613 ], [ 135.190183528, 34.684659946 ], [ 135.190171751, 34.684597027 ], [ 135.190162724, 34.684545775 ], [ 135.190156809, 34.684481108 ], [ 135.190158911, 34.684421586 ], [ 135.190167639, 34.68437664 ], [ 135.190189105, 34.684312919 ], [ 135.190204553, 34.684254865 ], [ 135.190214306, 34.684203225 ], [ 135.190219442, 34.684164054 ], [ 135.190223528, 34.684092559 ], [ 135.190262477, 34.684091919 ], [ 135.190262309, 34.684097306 ], [ 135.190275863000011, 34.684098748 ], [ 135.190306056999987, 34.683555748 ], [ 135.190285421999988, 34.683554279 ], [ 135.190284086, 34.683561135 ], [ 135.190211115000011, 34.683556532 ], [ 135.190214384, 34.683427946 ], [ 135.190215771999988, 34.683403865 ], [ 135.190219727999988, 34.683333333 ], [ 135.190232724, 34.683100387 ], [ 135.190336640999988, 34.681406775 ], [ 135.190560506, 34.681431694 ], [ 135.190567471, 34.68138864 ], [ 135.189332244000013, 34.681250829 ], [ 135.188405357, 34.681150162 ], [ 135.189793216999988, 34.679494919 ], [ 135.188760636000012, 34.678908108 ], [ 135.188481634, 34.679240721 ], [ 135.187793917, 34.680066 ], [ 135.186988144999987, 34.681034865 ], [ 135.186298443999988, 34.68260936 ], [ 135.185809468, 34.682465225 ], [ 135.18526214, 34.682305964 ], [ 135.184646057, 34.682124919 ], [ 135.184378054, 34.682043495 ], [ 135.184301893999987, 34.681541721 ], [ 135.184544747, 34.680980198 ], [ 135.184528612, 34.680972387 ], [ 135.184287665, 34.680973892 ], [ 135.184030947, 34.680978198 ], [ 135.183989416, 34.680845532 ], [ 135.183958053999987, 34.680733135 ], [ 135.184482917999986, 34.680709108 ], [ 135.18455144, 34.680707802 ], [ 135.184619754000011, 34.680706532 ], [ 135.184655330999988, 34.68071936 ], [ 135.185017445, 34.680721973 ], [ 135.185142361, 34.680430802 ], [ 135.184986939, 34.680385279 ], [ 135.185444916, 34.679317892 ], [ 135.186019001, 34.677982559 ], [ 135.185604837999989, 34.677862586 ], [ 135.184521971, 34.677827495 ], [ 135.183757082, 34.677802721 ], [ 135.183355006, 34.677378414 ], [ 135.183333333, 34.677376279 ], [ 135.183282892, 34.677371333 ], [ 135.183278521, 34.677360198 ], [ 135.183043747999989, 34.677343081 ], [ 135.183041388, 34.677347333 ], [ 135.183021725, 34.677347027 ], [ 135.183020699999986, 34.677342532 ], [ 135.1830062, 34.677341721 ], [ 135.182900362999987, 34.677407279 ], [ 135.182894033999986, 34.677427973 ], [ 135.182863671, 34.677426 ], [ 135.182816589, 34.677743586 ], [ 135.182778911000014, 34.677997775 ], [ 135.18274642, 34.677998279 ], [ 135.182621051000012, 34.677893586 ], [ 135.182646471999988, 34.677744748 ], [ 135.182702827000014, 34.677406586 ], [ 135.182646498, 34.677373333 ], [ 135.182638521, 34.677351225 ], [ 135.18252089500001, 34.677286586 ], [ 135.182345188, 34.677262865 ], [ 135.182323061, 34.677265613 ], [ 135.182303943, 34.677274135 ], [ 135.182290415000011, 34.677284495 ], [ 135.182248029, 34.677365748 ], [ 135.182083528, 34.677371946 ], [ 135.182077004, 34.676817667 ], [ 135.182101167000013, 34.676802 ], [ 135.182281945999989, 34.676796333 ], [ 135.182290973, 34.67680464 ], [ 135.182360999, 34.677017279 ], [ 135.183333333, 34.677129748 ], [ 135.183436161, 34.677141667 ], [ 135.183605279, 34.677386135 ], [ 135.183866472, 34.677455892 ], [ 135.18387428, 34.677439054 ], [ 135.183937276, 34.677454586 ], [ 135.184452166, 34.677490387 ], [ 135.184456304, 34.677457892 ], [ 135.183942866, 34.677423892 ], [ 135.183888054, 34.677408946 ], [ 135.184022166, 34.677067441 ], [ 135.184110506, 34.677083775 ], [ 135.184115577, 34.677070559 ], [ 135.184030363, 34.677048081 ], [ 135.184077173, 34.676928946 ], [ 135.184082049000011, 34.676917279 ], [ 135.184097367, 34.676780613 ], [ 135.184123333, 34.676781775 ], [ 135.184124864000012, 34.676738027 ], [ 135.184397445, 34.676706198 ], [ 135.184414941999989, 34.676720946 ], [ 135.1845107, 34.676725613 ], [ 135.184704163, 34.676734892 ], [ 135.184724773, 34.676767387 ], [ 135.185315616, 34.676793441 ], [ 135.186137445000014, 34.67682764 ], [ 135.186162776, 34.676828721 ], [ 135.186957523, 34.676861667 ], [ 135.186977367, 34.676434468 ], [ 135.187006083, 34.676435559 ], [ 135.187011362, 34.676356081 ], [ 135.18698649800001, 34.676356081 ], [ 135.186986394, 34.676325532 ], [ 135.187034721, 34.676324919 ], [ 135.187322724000012, 34.67583664 ], [ 135.18708511, 34.675736162 ], [ 135.187052244, 34.675788667 ], [ 135.186931479, 34.675738306 ], [ 135.186927833999988, 34.675744027 ], [ 135.185962049000011, 34.675355586 ], [ 135.185936226, 34.675293108 ], [ 135.186103385, 34.675016081 ], [ 135.186112944, 34.675 ], [ 135.18613503200001, 34.674962946 ], [ 135.186143644999987, 34.674960973 ], [ 135.186177588, 34.674953081 ], [ 135.186321310000011, 34.675 ], [ 135.186364916, 34.675014252 ], [ 135.186647951, 34.67509564 ], [ 135.186850947000011, 34.67507864 ], [ 135.186927301999987, 34.675033919 ], [ 135.186995616, 34.67510736 ], [ 135.187037834, 34.67508436 ], [ 135.187026135, 34.675072279 ], [ 135.187044358, 34.675072414 ], [ 135.187143891, 34.675008775 ], [ 135.187157639, 34.675 ], [ 135.187234942, 34.67495064 ], [ 135.187238003, 34.674928973 ], [ 135.187255058, 34.674942919 ], [ 135.187295746, 34.67492264 ], [ 135.18726061000001, 34.674878892 ], [ 135.187327302, 34.674828829 ], [ 135.187295006, 34.674806333 ], [ 135.18725869, 34.674789027 ], [ 135.187198443999989, 34.674764027 ], [ 135.187156835, 34.674741306 ], [ 135.18717192, 34.674722198 ], [ 135.1872262, 34.674747865 ], [ 135.187344112, 34.674795532 ], [ 135.18736275, 34.674795306 ], [ 135.187395966, 34.674745495 ], [ 135.187444747, 34.674587387 ], [ 135.187540726, 34.674346387 ], [ 135.187788444, 34.674393252 ], [ 135.187797445, 34.674354694 ], [ 135.187835694, 34.674361 ], [ 135.18781725, 34.674403414 ], [ 135.187835006, 34.674421225 ], [ 135.187756135, 34.674412414 ], [ 135.187749922, 34.674424333 ], [ 135.187585383, 34.674382306 ], [ 135.187438106, 34.674800279 ], [ 135.187493411, 34.674809802 ], [ 135.187667782, 34.674575387 ], [ 135.187494254, 34.674828108 ], [ 135.187518520999987, 34.674843802 ], [ 135.187728586, 34.674746613 ], [ 135.187793839, 34.674767414 ], [ 135.187810895000013, 34.67476064 ], [ 135.187819974, 34.674730198 ], [ 135.18781, 34.674728081 ], [ 135.187867756, 34.674561 ], [ 135.187915863, 34.674570387 ], [ 135.187988807000011, 34.674416441 ], [ 135.187949831, 34.674402468 ], [ 135.187985446999988, 34.674322802 ], [ 135.188039611, 34.674337586 ], [ 135.188035577, 34.674348135 ], [ 135.188042698, 34.674351 ], [ 135.188067523, 34.674301586 ], [ 135.18805022, 34.674295667 ], [ 135.188046887000013, 34.674302559 ], [ 135.188033112999989, 34.674298225 ], [ 135.188053995, 34.674261468 ], [ 135.188072477, 34.674264865 ], [ 135.188079339000012, 34.674242 ], [ 135.188090362999986, 34.674242667 ], [ 135.188097056, 34.674224748 ], [ 135.188091284, 34.674224 ], [ 135.188158885, 34.673987225 ], [ 135.188182023, 34.673977333 ], [ 135.188237471, 34.673987667 ], [ 135.188326641, 34.673682333 ], [ 135.188359559, 34.673688775 ], [ 135.188364332, 34.673665306 ], [ 135.188591855, 34.673709054 ], [ 135.188604188999989, 34.673667775 ], [ 135.188624501, 34.673658802 ], [ 135.188755616, 34.673186306 ], [ 135.188775914, 34.673166775 ], [ 135.188792802, 34.673111054 ], [ 135.188764695, 34.673102946 ], [ 135.188841414, 34.67281764 ], [ 135.18922869, 34.672894162 ], [ 135.189254812, 34.672803559 ], [ 135.18919083, 34.672790387 ], [ 135.189279533, 34.672478667 ], [ 135.189343060999988, 34.672492 ], [ 135.189390272, 34.672329946 ], [ 135.189065772, 34.672257667 ], [ 135.189080856, 34.672197532 ], [ 135.189062826999987, 34.672194333 ], [ 135.189108755, 34.672043 ], [ 135.189047302, 34.672031721 ], [ 135.18905786, 34.672017865 ], [ 135.189092802, 34.671958198 ], [ 135.189089637, 34.671904667 ], [ 135.189089416, 34.671904225 ], [ 135.188889689, 34.671498054 ], [ 135.188910661, 34.671488 ], [ 135.188765837, 34.671208468 ], [ 135.188751699, 34.671180973 ], [ 135.188729364000011, 34.671130667 ], [ 135.188685032, 34.67102136 ], [ 135.188723165, 34.671007387 ], [ 135.188690920999989, 34.670947748 ], [ 135.188740973, 34.670922865 ], [ 135.18874085600001, 34.670903865 ], [ 135.188753917000014, 34.670888252 ], [ 135.188745616, 34.670865775 ], [ 135.188608716, 34.670913532 ], [ 135.188573645, 34.67088636 ], [ 135.188545084, 34.670867198 ], [ 135.188519585, 34.670839135 ], [ 135.188471025000013, 34.670798387 ], [ 135.188424034, 34.670767162 ], [ 135.188388106, 34.670735135 ], [ 135.188354501, 34.670692721 ], [ 135.188325188, 34.670644081 ], [ 135.188290467, 34.670620333 ], [ 135.188289494, 34.670619721 ], [ 135.188316641, 34.670585441 ], [ 135.188267588, 34.670559027 ], [ 135.188237717, 34.670541468 ], [ 135.188198275, 34.670534892 ], [ 135.188157523, 34.670530414 ], [ 135.188098638000014, 34.670543162 ], [ 135.188049442, 34.670567748 ], [ 135.188019442000012, 34.670589162 ], [ 135.187707173, 34.670398414 ], [ 135.187660584000014, 34.670389387 ], [ 135.187661751, 34.670173721 ], [ 135.187498612000013, 34.670170279 ], [ 135.187498521, 34.670131532 ], [ 135.187417756, 34.670128748 ], [ 135.187412633, 34.670182054 ], [ 135.187316394, 34.670182198 ], [ 135.187318029000011, 34.670128802 ], [ 135.18724939, 34.670128027 ], [ 135.187248391999987, 34.670179162 ], [ 135.187151362, 34.670178027 ], [ 135.187151725, 34.670126721 ], [ 135.18706605700001, 34.670126802 ], [ 135.187062918, 34.670170081 ], [ 135.186953773999988, 34.670169306 ], [ 135.186954968, 34.670126225 ], [ 135.186826304, 34.670123892 ], [ 135.186826419999989, 34.670166054 ], [ 135.186790855999988, 34.670168306 ], [ 135.186788106, 34.670123694 ], [ 135.186720143, 34.670123802 ], [ 135.186720895, 34.670163919 ], [ 135.186407834, 34.670163667 ], [ 135.186407276000011, 34.670120054 ], [ 135.186344967999986, 34.670119225 ], [ 135.186344942, 34.670161225 ], [ 135.18615847, 34.670159279 ], [ 135.186158003, 34.670264586 ], [ 135.186016278000011, 34.670253946 ], [ 135.185947639, 34.670253892 ], [ 135.185840168999988, 34.670255279 ], [ 135.185675577000012, 34.670259748 ], [ 135.185509001000014, 34.670263162 ], [ 135.185287588, 34.670261306 ], [ 135.185064617, 34.670255829 ], [ 135.184874228000012, 34.670246333 ], [ 135.184869467999988, 34.670145586 ], [ 135.184665837000011, 34.670153586 ], [ 135.184443502, 34.670157387 ], [ 135.183408832999987, 34.670174892 ], [ 135.183333333, 34.670179748 ], [ 135.183317691000013, 34.670180748 ], [ 135.183279637, 34.670184279 ], [ 135.183111855, 34.670198991 ], [ 135.182559688999987, 34.670247414 ], [ 135.182554837999987, 34.670242054 ], [ 135.182532049, 34.670243559 ], [ 135.182527056, 34.670214919 ], [ 135.182462918, 34.670183919 ], [ 135.182452672000011, 34.670151892 ], [ 135.182487638999987, 34.670115333 ], [ 135.182557523000014, 34.670151441 ], [ 135.182572724000011, 34.670197468 ], [ 135.182636108999986, 34.670186667 ], [ 135.182656226, 34.670200694 ], [ 135.182711633999986, 34.670188865 ], [ 135.182708716, 34.670170225 ], [ 135.183333333, 34.670010279 ], [ 135.184439105, 34.669727135 ], [ 135.184873969, 34.669615748 ], [ 135.185179559, 34.669537441 ], [ 135.185154540000013, 34.669467306 ], [ 135.185048612, 34.669170414 ], [ 135.185027808, 34.669112081 ], [ 135.18500666700001, 34.669052829 ], [ 135.184433696000013, 34.66919964 ], [ 135.183333333, 34.669481586 ], [ 135.182751894, 34.669630559 ], [ 135.182404163, 34.669719414 ], [ 135.182384578000011, 34.669724333 ], [ 135.182376641, 34.669704829 ], [ 135.182632724, 34.669631387 ], [ 135.183097173, 34.66949636 ], [ 135.183089222, 34.669476748 ], [ 135.183115109999989, 34.669469 ], [ 135.183189922, 34.669433225 ], [ 135.18314783400001, 34.669297667 ], [ 135.183141051, 34.669276 ], [ 135.183133671, 34.669266387 ], [ 135.183078171, 34.669248748 ], [ 135.182230389000011, 34.669446225 ], [ 135.182234279999989, 34.669462532 ], [ 135.182217004, 34.669468946 ], [ 135.182173969, 34.669518919 ], [ 135.18222, 34.669687802 ], [ 135.182235551, 34.669683919 ], [ 135.182283087, 34.669849919 ], [ 135.182335615999989, 34.670091865 ], [ 135.182271725, 34.670105387 ], [ 135.182296135, 34.670211946 ], [ 135.182363138999989, 34.670199586 ], [ 135.182376641, 34.670262586 ], [ 135.182308858999988, 34.670270532 ], [ 135.182321997, 34.670477892 ], [ 135.182293995, 34.670481865 ], [ 135.182207613, 34.670378162 ], [ 135.182214527000014, 34.670372613 ], [ 135.182193476, 34.670352198 ], [ 135.182201284, 34.670346667 ], [ 135.181930142999988, 34.670131468 ], [ 135.181903969, 34.670146162 ], [ 135.181888106, 34.670129946 ], [ 135.181912412, 34.670116441 ], [ 135.181727056, 34.669883694 ], [ 135.181551193, 34.669662802 ], [ 135.181402502999987, 34.669740829 ], [ 135.181729663, 34.670140775 ], [ 135.181761284, 34.670179414 ], [ 135.181780752, 34.670185694 ], [ 135.181802724, 34.670188135 ], [ 135.181867224, 34.670159135 ], [ 135.181876057000011, 34.670168802 ], [ 135.181827833999989, 34.670201414 ], [ 135.181827613, 34.670222865 ], [ 135.182075162, 34.670433081 ], [ 135.182100506000012, 34.670425694 ], [ 135.18211542200001, 34.670432532 ], [ 135.182181725, 34.670396108 ], [ 135.182246641, 34.670482468 ], [ 135.182212580999987, 34.670491441 ], [ 135.182201115, 34.67046836 ], [ 135.181733969, 34.670563829 ], [ 135.181732996, 34.670564027 ], [ 135.180942581000011, 34.670725559 ], [ 135.180940725999989, 34.670736108 ], [ 135.180501556, 34.670695081 ], [ 135.180498755, 34.670719721 ], [ 135.180354916, 34.670706306 ], [ 135.180360895, 34.670648468 ], [ 135.180375188, 34.670650441 ], [ 135.180458664000014, 34.670426306 ], [ 135.180580169, 34.670452135 ], [ 135.180851413999989, 34.669767198 ], [ 135.180645965999986, 34.669714973 ], [ 135.180314864, 34.670629414 ], [ 135.180325720000013, 34.67063564 ], [ 135.180315837, 34.670705306 ], [ 135.179815616000013, 34.670656775 ], [ 135.179820726, 34.67062364 ], [ 135.179894423, 34.67062864 ], [ 135.179896783, 34.670612468 ], [ 135.179925746, 34.670596135 ], [ 135.180056549999989, 34.669629919 ], [ 135.179765227, 34.669607162 ], [ 135.179673995, 34.670573198 ], [ 135.179715447, 34.670603721 ], [ 135.179713748000012, 34.670619694 ], [ 135.179765525, 34.670625559 ], [ 135.179762892000014, 34.670655973 ], [ 135.17962345, 34.670643946 ], [ 135.179626835, 34.670614532 ], [ 135.178602166, 34.670520775 ], [ 135.17859639400001, 34.670552802 ], [ 135.178520584000012, 34.670544946 ], [ 135.178537588000012, 34.670489108 ], [ 135.178560532, 34.670492468 ], [ 135.178574112, 34.670443441 ], [ 135.178557497000014, 34.670441306 ], [ 135.178565888, 34.670395613 ], [ 135.17862061, 34.670379829 ], [ 135.178682503, 34.670016108 ], [ 135.178534254, 34.66999964 ], [ 135.178474137, 34.670365532 ], [ 135.178522891999989, 34.670396108 ], [ 135.178514772999989, 34.670433829 ], [ 135.17849489, 34.670431721 ], [ 135.178480441, 34.670480225 ], [ 135.178504916, 34.670484306 ], [ 135.178495694, 34.670542333 ], [ 135.178378418, 34.670533667 ], [ 135.178382335, 34.670502198 ], [ 135.177654086, 34.670434946 ], [ 135.177669585, 34.669799721 ], [ 135.177712283, 34.66841636 ], [ 135.177266005, 34.668136027 ], [ 135.177212698, 34.668141802 ], [ 135.177071971, 34.668057414 ], [ 135.177075292000012, 34.667930721 ], [ 135.177078781, 34.667797982 ], [ 135.178201673, 34.66777364 ], [ 135.178128249, 34.666666667 ], [ 135.178127237000012, 34.666651432 ], [ 135.179697807999986, 34.666576495 ], [ 135.179751192999987, 34.666666667 ], [ 135.180471192999988, 34.667882748 ], [ 135.180468366000014, 34.667981027 ], [ 135.181708754999988, 34.668087973 ], [ 135.182563839000011, 34.668161721 ], [ 135.183333333, 34.667959946 ], [ 135.183370195, 34.667950279 ], [ 135.18441810600001, 34.667676414 ], [ 135.1845993, 34.667629081 ], [ 135.1853738, 34.667429946 ], [ 135.186111025, 34.667233387 ], [ 135.186623450000013, 34.667098468 ], [ 135.187089105000013, 34.666980081 ], [ 135.18712518800001, 34.666947468 ], [ 135.187377588, 34.666883054 ], [ 135.187295551, 34.666666667 ], [ 135.187225058, 34.666480694 ], [ 135.187066355000013, 34.66609264 ], [ 135.186544358, 34.664737748 ], [ 135.186215811000011, 34.663831892 ], [ 135.185998612, 34.663249532 ], [ 135.184377198, 34.663674532 ], [ 135.183766420000012, 34.663834667 ], [ 135.183632503000013, 34.663777081 ], [ 135.183333333, 34.66300564 ], [ 135.182827393, 34.661701081 ], [ 135.182714475000012, 34.661658225 ], [ 135.181641971, 34.661935054 ], [ 135.17981144, 34.662407441 ], [ 135.179713696, 34.662534802 ], [ 135.17870763900001, 34.663844532 ], [ 135.178158664, 34.663828865 ], [ 135.178142555, 34.663852306 ], [ 135.17741297, 34.663844748 ], [ 135.177433721999989, 34.663124667 ], [ 135.177428911, 34.663049081 ], [ 135.177420751999989, 34.663008387 ], [ 135.177689715000014, 34.662750495 ], [ 135.177988054, 34.662467081 ], [ 135.178026589000012, 34.662327333 ], [ 135.177996355, 34.66231764 ], [ 135.17804, 34.662176892 ], [ 135.178070467, 34.662180108 ], [ 135.178166744, 34.661829748 ], [ 135.178235447, 34.66165464 ], [ 135.178265058, 34.661659946 ], [ 135.178284811999987, 34.661670721 ], [ 135.178288249, 34.661644279 ], [ 135.178268249000013, 34.661651892 ], [ 135.17823863800001, 34.661646414 ], [ 135.178277134000012, 34.661548333 ], [ 135.178356329, 34.661363613 ], [ 135.178432750000013, 34.661187225 ], [ 135.178494253999986, 34.661044 ], [ 135.178455422000013, 34.661032532 ], [ 135.178482049, 34.660970414 ], [ 135.178519805, 34.660981414 ], [ 135.178543528, 34.660922027 ], [ 135.178569339, 34.66086164 ], [ 135.178613774000013, 34.660780559 ], [ 135.180524811999987, 34.661177198 ], [ 135.180536498, 34.661168559 ], [ 135.180566835, 34.661074054 ], [ 135.180560195, 34.661063559 ], [ 135.178677302000011, 34.660676892 ], [ 135.178700532, 34.660632748 ], [ 135.17867153, 34.660622387 ], [ 135.178681114999989, 34.660599802 ], [ 135.178712387, 34.660608225 ], [ 135.178705422, 34.660574468 ], [ 135.178709973999986, 34.660562721 ], [ 135.1787493, 34.660545225 ], [ 135.178766304, 34.660511495 ], [ 135.178742361, 34.660475054 ], [ 135.178748029, 34.660465 ], [ 135.178809441999988, 34.660440333 ], [ 135.178843061, 34.660376559 ], [ 135.178825694000011, 34.660344468 ], [ 135.178832438, 34.660330829 ], [ 135.178882114, 34.660312162 ], [ 135.178959079, 34.660168667 ], [ 135.178939494, 34.660152829 ], [ 135.178951751, 34.660123721 ], [ 135.178949364, 34.660114279 ], [ 135.178957082000011, 34.660101532 ], [ 135.179004189000011, 34.660086586 ], [ 135.179050636, 34.659999081 ], [ 135.179030337, 34.659975162 ], [ 135.17905153000001, 34.659935081 ], [ 135.179089948000012, 34.659925252 ], [ 135.17914, 34.65982736 ], [ 135.179126835, 34.659788892 ], [ 135.179148196999989, 34.659753306 ], [ 135.179161310000012, 34.65975664 ], [ 135.179202632999989, 34.659678279 ], [ 135.179193307, 34.659673468 ], [ 135.179213968999989, 34.659633387 ], [ 135.179251529999988, 34.659626829 ], [ 135.179294773, 34.659544306 ], [ 135.179285136, 34.659531468 ], [ 135.179293917, 34.659514559 ], [ 135.179313554, 34.659514613 ], [ 135.179354747, 34.659433108 ], [ 135.179415745999989, 34.659337667 ], [ 135.179399442, 34.659301081 ], [ 135.179407276, 34.659288667 ], [ 135.17945511, 34.659284108 ], [ 135.179486589, 34.659233775 ], [ 135.179472607, 34.659191135 ], [ 135.179548171, 34.659089279 ], [ 135.179590558, 34.659084387 ], [ 135.179655422, 34.658993973 ], [ 135.179671555999988, 34.659003414 ], [ 135.179765616, 34.658853468 ], [ 135.179764111999987, 34.658835 ], [ 135.179792088, 34.658807135 ], [ 135.180105084, 34.659022667 ], [ 135.180162282999987, 34.658969892 ], [ 135.180169274, 34.658949667 ], [ 135.180514838, 34.658612532 ], [ 135.180531803, 34.658606027 ], [ 135.180582049, 34.658559694 ], [ 135.180585006, 34.658548865 ], [ 135.180436744, 34.658442333 ], [ 135.180284916, 34.658333333 ], [ 135.180269468, 34.658322252 ], [ 135.180307951, 34.658296279 ], [ 135.180424254, 34.658125721 ], [ 135.180604617, 34.657869441 ], [ 135.180600363, 34.657666441 ], [ 135.180641025, 34.657663559 ], [ 135.180627471, 34.657159 ], [ 135.180588637999989, 34.65715964 ], [ 135.180585188, 34.656916694 ], [ 135.18056594, 34.656901865 ], [ 135.180565746000013, 34.656883387 ], [ 135.180582944, 34.656867135 ], [ 135.180581751, 34.656728306 ], [ 135.18055411200001, 34.656693162 ], [ 135.180553165, 34.656653495 ], [ 135.180573307, 34.656650027 ], [ 135.1805693, 34.656373225 ], [ 135.180561894, 34.655999135 ], [ 135.180545188, 34.65598864 ], [ 135.180544812, 34.655972414 ], [ 135.180564086, 34.655956748 ], [ 135.180561141, 34.655881495 ], [ 135.180539468, 34.655865613 ], [ 135.180539805, 34.655854081 ], [ 135.180557808, 34.655833306 ], [ 135.180551777, 34.655681441 ], [ 135.180530116999989, 34.655663108 ], [ 135.180529974, 34.655649775 ], [ 135.180551141, 34.655628721 ], [ 135.18054856, 34.655566973 ], [ 135.180595032000014, 34.65551464 ], [ 135.180667419, 34.655433802 ], [ 135.180726861000011, 34.655410775 ], [ 135.18083572, 34.65542164 ], [ 135.181175188, 34.655450306 ], [ 135.181252166, 34.655456252 ], [ 135.181270195, 34.655457748 ], [ 135.181380169, 34.655469892 ], [ 135.181574423, 34.655486829 ], [ 135.181637523, 34.65549036 ], [ 135.181658586, 34.655492189 ], [ 135.181669494, 34.655503198 ], [ 135.182551518, 34.655576207 ], [ 135.183077899000011, 34.656752775 ], [ 135.183071167, 34.656754441 ], [ 135.183333333, 34.657394946 ], [ 135.18354847, 34.657920532 ], [ 135.183716030999989, 34.658333333 ], [ 135.1837507, 34.658419252 ], [ 135.18390616100001, 34.658804748 ], [ 135.184118859, 34.659332414 ], [ 135.184125005999988, 34.65933636 ], [ 135.184134578, 34.659334387 ], [ 135.184271751000011, 34.659294027 ], [ 135.184277056000013, 34.659289775 ], [ 135.184273411, 34.65927536 ], [ 135.184079857, 34.658803532 ], [ 135.183921855, 34.658418054 ], [ 135.183887108, 34.658333333 ], [ 135.18386917, 34.658289613 ], [ 135.183600752, 34.657624027 ], [ 135.183333333, 34.656965721 ], [ 135.183238716, 34.656732802 ], [ 135.183333333, 34.656707081 ], [ 135.183432918, 34.656679973 ], [ 135.183475772, 34.656657865 ], [ 135.183645279, 34.656546694 ], [ 135.183746667, 34.656496333 ], [ 135.183697302000013, 34.656417973 ], [ 135.183734228, 34.656400054 ], [ 135.184018859, 34.656261225 ], [ 135.184046615, 34.656297802 ], [ 135.184130337, 34.656258721 ], [ 135.18411978, 34.656231108 ], [ 135.184156693, 34.656213198 ], [ 135.184300169000011, 34.656140613 ], [ 135.1846593, 34.655958973 ], [ 135.184665279, 34.655966775 ], [ 135.184703281, 34.655948225 ], [ 135.184714553, 34.655961748 ], [ 135.184727691, 34.655955802 ], [ 135.184743671, 34.65598336 ], [ 135.184837056, 34.655939252 ], [ 135.184725162, 34.655773802 ], [ 135.184756109, 34.655758802 ], [ 135.184857029999989, 34.655716892 ], [ 135.184887976999988, 34.655701892 ], [ 135.184912088, 34.65569064 ], [ 135.184896329, 34.655666225 ], [ 135.184927276, 34.655651135 ], [ 135.185028197, 34.655609333 ], [ 135.185059144, 34.655594252 ], [ 135.1850507, 34.655580586 ], [ 135.185092672, 34.655608973 ], [ 135.185114812, 34.655599081 ], [ 135.185145745999989, 34.65558436 ], [ 135.185148781, 34.655538252 ], [ 135.184583191, 34.65469264 ], [ 135.18450489, 34.654725829 ], [ 135.184476225999987, 34.65471836 ], [ 135.184310636, 34.654793532 ], [ 135.184323022, 34.654810586 ], [ 135.184291946, 34.654823495 ], [ 135.184286641, 34.654815694 ], [ 135.184173217, 34.654648721 ], [ 135.184284423, 34.654599162 ], [ 135.184335473, 34.654576559 ], [ 135.184420726000013, 34.654561721 ], [ 135.184379831, 34.654318414 ], [ 135.184316134999989, 34.654189946 ], [ 135.184803773999988, 34.653655919 ], [ 135.185901750999989, 34.653514829 ], [ 135.186057108, 34.653419441 ], [ 135.186083113, 34.653476775 ], [ 135.186062827, 34.654052694 ], [ 135.186049663, 34.65452464 ], [ 135.186011051, 34.654524721 ], [ 135.186007056, 34.654604441 ], [ 135.186045811000014, 34.654607054 ], [ 135.186041025, 34.654788306 ], [ 135.186007276, 34.65478664 ], [ 135.185999805, 34.654789667 ], [ 135.18599834, 34.654795162 ], [ 135.185990337, 34.655047387 ], [ 135.185994527, 34.655052468 ], [ 135.186002309, 34.655056135 ], [ 135.18603267200001, 34.655058162 ], [ 135.186025279, 34.655328387 ], [ 135.185987523, 34.655327495 ], [ 135.185983411, 34.655330667 ], [ 135.18598214, 34.655335721 ], [ 135.185980311, 34.655401 ], [ 135.185984501, 34.655405748 ], [ 135.185990078, 34.655407333 ], [ 135.186022944, 34.655409081 ], [ 135.185999857000013, 34.65608564 ], [ 135.185997588, 34.656139468 ], [ 135.186086278, 34.656140387 ], [ 135.186088003, 34.656085027 ], [ 135.186119196, 34.655104162 ], [ 135.186213476, 34.655104775 ], [ 135.186221284, 34.655101748 ], [ 135.186222633, 34.655085054 ], [ 135.186227912, 34.654843973 ], [ 135.186224474999989, 34.654838865 ], [ 135.186216718999987, 34.654836559 ], [ 135.186136278, 34.654833892 ], [ 135.186143385, 34.654610081 ], [ 135.186227717, 34.654610468 ], [ 135.186234449000011, 34.654607559 ], [ 135.186238197, 34.654601027 ], [ 135.18624594, 34.654345748 ], [ 135.186241855, 34.654342198 ], [ 135.186234112, 34.654340162 ], [ 135.186138495, 34.654336973 ], [ 135.186170272, 34.653380081 ], [ 135.186173022, 34.653298027 ], [ 135.186496589, 34.653179721 ], [ 135.1864862, 34.653090919 ], [ 135.186483891, 34.653079946 ], [ 135.186514812000013, 34.653073586 ], [ 135.186552387, 34.653068829 ], [ 135.186637808, 34.653068414 ], [ 135.18669406, 34.653065387 ], [ 135.186764305999986, 34.653041748 ], [ 135.186824695000013, 34.653016973 ], [ 135.186876783, 34.653032829 ], [ 135.186877108, 34.653107027 ], [ 135.186874448999987, 34.653112081 ], [ 135.186844617, 34.653266559 ], [ 135.186890246, 34.653271198 ], [ 135.186942776, 34.652967198 ], [ 135.186980778, 34.652738667 ], [ 135.186997951, 34.652634081 ], [ 135.187471582, 34.652685468 ], [ 135.187459728, 34.652761468 ], [ 135.1876093, 34.65277564 ], [ 135.187622244000011, 34.652685225 ], [ 135.186950921, 34.652611694 ], [ 135.186670142999986, 34.652380694 ], [ 135.186678807, 34.652330973 ], [ 135.186678755, 34.652284559 ], [ 135.186677224, 34.652242721 ], [ 135.186672088, 34.652218495 ], [ 135.186657172999986, 34.652201027 ], [ 135.186360025999988, 34.651968919 ], [ 135.186178171, 34.651819721 ], [ 135.185914384, 34.651584748 ], [ 135.185903722, 34.651575802 ], [ 135.185683671, 34.651391802 ], [ 135.185457082, 34.651220306 ], [ 135.185211751, 34.651018748 ], [ 135.18489594, 34.650765279 ], [ 135.184800558, 34.650685162 ], [ 135.184589728, 34.650507973 ], [ 135.184239689, 34.650223198 ], [ 135.184214306, 34.650202559 ], [ 135.183958585999989, 34.65 ], [ 135.183864228, 34.649925279 ], [ 135.183777782, 34.649844919 ], [ 135.183655811, 34.649737667 ], [ 135.183509144, 34.649614559 ], [ 135.183407367, 34.649529441 ], [ 135.18335788600001, 34.649501387 ], [ 135.183333333, 34.649495054 ], [ 135.183311089, 34.649489279 ], [ 135.183230117, 34.649476694 ], [ 135.182630921, 34.649413252 ], [ 135.182264331999988, 34.649376333 ], [ 135.18195883300001, 34.649350414 ], [ 135.181516861, 34.649301829 ], [ 135.181433995, 34.649294919 ], [ 135.181146692999988, 34.649264919 ], [ 135.180965863000011, 34.649246892 ], [ 135.180186472, 34.649165586 ], [ 135.179801725, 34.649122721 ], [ 135.179661141, 34.649113694 ], [ 135.179356498, 34.649084802 ], [ 135.179084306, 34.64906136 ], [ 135.178867198, 34.649037441 ], [ 135.178635641999989, 34.649017865 ], [ 135.178505162, 34.649008748 ], [ 135.178452672, 34.648992892 ], [ 135.178383645, 34.648985613 ], [ 135.178246005, 34.648967 ], [ 135.178041051, 34.648948865 ], [ 135.177961414, 34.648937414 ], [ 135.177820583999988, 34.648925414 ], [ 135.177747419000013, 34.648917721 ], [ 135.177634358, 34.648913919 ], [ 135.177556835, 34.648896054 ], [ 135.17748192, 34.648876919 ], [ 135.177400532, 34.648863135 ], [ 135.177335863, 34.648855667 ], [ 135.177273695999986, 34.648856 ], [ 135.17718771700001, 34.648844973 ], [ 135.177148755, 34.64884236 ], [ 135.177099532999989, 34.648839 ], [ 135.177029079, 34.648832802 ], [ 135.176949637, 34.648828306 ], [ 135.176866641, 34.648819892 ], [ 135.176569805000014, 34.648796414 ], [ 135.176464189, 34.648784802 ], [ 135.176319442, 34.648773 ], [ 135.176213190999988, 34.648762721 ], [ 135.176135525, 34.648752919 ], [ 135.176061608, 34.648745027 ], [ 135.175927108, 34.648737027 ], [ 135.17575771700001, 34.648717027 ], [ 135.175663942999989, 34.648708829 ], [ 135.175471608, 34.648687 ], [ 135.175395084, 34.648679333 ], [ 135.175357561999988, 34.648670108 ], [ 135.175299831, 34.64866836 ], [ 135.175221920000013, 34.648663559 ], [ 135.175145888, 34.648654892 ], [ 135.175040195, 34.648645802 ], [ 135.175, 34.64864036 ], [ 135.174914137, 34.648628721 ], [ 135.174636498000012, 34.648603973 ], [ 135.17452891100001, 34.648590559 ], [ 135.17427655, 34.648566054 ], [ 135.174176005, 34.648557387 ], [ 135.174079027, 34.648547495 ], [ 135.173963476000011, 34.648541802 ], [ 135.17382588800001, 34.648528054 ], [ 135.173737419, 34.648517387 ], [ 135.173573554, 34.648494559 ], [ 135.173472944, 34.648481279 ], [ 135.173378949000011, 34.648472802 ], [ 135.173231388, 34.648455252 ], [ 135.173158054, 34.648451252 ], [ 135.173064449, 34.648439829 ], [ 135.172949805, 34.648431333 ], [ 135.172849637000013, 34.648417667 ], [ 135.172765032, 34.648409414 ], [ 135.172723475999987, 34.648410441 ], [ 135.172671802999986, 34.648404225 ], [ 135.172621725, 34.648391387 ], [ 135.172560661, 34.648384333 ], [ 135.17244847, 34.648378694 ], [ 135.172322049, 34.648368667 ], [ 135.17215703, 34.648350613 ], [ 135.171947886, 34.648326441 ], [ 135.171833994999986, 34.648314586 ], [ 135.17175128400001, 34.648310198 ], [ 135.171659637, 34.648298829 ], [ 135.171597328, 34.648296306 ], [ 135.171435577000011, 34.648267108 ], [ 135.171338612, 34.648258054 ], [ 135.171282944000012, 34.648252135 ], [ 135.171166005, 34.648242748 ], [ 135.171098949, 34.648234081 ], [ 135.171028755, 34.64822864 ], [ 135.170957691000012, 34.648225495 ], [ 135.170872166, 34.648214919 ], [ 135.170814747, 34.648211 ], [ 135.170735006, 34.648199198 ], [ 135.170641829, 34.648187198 ], [ 135.170548975, 34.648173414 ], [ 135.170451777000011, 34.648163279 ], [ 135.170347056, 34.648151 ], [ 135.17011428, 34.648129252 ], [ 135.170025863, 34.648124441 ], [ 135.169979883, 34.648120532 ], [ 135.169883696, 34.648110279 ], [ 135.169861725, 34.648105667 ], [ 135.169840921, 34.648109225 ], [ 135.169788003, 34.648108586 ], [ 135.169687562, 34.648099802 ], [ 135.169669922, 34.648102829 ], [ 135.169653307, 34.648101225 ], [ 135.169625966000012, 34.648092865 ], [ 135.16959297, 34.648088198 ], [ 135.169566693, 34.648089279 ], [ 135.169546939000014, 34.648088892 ], [ 135.169537328, 34.648086532 ], [ 135.168518248999987, 34.647998829 ], [ 135.168545966000011, 34.647858559 ], [ 135.168653721999988, 34.647867198 ], [ 135.168657833999987, 34.647831027 ], [ 135.168434838, 34.647807027 ], [ 135.168430726, 34.647844387 ], [ 135.168515031999988, 34.647853198 ], [ 135.168500311, 34.647930081 ], [ 135.168464112, 34.647952694 ], [ 135.168416109, 34.647964198 ], [ 135.168382218, 34.647966333 ], [ 135.168194086, 34.647947694 ], [ 135.168045058, 34.647936919 ], [ 135.167162918, 34.647841658 ], [ 135.167161012, 34.64784145 ], [ 135.166666666999987, 34.647788063 ], [ 135.166349144, 34.647753775 ], [ 135.165706667, 34.647679748 ], [ 135.164797717, 34.647586775 ], [ 135.163236783, 34.647416748 ], [ 135.162393307, 34.64732764 ], [ 135.162269364, 34.647314532 ], [ 135.161839273999988, 34.647262892 ], [ 135.160819053000012, 34.647155532 ], [ 135.159676861, 34.647017054 ], [ 135.15959791200001, 34.647007586 ], [ 135.159514578, 34.646997414 ], [ 135.159406693, 34.646986414 ], [ 135.159316615, 34.646976946 ], [ 135.159149416, 34.646959054 ], [ 135.159081089000011, 34.646952748 ], [ 135.159029339, 34.646948586 ], [ 135.158947393, 34.646936252 ], [ 135.158865473, 34.646926162 ], [ 135.158787612999987, 34.646917694 ], [ 135.158678444, 34.646908946 ], [ 135.158593061, 34.646899441 ], [ 135.158538443999987, 34.646893135 ], [ 135.1584607, 34.64688464 ], [ 135.158394423, 34.646877802 ], [ 135.158353476, 34.646873027 ], [ 135.158333333, 34.646870829 ], [ 135.158300272, 34.646867252 ], [ 135.15823128400001, 34.646860946 ], [ 135.15813572, 34.646850973 ], [ 135.158052387, 34.64684036 ], [ 135.157975966, 34.646834108 ], [ 135.157899533, 34.646826252 ], [ 135.157808663999987, 34.646815667 ], [ 135.157692698, 34.646802946 ], [ 135.157573217, 34.646788054 ], [ 135.157489248, 34.646780252 ], [ 135.157406589, 34.646770162 ], [ 135.157327419000012, 34.646762306 ], [ 135.157290532, 34.646760306 ], [ 135.157245499, 34.646753306 ], [ 135.157191555999987, 34.646747559 ], [ 135.157162672, 34.64674764 ], [ 135.156244812000011, 34.646694234 ], [ 135.155590077999989, 34.646656135 ], [ 135.15653552500001, 34.646414279 ], [ 135.156519689, 34.646368054 ], [ 135.156508911, 34.64633764 ], [ 135.156313554, 34.646383694 ], [ 135.156309728, 34.646371532 ], [ 135.15591856, 34.646469279 ], [ 135.155858859, 34.646413333 ], [ 135.155323333000013, 34.646542613 ], [ 135.154649805, 34.64646936 ], [ 135.15410875500001, 34.646404306 ], [ 135.153510052, 34.646344054 ], [ 135.152957445, 34.646276468 ], [ 135.15270808, 34.646243252 ], [ 135.152460337, 34.646219694 ], [ 135.152380584000014, 34.646217495 ], [ 135.152326861, 34.646212387 ], [ 135.151891725000013, 34.646166694 ], [ 135.151284772999986, 34.64608936 ], [ 135.151097082, 34.646103694 ], [ 135.1510238, 34.646160802 ], [ 135.150985668, 34.646178 ], [ 135.150942049, 34.646179027 ], [ 135.150935966, 34.646182414 ], [ 135.150730829999986, 34.646276441 ], [ 135.150458949000011, 34.646736946 ], [ 135.150192114, 34.647180748 ], [ 135.15, 34.64751664 ], [ 135.149821141, 34.647829333 ], [ 135.149828418, 34.647904108 ], [ 135.15, 34.64796736 ], [ 135.150670999, 34.648214694 ], [ 135.150389974, 34.649001414 ], [ 135.150345006, 34.649122532 ], [ 135.15, 34.648980441 ], [ 135.149458689999989, 34.648757495 ], [ 135.149301894, 34.649018 ], [ 135.149140894999988, 34.64894164 ], [ 135.148626783, 34.648719081 ], [ 135.148591219, 34.648754198 ], [ 135.148446887, 34.64868764 ], [ 135.14804627800001, 34.648503 ], [ 135.148031894000013, 34.648493162 ], [ 135.14791847, 34.648439919 ], [ 135.147575668, 34.648279054 ], [ 135.147569442, 34.64828936 ], [ 135.147467912, 34.648248586 ], [ 135.147449857, 34.648241306 ], [ 135.147437367, 34.648236333 ], [ 135.14713389100001, 34.648109748 ], [ 135.147114916, 34.648101829 ], [ 135.146330117, 34.647806946 ], [ 135.146174643, 34.647726027 ], [ 135.146589494000011, 34.647282 ], [ 135.146608612, 34.647261495 ], [ 135.146625473, 34.647255973 ], [ 135.146686368, 34.647280126 ], [ 135.146733501999989, 34.647192414 ], [ 135.146698859, 34.647163613 ], [ 135.148034695, 34.647028495 ], [ 135.14940131, 34.646885748 ], [ 135.14949725, 34.64672364 ], [ 135.149660636, 34.646455081 ], [ 135.149742672, 34.646310306 ], [ 135.149756226, 34.646181108 ], [ 135.15, 34.646051892 ], [ 135.150378911, 34.645851054 ], [ 135.150367445, 34.645837613 ], [ 135.150570947, 34.645732586 ], [ 135.150525058, 34.645669946 ], [ 135.150318003, 34.645779892 ], [ 135.150245084, 34.645731333 ], [ 135.15012, 34.645754694 ], [ 135.15, 34.64580836 ], [ 135.149888780999987, 34.645858108 ], [ 135.149697782, 34.645903468 ], [ 135.149510856, 34.645898414 ], [ 135.149277665, 34.645866441 ], [ 135.148841505, 34.645817081 ], [ 135.148530505999986, 34.645783108 ], [ 135.148290895, 34.645765586 ], [ 135.148182438, 34.645775613 ], [ 135.148078145, 34.645771532 ], [ 135.147949053, 34.645756775 ], [ 135.147562633, 34.64570736 ], [ 135.14729655, 34.645614027 ], [ 135.14711655, 34.645534 ], [ 135.146676809000013, 34.645340667 ], [ 135.146206589, 34.645152973 ], [ 135.146132672, 34.645123441 ], [ 135.146046783, 34.645087865 ], [ 135.14581406, 34.644991252 ], [ 135.145499274, 34.64486064 ], [ 135.144901219, 34.644608225 ], [ 135.14455224400001, 34.644469748 ], [ 135.143546329, 34.644070225 ], [ 135.143232023, 34.643917775 ], [ 135.14297988300001, 34.643823532 ], [ 135.142930947, 34.643805198 ], [ 135.142857613, 34.643777829 ], [ 135.142487497, 34.643598919 ], [ 135.142227612999989, 34.643501559 ], [ 135.142035966, 34.643425667 ], [ 135.141871751, 34.643350946 ], [ 135.14166666700001, 34.643272054 ], [ 135.141606109, 34.643248748 ], [ 135.141315084000013, 34.643145468 ], [ 135.141132827, 34.643057973 ], [ 135.141011193, 34.643011441 ], [ 135.140907393, 34.642958054 ], [ 135.140792412, 34.642912586 ], [ 135.14075586300001, 34.642900108 ], [ 135.140738029, 34.642894081 ], [ 135.140674553, 34.642872414 ], [ 135.140553579999988, 34.642826973 ], [ 135.140532775999986, 34.642819 ], [ 135.140456328999989, 34.642789495 ], [ 135.140401777, 34.642765252 ], [ 135.140364111999986, 34.642749613 ], [ 135.140273995, 34.642713441 ], [ 135.140142529, 34.642654081 ], [ 135.139993968999988, 34.642598441 ], [ 135.139772335, 34.642508613 ], [ 135.13969508400001, 34.64246927 ], [ 135.139691089, 34.642467234 ], [ 135.139677275999986, 34.642460198 ], [ 135.139590921, 34.642418559 ], [ 135.139456057, 34.642367162 ], [ 135.139380440999986, 34.642332694 ], [ 135.139255252999988, 34.642289162 ], [ 135.139181245, 34.642261532 ], [ 135.13911345, 34.642232775 ], [ 135.139057691, 34.642208081 ], [ 135.138983774, 34.642178279 ], [ 135.138935006, 34.642154252 ], [ 135.138894812, 34.642136586 ], [ 135.138837755999987, 34.642113892 ], [ 135.138786939, 34.642095198 ], [ 135.138731582, 34.642077802 ], [ 135.138672581, 34.642055748 ], [ 135.138636420000012, 34.642038495 ], [ 135.138615162, 34.642028162 ], [ 135.138542801999989, 34.642001333 ], [ 135.138480584, 34.641975775 ], [ 135.138401699000013, 34.641948721 ], [ 135.138317393, 34.641915198 ], [ 135.138241971000014, 34.641877919 ], [ 135.138087639, 34.641810973 ], [ 135.13802511, 34.641784613 ], [ 135.13790099900001, 34.641730441 ], [ 135.137808807, 34.641696252 ], [ 135.13773642000001, 34.641666667 ], [ 135.137428911, 34.641541 ], [ 135.136913021999987, 34.641330279 ], [ 135.136879663, 34.641320333 ], [ 135.136707951, 34.641351306 ], [ 135.136670751999986, 34.641362081 ], [ 135.136559274, 34.641032252 ], [ 135.136487562000013, 34.641049306 ], [ 135.13660192, 34.641381919 ], [ 135.136471479, 34.64141964 ], [ 135.136298859, 34.641559973 ], [ 135.136274358, 34.641611081 ], [ 135.136252528999989, 34.641666667 ], [ 135.136228275, 34.641728387 ], [ 135.136206939, 34.641757279 ], [ 135.136293943, 34.641797919 ], [ 135.135735577, 34.642511333 ], [ 135.135531115, 34.642526108 ], [ 135.135376394, 34.642590135 ], [ 135.135266329, 34.642634694 ], [ 135.135220052, 34.642666721 ], [ 135.13513939, 34.642762802 ], [ 135.135133165000013, 34.642797387 ], [ 135.135087951, 34.642777829 ], [ 135.134913268, 34.642738459 ], [ 135.134740195, 34.642699441 ], [ 135.134653022, 34.642661694 ], [ 135.134596511000012, 34.642661712 ], [ 135.134604501000013, 34.641972919 ], [ 135.13462808, 34.641973757 ], [ 135.134745914, 34.641978027 ], [ 135.13474607, 34.64198191 ], [ 135.134950649, 34.641987865 ], [ 135.134954241, 34.641954396 ], [ 135.135076096, 34.641666667 ], [ 135.135087664999986, 34.641639342 ], [ 135.13505978, 34.641631324 ], [ 135.135044889999989, 34.641666667 ], [ 135.13493586300001, 34.641925486 ], [ 135.134349351, 34.641902387 ], [ 135.134073424, 34.641907171 ], [ 135.134067821, 34.641666667 ], [ 135.134055811, 34.641152559 ], [ 135.134089883, 34.641122045 ], [ 135.135050571, 34.641048117 ], [ 135.135051012, 34.64109391 ], [ 135.135110441, 34.641092892 ], [ 135.135120973, 34.641461261 ], [ 135.13515096, 34.641461153 ], [ 135.135184488, 34.641476171 ], [ 135.135201816, 34.641451982 ], [ 135.135149961, 34.641424468 ], [ 135.135138547, 34.641010216 ], [ 135.133333333, 34.64115191 ], [ 135.132109287, 34.641247991 ], [ 135.132095435, 34.641259441 ], [ 135.132095214, 34.641328586 ], [ 135.132037588, 34.641279027 ], [ 135.132046446, 34.641270495 ], [ 135.131628885, 34.640948775 ], [ 135.131602192, 34.640974919 ], [ 135.131640649, 34.641004315 ], [ 135.131625071, 34.641018937 ], [ 135.131501842, 34.641134505 ], [ 135.131318158, 34.641134622 ], [ 135.131315785, 34.641172234 ], [ 135.13151987, 34.641171973 ], [ 135.131661154, 34.641038712 ], [ 135.131672179, 34.64102836 ], [ 135.132103554, 34.641357559 ], [ 135.132102022999987, 34.641515423 ], [ 135.132086316, 34.641515432 ], [ 135.132029274, 34.64151527 ], [ 135.132028819999988, 34.641666667 ], [ 135.132026589, 34.642407766 ], [ 135.131423489000014, 34.642406667 ], [ 135.131340259000012, 34.642406486 ], [ 135.131130506, 34.642406144 ], [ 135.131130311, 34.642420847 ], [ 135.131129273999989, 34.642482964 ], [ 135.131015486, 34.64248127 ], [ 135.131016226000014, 34.642272937 ], [ 135.130987639000011, 34.642272667 ], [ 135.130984397, 34.642423784 ], [ 135.130869857, 34.642422279 ], [ 135.130869883, 34.642403252 ], [ 135.130292374, 34.642386387 ], [ 135.130258016, 34.642385712 ], [ 135.130223541, 34.642385757 ], [ 135.130189079, 34.642386342 ], [ 135.130154734, 34.642387559 ], [ 135.130120285, 34.642389315 ], [ 135.130086057, 34.642391793 ], [ 135.129934319, 34.642402342 ], [ 135.129936278, 34.642048306 ], [ 135.129938079999988, 34.641735919 ], [ 135.129938495, 34.641666667 ], [ 135.129940117, 34.641387586 ], [ 135.129940506, 34.641315559 ], [ 135.12995655, 34.641316613 ], [ 135.129960117, 34.640903333 ], [ 135.131068366, 34.640906559 ], [ 135.131068521, 34.640922694 ], [ 135.131069376999989, 34.641045829 ], [ 135.1311093, 34.641045928 ], [ 135.131110181999986, 34.640921604 ], [ 135.131110259, 34.64090673 ], [ 135.131255979, 34.640907135 ], [ 135.131261543, 34.640907189 ], [ 135.131379130999989, 34.640907495 ], [ 135.131378703, 34.640863054 ], [ 135.131283903999986, 34.640861964 ], [ 135.131256095999987, 34.640861694 ], [ 135.130429170000014, 34.640858532 ], [ 135.130427471, 34.640830613 ], [ 135.130215136, 34.640822802 ], [ 135.13006394300001, 34.640672495 ], [ 135.130704812, 34.640233613 ], [ 135.131630245999986, 34.639599775 ], [ 135.131556109, 34.639524333 ], [ 135.129872438, 34.640675829 ], [ 135.129862412, 34.641666667 ], [ 135.129861505, 34.64175636 ], [ 135.129826783, 34.641753135 ], [ 135.129825253, 34.641797775 ], [ 135.129861051, 34.641800802 ], [ 135.129860532, 34.641849306 ], [ 135.129826693000012, 34.641848252 ], [ 135.129822581000013, 34.642102135 ], [ 135.129710947, 34.642107748 ], [ 135.129618911, 34.642110973 ], [ 135.129548054, 34.642113865 ], [ 135.129462244, 34.642119198 ], [ 135.129418781, 34.642123802 ], [ 135.129389468, 34.642128775 ], [ 135.129343307, 34.642137468 ], [ 135.129257224000014, 34.642156333 ], [ 135.129166978, 34.642175829 ], [ 135.129123671, 34.642186135 ], [ 135.129085057999987, 34.642197468 ], [ 135.129022088, 34.642218252 ], [ 135.128878197, 34.642273027 ], [ 135.128790895, 34.642304333 ], [ 135.128612088000011, 34.642356775 ], [ 135.128533385, 34.642374414 ], [ 135.128444578, 34.642396721 ], [ 135.128343476, 34.642419829 ], [ 135.128270856, 34.642434559 ], [ 135.128211089, 34.642446225 ], [ 135.128120661, 34.642458973 ], [ 135.128035694, 34.642468802 ], [ 135.127843139, 34.64249 ], [ 135.127764254, 34.642498613 ], [ 135.127677807999987, 34.642504495 ], [ 135.127610363, 34.642510081 ], [ 135.127524578, 34.642518829 ], [ 135.127457224000011, 34.642524973 ], [ 135.127404812, 34.642527559 ], [ 135.127336641, 34.64252864 ], [ 135.127263645, 34.642527559 ], [ 135.127092412, 34.642530387 ], [ 135.127015577, 34.642537225 ], [ 135.126932528999987, 34.642544252 ], [ 135.126826913, 34.642551054 ], [ 135.126745253, 34.642555748 ], [ 135.126655279, 34.642558306 ], [ 135.12656856000001, 34.642557532 ], [ 135.12648594, 34.642552108 ], [ 135.126412140000014, 34.642546559 ], [ 135.126334189, 34.642540468 ], [ 135.126247445, 34.642535081 ], [ 135.126196109, 34.642528027 ], [ 135.126133061, 34.642516081 ], [ 135.126064501, 34.642498586 ], [ 135.125977367, 34.642479135 ], [ 135.125897173, 34.642464694 ], [ 135.125837497, 34.642451667 ], [ 135.125776472000013, 34.642435748 ], [ 135.125704254, 34.642412135 ], [ 135.125637471, 34.642387252 ], [ 135.12556939000001, 34.64236136 ], [ 135.125503891, 34.642333667 ], [ 135.125446743999987, 34.642310865 ], [ 135.125401141, 34.64228736 ], [ 135.125341088999988, 34.642256829 ], [ 135.125288418, 34.642226054 ], [ 135.125223358999989, 34.642186559 ], [ 135.125157639, 34.642145333 ], [ 135.125047977, 34.642070495 ], [ 135.125, 34.642038973 ], [ 135.124991855, 34.64203364 ], [ 135.124943839, 34.641996081 ], [ 135.124904136999987, 34.64196 ], [ 135.124862334999989, 34.641922414 ], [ 135.124821634, 34.641876892 ], [ 135.124783865000012, 34.641838559 ], [ 135.124751193, 34.641809198 ], [ 135.124719883000012, 34.641786586 ], [ 135.124686667, 34.641767946 ], [ 135.12465083, 34.641752775 ], [ 135.124616108999987, 34.641747054 ], [ 135.124616744, 34.641666667 ], [ 135.124616744, 34.641666081 ], [ 135.124608145, 34.641665775 ], [ 135.124608145, 34.641666667 ], [ 135.124607833999988, 34.641745802 ], [ 135.12457476, 34.641666667 ], [ 135.124535694, 34.641573225 ], [ 135.124540389, 34.64157336 ], [ 135.124539559, 34.641484865 ], [ 135.124474112, 34.641486081 ], [ 135.124471479, 34.641574721 ], [ 135.124442671999986, 34.64157464 ], [ 135.124422503, 34.641587919 ], [ 135.124388444, 34.641618973 ], [ 135.124355668, 34.641646495 ], [ 135.124334449, 34.641666667 ], [ 135.124323671000013, 34.641676919 ], [ 135.124294384, 34.641707306 ], [ 135.124264449, 34.641734802 ], [ 135.124218664000011, 34.641762613 ], [ 135.124176252000012, 34.641788667 ], [ 135.124121946, 34.641822829 ], [ 135.124066693, 34.641852468 ], [ 135.124034384, 34.641872162 ], [ 135.124005694, 34.641895694 ], [ 135.12397144, 34.641918279 ], [ 135.123939274, 34.641941919 ], [ 135.123904384000014, 34.641966748 ], [ 135.123860025999988, 34.64199336 ], [ 135.123818418000013, 34.642021135 ], [ 135.12378275, 34.642045892 ], [ 135.123739805000014, 34.642071946 ], [ 135.123682632999987, 34.642105054 ], [ 135.123612477, 34.642137225 ], [ 135.123550973, 34.642162973 ], [ 135.123494916, 34.642185865 ], [ 135.123432607000012, 34.642205468 ], [ 135.123358859, 34.642228108 ], [ 135.123301336, 34.642247694 ], [ 135.123239805, 34.642269559 ], [ 135.123182308999986, 34.642289027 ], [ 135.123118521, 34.642304135 ], [ 135.123036472, 34.642325775 ], [ 135.122972022999988, 34.642338081 ], [ 135.122910169, 34.642348667 ], [ 135.122851803, 34.642359252 ], [ 135.122810947, 34.642363829 ], [ 135.122738003, 34.642366198 ], [ 135.122666472, 34.642369559 ], [ 135.122607756, 34.642366586 ], [ 135.122548884999986, 34.642360225 ], [ 135.122488716, 34.642352225 ], [ 135.122443217000011, 34.642340333 ], [ 135.122462049, 34.642243027 ], [ 135.122473191000012, 34.642244306 ], [ 135.122486861, 34.642157054 ], [ 135.122429663, 34.642151306 ], [ 135.122417173, 34.64223764 ], [ 135.122425693999986, 34.642238225 ], [ 135.122403838999986, 34.642359973 ], [ 135.122374617, 34.642372054 ], [ 135.122346056999987, 34.642374775 ], [ 135.122321362, 34.642371775 ], [ 135.122287782, 34.642362162 ], [ 135.122254916, 34.642358775 ], [ 135.122239222, 34.642359613 ], [ 135.122211336, 34.642362829 ], [ 135.122168521, 34.642369252 ], [ 135.122112088, 34.642376279 ], [ 135.122044721, 34.642381946 ], [ 135.121979339, 34.642387495 ], [ 135.121869001, 34.64239264 ], [ 135.121821855, 34.642391775 ], [ 135.121759144, 34.642392198 ], [ 135.121699144, 34.642390306 ], [ 135.12164847, 34.642385495 ], [ 135.12157869, 34.642375414 ], [ 135.121507471, 34.642365865 ], [ 135.121422633, 34.642355414 ], [ 135.12134128400001, 34.642347108 ], [ 135.12128594, 34.642342414 ], [ 135.121213917, 34.642327748 ], [ 135.121068664, 34.642296306 ], [ 135.12099869, 34.642280532 ], [ 135.120938196999987, 34.642262892 ], [ 135.120880441, 34.642244694 ], [ 135.120818612, 34.642223721 ], [ 135.120776549999988, 34.642204613 ], [ 135.120736446, 34.642186135 ], [ 135.120675084, 34.642154973 ], [ 135.120608911, 34.642126198 ], [ 135.120555771999989, 34.642102279 ], [ 135.120493022, 34.642073387 ], [ 135.120444669, 34.64204764 ], [ 135.120396328999988, 34.642022 ], [ 135.120350777999988, 34.642003 ], [ 135.120304449, 34.641973279 ], [ 135.120251634, 34.641935829 ], [ 135.120200804, 34.641891 ], [ 135.120132698, 34.641839694 ], [ 135.12007083, 34.641791613 ], [ 135.120002698, 34.641737495 ], [ 135.119918029, 34.641666667 ], [ 135.119855811, 34.641614748 ], [ 135.11980083, 34.641567694 ], [ 135.119760168999989, 34.641523892 ], [ 135.1197238, 34.641486054 ], [ 135.11970022, 34.641470721 ], [ 135.11967, 34.641458198 ], [ 135.119635642, 34.641448054 ], [ 135.119598612, 34.641441892 ], [ 135.119548444, 34.641440775 ], [ 135.119586226, 34.641214892 ], [ 135.119520947000012, 34.641210081 ], [ 135.119499364, 34.641339306 ], [ 135.119456135, 34.641357973 ], [ 135.119378469999987, 34.641391387 ], [ 135.119298222999987, 34.641429306 ], [ 135.11923014300001, 34.641464198 ], [ 135.119180999, 34.641490919 ], [ 135.119124422999988, 34.641518973 ], [ 135.119072529, 34.641545162 ], [ 135.118993554000014, 34.641580198 ], [ 135.118930143, 34.641609468 ], [ 135.118860661000014, 34.641644973 ], [ 135.118812996, 34.641666667 ], [ 135.118796589, 34.641674135 ], [ 135.118712283, 34.641711027 ], [ 135.118706640999989, 34.641713306 ], [ 135.118642633, 34.641738694 ], [ 135.118581089, 34.641758279 ], [ 135.118516693, 34.641778441 ], [ 135.118435422, 34.641798973 ], [ 135.118361388000011, 34.641814892 ], [ 135.118286667, 34.641826162 ], [ 135.118202360999987, 34.641838252 ], [ 135.118125551, 34.641847946 ], [ 135.118035615999986, 34.641854468 ], [ 135.117961388, 34.64186136 ], [ 135.117898054, 34.641863468 ], [ 135.117846861, 34.641862081 ], [ 135.117779974, 34.64185864 ], [ 135.11768214, 34.641847279 ], [ 135.117539053, 34.641826468 ], [ 135.117376446, 34.641805 ], [ 135.117392827, 34.641666667 ], [ 135.117399883, 34.641607225 ], [ 135.117347691, 34.641602613 ], [ 135.117341724999989, 34.641666667 ], [ 135.117336693, 34.641720414 ], [ 135.117296939, 34.641714802 ], [ 135.117251699, 34.641706 ], [ 135.117191336, 34.64168836 ], [ 135.117137108, 34.641676802 ], [ 135.117098105999986, 34.641666667 ], [ 135.11708834, 34.641664135 ], [ 135.117041777, 34.641652441 ], [ 135.117000362999988, 34.641633946 ], [ 135.116961855, 34.641622225 ], [ 135.11691788600001, 34.641609333 ], [ 135.116848690000012, 34.641593559 ], [ 135.116815811, 34.64158736 ], [ 135.116790310999988, 34.641579865 ], [ 135.11675655, 34.641562946 ], [ 135.116710337, 34.641542252 ], [ 135.116666667, 34.641528865 ], [ 135.116626524, 34.641516559 ], [ 135.116487588000012, 34.641470919 ], [ 135.116328171, 34.641418865 ], [ 135.116157523, 34.641356748 ], [ 135.11598978, 34.641299667 ], [ 135.115913995, 34.641278532 ], [ 135.115977367, 34.640975748 ], [ 135.115986744, 34.640977135 ], [ 135.11604211400001, 34.640716694 ], [ 135.11604703, 34.640717387 ], [ 135.116085577, 34.640538108 ], [ 135.116019754, 34.640529252 ], [ 135.115984137, 34.640699135 ], [ 135.115855720000013, 34.641310081 ], [ 135.115782244, 34.641652946 ], [ 135.115779300000014, 34.641666667 ], [ 135.115763904, 34.641738523 ], [ 135.115657379999988, 34.641725973 ], [ 135.115669494, 34.641666667 ], [ 135.115676693000012, 34.641631441 ], [ 135.115637471000014, 34.641626829 ], [ 135.115629027000011, 34.641666667 ], [ 135.115618586000011, 34.641715946 ], [ 135.115601284, 34.641731027 ], [ 135.115571193, 34.641735441 ], [ 135.115488340000013, 34.641727586 ], [ 135.115332503, 34.641707865 ], [ 135.115217328, 34.641687333 ], [ 135.115222088, 34.641666667 ], [ 135.115276226, 34.641430468 ], [ 135.115496939, 34.640368162 ], [ 135.115395162, 34.640354586 ], [ 135.11532011700001, 34.640712414 ], [ 135.115334112, 34.640716468 ], [ 135.115262088, 34.641073027 ], [ 135.115271582, 34.641075225 ], [ 135.115215863, 34.641344306 ], [ 135.115230856000011, 34.64134836 ], [ 135.11518489, 34.641566559 ], [ 135.115027301999987, 34.64156764 ], [ 135.114883722, 34.641563694 ], [ 135.114719001, 34.641550865 ], [ 135.114577301999987, 34.641538973 ], [ 135.114457445, 34.641528108 ], [ 135.11437655, 34.641522694 ], [ 135.114379533, 34.641503108 ], [ 135.114342724000011, 34.641498468 ], [ 135.114339027, 34.641523027 ], [ 135.114273696, 34.641522162 ], [ 135.114173021999989, 34.64152236 ], [ 135.114108300999987, 34.641520613 ], [ 135.114000856, 34.641520306 ], [ 135.113850441000011, 34.641518027 ], [ 135.113767302000014, 34.641515306 ], [ 135.113575161999989, 34.641498054 ], [ 135.113328301, 34.641472694 ], [ 135.11313610900001, 34.641450468 ], [ 135.113029533, 34.641436559 ], [ 135.11300275, 34.641432306 ], [ 135.112938249, 34.641417135 ], [ 135.112998106, 34.641121775 ], [ 135.113003774, 34.641122468 ], [ 135.113021051, 34.641034081 ], [ 135.112706278, 34.640987414 ], [ 135.112695331, 34.641041775 ], [ 135.112957691, 34.641082 ], [ 135.112951362, 34.641113865 ], [ 135.112960077999986, 34.641115802 ], [ 135.112919533, 34.641314559 ], [ 135.112888197, 34.641301694 ], [ 135.112825616, 34.641302279 ], [ 135.112813061, 34.641301441 ], [ 135.112719688999988, 34.641336495 ], [ 135.11263917, 34.641357919 ], [ 135.112535279000014, 34.641376892 ], [ 135.112453671, 34.641384333 ], [ 135.112381167, 34.641389495 ], [ 135.112306135000011, 34.641390333 ], [ 135.112259559, 34.641391 ], [ 135.112113255999986, 34.641375613 ], [ 135.11200345, 34.641354865 ], [ 135.111889637, 34.641328802 ], [ 135.111815811000014, 34.641305586 ], [ 135.111735188000011, 34.641269748 ], [ 135.11166418900001, 34.641225306 ], [ 135.111605331, 34.641183946 ], [ 135.111544747000011, 34.641130333 ], [ 135.111512244000011, 34.641109441 ], [ 135.111486523999986, 34.641097441 ], [ 135.111530726000012, 34.640902162 ], [ 135.111536394000012, 34.640902865 ], [ 135.11154406, 34.64087036 ], [ 135.111805188, 34.640906802 ], [ 135.111817366999986, 34.640852829 ], [ 135.111622283, 34.640824333 ], [ 135.111503217, 34.640806973 ], [ 135.111481336, 34.640894279 ], [ 135.111491608, 34.640895919 ], [ 135.111408885, 34.641253279 ], [ 135.111303306999986, 34.641229333 ], [ 135.111260636, 34.641215279 ], [ 135.111183476, 34.641199279 ], [ 135.110953022, 34.641166748 ], [ 135.110731115, 34.641128414 ], [ 135.11058949400001, 34.641101198 ], [ 135.110479000999987, 34.641076919 ], [ 135.110370389, 34.641044441 ], [ 135.110363385, 34.641042054 ], [ 135.11040358, 34.640942613 ], [ 135.110390661, 34.640939108 ], [ 135.110335330999987, 34.641075748 ], [ 135.110315109999988, 34.641070108 ], [ 135.110369689, 34.640935892 ], [ 135.110356809, 34.640932279 ], [ 135.110300921, 34.641069586 ], [ 135.110288884999989, 34.641066306 ], [ 135.110334617, 34.640951973 ], [ 135.110343502, 34.640928486 ], [ 135.110446913, 34.640655387 ], [ 135.110452970000011, 34.640647333 ], [ 135.110463722, 34.640641775 ], [ 135.110749637, 34.639967333 ], [ 135.110738586, 34.639964333 ], [ 135.110445551, 34.640638198 ], [ 135.110427302, 34.640633252 ], [ 135.110421699, 34.640615802 ], [ 135.110493256000012, 34.640442937 ], [ 135.110696187, 34.639952694 ], [ 135.110864695, 34.639545613 ], [ 135.110793256, 34.639521802 ], [ 135.110436031, 34.640388 ], [ 135.11044345, 34.640398054 ], [ 135.110431582, 34.640426333 ], [ 135.109797250000014, 34.640244387 ], [ 135.108801971, 34.639964414 ], [ 135.108707808, 34.639996468 ], [ 135.108654695000013, 34.640021694 ], [ 135.10861275, 34.640037829 ], [ 135.108525227, 34.639916495 ], [ 135.110440337, 34.639060694 ], [ 135.110808948999988, 34.639182829 ], [ 135.110845499, 34.639101829 ], [ 135.110742088, 34.639066694 ], [ 135.110714968, 34.639001054 ], [ 135.110457613, 34.638911306 ], [ 135.11040533100001, 34.638919468 ], [ 135.109803527999986, 34.639196 ], [ 135.108800337, 34.63963736 ], [ 135.108333333, 34.639842414 ], [ 135.108149078999986, 34.639923306 ], [ 135.108151997, 34.639930135 ], [ 135.108151997, 34.639931495 ], [ 135.107874423, 34.640483441 ], [ 135.10784192, 34.640473721 ], [ 135.10777847, 34.640453495 ], [ 135.107658859, 34.640410441 ], [ 135.107570895, 34.640382865 ], [ 135.107560506, 34.640380054 ], [ 135.107532114, 34.640374559 ], [ 135.107504254, 34.640369586 ], [ 135.107471245, 34.640363306 ], [ 135.107437807999986, 34.640356225 ], [ 135.107405136000011, 34.640350027 ], [ 135.107374643000014, 34.640344081 ], [ 135.10733192, 34.640335162 ], [ 135.107299559000012, 34.640327532 ], [ 135.107272865999988, 34.640320586 ], [ 135.107254617, 34.640315 ], [ 135.107201894000013, 34.640298225 ], [ 135.107097834, 34.640263802 ], [ 135.107055136000014, 34.640248586 ], [ 135.107019001, 34.640232306 ], [ 135.107004968000012, 34.640226018 ], [ 135.106991829, 34.640220135 ], [ 135.106959754, 34.640205802 ], [ 135.106935966, 34.640194613 ], [ 135.106915253000011, 34.640183387 ], [ 135.106892023, 34.64017164 ], [ 135.10687491600001, 34.640163613 ], [ 135.107058392, 34.639938973 ], [ 135.107027108000011, 34.639920694 ], [ 135.106841051, 34.640145721 ], [ 135.106814746999987, 34.640130829 ], [ 135.106788301, 34.640116027 ], [ 135.106763165, 34.640098613 ], [ 135.106731803, 34.640079162 ], [ 135.10670786, 34.640061721 ], [ 135.106673969000013, 34.640043387 ], [ 135.10664374800001, 34.640030135 ], [ 135.1066162, 34.640022027 ], [ 135.106587445, 34.640015 ], [ 135.106565913999987, 34.640010892 ], [ 135.106508586, 34.640002775 ], [ 135.106484773, 34.639999135 ], [ 135.106447198000012, 34.639993162 ], [ 135.106405863, 34.639984135 ], [ 135.10636958500001, 34.639975081 ], [ 135.106330752, 34.639962892 ], [ 135.106284306, 34.639943613 ], [ 135.106245304999987, 34.639925198 ], [ 135.106201387999988, 34.639903829 ], [ 135.106158781, 34.639884468 ], [ 135.106116057, 34.639866162 ], [ 135.106078366, 34.639847748 ], [ 135.106050117, 34.639836108 ], [ 135.106011855, 34.639816694 ], [ 135.105974163000013, 34.639796306 ], [ 135.105935279, 34.639778973 ], [ 135.105900078, 34.639759613 ], [ 135.105866225999989, 34.639743252 ], [ 135.105831089, 34.639727973 ], [ 135.105788366000013, 34.639710667 ], [ 135.105757055999987, 34.639697495 ], [ 135.105731193, 34.639685054 ], [ 135.1060307, 34.639295333 ], [ 135.10603805400001, 34.639298973 ], [ 135.106095162, 34.639224532 ], [ 135.106048910999988, 34.639200279 ], [ 135.105993748, 34.639273225 ], [ 135.10599824900001, 34.639277252 ], [ 135.105698859, 34.639667135 ], [ 135.105705887999989, 34.639672414 ], [ 135.105700272, 34.639679387 ], [ 135.105669196, 34.639668054 ], [ 135.105626640999986, 34.639654892 ], [ 135.105587781999986, 34.639640721 ], [ 135.105550142999988, 34.639625441 ], [ 135.105466005000011, 34.639587748 ], [ 135.105420778, 34.639568387 ], [ 135.105325525000012, 34.639529775 ], [ 135.105291582, 34.639514108 ], [ 135.105217471, 34.639475198 ], [ 135.105184812, 34.639457829 ], [ 135.105154643, 34.639439441 ], [ 135.105118248999986, 34.639420027 ], [ 135.105079222, 34.639397559 ], [ 135.105039053000013, 34.639372027 ], [ 135.105005084, 34.639353586 ], [ 135.104969805, 34.639326946 ], [ 135.104938417999989, 34.639305495 ], [ 135.104906913, 34.639284973 ], [ 135.104869274, 34.639259414 ], [ 135.104840272, 34.639236892 ], [ 135.104810052, 34.639213279 ], [ 135.104781051, 34.639190748 ], [ 135.104758417999989, 34.639171225 ], [ 135.104736446, 34.639157225 ], [ 135.105075136000011, 34.638815667 ], [ 135.105043113, 34.638796027 ], [ 135.104706719, 34.639136667 ], [ 135.104677977, 34.639120613 ], [ 135.104642750000011, 34.639096054 ], [ 135.104611219, 34.639071468 ], [ 135.104579831, 34.639051027 ], [ 135.104550856, 34.639031559 ], [ 135.10451192, 34.639008081 ], [ 135.104480532, 34.638986559 ], [ 135.104446497999987, 34.638963054 ], [ 135.10441508400001, 34.638940559 ], [ 135.104378521, 34.638915973 ], [ 135.104350856, 34.638895414 ], [ 135.104330116999989, 34.638880225 ], [ 135.104289169999987, 34.638852559 ], [ 135.104262802, 34.638834054 ], [ 135.104210026, 34.638800306 ], [ 135.104193606, 34.638782829 ], [ 135.104119339, 34.63872336 ], [ 135.104104137, 34.638706775 ], [ 135.104032361, 34.638648 ], [ 135.103992088000012, 34.638621387 ], [ 135.103948029, 34.638586586 ], [ 135.103881245, 34.638525973 ], [ 135.103847613, 34.638496532 ], [ 135.103855422, 34.638490162 ], [ 135.103860583999989, 34.638494748 ], [ 135.104251608, 34.638176306 ], [ 135.104226082999986, 34.638154198 ], [ 135.103836030999986, 34.638470919 ], [ 135.103842412, 34.638476721 ], [ 135.103833113, 34.638484721 ], [ 135.103772827, 34.638430667 ], [ 135.103713696, 34.638382441 ], [ 135.103673385, 34.638351694 ], [ 135.10364194600001, 34.638325027 ], [ 135.103585162, 34.63827164 ], [ 135.103549857, 34.638239865 ], [ 135.103504475, 34.638201919 ], [ 135.10346924800001, 34.638168081 ], [ 135.103374669, 34.638084468 ], [ 135.103336861, 34.638052721 ], [ 135.10317425400001, 34.637901919 ], [ 135.103141505, 34.637874198 ], [ 135.103110077999986, 34.637850667 ], [ 135.103036524, 34.637775225 ], [ 135.103265227, 34.637581667 ], [ 135.103271479, 34.637586225 ], [ 135.103345616000013, 34.637522667 ], [ 135.103308223, 34.637491802 ], [ 135.103232244, 34.637555306 ], [ 135.10323741900001, 34.637560135 ], [ 135.103009948, 34.637753495 ], [ 135.102996472, 34.637736721 ], [ 135.102964695, 34.637707532 ], [ 135.102954475, 34.637698865 ], [ 135.102930726000011, 34.637679973 ], [ 135.102907859999988, 34.637661919 ], [ 135.102882048999987, 34.637642414 ], [ 135.102866809, 34.637632135 ], [ 135.102815136, 34.637601468 ], [ 135.102719105, 34.637536892 ], [ 135.102680026, 34.63750964 ], [ 135.102635499, 34.63748136 ], [ 135.102596549999987, 34.637459865 ], [ 135.102519922, 34.637404279 ], [ 135.102491996999987, 34.637379225 ], [ 135.102463995, 34.637348559 ], [ 135.102436031, 34.637320054 ], [ 135.102410895, 34.637290559 ], [ 135.102371803000011, 34.637262135 ], [ 135.10233428, 34.637239468 ], [ 135.102315694, 34.63722264 ], [ 135.102305084, 34.637195414 ], [ 135.102312361, 34.637168865 ], [ 135.102343891, 34.637108694 ], [ 135.102346082999986, 34.637088495 ], [ 135.102322088, 34.637075135 ], [ 135.102259248, 34.63706164 ], [ 135.102156719, 34.637050829 ], [ 135.102048612, 34.637037721 ], [ 135.101912918000011, 34.637022613 ], [ 135.10177428, 34.637009694 ], [ 135.101646913, 34.637003748 ], [ 135.101555499, 34.637002054 ], [ 135.101469001, 34.636999559 ], [ 135.101272048999988, 34.636887279 ], [ 135.100991362, 34.636797919 ], [ 135.100835913999987, 34.636747495 ], [ 135.100520169, 34.636643108 ], [ 135.100149222, 34.636511225 ], [ 135.1, 34.636456108 ], [ 135.099771855, 34.636371865 ], [ 135.099398859, 34.636245468 ], [ 135.098887639, 34.636077135 ], [ 135.098488417999988, 34.635943613 ], [ 135.098246524, 34.63586264 ], [ 135.097802802, 34.635741721 ], [ 135.097691024999989, 34.635708162 ], [ 135.097450856, 34.635648559 ], [ 135.097309637, 34.635604108 ], [ 135.096900389000012, 34.635458279 ], [ 135.096833645, 34.635434081 ], [ 135.096552503, 34.63533236 ], [ 135.096493579999986, 34.635317946 ], [ 135.096254085999988, 34.635273198 ], [ 135.096019754, 34.635242829 ], [ 135.09575275, 34.63521836 ], [ 135.095673774, 34.635207865 ], [ 135.095572944, 34.635188108 ], [ 135.095364643000011, 34.635142252 ], [ 135.094932698, 34.635066162 ], [ 135.094870272, 34.635053946 ], [ 135.094116135, 34.634906108 ], [ 135.093680078, 34.634810027 ], [ 135.093497496999987, 34.634762027 ], [ 135.093346278000013, 34.634682108 ], [ 135.093291193, 34.634708054 ], [ 135.093341608, 34.634530414 ], [ 135.093317108, 34.634522721 ], [ 135.093354812, 34.634373468 ], [ 135.093289728, 34.634355667 ], [ 135.0932, 34.634704387 ], [ 135.093175914, 34.634709135 ], [ 135.093149364, 34.63472282 ], [ 135.093145305, 34.634724919 ], [ 135.093124695, 34.634759135 ], [ 135.093115331, 34.634799108 ], [ 135.093106057, 34.634797468 ] ] ], [ [ [ 134.953088249, 34.655748586 ], [ 134.953068949, 34.65573264 ], [ 134.951898755, 34.656699135 ], [ 134.951918054, 34.656715 ], [ 134.953088249, 34.655748586 ] ] ], [ [ [ 134.944661608, 34.661721135 ], [ 134.944680389000013, 34.661737441 ], [ 134.94572856, 34.660907414 ], [ 134.945709663, 34.660891198 ], [ 134.944661608, 34.661721135 ] ] ], [ [ [ 134.912421582, 34.673223559 ], [ 134.912403774000012, 34.673221919 ], [ 134.912363696, 34.673214532 ], [ 134.912302412, 34.673206441 ], [ 134.912198859, 34.673191081 ], [ 134.911983333, 34.67315936 ], [ 134.911634669, 34.673107387 ], [ 134.911515498999989, 34.673089559 ], [ 134.911499883, 34.673087919 ], [ 134.911473281000013, 34.673088946 ], [ 134.911444358000011, 34.673092414 ], [ 134.911417691, 34.673099225 ], [ 134.911393191, 34.673108532 ], [ 134.911372218, 34.673120252 ], [ 134.91135374800001, 34.673131162 ], [ 134.911282088, 34.673120694 ], [ 134.911272192000013, 34.673157414 ], [ 134.912294941999988, 34.673308162 ], [ 134.912287834000011, 34.673369586 ], [ 134.912287912000011, 34.673380414 ], [ 134.91229133600001, 34.673384559 ], [ 134.912299079, 34.673386225 ], [ 134.912321362, 34.67338864 ], [ 134.912405966, 34.673393279 ], [ 134.912416005000011, 34.673391532 ], [ 134.912423696, 34.673384802 ], [ 134.912428106, 34.673378946 ], [ 134.912432529, 34.673368108 ], [ 134.912450752000012, 34.673261 ], [ 134.912450635999988, 34.673245135 ], [ 134.912443917, 34.673235162 ], [ 134.912430558000011, 34.673226829 ], [ 134.912421582, 34.673223559 ] ] ], [ [ [ 134.871648781, 34.68649264 ], [ 134.871604163, 34.686412252 ], [ 134.87116978, 34.686595081 ], [ 134.87121022, 34.686673081 ], [ 134.87127880700001, 34.686648162 ], [ 134.871255642, 34.686608586 ], [ 134.87156752300001, 34.686468468 ], [ 134.871589001, 34.686514802 ], [ 134.871648781, 34.68649264 ] ] ], [ [ [ 134.89711275, 34.687145135 ], [ 134.897162165999987, 34.687193333 ], [ 134.897102244, 34.687238667 ], [ 134.897082049, 34.687221468 ], [ 134.897010895, 34.687268495 ], [ 134.897037756, 34.687287387 ], [ 134.896962191999989, 34.687348306 ], [ 134.896928521, 34.687325946 ], [ 134.896797471000014, 34.687423441 ], [ 134.896844838, 34.687471919 ], [ 134.897204695, 34.687201775 ], [ 134.897130532, 34.687129468 ], [ 134.89711275, 34.687145135 ] ] ], [ [ [ 134.878166887, 34.696698559 ], [ 134.878478664, 34.696489892 ], [ 134.879064422999988, 34.696111252 ], [ 134.879091141, 34.696094279 ], [ 134.879260506, 34.695986775 ], [ 134.879469300000011, 34.695854586 ], [ 134.879628638000014, 34.695751279 ], [ 134.879790921, 34.695645721 ], [ 134.879799921999989, 34.695639279 ], [ 134.87988511, 34.695579946 ], [ 134.879892802, 34.695555468 ], [ 134.880008054, 34.695485802 ], [ 134.880084475, 34.695439667 ], [ 134.881044994, 34.694796721 ], [ 134.881095642, 34.694742586 ], [ 134.881212802, 34.694621081 ], [ 134.881502335, 34.694348892 ], [ 134.881807834, 34.694051279 ], [ 134.88204869, 34.693828333 ], [ 134.882350194999987, 34.693537667 ], [ 134.882728469999989, 34.693155802 ], [ 134.883048197, 34.692844892 ], [ 134.883333333, 34.692586468 ], [ 134.883356005, 34.692565919 ], [ 134.883647198, 34.692270441 ], [ 134.883813722000014, 34.692089279 ], [ 134.883835447, 34.692065667 ], [ 134.883990999, 34.691873306 ], [ 134.883992944, 34.691853 ], [ 134.883974306, 34.691826135 ], [ 134.883896394, 34.691727414 ], [ 134.883844669000013, 34.691666667 ], [ 134.883545499, 34.691315306 ], [ 134.883383969, 34.691119225 ], [ 134.886212944, 34.689487694 ], [ 134.886167393, 34.689432721 ], [ 134.884703839, 34.690278108 ], [ 134.884137808, 34.690605027 ], [ 134.88411345, 34.690570973 ], [ 134.884092724, 34.690556919 ], [ 134.884077588, 34.690558694 ], [ 134.884050026000011, 34.690568468 ], [ 134.884020441, 34.690584559 ], [ 134.883926835000011, 34.690637 ], [ 134.883366200000012, 34.690942252 ], [ 134.883337808, 34.69095564 ], [ 134.883333333, 34.690956775 ], [ 134.883319494, 34.690960306 ], [ 134.883308054, 34.690962252 ], [ 134.883297471, 34.690962306 ], [ 134.883290584, 34.690960441 ], [ 134.883282697999988, 34.690956694 ], [ 134.883272802, 34.690948081 ], [ 134.883199364, 34.690865108 ], [ 134.88298360600001, 34.690604748 ], [ 134.882965473000013, 34.690553 ], [ 134.882735616, 34.690287 ], [ 134.882319663, 34.689805667 ], [ 134.882125422, 34.689577829 ], [ 134.881701025000012, 34.689094279 ], [ 134.880827977, 34.688058414 ], [ 134.880205642, 34.687326027 ], [ 134.880102892, 34.687204333 ], [ 134.879256278000014, 34.686202775 ], [ 134.879310778, 34.686173054 ], [ 134.879242218, 34.686090495 ], [ 134.87918406, 34.686122414 ], [ 134.879024475, 34.685934081 ], [ 134.878783022, 34.685649198 ], [ 134.878414695, 34.685215495 ], [ 134.878399105, 34.685136252 ], [ 134.877837393, 34.684470387 ], [ 134.877600414999989, 34.68441464 ], [ 134.876715357, 34.684752973 ], [ 134.87630594, 34.684893162 ], [ 134.875336978, 34.685254748 ], [ 134.875, 34.685378387 ], [ 134.873924643, 34.685773 ], [ 134.872573022000012, 34.686270468 ], [ 134.871708520999988, 34.686584054 ], [ 134.871667756, 34.68652536 ], [ 134.871229000999989, 34.686708973 ], [ 134.871254384, 34.686753279 ], [ 134.870270778, 34.687115973 ], [ 134.869907328000011, 34.68724964 ], [ 134.869803165, 34.687287973 ], [ 134.869451997, 34.687417081 ], [ 134.86801275, 34.687953387 ], [ 134.867240441, 34.688236532 ], [ 134.866666667, 34.688452829 ], [ 134.865865525, 34.688754865 ], [ 134.86447097300001, 34.689273198 ], [ 134.862919131000012, 34.689912793 ], [ 134.862894125, 34.689923126 ], [ 134.863764163000013, 34.691345279 ], [ 134.86383917, 34.691468054 ], [ 134.863960803999987, 34.691666667 ], [ 134.864274163, 34.692178892 ], [ 134.864406394000014, 34.692395279 ], [ 134.864648327, 34.692790279 ], [ 134.864719728000011, 34.692907495 ], [ 134.864876939, 34.693164162 ], [ 134.864996394, 34.693359441 ], [ 134.864916666999989, 34.693425 ], [ 134.864966394, 34.693510829 ], [ 134.86603166, 34.695358054 ], [ 134.866610830000013, 34.696361523 ], [ 134.866666667, 34.696341973 ], [ 134.866825616, 34.696285973 ], [ 134.867161284, 34.696169667 ], [ 134.867545162, 34.696035198 ], [ 134.867568885, 34.69607736 ], [ 134.867876355, 34.696178694 ], [ 134.868615811000012, 34.695915 ], [ 134.868968755, 34.695790586 ], [ 134.869073476000011, 34.69600036 ], [ 134.86928214, 34.69641936 ], [ 134.869439053, 34.696731946 ], [ 134.870226887, 34.698286802 ], [ 134.870340700000014, 34.698483279 ], [ 134.869836588999988, 34.698660225 ], [ 134.869819364, 34.698666252 ], [ 134.869539248, 34.698764586 ], [ 134.869510272000014, 34.698774694 ], [ 134.868340117, 34.699185252 ], [ 134.86883655, 34.7 ], [ 134.869021388, 34.700303333 ], [ 134.869353891, 34.700849441 ], [ 134.869697847, 34.701414081 ], [ 134.870286641, 34.701213559 ], [ 134.870346304, 34.701192829 ], [ 134.871518781, 34.700788027 ], [ 134.871545551, 34.700776802 ], [ 134.871580078, 34.700764829 ], [ 134.871865422000013, 34.700665775 ], [ 134.8718907, 34.700655829 ], [ 134.872047393, 34.700599973 ], [ 134.872255357, 34.700514108 ], [ 134.872417756, 34.700463108 ], [ 134.872787639, 34.700254946 ], [ 134.872814694999988, 34.700285108 ], [ 134.873105616, 34.700121081 ], [ 134.873083060999988, 34.700094775 ], [ 134.873078365999987, 34.700091387 ], [ 134.873093579999988, 34.700082027 ], [ 134.873096005, 34.700085973 ], [ 134.873119416, 34.700113279 ], [ 134.873320363, 34.7 ], [ 134.874041582, 34.699593441 ], [ 134.874022438, 34.699571081 ], [ 134.874016614999988, 34.699565694 ], [ 134.87403511, 34.699555333 ], [ 134.874037419, 34.699559468 ], [ 134.87406131, 34.699587414 ], [ 134.874348003, 34.699429721 ], [ 134.874392476999986, 34.699401586 ], [ 134.874434449, 34.699377414 ], [ 134.874410947, 34.69922336 ], [ 134.874419921999987, 34.699158946 ], [ 134.874439689000013, 34.699112441 ], [ 134.874469882999989, 34.69907136 ], [ 134.874516109000012, 34.699030865 ], [ 134.874776278000013, 34.698850865 ], [ 134.874788664, 34.698842495 ], [ 134.875, 34.69870736 ], [ 134.875143022, 34.698615919 ], [ 134.875150947, 34.698611108 ], [ 134.875443359, 34.698425721 ], [ 134.875452607, 34.698421613 ], [ 134.87574511, 34.698232279 ], [ 134.875755551, 34.698227441 ], [ 134.876044773, 34.698036559 ], [ 134.876054112, 34.698030586 ], [ 134.87635099900001, 34.697843721 ], [ 134.876359364, 34.697838198 ], [ 134.876390441000012, 34.697817865 ], [ 134.876646083, 34.697665532 ], [ 134.877303256, 34.697243748 ], [ 134.878166887, 34.696698559 ] ] ], [ [ [ 135.133432335, 34.640302108 ], [ 135.133333333, 34.640309306 ], [ 135.132007717, 34.640405667 ], [ 135.132011946, 34.640346333 ], [ 135.131726031, 34.640363414 ], [ 135.131643747999988, 34.640259306 ], [ 135.131577173000011, 34.640287946 ], [ 135.13153939, 34.640228162 ], [ 135.131508392, 34.640179135 ], [ 135.131453281, 34.640199613 ], [ 135.131652917999986, 34.640521225 ], [ 135.133333333, 34.6404 ], [ 135.133433217, 34.640392802 ], [ 135.137026394, 34.640133613 ], [ 135.137012944, 34.640041946 ], [ 135.134739468, 34.640207162 ], [ 135.133432335, 34.640302108 ] ] ], [ [ [ 135.147901776999987, 34.645686613 ], [ 135.147899559, 34.645702586 ], [ 135.147996641, 34.645713919 ], [ 135.148001388000012, 34.645675225 ], [ 135.148044617000011, 34.645680054 ], [ 135.148047497, 34.64566236 ], [ 135.147908612, 34.645647532 ], [ 135.147901854999986, 34.645672 ], [ 135.14782802900001, 34.645661495 ], [ 135.147831946, 34.645638667 ], [ 135.147809559, 34.645636559 ], [ 135.147802088, 34.645674279 ], [ 135.147901776999987, 34.645686613 ] ] ], [ [ [ 135.204236109, 34.651714252 ], [ 135.204438249, 34.651516559 ], [ 135.204370558, 34.65146936 ], [ 135.203367082, 34.652442279 ], [ 135.202991193, 34.652811613 ], [ 135.202531193, 34.653264279 ], [ 135.202386808999989, 34.653405306 ], [ 135.202352529, 34.653404279 ], [ 135.202339779999988, 34.653404027 ], [ 135.202326887, 34.653403919 ], [ 135.202313645, 34.65340764 ], [ 135.202248559999987, 34.653464252 ], [ 135.202236031000012, 34.653478495 ], [ 135.202227107999988, 34.653490441 ], [ 135.20222345, 34.653516721 ], [ 135.202223256, 34.653538973 ], [ 135.202227134, 34.653556892 ], [ 135.202233113, 34.653574802 ], [ 135.202253645000013, 34.653587081 ], [ 135.202288974999988, 34.653596306 ], [ 135.202315616, 34.653597108 ], [ 135.202345162, 34.653586973 ], [ 135.20240199700001, 34.653533387 ], [ 135.202460363, 34.653470586 ], [ 135.202530947000014, 34.653397414 ], [ 135.202620778000011, 34.653307613 ], [ 135.20266632900001, 34.653263306 ], [ 135.202723139, 34.653208 ], [ 135.202815162, 34.653118559 ], [ 135.202905837, 34.653027108 ], [ 135.203006161, 34.652930667 ], [ 135.203084942, 34.652858892 ], [ 135.203176835, 34.652768532 ], [ 135.203253502, 34.65269236 ], [ 135.203331141, 34.652614721 ], [ 135.203368469999987, 34.652576946 ], [ 135.204231582, 34.651719414 ], [ 135.204236109, 34.651714252 ] ] ], [ [ [ 135.186806225999987, 34.653192721 ], [ 135.186857081999989, 34.653196694 ], [ 135.186864423, 34.653133613 ], [ 135.186813411, 34.653129559 ], [ 135.186806225999987, 34.653192721 ] ] ], [ [ [ 135.190896861, 34.652997135 ], [ 135.190825913999987, 34.652991532 ], [ 135.190766394, 34.652985802 ], [ 135.190716834999989, 34.652983162 ], [ 135.190647393, 34.652977892 ], [ 135.190565357, 34.652966748 ], [ 135.190505253, 34.652957162 ], [ 135.190438145, 34.652944108 ], [ 135.190372438, 34.652938486 ], [ 135.190380143, 34.652893703 ], [ 135.190231102000013, 34.652875144 ], [ 135.190210687, 34.652998297 ], [ 135.190383164999986, 34.653017532 ], [ 135.190626472, 34.653043225 ], [ 135.19089917, 34.653072306 ], [ 135.191412049, 34.653129279 ], [ 135.191666667, 34.653156865 ], [ 135.191802827, 34.653171613 ], [ 135.192325641999986, 34.653228973 ], [ 135.192852477, 34.65328564 ], [ 135.193155668, 34.653319748 ], [ 135.193155383, 34.653324252 ], [ 135.193211193, 34.653330532 ], [ 135.193286667, 34.653339198 ], [ 135.193289222, 34.653333495 ], [ 135.193553528, 34.653363108 ], [ 135.193552192, 34.653371306 ], [ 135.19379433200001, 34.653398892 ], [ 135.19407511, 34.653428198 ], [ 135.194076693, 34.653421694 ], [ 135.194266693, 34.653439829 ], [ 135.194473671, 34.653463054 ], [ 135.19447297, 34.653470829 ], [ 135.194610751999988, 34.653478775 ], [ 135.19465061, 34.653482829 ], [ 135.194929079, 34.653510973 ], [ 135.195270389, 34.653548748 ], [ 135.195655550999987, 34.653589387 ], [ 135.195945525000013, 34.653621054 ], [ 135.196346471999988, 34.653665198 ], [ 135.196855746000011, 34.653720559 ], [ 135.197284747, 34.653769081 ], [ 135.197697912, 34.653814198 ], [ 135.198136641, 34.653861559 ], [ 135.198947004, 34.653948748 ], [ 135.199019196, 34.653956721 ], [ 135.199468949, 34.654006081 ], [ 135.199838105999987, 34.654046198 ], [ 135.199837302, 34.654054306 ], [ 135.199986394, 34.654069829 ], [ 135.199988612, 34.654063054 ], [ 135.2, 34.654064279 ], [ 135.200601751, 34.654128468 ], [ 135.200761193, 34.654146721 ], [ 135.201197977, 34.654194721 ], [ 135.201663554, 34.654244973 ], [ 135.202020389000012, 34.654285333 ], [ 135.202308638, 34.654318694 ], [ 135.202298781, 34.654379973 ], [ 135.202446355, 34.654396973 ], [ 135.202461997, 34.654308135 ], [ 135.202259728, 34.654285054 ], [ 135.202262114, 34.654273775 ], [ 135.202262023, 34.654265865 ], [ 135.202259416, 34.654254054 ], [ 135.202250999, 34.654242667 ], [ 135.202236589, 34.654230333 ], [ 135.202210947, 34.654221414 ], [ 135.202161141, 34.654216081 ], [ 135.202122802, 34.654210054 ], [ 135.20208489, 34.654206162 ], [ 135.202031115000011, 34.654204586 ], [ 135.201979169999987, 34.654203865 ], [ 135.201921141000014, 34.65419336 ], [ 135.201882996, 34.654187946 ], [ 135.201845084000013, 34.654183081 ], [ 135.201800117, 34.654179892 ], [ 135.201767173, 34.654179586 ], [ 135.201724383999988, 34.654179252 ], [ 135.201678949000012, 34.65417236 ], [ 135.201614449, 34.654160027 ], [ 135.201542996, 34.654149721 ], [ 135.201442724, 34.654137559 ], [ 135.201353917, 34.654128081 ], [ 135.201263087, 34.65411936 ], [ 135.20114834, 34.654110892 ], [ 135.201084449, 34.654105198 ], [ 135.201016835, 34.654097586 ], [ 135.200934747, 34.654082387 ], [ 135.200880168999987, 34.654068252 ], [ 135.200816226, 34.654056919 ], [ 135.200750584, 34.654047802 ], [ 135.200683917, 34.654036919 ], [ 135.20060847, 34.654031775 ], [ 135.200549532999986, 34.654028775 ], [ 135.200476589, 34.654021 ], [ 135.200409883, 34.654017054 ], [ 135.200360947, 34.654011 ], [ 135.20032022, 34.654008135 ], [ 135.200263606, 34.654007198 ], [ 135.200185084, 34.65399936 ], [ 135.200132218, 34.653994333 ], [ 135.200082087999988, 34.653988198 ], [ 135.200028417999988, 34.653987694 ], [ 135.2, 34.653987946 ], [ 135.199981505000011, 34.653988108 ], [ 135.19995655, 34.653990441 ], [ 135.199921634, 34.653990532 ], [ 135.199879728000013, 34.653987559 ], [ 135.199811855, 34.653978135 ], [ 135.199741855000013, 34.653970162 ], [ 135.19968144, 34.653962108 ], [ 135.199599221999989, 34.653954667 ], [ 135.199465966, 34.653939946 ], [ 135.19938885900001, 34.653931027 ], [ 135.199320661, 34.653920135 ], [ 135.199232827, 34.653908333 ], [ 135.199148664, 34.653901162 ], [ 135.199075811, 34.653891495 ], [ 135.19901847, 34.653885586 ], [ 135.199003721999986, 34.653884081 ], [ 135.198928495, 34.653877748 ], [ 135.198824643, 34.653866775 ], [ 135.198702503, 34.653850333 ], [ 135.198622412, 34.653840441 ], [ 135.198568781, 34.653832973 ], [ 135.19849661500001, 34.653826919 ], [ 135.198423553999987, 34.653820946 ], [ 135.198369611, 34.653815829 ], [ 135.198308366, 34.653810667 ], [ 135.198235162, 34.65380136 ], [ 135.198174967999989, 34.653793333 ], [ 135.198133774000013, 34.653787027 ], [ 135.1980862, 34.653785027 ], [ 135.198050895, 34.653786721 ], [ 135.198010532000012, 34.653788721 ], [ 135.197964137000014, 34.65378464 ], [ 135.197904384, 34.653779198 ], [ 135.197834578, 34.653770495 ], [ 135.19777824900001, 34.653765468 ], [ 135.197718781, 34.653754279 ], [ 135.197638106, 34.653737532 ], [ 135.197547523, 34.653723946 ], [ 135.197463527999986, 34.653714333 ], [ 135.197397302000013, 34.653703198 ], [ 135.19732160800001, 34.65369364 ], [ 135.197210311, 34.653680532 ], [ 135.197145357000011, 34.653676225 ], [ 135.197081051, 34.653672613 ], [ 135.197022283, 34.653664198 ], [ 135.196965694, 34.653656027 ], [ 135.196906252, 34.653647694 ], [ 135.196829079, 34.653644198 ], [ 135.196759754, 34.653637198 ], [ 135.196680778, 34.653628387 ], [ 135.196603671, 34.653620198 ], [ 135.196523191000011, 34.653612027 ], [ 135.196445966, 34.653602279 ], [ 135.196344086000011, 34.653594081 ], [ 135.196248340000011, 34.653584586 ], [ 135.196162724, 34.653577054 ], [ 135.196057639, 34.653564919 ], [ 135.195965226999988, 34.653552586 ], [ 135.195883722, 34.653541081 ], [ 135.195809494, 34.653536559 ], [ 135.195733112999989, 34.653525108 ], [ 135.19566703000001, 34.653514946 ], [ 135.195595357, 34.653506162 ], [ 135.19552153, 34.653498586 ], [ 135.195462023, 34.653493667 ], [ 135.195395305, 34.653487306 ], [ 135.19532477300001, 34.653480748 ], [ 135.195242529000012, 34.653471054 ], [ 135.195142555, 34.653457532 ], [ 135.19506192, 34.653445829 ], [ 135.194958197, 34.653435829 ], [ 135.194895499000012, 34.653430333 ], [ 135.194847367, 34.653427162 ], [ 135.194802087999989, 34.653426387 ], [ 135.194746641, 34.653422027 ], [ 135.194689196000013, 34.653416748 ], [ 135.194649857, 34.653411532 ], [ 135.194617198, 34.653407162 ], [ 135.194564968, 34.653398414 ], [ 135.19451632900001, 34.653390198 ], [ 135.194446782999989, 34.653384027 ], [ 135.194340219999987, 34.653377027 ], [ 135.194282802, 34.653374081 ], [ 135.194240143, 34.653372054 ], [ 135.194205668, 34.653371748 ], [ 135.194190195, 34.653374559 ], [ 135.194160636, 34.653373135 ], [ 135.194125888, 34.653369054 ], [ 135.194101284, 34.653361306 ], [ 135.194082529000013, 34.653353495 ], [ 135.194050143, 34.653344892 ], [ 135.194005447, 34.653336748 ], [ 135.193933139, 34.653328225 ], [ 135.193890466999989, 34.65332564 ], [ 135.19387299600001, 34.653324495 ], [ 135.193810726, 34.653317198 ], [ 135.193752607, 34.653308135 ], [ 135.193690999000012, 34.653299468 ], [ 135.19363386500001, 34.653291946 ], [ 135.193573644999987, 34.653282919 ], [ 135.19350297, 34.653274027 ], [ 135.193419883, 34.653266054 ], [ 135.193345422, 34.653259 ], [ 135.193288274999986, 34.653252 ], [ 135.193234189, 34.65324464 ], [ 135.193174449, 34.653237495 ], [ 135.193129973999987, 34.653230225 ], [ 135.193084086, 34.653223892 ], [ 135.193019779999986, 34.653218108 ], [ 135.192969339, 34.653213775 ], [ 135.192928418, 34.653211802 ], [ 135.192893606000013, 34.653213054 ], [ 135.192851608000012, 34.653212162 ], [ 135.192796744, 34.653203468 ], [ 135.192741751, 34.653200613 ], [ 135.192685383, 34.653195225 ], [ 135.192619831, 34.653184162 ], [ 135.192552944, 34.653173532 ], [ 135.192470052, 34.653165198 ], [ 135.19229230900001, 34.653148613 ], [ 135.192181556, 34.653136495 ], [ 135.192107613, 34.653129333 ], [ 135.192018171, 34.653119694 ], [ 135.191909754, 34.653108919 ], [ 135.191771777000014, 34.653091333 ], [ 135.191666667, 34.653079198 ], [ 135.191662114, 34.653078667 ], [ 135.191588612, 34.653069441 ], [ 135.191517613, 34.653062198 ], [ 135.191453645, 34.653057775 ], [ 135.19139511, 34.653051414 ], [ 135.191318884999987, 34.653045306 ], [ 135.191239948, 34.653036468 ], [ 135.19117786000001, 34.653026892 ], [ 135.191109727999986, 34.653019532 ], [ 135.19103131, 34.653010721 ], [ 135.190963696000011, 34.653002892 ], [ 135.190896861, 34.652997135 ] ] ], [ [ [ 135.186202165999987, 34.655609495 ], [ 135.186209389999988, 34.655600721 ], [ 135.186211025, 34.655569495 ], [ 135.186198781, 34.655565802 ], [ 135.186155136, 34.655566027 ], [ 135.186153281, 34.655609586 ], [ 135.186202165999987, 34.655609495 ] ] ], [ [ [ 135.202560921000014, 34.659193694 ], [ 135.202628586, 34.65919636 ], [ 135.202706978, 34.659200946 ], [ 135.203438106, 34.659230333 ], [ 135.203551414, 34.659234946 ], [ 135.20343749700001, 34.659171306 ], [ 135.203096978, 34.658980802 ], [ 135.202754617000011, 34.658968279 ], [ 135.202560921000014, 34.659193694 ] ] ], [ [ [ 135.188866939, 34.670483333 ], [ 135.188893138999987, 34.670601775 ], [ 135.189021582, 34.670582387 ], [ 135.188995383, 34.670464027 ], [ 135.188866939, 34.670483333 ] ] ], [ [ [ 135.188586005, 34.670527946 ], [ 135.1886193, 34.670595414 ], [ 135.188697497, 34.670569081 ], [ 135.188664163, 34.670501613 ], [ 135.188586005, 34.670527946 ] ] ], [ [ [ 135.188741894, 34.670822613 ], [ 135.18880834, 34.670799162 ], [ 135.18877939, 34.670743306 ], [ 135.188712944, 34.670766667 ], [ 135.188741894, 34.670822613 ] ] ], [ [ [ 135.188815966, 34.670948865 ], [ 135.188872581, 34.67092636 ], [ 135.188825058, 34.670844667 ], [ 135.188768418, 34.670867252 ], [ 135.188815966, 34.670948865 ] ] ], [ [ [ 135.189002892, 34.670906252 ], [ 135.189021582, 34.670994829 ], [ 135.189117886, 34.670980892 ], [ 135.189099196, 34.670892333 ], [ 135.189002892, 34.670906252 ] ] ], [ [ [ 135.188908444, 34.670996973 ], [ 135.188845914000012, 34.671018333 ], [ 135.18887367100001, 34.671073667 ], [ 135.1889362, 34.671052387 ], [ 135.188908444, 34.670996973 ] ] ], [ [ [ 135.18908061, 34.671218252 ], [ 135.189098197, 34.671302946 ], [ 135.189189274, 34.671290054 ], [ 135.189171699000013, 34.67120536 ], [ 135.18908061, 34.671218252 ] ] ], [ [ [ 135.189001608000012, 34.671356721 ], [ 135.189041971, 34.671342919 ], [ 135.189031505, 34.671312892 ], [ 135.188988223, 34.67132636 ], [ 135.188892087999989, 34.67113636 ], [ 135.188934942, 34.671123081 ], [ 135.188923644999988, 34.671094775 ], [ 135.188876861000011, 34.671107892 ], [ 135.188826861, 34.670990414 ], [ 135.188795863, 34.670987748 ], [ 135.188728340000011, 34.671011865 ], [ 135.188733191000011, 34.671036532 ], [ 135.188742633, 34.671034027 ], [ 135.188805084, 34.671162306 ], [ 135.18889847, 34.671354387 ], [ 135.188886226, 34.671361495 ], [ 135.188897276, 34.671385495 ], [ 135.188913502, 34.671383306 ], [ 135.188956161, 34.671468108 ], [ 135.188943554, 34.671471892 ], [ 135.18895572, 34.671498225 ], [ 135.18896856, 34.671495333 ], [ 135.188985966, 34.671533081 ], [ 135.188974695000013, 34.671538306 ], [ 135.188983969, 34.671560775 ], [ 135.188994643, 34.671558973 ], [ 135.189019804999987, 34.671607667 ], [ 135.189005810999987, 34.67161364 ], [ 135.189027134000014, 34.671653135 ], [ 135.189043139, 34.671648252 ], [ 135.18905722400001, 34.671670613 ], [ 135.189043554, 34.671677802 ], [ 135.189061608, 34.671714306 ], [ 135.189078029, 34.671709748 ], [ 135.189147367, 34.671841613 ], [ 135.189114034, 34.671857081 ], [ 135.189135771999986, 34.671903892 ], [ 135.18914406, 34.671921586 ], [ 135.189131362000012, 34.671928279 ], [ 135.189137859999988, 34.671947414 ], [ 135.189129831, 34.671951721 ], [ 135.189146978, 34.671984054 ], [ 135.189283839000012, 34.671933946 ], [ 135.189277522999987, 34.671923441 ], [ 135.189294475, 34.671916387 ], [ 135.189287328, 34.671902829 ], [ 135.189039689, 34.671430108 ], [ 135.189102944000012, 34.671406225 ], [ 135.189083501999988, 34.671360586 ], [ 135.189072944, 34.671364162 ], [ 135.18906594, 34.671350973 ], [ 135.189008885, 34.671373 ], [ 135.189001608000012, 34.671356721 ] ] ], [ [ [ 135.188999169999988, 34.673196586 ], [ 135.189068106, 34.673216586 ], [ 135.189095278999986, 34.673152829 ], [ 135.189026329, 34.673132748 ], [ 135.188999169999988, 34.673196586 ] ] ], [ [ [ 135.2229362, 34.681446973 ], [ 135.22247177700001, 34.681439279 ], [ 135.222471555999988, 34.681448559 ], [ 135.221708495, 34.681435919 ], [ 135.221707665, 34.681469441 ], [ 135.222475084, 34.681482162 ], [ 135.222475473, 34.681466748 ], [ 135.222781946, 34.681471802 ], [ 135.222780532, 34.681533387 ], [ 135.222933995, 34.681535973 ], [ 135.2229362, 34.681446973 ] ] ], [ [ [ 135.224345694, 34.685977252 ], [ 135.224256446, 34.685969333 ], [ 135.224247056, 34.686041252 ], [ 135.224336419999986, 34.686049162 ], [ 135.224345694, 34.685977252 ] ] ], [ [ [ 135.22411167300001, 34.686666802 ], [ 135.224183748, 34.686672135 ], [ 135.224191751, 34.686604829 ], [ 135.22411978, 34.686599495 ], [ 135.22411167300001, 34.686666802 ] ] ], [ [ [ 135.224123385000013, 34.687210829 ], [ 135.224130194999987, 34.687144279 ], [ 135.224058444, 34.687138108 ], [ 135.224051505, 34.687204694 ], [ 135.224123385000013, 34.687210829 ] ] ], [ [ [ 135.224052113999988, 34.687842586 ], [ 135.224143191, 34.687849027 ], [ 135.224150895, 34.68777236 ], [ 135.224060466999987, 34.687766441 ], [ 135.224052113999988, 34.687842586 ] ] ], [ [ [ 135.224292309, 34.689176 ], [ 135.224224384, 34.689172559 ], [ 135.224190117, 34.689487306 ], [ 135.224257392999988, 34.689491532 ], [ 135.224292309, 34.689176 ] ] ], [ [ [ 135.224256226, 34.689504225 ], [ 135.224188521, 34.689501027 ], [ 135.224153476, 34.689814919 ], [ 135.224221193, 34.689820108 ], [ 135.224256226, 34.689504225 ] ] ], [ [ [ 135.224184968, 34.690147414 ], [ 135.224220116999987, 34.689830829 ], [ 135.224152283, 34.689827279 ], [ 135.224117471, 34.690143225 ], [ 135.224184968, 34.690147414 ] ] ], [ [ [ 135.224184189, 34.690157162 ], [ 135.224116394, 34.690154946 ], [ 135.224081362, 34.690470559 ], [ 135.22414917, 34.690473306 ], [ 135.224184189, 34.690157162 ] ] ], [ [ [ 135.224147562000013, 34.690485748 ], [ 135.224080272, 34.690481919 ], [ 135.224045331000013, 34.690795081 ], [ 135.224112866000013, 34.690802333 ], [ 135.224147562000013, 34.690485748 ] ] ], [ [ [ 135.213011505, 34.639831892 ], [ 135.213160609999989, 34.639910252 ], [ 135.21334022, 34.639963414 ], [ 135.213516472, 34.639999802 ], [ 135.213740143, 34.640022198 ], [ 135.21427716, 34.64006445 ], [ 135.214276174, 34.640072973 ], [ 135.215362270000014, 34.640160135 ], [ 135.215535188, 34.640174036 ], [ 135.215713359, 34.640189153 ], [ 135.215709689, 34.640223523 ], [ 135.216340973, 34.640271063 ], [ 135.216370026, 34.64029636 ], [ 135.216446524, 34.640370721 ], [ 135.216666667, 34.640387964 ], [ 135.216874228, 34.640404225 ], [ 135.21696063600001, 34.64034464 ], [ 135.216991777, 34.64031845 ], [ 135.218291388000011, 34.64042018 ], [ 135.218310116999987, 34.640448892 ], [ 135.21839262, 34.640545207 ], [ 135.219007588000011, 34.640596 ], [ 135.219480441, 34.64062809 ], [ 135.219592100999989, 34.640553802 ], [ 135.219550129999988, 34.640515432 ], [ 135.219553346, 34.64048927 ], [ 135.219554345, 34.640481144 ], [ 135.22086752300001, 34.640582892 ], [ 135.223927003999989, 34.640823568 ], [ 135.22392083, 34.640889622 ], [ 135.224026380999987, 34.640896874 ], [ 135.224832698, 34.640960847 ], [ 135.225, 34.640973856 ], [ 135.225776109, 34.64103418 ], [ 135.226479468, 34.641089703 ], [ 135.227184306, 34.641149802 ], [ 135.227198599, 34.641080928 ], [ 135.227843917, 34.641131694 ], [ 135.227982892, 34.639950829 ], [ 135.228667056, 34.640001721 ], [ 135.228626225999989, 34.640459252 ], [ 135.228712802, 34.640461054 ], [ 135.228756226, 34.64000836 ], [ 135.232102335, 34.640257225 ], [ 135.231970169, 34.641440919 ], [ 135.233333333, 34.641545748 ], [ 135.234905887999986, 34.641666667 ], [ 135.235699883, 34.641727721 ], [ 135.235872723999989, 34.641710946 ], [ 135.235979974, 34.641666667 ], [ 135.236001505, 34.641657775 ], [ 135.236116743999986, 34.641571027 ], [ 135.236160804, 34.641515054 ], [ 135.236289585, 34.641294 ], [ 135.236549169999989, 34.640808865 ], [ 135.237858755, 34.63836136 ], [ 135.238128171, 34.637842279 ], [ 135.238192581, 34.637654802 ], [ 135.238233216999987, 34.637509279 ], [ 135.238490804, 34.635265054 ], [ 135.240293799999989, 34.634839721 ], [ 135.24046610900001, 34.633333333 ], [ 135.240492088, 34.633106162 ], [ 135.238711089, 34.632396802 ], [ 135.237727717000013, 34.632321775 ], [ 135.233333333, 34.631986613 ], [ 135.229685888, 34.631708414 ], [ 135.22863358, 34.630649252 ], [ 135.228372607000011, 34.630626865 ], [ 135.227071193, 34.631499946 ], [ 135.225, 34.631337892 ], [ 135.224735356999986, 34.631317198 ], [ 135.216666667, 34.630685973 ], [ 135.214802607, 34.630540135 ], [ 135.210994968, 34.629416613 ], [ 135.209276693, 34.630138586 ], [ 135.208912166, 34.633333333 ], [ 135.208863216999987, 34.633762387 ], [ 135.208866615, 34.633807162 ], [ 135.208873385, 34.633854721 ], [ 135.208900506, 34.633905108 ], [ 135.208995383, 34.634053414 ], [ 135.209969416, 34.63548836 ], [ 135.212608197, 34.639375775 ], [ 135.212696304, 34.639518495 ], [ 135.212794578, 34.639638829 ], [ 135.212933528, 34.639773135 ], [ 135.213011505, 34.639831892 ] ] ], [ [ [ 135.254695383000012, 34.648846162 ], [ 135.254751025, 34.648909387 ], [ 135.255919611, 34.648351802 ], [ 135.255870947, 34.648282829 ], [ 135.254695383000012, 34.648846162 ] ] ], [ [ [ 135.25017586300001, 34.650899441 ], [ 135.251647497, 34.650926333 ], [ 135.251648911, 34.650845279 ], [ 135.250183333, 34.650817586 ], [ 135.25, 34.650814126 ], [ 135.249698560000013, 34.650808441 ], [ 135.24953, 34.650805748 ], [ 135.249528029, 34.650885802 ], [ 135.249699442, 34.650888468 ], [ 135.25, 34.650895396 ], [ 135.25017586300001, 34.650899441 ] ] ], [ [ [ 135.225722698, 34.661996027 ], [ 135.226199533, 34.661206333 ], [ 135.226273411, 34.661098532 ], [ 135.226312334999989, 34.661115721 ], [ 135.226288106, 34.661156559 ], [ 135.226402412, 34.661204865 ], [ 135.226773528, 34.661351892 ], [ 135.226845422, 34.661227667 ], [ 135.226775642, 34.661202135 ], [ 135.226362776, 34.661036468 ], [ 135.226340271999987, 34.661065946 ], [ 135.22629428, 34.661049973 ], [ 135.226541634, 34.66064564 ], [ 135.22664192, 34.660686198 ], [ 135.226594772999988, 34.660758748 ], [ 135.227018949000012, 34.660938 ], [ 135.227139585, 34.660744387 ], [ 135.226715422000012, 34.660561802 ], [ 135.226666419999987, 34.660641225 ], [ 135.226566161, 34.66060236 ], [ 135.226954033999988, 34.659982198 ], [ 135.227344643, 34.659366946 ], [ 135.227586304, 34.658952387 ], [ 135.227940077999989, 34.658333333 ], [ 135.22796144, 34.658295973 ], [ 135.228072282999989, 34.658102054 ], [ 135.228148197, 34.657969162 ], [ 135.228569922, 34.658098414 ], [ 135.229336589000013, 34.658333333 ], [ 135.231946978, 34.659133252 ], [ 135.233333333, 34.659562135 ], [ 135.233725252999989, 34.659683387 ], [ 135.235597523, 34.660258829 ], [ 135.237177198000012, 34.660731495 ], [ 135.238456004999989, 34.661115775 ], [ 135.238893061, 34.661247135 ], [ 135.238978003, 34.661111919 ], [ 135.239262724000014, 34.660658775 ], [ 135.240056446000011, 34.659318613 ], [ 135.240580558, 34.658445387 ], [ 135.240647134, 34.658333333 ], [ 135.240840661, 34.658007694 ], [ 135.241666667, 34.656617414 ], [ 135.243968392, 34.652743306 ], [ 135.245113671000013, 34.650815495 ], [ 135.245144552999989, 34.650815973 ], [ 135.24645252900001, 34.650835775 ], [ 135.246985615999989, 34.650845108 ], [ 135.249472723999986, 34.650884865 ], [ 135.249474669, 34.650804892 ], [ 135.246984747, 34.650765054 ], [ 135.24645983100001, 34.650756387 ], [ 135.245158301, 34.650747 ], [ 135.244653113, 34.650746 ], [ 135.243003087, 34.650720468 ], [ 135.241907951, 34.650689252 ], [ 135.241666667, 34.650685333 ], [ 135.240440998999986, 34.650665559 ], [ 135.237838301000011, 34.650607892 ], [ 135.235517327999986, 34.650574054 ], [ 135.234742827, 34.650556892 ], [ 135.23376214000001, 34.650536721 ], [ 135.233333333, 34.650527225 ], [ 135.233040026, 34.650520694 ], [ 135.232310117, 34.650509775 ], [ 135.231531284, 34.650495586 ], [ 135.230760557999986, 34.650482586 ], [ 135.230227108, 34.650473162 ], [ 135.229447977, 34.65045736 ], [ 135.228802554999987, 34.650443252 ], [ 135.228455253, 34.650436613 ], [ 135.228284137, 34.650409108 ], [ 135.227992776, 34.650401333 ], [ 135.22787655, 34.650397054 ], [ 135.227710245999987, 34.650390973 ], [ 135.227245966, 34.650380135 ], [ 135.226636615, 34.650371892 ], [ 135.22620992200001, 34.650365919 ], [ 135.225162477, 34.650337973 ], [ 135.225, 34.650334919 ], [ 135.224252087999986, 34.650320919 ], [ 135.223939533, 34.650318775 ], [ 135.223289247999986, 34.65030936 ], [ 135.222877950999987, 34.65030364 ], [ 135.222508170999987, 34.650295694 ], [ 135.222055746, 34.650283667 ], [ 135.221562309, 34.650270306 ], [ 135.221185966, 34.650260532 ], [ 135.220692891999988, 34.650249775 ], [ 135.219629688999987, 34.650226306 ], [ 135.219631582, 34.650116667 ], [ 135.218240025999989, 34.650093532 ], [ 135.218239805, 34.650071694 ], [ 135.217346783000011, 34.650058973 ], [ 135.217347030000013, 34.650080802 ], [ 135.217171115000014, 34.650074865 ], [ 135.217154669, 34.650077054 ], [ 135.216666667, 34.650396027 ], [ 135.215847470999989, 34.650931468 ], [ 135.215941633999989, 34.651027 ], [ 135.215579222, 34.651271225 ], [ 135.214908495, 34.651719694 ], [ 135.214778145, 34.651577108 ], [ 135.213114137, 34.652654613 ], [ 135.210764721, 34.654193775 ], [ 135.208333333000013, 34.655800054 ], [ 135.208285811, 34.655831468 ], [ 135.207209754, 34.656544892 ], [ 135.206706057, 34.656876802 ], [ 135.206540026, 34.656993198 ], [ 135.206666446000014, 34.657127613 ], [ 135.20619939, 34.657427919 ], [ 135.206133255999987, 34.657476694 ], [ 135.206113748, 34.657489198 ], [ 135.206103606, 34.657480892 ], [ 135.205981802999986, 34.657412694 ], [ 135.205785330999987, 34.657558973 ], [ 135.205727613, 34.657568225 ], [ 135.205669274, 34.657562054 ], [ 135.205377756, 34.657434613 ], [ 135.205329248, 34.657512468 ], [ 135.204679416, 34.657237027 ], [ 135.204668807, 34.657213468 ], [ 135.204413695999989, 34.657103532 ], [ 135.204449689, 34.65643536 ], [ 135.204376394, 34.656426333 ], [ 135.204389663, 34.656225748 ], [ 135.204271634, 34.656216306 ], [ 135.204263671, 34.656351306 ], [ 135.204340921000011, 34.656353108 ], [ 135.204328223, 34.656598865 ], [ 135.204340337, 34.656599306 ], [ 135.204337328, 34.656655946 ], [ 135.204325447, 34.656655468 ], [ 135.204293216999986, 34.657194252 ], [ 135.204289948, 34.657195108 ], [ 135.204220078, 34.658274775 ], [ 135.204216278, 34.658333333 ], [ 135.204153217, 34.659308892 ], [ 135.203623528, 34.659275081 ], [ 135.203622529, 34.659284919 ], [ 135.203438612000014, 34.659277225 ], [ 135.20271083, 34.659246802 ], [ 135.202631582, 34.659244198 ], [ 135.202358638, 34.659235613 ], [ 135.202234721, 34.661379775 ], [ 135.202117951, 34.663215135 ], [ 135.202019922, 34.664652613 ], [ 135.201947056, 34.665796306 ], [ 135.201902802, 34.666394865 ], [ 135.201886083, 34.666666667 ], [ 135.201859805, 34.667094613 ], [ 135.201824721, 34.667591414 ], [ 135.201766615, 34.668410279 ], [ 135.201721920000011, 34.669127198 ], [ 135.201672996000013, 34.669855225 ], [ 135.201622672000013, 34.670634721 ], [ 135.201577496999988, 34.671336135 ], [ 135.201551310000013, 34.671816108 ], [ 135.201535188, 34.672112441 ], [ 135.201495331, 34.672748198 ], [ 135.201441996999989, 34.673629306 ], [ 135.201601673, 34.673641414 ], [ 135.201595422, 34.673744613 ], [ 135.202786589, 34.673789667 ], [ 135.202729611, 34.674728495 ], [ 135.202944384, 34.674896919 ], [ 135.203075863, 34.675 ], [ 135.203607497, 34.675416829 ], [ 135.204245746, 34.675917198 ], [ 135.203620414999989, 34.676653775 ], [ 135.203326471999986, 34.676999973 ], [ 135.202494863999988, 34.676509892 ], [ 135.202182218, 34.67632236 ], [ 135.202059805, 34.676239027 ], [ 135.202021556, 34.676203162 ], [ 135.201991284, 34.676167054 ], [ 135.201951115000014, 34.676123613 ], [ 135.201926252, 34.676084748 ], [ 135.201824721, 34.675932135 ], [ 135.201650855999986, 34.675638667 ], [ 135.201625576999987, 34.675578 ], [ 135.201602503, 34.675520559 ], [ 135.20158686100001, 34.675455495 ], [ 135.201572944, 34.675395468 ], [ 135.201567224, 34.675339802 ], [ 135.201562360999986, 34.675282495 ], [ 135.201565162, 34.675215694 ], [ 135.201574720999986, 34.675126721 ], [ 135.201583411, 34.675 ], [ 135.201640467, 34.674170946 ], [ 135.201595694, 34.674168829 ], [ 135.201538586, 34.675 ], [ 135.20153005200001, 34.675124081 ], [ 135.201520506, 34.675213387 ], [ 135.201517523, 34.675283198 ], [ 135.201522606999987, 34.675342721 ], [ 135.201528586, 34.675400559 ], [ 135.20154297, 34.675462586 ], [ 135.20155917, 34.675529973 ], [ 135.201583139, 34.675589865 ], [ 135.201609442, 34.675652865 ], [ 135.201785058000013, 34.675949198 ], [ 135.201886939, 34.676102252 ], [ 135.201913217, 34.676143532 ], [ 135.20195505800001, 34.676188865 ], [ 135.201986226, 34.676225946 ], [ 135.202028520999988, 34.676265667 ], [ 135.202154838000013, 34.676351667 ], [ 135.202468664, 34.676539829 ], [ 135.203302477, 34.677031225 ], [ 135.203226640999986, 34.677125252 ], [ 135.203627756, 34.677352441 ], [ 135.204115032, 34.677628532 ], [ 135.204204942, 34.677523387 ], [ 135.204224475, 34.677534892 ], [ 135.204467951, 34.677693441 ], [ 135.204392049, 34.677782694 ], [ 135.204425719999989, 34.677808667 ], [ 135.204511115, 34.677855027 ], [ 135.204793359, 34.678017 ], [ 135.205053281, 34.677836919 ], [ 135.205103138999988, 34.677868198 ], [ 135.205116135, 34.677848198 ], [ 135.206354423, 34.678559333 ], [ 135.206759753999989, 34.678792081 ], [ 135.206819948, 34.678716829 ], [ 135.206353256, 34.678448829 ], [ 135.205150116999988, 34.677757892 ], [ 135.206337327999989, 34.676932279 ], [ 135.206480336999988, 34.676832802 ], [ 135.208333333000013, 34.677758054 ], [ 135.208919248, 34.678050613 ], [ 135.210702776, 34.678939198 ], [ 135.210431828999987, 34.680171586 ], [ 135.210347471, 34.680585495 ], [ 135.210031894, 34.680432279 ], [ 135.209984060000011, 34.680409 ], [ 135.209955966, 34.680394333 ], [ 135.209871699, 34.680349225 ], [ 135.209782866000012, 34.680298387 ], [ 135.209754449, 34.680281748 ], [ 135.209659222, 34.680224 ], [ 135.209623943, 34.680201919 ], [ 135.209523190999988, 34.680138162 ], [ 135.209423606, 34.680069667 ], [ 135.209400972999987, 34.680053225 ], [ 135.209244332, 34.679936721 ], [ 135.209218197000013, 34.679962225 ], [ 135.209374163, 34.680078225 ], [ 135.209397367, 34.680095 ], [ 135.209498054, 34.680164306 ], [ 135.209599442000012, 34.680228414 ], [ 135.209635058, 34.680250775 ], [ 135.209730830000012, 34.680308865 ], [ 135.209759689, 34.680325694 ], [ 135.209849170000012, 34.680376973 ], [ 135.209934228, 34.680422441 ], [ 135.20996297, 34.680437559 ], [ 135.210011479, 34.680461 ], [ 135.210309274, 34.680605613 ], [ 135.210435694000012, 34.680631027 ], [ 135.210292243999987, 34.681289414 ], [ 135.213529247999986, 34.681766495 ], [ 135.213521362, 34.681817225 ], [ 135.215614773, 34.682113919 ], [ 135.215615031999988, 34.682137802 ], [ 135.216666667, 34.682296135 ], [ 135.21772808, 34.682455946 ], [ 135.217732724, 34.682440495 ], [ 135.219998807, 34.682779225 ], [ 135.222794254, 34.680428162 ], [ 135.22280808, 34.680415252 ], [ 135.225, 34.678586468 ], [ 135.225333799999987, 34.678307973 ], [ 135.22545958500001, 34.678029108 ], [ 135.225523113, 34.677888198 ], [ 135.22545786, 34.677867865 ], [ 135.225, 34.677725135 ], [ 135.222387471, 34.676910829 ], [ 135.221803528, 34.676732559 ], [ 135.221299883, 34.676577559 ], [ 135.22084655, 34.676438414 ], [ 135.220418145, 34.676307135 ], [ 135.220057562, 34.676199865 ], [ 135.219398106, 34.675993441 ], [ 135.218082555, 34.67559364 ], [ 135.217620026, 34.675452468 ], [ 135.216991751, 34.675259775 ], [ 135.216666667, 34.675161721 ], [ 135.21631355400001, 34.675055198 ], [ 135.216383502000014, 34.675 ], [ 135.216527496999987, 34.674886333 ], [ 135.216578715999987, 34.674798694 ], [ 135.216666667, 34.674648108 ], [ 135.216676355, 34.674631495 ], [ 135.217741193, 34.672858387 ], [ 135.217775058, 34.672677865 ], [ 135.224455551, 34.674741279 ], [ 135.225, 34.674903829 ], [ 135.225322023, 34.675 ], [ 135.225427445, 34.675031468 ], [ 135.228021971, 34.67581236 ], [ 135.228149001, 34.675741919 ], [ 135.22948725, 34.675 ], [ 135.230027639000014, 34.674700414 ], [ 135.231724668999988, 34.673752279 ], [ 135.231886329, 34.673434387 ], [ 135.228111673, 34.672270306 ], [ 135.226065188, 34.671639027 ], [ 135.225388833000011, 34.671430414 ], [ 135.225, 34.671310829 ], [ 135.223416744, 34.670823802 ], [ 135.221280830000012, 34.670179054 ], [ 135.219566445999988, 34.669657027 ], [ 135.219613385, 34.669587198 ], [ 135.219597691, 34.669580559 ], [ 135.220919364, 34.667377973 ], [ 135.220935227000012, 34.66738364 ], [ 135.22099214, 34.667287027 ], [ 135.221111699, 34.667325 ], [ 135.221121997000012, 34.667308892 ], [ 135.225, 34.668493108 ], [ 135.225358521, 34.668602613 ], [ 135.227085525, 34.669130306 ], [ 135.228081167, 34.669434468 ], [ 135.228933645000012, 34.669694865 ], [ 135.230772672, 34.670244748 ], [ 135.233333333, 34.671027694 ], [ 135.233402023, 34.671048694 ], [ 135.233610558, 34.670575054 ], [ 135.234049027, 34.669591441 ], [ 135.234089856999987, 34.669512559 ], [ 135.234136095999986, 34.669422405 ], [ 135.234236939, 34.669432667 ], [ 135.234303359, 34.669439306 ], [ 135.234524553, 34.669461721 ], [ 135.234828443999987, 34.669493748 ], [ 135.235750143, 34.669595108 ], [ 135.236317198, 34.669657252 ], [ 135.237382114000013, 34.669774586 ], [ 135.237343722, 34.670008414 ], [ 135.237335331, 34.670007414 ], [ 135.2373307, 34.670033306 ], [ 135.237339442, 34.670034333 ], [ 135.237301362000011, 34.670266027 ], [ 135.237291414, 34.670265027 ], [ 135.237287056000014, 34.670294802 ], [ 135.237296445999988, 34.670295802 ], [ 135.237258392, 34.670527865 ], [ 135.237224838, 34.670523973 ], [ 135.237220635999989, 34.670549054 ], [ 135.237014553, 34.670543027 ], [ 135.237014746999989, 34.670539667 ], [ 135.236979467999987, 34.670538054 ], [ 135.236979196, 34.670542027 ], [ 135.236773333, 34.670535973 ], [ 135.236773385, 34.670529559 ], [ 135.236737588000011, 34.670529387 ], [ 135.236737562, 34.670534973 ], [ 135.236533891, 34.670529 ], [ 135.23653511, 34.670521775 ], [ 135.236464968, 34.670513721 ], [ 135.236462802, 34.67052664 ], [ 135.236191336, 34.670495829 ], [ 135.236192749999987, 34.670486 ], [ 135.236159663, 34.670482721 ], [ 135.23615834, 34.670492108 ], [ 135.23588358, 34.670460892 ], [ 135.235886355, 34.670445721 ], [ 135.235817082000011, 34.670437225 ], [ 135.235814527, 34.670451667 ], [ 135.23561511, 34.670414721 ], [ 135.235616666999988, 34.670409586 ], [ 135.235586394, 34.670403135 ], [ 135.235584475, 34.670409108 ], [ 135.235378716000014, 34.670371135 ], [ 135.235380725999988, 34.670364802 ], [ 135.235350337, 34.67035836 ], [ 135.235348106, 34.670365414 ], [ 135.235144864, 34.670327892 ], [ 135.235151673, 34.670302414 ], [ 135.235062996000011, 34.670286027 ], [ 135.235044643, 34.670354054 ], [ 135.235133307000012, 34.670370441 ], [ 135.235139922, 34.670345775 ], [ 135.235342632999988, 34.670383225 ], [ 135.235341051, 34.670388279 ], [ 135.235371335999986, 34.670394721 ], [ 135.235373256, 34.670388946 ], [ 135.235578885, 34.670426892 ], [ 135.235577004, 34.670433054 ], [ 135.235607393, 34.670439495 ], [ 135.235609493999988, 34.670432613 ], [ 135.235811219, 34.670469892 ], [ 135.235806278000013, 34.670497333 ], [ 135.235875447000012, 34.670505829 ], [ 135.235880388999988, 34.670478306 ], [ 135.236155694, 34.67050964 ], [ 135.23615489, 34.670514946 ], [ 135.236187976999986, 34.670518306 ], [ 135.236188807, 34.670513333 ], [ 135.236459831, 34.670544135 ], [ 135.236455447, 34.670570252 ], [ 135.236525577, 34.670578279 ], [ 135.236529974, 34.670552108 ], [ 135.236737366999989, 34.670558225 ], [ 135.236737302, 34.670563108 ], [ 135.236773086999989, 34.670563279 ], [ 135.236773164999988, 34.670559225 ], [ 135.236977588, 34.670565198 ], [ 135.236977302000014, 34.670569532 ], [ 135.237012580999988, 34.670571252 ], [ 135.23701297, 34.670566279 ], [ 135.237216641, 34.670572252 ], [ 135.237212944, 34.670594198 ], [ 135.237300778, 34.67060436 ], [ 135.237312672, 34.670534135 ], [ 135.237279248, 34.670530225 ], [ 135.237317419, 34.670297829 ], [ 135.237326809, 34.670298829 ], [ 135.237331192999989, 34.670268973 ], [ 135.237322334999988, 34.670268135 ], [ 135.237360311, 34.670036892 ], [ 135.237370584, 34.670038081 ], [ 135.237375187999987, 34.670012162 ], [ 135.237364617, 34.670010892 ], [ 135.237403087, 34.669776865 ], [ 135.238214228, 34.669866108 ], [ 135.239192827000011, 34.669974414 ], [ 135.240157133999986, 34.67008236 ], [ 135.240627445, 34.670135108 ], [ 135.241293722, 34.670207252 ], [ 135.241666667, 34.67024864 ], [ 135.24224655, 34.670313 ], [ 135.24313489, 34.67041564 ], [ 135.243106446000013, 34.670588225 ], [ 135.243120532, 34.67059 ], [ 135.242993256, 34.671352441 ], [ 135.242680025999988, 34.671516225 ], [ 135.242409339, 34.671657802 ], [ 135.242406329, 34.671653135 ], [ 135.242373773999986, 34.671670865 ], [ 135.242402218, 34.671706252 ], [ 135.242434968, 34.671688973 ], [ 135.242431219, 34.671683333 ], [ 135.242749948000011, 34.671515694 ], [ 135.243029222, 34.671368829 ], [ 135.243184475, 34.670419225 ], [ 135.245246498, 34.670648135 ], [ 135.24524406, 34.670664559 ], [ 135.245367327999986, 34.670681748 ], [ 135.245384163000011, 34.670594802 ], [ 135.245376226, 34.670587748 ], [ 135.244857951, 34.670529252 ], [ 135.244379883, 34.670475748 ], [ 135.243800117, 34.670411306 ], [ 135.243200973, 34.670342306 ], [ 135.242781894, 34.670293135 ], [ 135.241666667, 34.670171414 ], [ 135.241217197999987, 34.67012236 ], [ 135.240471245, 34.670039468 ], [ 135.235472633, 34.669482027 ], [ 135.235047134000013, 34.669435252 ], [ 135.234323644999989, 34.669358108 ], [ 135.234020804000011, 34.669327288 ], [ 135.235620026, 34.666666667 ], [ 135.235699896, 34.666533784 ], [ 135.236039663000014, 34.665960252 ], [ 135.23644773, 34.665288117 ], [ 135.236344527, 34.665256559 ], [ 135.235278975, 34.664932865 ], [ 135.23440406, 34.664663108 ], [ 135.233333333, 34.664336333 ], [ 135.232601025, 34.664112829 ], [ 135.230704112000012, 34.663534892 ], [ 135.230700117, 34.663528892 ], [ 135.229525161999987, 34.663172613 ], [ 135.228008755, 34.662698667 ], [ 135.227703256000012, 34.662604973 ], [ 135.225722698, 34.661996027 ] ] ], [ [ [ 135.25, 34.664201441 ], [ 135.250197134, 34.663966865 ], [ 135.250427276000011, 34.663697468 ], [ 135.250312581, 34.663635892 ], [ 135.250107198, 34.663871775 ], [ 135.25, 34.663999523 ], [ 135.249845811, 34.664183279 ], [ 135.247627276, 34.666666667 ], [ 135.247165083999988, 34.667184054 ], [ 135.244867056, 34.669756252 ], [ 135.244967665, 34.669817333 ], [ 135.247167030000014, 34.667361279 ], [ 135.247718145, 34.666744414 ], [ 135.247730972999989, 34.666752252 ], [ 135.247807419, 34.666666667 ], [ 135.249848003000011, 34.664382306 ], [ 135.25, 34.664201441 ] ] ], [ [ [ 135.22579428, 34.684436387 ], [ 135.225780337, 34.684418721 ], [ 135.225765357, 34.684406865 ], [ 135.225744553, 34.684401054 ], [ 135.225721414, 34.684398892 ], [ 135.225696199999987, 34.684399252 ], [ 135.225668885, 34.68440764 ], [ 135.225645694, 34.684421532 ], [ 135.225632192, 34.684445865 ], [ 135.225629078999987, 34.684460135 ], [ 135.225630856, 34.684482748 ], [ 135.22563802900001, 34.6845 ], [ 135.225648858999989, 34.684513441 ], [ 135.225659754, 34.684522108 ], [ 135.225669857000014, 34.684526829 ], [ 135.225694137, 34.684533225 ], [ 135.225714254, 34.684534775 ], [ 135.225731024999988, 34.684532946 ], [ 135.225752698, 34.684527306 ], [ 135.225770584, 34.684517532 ], [ 135.225787445, 34.684502333 ], [ 135.225797951, 34.684483775 ], [ 135.22580094700001, 34.684468973 ], [ 135.22580061, 34.684456802 ], [ 135.22579428, 34.684436387 ] ] ], [ [ [ 135.225819585000011, 34.685055081 ], [ 135.225904228, 34.685062667 ], [ 135.225914112, 34.684986865 ], [ 135.225829559, 34.684979279 ], [ 135.225819585000011, 34.685055081 ] ] ], [ [ [ 135.235674358000011, 34.685253414 ], [ 135.235201608000011, 34.685204532 ], [ 135.234275914, 34.685100865 ], [ 135.234075188, 34.68507836 ], [ 135.233333333, 34.684995973 ], [ 135.232275837, 34.684878532 ], [ 135.230185966, 34.68464936 ], [ 135.228242438, 34.684428162 ], [ 135.226708495, 34.684256892 ], [ 135.22669428, 34.684344162 ], [ 135.228243411, 34.684517054 ], [ 135.229822698, 34.684691613 ], [ 135.23134364500001, 34.684860613 ], [ 135.233333333, 34.685081586 ], [ 135.233554695, 34.685106198 ], [ 135.233602776, 34.685111495 ], [ 135.235661219, 34.685340946 ], [ 135.240298301, 34.685851919 ], [ 135.240295473, 34.685881865 ], [ 135.240485331, 34.685899748 ], [ 135.240503943, 34.685784586 ], [ 135.235674358000011, 34.685253414 ] ] ], [ [ [ 135.226643087000014, 34.685207162 ], [ 135.226649533, 34.685157 ], [ 135.226651051, 34.685145441 ], [ 135.226584423, 34.685139613 ], [ 135.226582087999986, 34.685157468 ], [ 135.226576446, 34.685201333 ], [ 135.226643087000014, 34.685207162 ] ] ], [ [ [ 135.227232866, 34.685269441 ], [ 135.227304669, 34.685280027 ], [ 135.227316939, 34.685222865 ], [ 135.227245110000013, 34.685212306 ], [ 135.227232866, 34.685269441 ] ] ], [ [ [ 135.227983865, 34.685294865 ], [ 135.228070947, 34.685304946 ], [ 135.22808335900001, 34.685231468 ], [ 135.227996394, 34.685221387 ], [ 135.227983865, 34.685294865 ] ] ], [ [ [ 135.224725616, 34.68525636 ], [ 135.224658106, 34.685251162 ], [ 135.224622866, 34.685566775 ], [ 135.224690246, 34.685571946 ], [ 135.224725616, 34.68525636 ] ] ], [ [ [ 135.224693554, 34.685586802 ], [ 135.224627588, 34.685581892 ], [ 135.224593191, 34.685895225 ], [ 135.224659274, 34.685900135 ], [ 135.224693554, 34.685586802 ] ] ], [ [ [ 135.225, 34.686025865 ], [ 135.224943995, 34.686021279 ], [ 135.224935383, 34.686093108 ], [ 135.225, 34.686098441 ], [ 135.22502572, 34.686100559 ], [ 135.225034449, 34.68602864 ], [ 135.225, 34.686025865 ] ] ], [ [ [ 135.224586667000011, 34.685907973 ], [ 135.224551193, 34.686222748 ], [ 135.224618586, 34.686227946 ], [ 135.224654163, 34.685913162 ], [ 135.224586667000011, 34.685907973 ] ] ], [ [ [ 135.235934968, 34.686230667 ], [ 135.235949637, 34.686173495 ], [ 135.235880466999987, 34.68616436 ], [ 135.235865357, 34.686222162 ], [ 135.235934968, 34.686230667 ] ] ], [ [ [ 135.236624942, 34.686241973 ], [ 135.236717782, 34.686248667 ], [ 135.236728197, 34.686182613 ], [ 135.23663489, 34.686171946 ], [ 135.236624942, 34.686241973 ] ] ], [ [ [ 135.23737778200001, 34.686395495 ], [ 135.237455110000013, 34.686400586 ], [ 135.237464669, 34.686345532 ], [ 135.237389728000011, 34.686339865 ], [ 135.23737778200001, 34.686395495 ] ] ], [ [ [ 135.224554747000013, 34.686239054 ], [ 135.224517690999988, 34.686550414 ], [ 135.224584669, 34.686555802 ], [ 135.224621699000011, 34.686244495 ], [ 135.224554747000013, 34.686239054 ] ] ], [ [ [ 135.238027082, 34.686461802 ], [ 135.238106278, 34.686466694 ], [ 135.238115252999989, 34.686410468 ], [ 135.238039883, 34.686404919 ], [ 135.238027082, 34.686461802 ] ] ], [ [ [ 135.238895914000011, 34.686491775 ], [ 135.238905227, 34.68642436 ], [ 135.238812802000012, 34.686416387 ], [ 135.238800336999986, 34.686484559 ], [ 135.238895914000011, 34.686491775 ] ] ], [ [ [ 135.225, 34.686667829 ], [ 135.224972387, 34.686665919 ], [ 135.224965746, 34.686728162 ], [ 135.225, 34.686730387 ], [ 135.225034553, 34.686732613 ], [ 135.22504131, 34.686670721 ], [ 135.225, 34.686667829 ] ] ], [ [ [ 135.224520052, 34.686565559 ], [ 135.224480311, 34.686879559 ], [ 135.224548249, 34.686885468 ], [ 135.224588003, 34.686571441 ], [ 135.224520052, 34.686565559 ] ] ], [ [ [ 135.224474189, 34.686890694 ], [ 135.224443307, 34.687204162 ], [ 135.224513748, 34.687208973 ], [ 135.224544643, 34.686895495 ], [ 135.224474189, 34.686890694 ] ] ], [ [ [ 135.224903864999987, 34.687266721 ], [ 135.224972244000014, 34.687272414 ], [ 135.224979780000012, 34.687210252 ], [ 135.224911505, 34.687204559 ], [ 135.224903864999987, 34.687266721 ] ] ], [ [ [ 135.224407418999988, 34.687533027 ], [ 135.224475253, 34.687538586 ], [ 135.224513256, 34.687223414 ], [ 135.224445304999989, 34.687217775 ], [ 135.224407418999988, 34.687533027 ] ] ], [ [ [ 135.224407328000012, 34.687544946 ], [ 135.224371634, 34.68785936 ], [ 135.224440441000013, 34.68786464 ], [ 135.224476031, 34.687550198 ], [ 135.224407328000012, 34.687544946 ] ] ], [ [ [ 135.224733502, 34.687897108 ], [ 135.22483114100001, 34.687903694 ], [ 135.22484002600001, 34.687827892 ], [ 135.224742283000012, 34.687821495 ], [ 135.224733502, 34.687897108 ] ] ], [ [ [ 135.224437562, 34.687879802 ], [ 135.224369948, 34.687874613 ], [ 135.224334475, 34.688189387 ], [ 135.224402088, 34.688194586 ], [ 135.224437562, 34.687879802 ] ] ], [ [ [ 135.281697562, 34.65849927 ], [ 135.281725447000014, 34.658333333 ], [ 135.281833969, 34.657687505 ], [ 135.281967873000013, 34.656865396 ], [ 135.282106782999989, 34.656049486 ], [ 135.282225668, 34.655231514 ], [ 135.282359572, 34.654415604 ], [ 135.282560117, 34.65319718 ], [ 135.282847302, 34.651410261 ], [ 135.280192231, 34.651352099 ], [ 135.27680786, 34.65130091 ], [ 135.276568534, 34.652773721 ], [ 135.276272892, 34.654618802 ], [ 135.275977237, 34.656459225 ], [ 135.275670311, 34.658290342 ], [ 135.27566345, 34.658333333 ], [ 135.275374656, 34.660140081 ], [ 135.275084604, 34.661989811 ], [ 135.275011401, 34.662376045 ], [ 135.275, 34.662446153 ], [ 135.274772036, 34.663848847 ], [ 135.274535486, 34.665417045 ], [ 135.275, 34.665466495 ], [ 135.277005162, 34.665679964 ], [ 135.280457601, 34.666075505 ], [ 135.280651907, 34.664891216 ], [ 135.281063034999988, 34.662369063 ], [ 135.281174435999986, 34.661760829 ], [ 135.281295836999988, 34.660951126 ], [ 135.281429741000011, 34.660131081 ], [ 135.28156365800001, 34.659311045 ], [ 135.281697562, 34.65849927 ] ] ], [ [ [ 135.256322528999988, 34.671446054 ], [ 135.256271556, 34.671420523 ], [ 135.256193398, 34.67137927 ], [ 135.256024773, 34.671271946 ], [ 135.255486472, 34.670845162 ], [ 135.255255707, 34.670601631 ], [ 135.255092101, 34.670405532 ], [ 135.254992179, 34.67027445 ], [ 135.254589507, 34.669690946 ], [ 135.254439313, 34.669483955 ], [ 135.254231556, 34.66917945 ], [ 135.253935045, 34.668747414 ], [ 135.253825045000013, 34.668793649 ], [ 135.253890661000014, 34.668892486 ], [ 135.25393182900001, 34.66887655 ], [ 135.254104202, 34.669122063 ], [ 135.254360195, 34.66948927 ], [ 135.254545772, 34.669749396 ], [ 135.254932567999987, 34.670297829 ], [ 135.25491799, 34.670304919 ], [ 135.254996044, 34.670405532 ], [ 135.255082023, 34.670520847 ], [ 135.255286576, 34.670752027 ], [ 135.255599843999988, 34.671049631 ], [ 135.255978729, 34.671329721 ], [ 135.256126226, 34.671415162 ], [ 135.256185253000012, 34.671453559 ], [ 135.256380661, 34.67156136 ], [ 135.25652808000001, 34.671631108 ], [ 135.256634916, 34.671679414 ], [ 135.256784837999987, 34.671748054 ], [ 135.256917717, 34.671806108 ], [ 135.257067445, 34.671867441 ], [ 135.257132412, 34.671891027 ], [ 135.257173061, 34.671904135 ], [ 135.257244189, 34.671923973 ], [ 135.257335110000014, 34.671945279 ], [ 135.257391115, 34.671956946 ], [ 135.257523943, 34.671981721 ], [ 135.257604643, 34.671995441 ], [ 135.257744228, 34.672017721 ], [ 135.257971115, 34.672051252 ], [ 135.258104331999988, 34.672069892 ], [ 135.258333333, 34.672100667 ], [ 135.258736809, 34.672152532 ], [ 135.25917192, 34.672206027 ], [ 135.259417977, 34.672235613 ], [ 135.259824942, 34.672283559 ], [ 135.260526809, 34.672364387 ], [ 135.261805084, 34.672507748 ], [ 135.263192335000014, 34.672659775 ], [ 135.263982412, 34.672745252 ], [ 135.265296109, 34.672886135 ], [ 135.26666666700001, 34.673031441 ], [ 135.267576083, 34.673127865 ], [ 135.270257082, 34.673409081 ], [ 135.271772672, 34.673567 ], [ 135.275, 34.673939027 ], [ 135.278430441000012, 34.674334468 ], [ 135.283333333, 34.674876829 ], [ 135.284446809, 34.675 ], [ 135.290906861, 34.675714613 ], [ 135.291666666999987, 34.675798946 ], [ 135.293624384, 34.676016225 ], [ 135.295781440000013, 34.676258829 ], [ 135.295792477, 34.676190081 ], [ 135.293623450000013, 34.675936279 ], [ 135.291666666999987, 34.675719081 ], [ 135.290905939999988, 34.675634667 ], [ 135.285190558000011, 34.675 ], [ 135.283333333, 34.674793775 ], [ 135.279147056, 34.674328919 ], [ 135.275, 34.673850892 ], [ 135.271771672999989, 34.673478748 ], [ 135.270270311, 34.673322279 ], [ 135.267589533, 34.673041108 ], [ 135.26666666700001, 34.672943279 ], [ 135.265309663000011, 34.672799387 ], [ 135.263996057000014, 34.672658532 ], [ 135.263206200000013, 34.672573054 ], [ 135.26181917, 34.672421081 ], [ 135.260541219, 34.672277829 ], [ 135.259839688999989, 34.672197 ], [ 135.259433022, 34.672149054 ], [ 135.259187301999987, 34.672119559 ], [ 135.258752750000014, 34.672066054 ], [ 135.258347471, 34.672014054 ], [ 135.258333333, 34.672012135 ], [ 135.258121698999986, 34.671983586 ], [ 135.257989248, 34.671965108 ], [ 135.257763554, 34.671931748 ], [ 135.257625279, 34.671909721 ], [ 135.257546252, 34.671896279 ], [ 135.257415694, 34.671871829 ], [ 135.257362412, 34.671860775 ], [ 135.257275668, 34.671840441 ], [ 135.257209339000013, 34.671821919 ], [ 135.25717297, 34.671810225 ], [ 135.25711, 34.671787333 ], [ 135.256670856, 34.671615613 ], [ 135.256322528999988, 34.671446054 ] ] ], [ [ [ 135.35511144, 34.676147721 ], [ 135.355448054, 34.675970414 ], [ 135.355542412, 34.675919225 ], [ 135.356057639, 34.675532 ], [ 135.356651946, 34.675 ], [ 135.356815966, 34.674853162 ], [ 135.358333333, 34.673500306 ], [ 135.359681089, 34.672298667 ], [ 135.359616083, 34.672241108 ], [ 135.358905668, 34.672881748 ], [ 135.358333333, 34.673390802 ], [ 135.357935253, 34.673744865 ], [ 135.356820636, 34.674738108 ], [ 135.356529611000013, 34.675 ], [ 135.356040726, 34.675439973 ], [ 135.355901971, 34.675566135 ], [ 135.355484643000011, 34.675869973 ], [ 135.355326083, 34.675952973 ], [ 135.355075694, 34.676087081 ], [ 135.354669754000014, 34.676245135 ], [ 135.354197886, 34.676358495 ], [ 135.353736667, 34.676430108 ], [ 135.35, 34.676543919 ], [ 135.341666667, 34.676797694 ], [ 135.333333333000013, 34.677051468 ], [ 135.325, 34.677305252 ], [ 135.317054332, 34.677547225 ], [ 135.316666667, 34.677564387 ], [ 135.313338015999989, 34.677711775 ], [ 135.313345473, 34.677798 ], [ 135.316666667, 34.677644396 ], [ 135.317054332, 34.677626468 ], [ 135.325, 34.677383 ], [ 135.333333333000013, 34.677127667 ], [ 135.341666667, 34.676872333 ], [ 135.35, 34.676616973 ], [ 135.353761414, 34.676501721 ], [ 135.354216472, 34.676427559 ], [ 135.35462847, 34.676325441 ], [ 135.354696329, 34.676308775 ], [ 135.35511144, 34.676147721 ] ] ], [ [ [ 135.362124734, 34.686116468 ], [ 135.362113852, 34.68611882 ], [ 135.362119506999989, 34.686134541 ], [ 135.362130388999987, 34.686132198 ], [ 135.36213607, 34.68615018 ], [ 135.362127912, 34.686152505 ], [ 135.36213359300001, 34.686170486 ], [ 135.362144475, 34.686168135 ], [ 135.362150156000013, 34.686186117 ], [ 135.362139248, 34.686186216 ], [ 135.36214492900001, 34.686204198 ], [ 135.362155811, 34.686201847 ], [ 135.362161492000013, 34.686219829 ], [ 135.362153307, 34.686219901 ], [ 135.362158988, 34.686237883 ], [ 135.362167134, 34.686235559 ], [ 135.362175551, 34.686253514 ], [ 135.362164656, 34.686255865 ], [ 135.362170311, 34.686271586 ], [ 135.362181219, 34.686271495 ], [ 135.362186900000012, 34.686289477 ], [ 135.362178715999988, 34.68628955 ], [ 135.362184397, 34.686307532 ], [ 135.362192529, 34.686302955 ], [ 135.362198236000012, 34.686323189 ], [ 135.362190051999988, 34.686323261 ], [ 135.362198457, 34.686341216 ], [ 135.362206615, 34.686338892 ], [ 135.362212269999986, 34.686354622 ], [ 135.362201414, 34.686359216 ], [ 135.362209791999987, 34.686374928 ], [ 135.362217937999986, 34.686372604 ], [ 135.362223619, 34.686390586 ], [ 135.362215473, 34.68639291 ], [ 135.362221115000011, 34.686408631 ], [ 135.362231997, 34.686406288 ], [ 135.362237678000014, 34.68642427 ], [ 135.362226795999987, 34.686426613 ], [ 135.362235201, 34.686444577 ], [ 135.362243359, 34.686442252 ], [ 135.36224904, 34.686460234 ], [ 135.362240882, 34.686462559 ], [ 135.362246537, 34.686478288 ], [ 135.362257419, 34.686475937 ], [ 135.3622631, 34.686493919 ], [ 135.362252218, 34.686496261 ], [ 135.36225786, 34.686511991 ], [ 135.362268755, 34.686509649 ], [ 135.362274423, 34.686527631 ], [ 135.362266278, 34.686529955 ], [ 135.362271946, 34.686547937 ], [ 135.36228284, 34.686545586 ], [ 135.362288482, 34.686561315 ], [ 135.362277600999988, 34.686563658 ], [ 135.362283281, 34.68658164 ], [ 135.362294163, 34.686579297 ], [ 135.362299844, 34.686597279 ], [ 135.362288962, 34.686599622 ], [ 135.362297340999987, 34.686615333 ], [ 135.362305499, 34.686613009 ], [ 135.36231118, 34.686630991 ], [ 135.362303022, 34.686633306 ], [ 135.362308703, 34.686651288 ], [ 135.362316822, 34.686646712 ], [ 135.36232524, 34.686664676 ], [ 135.362317082, 34.686667 ], [ 135.362322763, 34.686684982 ], [ 135.362330882, 34.686680405 ], [ 135.3623393, 34.68669836 ], [ 135.362328405, 34.686700703 ], [ 135.362334086, 34.686718685 ], [ 135.362344968, 34.686716342 ], [ 135.362350649, 34.686734324 ], [ 135.362339767, 34.686736667 ], [ 135.362345422, 34.686752396 ], [ 135.362356304, 34.686750054 ], [ 135.362361958, 34.686765784 ], [ 135.3623538, 34.686768099 ], [ 135.362359481, 34.686786081 ], [ 135.362370363, 34.686783739 ], [ 135.362376044, 34.686801721 ], [ 135.362365122999989, 34.686801811 ], [ 135.362370804, 34.686819793 ], [ 135.362381686, 34.68681745 ], [ 135.362387393, 34.686837685 ], [ 135.362376485, 34.686837775 ], [ 135.362384889999987, 34.68685573 ], [ 135.362393048, 34.686853414 ], [ 135.362398729, 34.686871387 ], [ 135.362390571, 34.686873712 ], [ 135.362396225999987, 34.686889441 ], [ 135.362407108000014, 34.686887099 ], [ 135.362412789, 34.686905081 ], [ 135.362401907, 34.686907423 ], [ 135.36241028500001, 34.686923126 ], [ 135.362418444000014, 34.686920802 ], [ 135.362424125, 34.686938784 ], [ 135.362415965999986, 34.686941108 ], [ 135.362421608, 34.686956838 ], [ 135.362429792, 34.686956766 ], [ 135.362438184000013, 34.686972477 ], [ 135.36242728900001, 34.68697482 ], [ 135.362432969999986, 34.686992802 ], [ 135.362443852000013, 34.686990459 ], [ 135.362449507, 34.68700618 ], [ 135.362441375, 34.687010757 ], [ 135.36244703, 34.687026486 ], [ 135.362455188000013, 34.687024162 ], [ 135.362463593, 34.687042126 ], [ 135.362452711, 34.687044468 ], [ 135.362458366, 34.687060198 ], [ 135.362466524000013, 34.687057874 ], [ 135.362474929, 34.687075829 ], [ 135.36246677, 34.687078153 ], [ 135.362472451, 34.687096135 ], [ 135.36248061, 34.687093811 ], [ 135.362488988, 34.687109523 ], [ 135.362478093, 34.687111865 ], [ 135.362483774, 34.687129847 ], [ 135.362494669, 34.687127495 ], [ 135.362500337, 34.687145477 ], [ 135.362492192, 34.687147802 ], [ 135.36249783400001, 34.687163532 ], [ 135.362505992, 34.687161207 ], [ 135.36251162100001, 34.687174685 ], [ 135.362503514999986, 34.687181514 ], [ 135.36250917000001, 34.687197243 ], [ 135.362520052, 34.687194892 ], [ 135.362522969999986, 34.687210649 ], [ 135.362514825, 34.687212973 ], [ 135.362520493, 34.687230955 ], [ 135.362531388, 34.687228604 ], [ 135.36253703, 34.687244333 ], [ 135.362526148, 34.687246676 ], [ 135.362531829, 34.687264658 ], [ 135.362542685, 34.687260063 ], [ 135.362548366, 34.687278045 ], [ 135.362540208000013, 34.68728036 ], [ 135.362545863, 34.68729609 ], [ 135.362556743999988, 34.687293748 ], [ 135.362559702, 34.687311748 ], [ 135.362551543, 34.687314072 ], [ 135.362557184999986, 34.687329802 ], [ 135.362568079999988, 34.687327459 ], [ 135.362573747999988, 34.687345441 ], [ 135.362562866, 34.687347784 ], [ 135.362568520999986, 34.687363514 ], [ 135.362579403000012, 34.687361162 ], [ 135.362585058, 34.687376892 ], [ 135.3625769, 34.687379216 ], [ 135.362579856999986, 34.687397225 ], [ 135.362590739000012, 34.687394874 ], [ 135.362599118, 34.687410577 ], [ 135.362588236, 34.687412928 ], [ 135.362593917, 34.68743091 ], [ 135.362602036, 34.687426333 ], [ 135.362610440999987, 34.687444288 ], [ 135.362599558999989, 34.68744664 ], [ 135.362605214000013, 34.68746236 ], [ 135.362616096000011, 34.687460018 ], [ 135.362621776999987, 34.687478 ], [ 135.362610894999989, 34.687480342 ], [ 135.362619274, 34.687496045 ], [ 135.362627432000011, 34.68749373 ], [ 135.362633112999987, 34.687511712 ], [ 135.362624955, 34.687514027 ], [ 135.36263061, 34.687529757 ], [ 135.362641492, 34.687527414 ], [ 135.36264441, 34.687543162 ], [ 135.362636278, 34.687547739 ], [ 135.362641933, 34.687563468 ], [ 135.362652815, 34.687561126 ], [ 135.362655746, 34.687576874 ], [ 135.362647587999987, 34.687579198 ], [ 135.362655991999986, 34.687597153 ], [ 135.362664125, 34.687592577 ], [ 135.362669805, 34.687610559 ], [ 135.362658911000011, 34.68761291 ], [ 135.362667302, 34.687628613 ], [ 135.362675486, 34.687628541 ], [ 135.362681128, 34.68764427 ], [ 135.36267297, 34.687646595 ], [ 135.362678625, 34.687662324 ], [ 135.362686782999987, 34.68766 ], [ 135.362695188, 34.687677955 ], [ 135.362684306, 34.687680297 ], [ 135.362689961, 34.687696027 ], [ 135.362700843, 34.687693685 ], [ 135.362706498, 34.687709414 ], [ 135.362695603, 34.687711757 ], [ 135.362701257999987, 34.687727486 ], [ 135.362712179, 34.687727396 ], [ 135.362717821, 34.687743117 ], [ 135.362709663, 34.687745441 ], [ 135.362715318, 34.687761171 ], [ 135.362726226, 34.687761081 ], [ 135.362731881, 34.687776811 ], [ 135.362720999, 34.687779153 ], [ 135.362726654, 34.687794883 ], [ 135.362737536, 34.687792532 ], [ 135.362743217, 34.687810514 ], [ 135.362732296, 34.687810613 ], [ 135.362737977, 34.687828595 ], [ 135.362748872, 34.687826243 ], [ 135.362754513999988, 34.687841973 ], [ 135.362746355000013, 34.687844297 ], [ 135.362752035999989, 34.687862279 ], [ 135.362760195, 34.687859955 ], [ 135.362765849999988, 34.687875685 ], [ 135.362757691000013, 34.687878 ], [ 135.362763346, 34.68789373 ], [ 135.362774253999987, 34.68789364 ], [ 135.362779909000011, 34.687909369 ], [ 135.362769027000013, 34.687911712 ], [ 135.362774669, 34.687927441 ], [ 135.362785564, 34.687925099 ], [ 135.362791232, 34.687943081 ], [ 135.362783087, 34.687945396 ], [ 135.362788728999988, 34.687961126 ], [ 135.362796887, 34.687958802 ], [ 135.362802568, 34.687976784 ], [ 135.36279441, 34.687979108 ], [ 135.362800064999988, 34.687994838 ], [ 135.362810947000014, 34.687992495 ], [ 135.362816602, 34.688008216 ], [ 135.362805746, 34.68801282 ], [ 135.362811400999988, 34.68802855 ], [ 135.362822283000014, 34.688026198 ], [ 135.362827925, 34.688041928 ], [ 135.36281978, 34.688044252 ], [ 135.362825447, 34.688062234 ], [ 135.36283358, 34.688057658 ], [ 135.362839261, 34.68807564 ], [ 135.362831102, 34.688077964 ], [ 135.362836757, 34.688093685 ], [ 135.362844916, 34.688091369 ], [ 135.362850558, 34.68810709 ], [ 135.362842438, 34.688111667 ], [ 135.362848093, 34.688127396 ], [ 135.362856239, 34.688125072 ], [ 135.362864617000014, 34.688140784 ], [ 135.362853734999987, 34.688143126 ], [ 135.36286214, 34.688161081 ], [ 135.362870272, 34.688156505 ], [ 135.362875953000014, 34.688174486 ], [ 135.362867795, 34.688176811 ], [ 135.36287345, 34.688192541 ], [ 135.362881608, 34.688190216 ], [ 135.362890013, 34.68820818 ], [ 135.362879131, 34.688210523 ], [ 135.362884786, 34.688226252 ], [ 135.362892931, 34.688223928 ], [ 135.362898612, 34.68824191 ], [ 135.362890454, 34.688244234 ], [ 135.362896109, 34.688259955 ], [ 135.362904267, 34.68825764 ], [ 135.362912672, 34.688275595 ], [ 135.36290179, 34.688277937 ], [ 135.362910169, 34.688293649 ], [ 135.362918326999988, 34.688291324 ], [ 135.363002957, 34.688515973 ], [ 135.363021971, 34.688509054 ], [ 135.362942802, 34.688284351 ], [ 135.362953684, 34.688282009 ], [ 135.362948029, 34.688266279 ], [ 135.362937147, 34.688268631 ], [ 135.362931492, 34.688252901 ], [ 135.362942374, 34.68825055 ], [ 135.362936693, 34.688232577 ], [ 135.362925837, 34.688237171 ], [ 135.362920156, 34.688219189 ], [ 135.362931051, 34.688216847 ], [ 135.36292537, 34.688198865 ], [ 135.362911751000013, 34.688201234 ], [ 135.362908833, 34.688185477 ], [ 135.362919715, 34.688183135 ], [ 135.362911309999987, 34.68816518 ], [ 135.362900454, 34.688169775 ], [ 135.362894773, 34.688151793 ], [ 135.362905655, 34.68814945 ], [ 135.3629, 34.688133721 ], [ 135.362889014, 34.688136063 ], [ 135.362883579999988, 34.688120333 ], [ 135.362894332, 34.688115739 ], [ 135.362888677, 34.688100009 ], [ 135.362877795, 34.68810236 ], [ 135.36287214, 34.688086631 ], [ 135.362880298, 34.688084306 ], [ 135.362874616999989, 34.688066324 ], [ 135.362863735, 34.688068667 ], [ 135.362860804, 34.688052919 ], [ 135.362868962, 34.688050595 ], [ 135.362863280999989, 34.688032613 ], [ 135.362852425, 34.688037216 ], [ 135.362846744, 34.688019234 ], [ 135.362857626, 34.688016892 ], [ 135.362851984, 34.688001162 ], [ 135.362841102, 34.688003505 ], [ 135.362835305, 34.687985523 ], [ 135.362846303999987, 34.68798318 ], [ 135.362837925, 34.687967477 ], [ 135.362829767, 34.687969793 ], [ 135.362821387999986, 34.68795409 ], [ 135.362834994, 34.687951721 ], [ 135.362826614999989, 34.687936018 ], [ 135.362818327000014, 34.68793609 ], [ 135.362810169, 34.687920378 ], [ 135.362820934000013, 34.687918036 ], [ 135.362815266000013, 34.687900054 ], [ 135.36280437100001, 34.687902396 ], [ 135.362798729, 34.687886676 ], [ 135.362809610999989, 34.687884324 ], [ 135.362803930000013, 34.687866342 ], [ 135.362793152, 34.687868694 ], [ 135.362784553000012, 34.687853081 ], [ 135.362798249, 34.68784836 ], [ 135.362792594000013, 34.68783264 ], [ 135.362781738, 34.687837234 ], [ 135.362773333, 34.687819279 ], [ 135.362786978, 34.687819162 ], [ 135.362778573000014, 34.687801207 ], [ 135.362767575, 34.68780355 ], [ 135.36276214, 34.68778782 ], [ 135.36277289200001, 34.687783225 ], [ 135.362767237000014, 34.687767495 ], [ 135.362756354999988, 34.687769838 ], [ 135.3627507, 34.687754108 ], [ 135.362761582, 34.687751766 ], [ 135.362755901000014, 34.687733784 ], [ 135.362745018999988, 34.687736126 ], [ 135.362739364, 34.687720405 ], [ 135.362750259, 34.687718054 ], [ 135.362744578, 34.687700072 ], [ 135.362733722, 34.687704676 ], [ 135.362728041999986, 34.687686694 ], [ 135.362738923, 34.687684351 ], [ 135.362730545, 34.68766864 ], [ 135.362719663, 34.687670991 ], [ 135.362713864999989, 34.687653009 ], [ 135.362724864, 34.687650658 ], [ 135.362719209, 34.687634937 ], [ 135.362708327, 34.687637279 ], [ 135.362702542, 34.687619297 ], [ 135.362713528, 34.687616955 ], [ 135.36270788600001, 34.687601225 ], [ 135.362697004000012, 34.687603568 ], [ 135.362688612, 34.687587865 ], [ 135.362699507, 34.687585523 ], [ 135.362693826, 34.687567541 ], [ 135.362685668000012, 34.687569856 ], [ 135.362677289, 34.687554153 ], [ 135.362688171, 34.687551811 ], [ 135.362682516, 34.687536081 ], [ 135.362671634, 34.687538423 ], [ 135.362665850000013, 34.68752045 ], [ 135.362676835, 34.687518099 ], [ 135.362668457000012, 34.687502396 ], [ 135.362660311000013, 34.687504721 ], [ 135.362654655999989, 34.687488991 ], [ 135.362665512, 34.687484387 ], [ 135.362657133999988, 34.687468685 ], [ 135.362646252, 34.687471117 ], [ 135.362640597, 34.687455306 ], [ 135.362651479, 34.687452955 ], [ 135.362645824, 34.687437225 ], [ 135.362634695, 34.687437324 ], [ 135.362629481, 34.687421505 ], [ 135.362640156, 34.687419252 ], [ 135.362634475, 34.68740127 ], [ 135.362623619, 34.687405865 ], [ 135.362617938, 34.687387883 ], [ 135.36262882, 34.687385541 ], [ 135.362620415, 34.687367577 ], [ 135.362612283, 34.687372153 ], [ 135.362606602, 34.687354171 ], [ 135.362617484, 34.687351829 ], [ 135.362609105, 34.687336126 ], [ 135.362600947, 34.68733845 ], [ 135.362592568, 34.687322739 ], [ 135.362603424000014, 34.687318144 ], [ 135.362597782, 34.687302414 ], [ 135.362586887, 34.687304757 ], [ 135.362581219, 34.687286784 ], [ 135.362592127, 34.687286685 ], [ 135.362586446, 34.687268703 ], [ 135.362575564, 34.687271054 ], [ 135.362569909, 34.687255324 ], [ 135.362580791, 34.687252982 ], [ 135.362572387, 34.687235018 ], [ 135.362564228, 34.687237342 ], [ 135.36255585, 34.68722164 ], [ 135.362569468, 34.68721927 ], [ 135.362561064, 34.687201306 ], [ 135.362550195000011, 34.68720591 ], [ 135.362544527000011, 34.687187928 ], [ 135.362555409, 34.687185586 ], [ 135.362552542, 34.687174342 ], [ 135.362538677, 34.68717382 ], [ 135.362533217, 34.687156468 ], [ 135.362544099, 34.687154126 ], [ 135.362538418000014, 34.687136144 ], [ 135.362527535999988, 34.687138486 ], [ 135.362521855000011, 34.687120514 ], [ 135.362530013, 34.687118189 ], [ 135.362524371, 34.687102459 ], [ 135.362513476, 34.687104802 ], [ 135.362510531999988, 34.687086802 ], [ 135.36251869, 34.687084477 ], [ 135.362513009, 34.687066495 ], [ 135.362504851000011, 34.68706882 ], [ 135.362496472, 34.687053117 ], [ 135.362507354, 34.687050766 ], [ 135.362501646999988, 34.687030532 ], [ 135.362490791, 34.687035135 ], [ 135.362482387, 34.687017171 ], [ 135.362493293999989, 34.687017081 ], [ 135.36249035, 34.686999081 ], [ 135.362476732, 34.687001441 ], [ 135.362471051, 34.686983468 ], [ 135.362481933, 34.686981117 ], [ 135.362476291, 34.686965387 ], [ 135.362465409, 34.686967739 ], [ 135.362459728, 34.686949757 ], [ 135.362467847, 34.68694518 ], [ 135.362462205000014, 34.68692945 ], [ 135.362451310000012, 34.686931793 ], [ 135.362445668, 34.686916072 ], [ 135.36245655, 34.686913721 ], [ 135.362450869000014, 34.686895739 ], [ 135.362439986999988, 34.68689809 ], [ 135.362434306000011, 34.686880108 ], [ 135.362445188, 34.686877757 ], [ 135.362436783, 34.686859802 ], [ 135.362425927, 34.686864396 ], [ 135.362420246, 34.686846423 ], [ 135.362431128, 34.686844072 ], [ 135.362428184, 34.686826072 ], [ 135.362414565, 34.686828441 ], [ 135.362408910999989, 34.686812712 ], [ 135.362419805, 34.68681036 ], [ 135.362414124999987, 34.686792387 ], [ 135.362403242999989, 34.68679473 ], [ 135.362394864, 34.686779027 ], [ 135.36240844400001, 34.686774405 ], [ 135.362400065, 34.686758694 ], [ 135.362391906999989, 34.686761018 ], [ 135.362383502, 34.686743063 ], [ 135.36239710800001, 34.686740694 ], [ 135.362388729, 34.686724991 ], [ 135.362377847, 34.686727333 ], [ 135.362372166, 34.686709351 ], [ 135.362383048, 34.686707009 ], [ 135.36237738, 34.686689027 ], [ 135.362366485, 34.686691369 ], [ 135.362358105999988, 34.686675667 ], [ 135.362369001, 34.686673315 ], [ 135.362366044, 34.686655315 ], [ 135.362352425000012, 34.686657685 ], [ 135.362346783, 34.686641955 ], [ 135.36235763900001, 34.68663736 ], [ 135.362351983999986, 34.686621631 ], [ 135.362341101999988, 34.686623973 ], [ 135.362335422, 34.686605991 ], [ 135.362346304, 34.686603649 ], [ 135.362337925, 34.686587946 ], [ 135.362329767, 34.686590261 ], [ 135.362321361999989, 34.686572306 ], [ 135.362332243999987, 34.686569964 ], [ 135.362326563000011, 34.686551982 ], [ 135.36231844400001, 34.686556559 ], [ 135.362310039, 34.686538595 ], [ 135.362320921, 34.686536252 ], [ 135.362315239999987, 34.68651827 ], [ 135.362304357999989, 34.686520613 ], [ 135.362298677000013, 34.686502631 ], [ 135.36230955900001, 34.686500288 ], [ 135.362301154, 34.686482333 ], [ 135.362293021999989, 34.68648691 ], [ 135.36228464300001, 34.686471198 ], [ 135.362295499, 34.686466604 ], [ 135.362289844, 34.686450874 ], [ 135.362278962, 34.686453216 ], [ 135.362273281, 34.686435234 ], [ 135.362284176, 34.686432892 ], [ 135.362275759, 34.686414937 ], [ 135.362267601000013, 34.686417261 ], [ 135.362259196, 34.686399297 ], [ 135.362270117, 34.686399207 ], [ 135.362264436, 34.686381225 ], [ 135.362253554, 34.686383568 ], [ 135.362247873, 34.686365586 ], [ 135.362258755, 34.686363243 ], [ 135.362253074, 34.686345261 ], [ 135.362242218, 34.686349865 ], [ 135.362236537, 34.686331883 ], [ 135.362247419, 34.686329532 ], [ 135.362239014000011, 34.686311577 ], [ 135.362230856, 34.686313901 ], [ 135.362222476999989, 34.686298189 ], [ 135.362233358999987, 34.686295847 ], [ 135.362227690999987, 34.686277865 ], [ 135.362216796000013, 34.686280216 ], [ 135.362211154, 34.686264486 ], [ 135.362222036, 34.686262135 ], [ 135.362216354999987, 34.686244153 ], [ 135.362205472999989, 34.686246505 ], [ 135.362199792000013, 34.686228523 ], [ 135.362210674000011, 34.686226171 ], [ 135.362202270000012, 34.686208216 ], [ 135.362194112, 34.686210541 ], [ 135.362185733, 34.686194838 ], [ 135.362196614999988, 34.686192486 ], [ 135.362190934000012, 34.686174505 ], [ 135.362180052000014, 34.686176856 ], [ 135.362174397, 34.686161126 ], [ 135.362182555, 34.686158802 ], [ 135.362176874, 34.68614082 ], [ 135.362165992, 34.686143171 ], [ 135.362160350000011, 34.686127441 ], [ 135.362171206, 34.686122838 ], [ 135.362165551, 34.686107108 ], [ 135.362154669, 34.686109459 ], [ 135.362148988, 34.686091477 ], [ 135.362162594000011, 34.686089108 ], [ 135.362154215, 34.686073405 ], [ 135.362140584, 34.686073514 ], [ 135.362134929, 34.686057793 ], [ 135.362145811, 34.686055441 ], [ 135.362140156, 34.686039712 ], [ 135.362131971, 34.686039784 ], [ 135.362123540999988, 34.686019577 ], [ 135.362139856999988, 34.686014919 ], [ 135.362117276, 34.685954279 ], [ 135.362051971, 34.685968333 ], [ 135.362074578, 34.686031252 ], [ 135.362093644999987, 34.686028838 ], [ 135.362099351000012, 34.686049072 ], [ 135.36208847, 34.686051423 ], [ 135.362096848, 34.686067126 ], [ 135.362105006, 34.686064802 ], [ 135.362110687000012, 34.686082784 ], [ 135.362102529, 34.686085108 ], [ 135.362108170999988, 34.686100838 ], [ 135.362119092, 34.686100739 ], [ 135.362124734, 34.686116468 ] ] ], [ [ [ 135.252703191, 34.688495775 ], [ 135.252969339, 34.688531802 ], [ 135.25294228300001, 34.68875991 ], [ 135.252905045, 34.688974468 ], [ 135.252467833999987, 34.691666667 ], [ 135.252357859999989, 34.692345973 ], [ 135.25220581100001, 34.693300721 ], [ 135.252217224, 34.693315865 ], [ 135.254003256, 34.693986694 ], [ 135.258333333, 34.695594333 ], [ 135.258789468, 34.695763667 ], [ 135.259514695, 34.696042946 ], [ 135.260072438, 34.696249468 ], [ 135.261767445, 34.696880306 ], [ 135.262983113, 34.697335919 ], [ 135.263450869, 34.697515991 ], [ 135.263808184, 34.697649568 ], [ 135.264160571, 34.697781369 ], [ 135.26417282700001, 34.697763703 ], [ 135.264254241, 34.697792829 ], [ 135.264816419999988, 34.696764811 ], [ 135.265342166000011, 34.69579973 ], [ 135.26666666700001, 34.695940919 ], [ 135.267355837, 34.696014559 ], [ 135.26809418900001, 34.69609164 ], [ 135.268103839, 34.696035946 ], [ 135.268404475000011, 34.696079252 ], [ 135.268396005, 34.696123054 ], [ 135.2693138, 34.696228586 ], [ 135.270144254, 34.696318387 ], [ 135.271404838, 34.696457441 ], [ 135.272031777, 34.696527 ], [ 135.272356809, 34.696563054 ], [ 135.272501997, 34.697387973 ], [ 135.272660026000011, 34.698178162 ], [ 135.272690921, 34.698332973 ], [ 135.272725525, 34.698506135 ], [ 135.272768586000012, 34.698753559 ], [ 135.27284856, 34.698740135 ], [ 135.274030246, 34.698578108 ], [ 135.275, 34.698447081 ], [ 135.276089339, 34.698306721 ], [ 135.276219585, 34.698289946 ], [ 135.277749559, 34.698091387 ], [ 135.278398145000011, 34.698004162 ], [ 135.279524617, 34.697856946 ], [ 135.280655966000012, 34.697705721 ], [ 135.281389663, 34.697609495 ], [ 135.281395162, 34.697441441 ], [ 135.281397977000012, 34.697323414 ], [ 135.281398911, 34.697300333 ], [ 135.281416809, 34.697300198 ], [ 135.281700117000014, 34.697305108 ], [ 135.282092049, 34.697315468 ], [ 135.282284086, 34.697318495 ], [ 135.282451479, 34.697324225 ], [ 135.282766355, 34.697331414 ], [ 135.283110973, 34.697335135 ], [ 135.283205383, 34.697335667 ], [ 135.283205577, 34.69720864 ], [ 135.283204305999988, 34.697173387 ], [ 135.283209105, 34.697010468 ], [ 135.283333333, 34.697012532 ], [ 135.283553748, 34.697016162 ], [ 135.284003606, 34.697021495 ], [ 135.284561141000012, 34.697030667 ], [ 135.284959533, 34.697032694 ], [ 135.284959636999986, 34.69704036 ], [ 135.285124475, 34.697042306 ], [ 135.285368858999988, 34.697044198 ], [ 135.28577639400001, 34.697050468 ], [ 135.285778560000011, 34.696783162 ], [ 135.285779027, 34.696736468 ], [ 135.286442865999987, 34.696737495 ], [ 135.288019170000013, 34.696757162 ], [ 135.288036549999987, 34.696653721 ], [ 135.28815830100001, 34.696667721 ], [ 135.288274358, 34.695949775 ], [ 135.288364034000011, 34.695392414 ], [ 135.288565331, 34.694172306 ], [ 135.288831219, 34.692529081 ], [ 135.288972918000013, 34.691666667 ], [ 135.289103554, 34.690871667 ], [ 135.288984163, 34.690861162 ], [ 135.288984112, 34.69085736 ], [ 135.288983113, 34.690855027 ], [ 135.288981336, 34.690852694 ], [ 135.288978029, 34.690850667 ], [ 135.288973217, 34.690850333 ], [ 135.288962866, 34.690850865 ], [ 135.288943696, 34.690853559 ], [ 135.288527562000013, 34.690903054 ], [ 135.287786783, 34.691014054 ], [ 135.286966641, 34.691139829 ], [ 135.286095162, 34.691276198 ], [ 135.285412244000014, 34.691377721 ], [ 135.284874916, 34.691460162 ], [ 135.284092724, 34.691576532 ], [ 135.283476252000014, 34.691666667 ], [ 135.283333333, 34.691687559 ], [ 135.281868417999988, 34.691901802 ], [ 135.280155473, 34.692171667 ], [ 135.279282282999986, 34.692301586 ], [ 135.278333087, 34.692444919 ], [ 135.278455498999989, 34.691666667 ], [ 135.278769727999986, 34.689669387 ], [ 135.279052309, 34.689613468 ], [ 135.280027834, 34.689465081 ], [ 135.28180307400001, 34.689196072 ], [ 135.282313372, 34.689116739 ], [ 135.283333333, 34.68895755 ], [ 135.283555435000011, 34.688922883 ], [ 135.284604695000013, 34.688762261 ], [ 135.288002646, 34.688245739 ], [ 135.289470233, 34.688029694 ], [ 135.289484228, 34.687927613 ], [ 135.289509468, 34.687769748 ], [ 135.28952214, 34.687666802 ], [ 135.289592113999987, 34.687210559 ], [ 135.289677613, 34.686694694 ], [ 135.289753774, 34.686255532 ], [ 135.289822698, 34.68584264 ], [ 135.289897108, 34.685386279 ], [ 135.289964500999986, 34.684965387 ], [ 135.290016939, 34.684676054 ], [ 135.290022996, 34.684642748 ], [ 135.290212698, 34.683460333 ], [ 135.290233411, 34.683333333 ], [ 135.290377951000011, 34.682447027 ], [ 135.290505136, 34.681703586 ], [ 135.289813995, 34.681624441 ], [ 135.284525811, 34.681036225 ], [ 135.283333333, 34.680900252 ], [ 135.282015357, 34.680749919 ], [ 135.280417951, 34.680575667 ], [ 135.279387082, 34.680457279 ], [ 135.277862049, 34.680285198 ], [ 135.276954747, 34.680186586 ], [ 135.276951556, 34.680230414 ], [ 135.276917276, 34.680229946 ], [ 135.276736135, 34.680211973 ], [ 135.276736938999989, 34.680195468 ], [ 135.276658003, 34.680191027 ], [ 135.276656161, 34.680271559 ], [ 135.276643191, 34.680270946 ], [ 135.276643580000012, 34.680306081 ], [ 135.276712283, 34.680312054 ], [ 135.276713061, 34.680301946 ], [ 135.276880169, 34.680315081 ], [ 135.276878418, 34.680325081 ], [ 135.276935110000011, 34.680328973 ], [ 135.276933410999987, 34.680343333 ], [ 135.276630661000013, 34.680312667 ], [ 135.275521777, 34.680190532 ], [ 135.275, 34.68013364 ], [ 135.274968249000011, 34.680130198 ], [ 135.27495786, 34.680194892 ], [ 135.274681115, 34.680166829 ], [ 135.273908638, 34.680091027 ], [ 135.273468495, 34.680051333 ], [ 135.273257639, 34.680027802 ], [ 135.272495188, 34.679942468 ], [ 135.271938911, 34.679879946 ], [ 135.271843748, 34.679869135 ], [ 135.271490272, 34.679828775 ], [ 135.270730636, 34.679741225 ], [ 135.270360272, 34.679702252 ], [ 135.27032856, 34.679695721 ], [ 135.27012885900001, 34.679675892 ], [ 135.269727588, 34.679627333 ], [ 135.269338521, 34.679585054 ], [ 135.269126083, 34.679559387 ], [ 135.26666666700001, 34.679280081 ], [ 135.26609489, 34.679215162 ], [ 135.266120558000011, 34.679072279 ], [ 135.263730337, 34.678803414 ], [ 135.262320558, 34.678635495 ], [ 135.258564527, 34.678226387 ], [ 135.258333333, 34.678200919 ], [ 135.25709328100001, 34.678064198 ], [ 135.254463087, 34.677761108 ], [ 135.254397173, 34.678084694 ], [ 135.254126329, 34.679792081 ], [ 135.253913554, 34.681095865 ], [ 135.25355153000001, 34.683333333 ], [ 135.253407951000014, 34.684220613 ], [ 135.25329192, 34.684958802 ], [ 135.253246135000012, 34.685249613 ], [ 135.253083061000012, 34.686223162 ], [ 135.252904306, 34.687349468 ], [ 135.252771193, 34.688053081 ], [ 135.252703191, 34.688495775 ] ] ], [ [ [ 135.358333333, 34.703793333 ], [ 135.357343256, 34.703052495 ], [ 135.3570293, 34.702820748 ], [ 135.356709805, 34.702582306 ], [ 135.356580337, 34.702484225 ], [ 135.356409494, 34.702350441 ], [ 135.356291115, 34.702263532 ], [ 135.356234384, 34.702311333 ], [ 135.356710895, 34.702670198 ], [ 135.356975279000011, 34.702866279 ], [ 135.35728655, 34.703102559 ], [ 135.358333333, 34.703890748 ], [ 135.358674812, 34.704147865 ], [ 135.358734163, 34.704093279 ], [ 135.358333333, 34.703793333 ] ] ], [ [ [ 135.311060558, 34.706240586 ], [ 135.311056251999986, 34.706245829 ], [ 135.311054864, 34.706248919 ], [ 135.311054163, 34.706253892 ], [ 135.311055188000012, 34.706258748 ], [ 135.311056641, 34.706261252 ], [ 135.311060311, 34.706264919 ], [ 135.311070078, 34.706270333 ], [ 135.31108552500001, 34.706275 ], [ 135.311119104999989, 34.706281586 ], [ 135.311136913000013, 34.706283495 ], [ 135.311143256, 34.70628236 ], [ 135.311153139, 34.706278694 ], [ 135.311158223, 34.706275946 ], [ 135.311165058, 34.706270748 ], [ 135.311169662999987, 34.706264667 ], [ 135.311171581999986, 34.706260414 ], [ 135.311172361, 34.706252387 ], [ 135.311170778, 34.706248162 ], [ 135.311169248, 34.706246387 ], [ 135.311165837, 34.706243892 ], [ 135.311157808, 34.706240414 ], [ 135.311131751, 34.706233973 ], [ 135.31111655, 34.706231829 ], [ 135.311102022999989, 34.706230865 ], [ 135.311093086999989, 34.706230946 ], [ 135.311078249, 34.706232414 ], [ 135.311070311, 34.706234468 ], [ 135.311066394, 34.706236198 ], [ 135.311060558, 34.706240586 ] ] ], [ [ [ 135.310998859, 34.706350135 ], [ 135.310990921000013, 34.706343441 ], [ 135.310974332, 34.70632564 ], [ 135.310967444999989, 34.706315532 ], [ 135.31096555100001, 34.706311198 ], [ 135.310964383999988, 34.706305 ], [ 135.310965188000011, 34.706298946 ], [ 135.310970272, 34.706287 ], [ 135.310980895, 34.706269441 ], [ 135.310987613, 34.706257667 ], [ 135.310989416000012, 34.706252586 ], [ 135.310989248, 34.70624864 ], [ 135.310983476, 34.706239667 ], [ 135.310973165, 34.706224973 ], [ 135.310969144000012, 34.706217495 ], [ 135.310967302, 34.706211387 ], [ 135.310967173, 34.706208054 ], [ 135.310968521, 34.706202829 ], [ 135.310971336, 34.706199108 ], [ 135.310973385000011, 34.706197829 ], [ 135.310977716999986, 34.706196721 ], [ 135.310983838999988, 34.706196586 ], [ 135.311000143, 34.706198973 ], [ 135.311018418, 34.706202775 ], [ 135.31102639400001, 34.706203613 ], [ 135.311032606999987, 34.706203108 ], [ 135.311036083, 34.706201919 ], [ 135.311041725, 34.706197721 ], [ 135.311048586, 34.706188198 ], [ 135.31105083, 34.706183135 ], [ 135.311051725, 34.706176919 ], [ 135.311051025000012, 34.706173775 ], [ 135.311048145, 34.706168748 ], [ 135.311032218, 34.70615236 ], [ 135.311028911, 34.706148252 ], [ 135.311027665000012, 34.706146 ], [ 135.311027755999987, 34.706142387 ], [ 135.311029364, 34.706140225 ], [ 135.311036304, 34.706136468 ], [ 135.311046744, 34.706133495 ], [ 135.311052827, 34.70613264 ], [ 135.311065279, 34.706131468 ], [ 135.311071245, 34.706129613 ], [ 135.311076445999987, 34.706125775 ], [ 135.311079468, 34.706122532 ], [ 135.311083191, 34.706115 ], [ 135.311083554, 34.706107694 ], [ 135.311082191999986, 34.70610436 ], [ 135.311078106, 34.7061 ], [ 135.311071971, 34.706097054 ], [ 135.311067367, 34.706096279 ], [ 135.31105786, 34.706096081 ], [ 135.311035966, 34.706098973 ], [ 135.311003527999986, 34.706106279 ], [ 135.310978716, 34.706112775 ], [ 135.310931505000013, 34.706126865 ], [ 135.310904967999988, 34.706136162 ], [ 135.310891829000013, 34.706141613 ], [ 135.31087406, 34.706151108 ], [ 135.310866135, 34.706157495 ], [ 135.310862802, 34.706161748 ], [ 135.310861413999987, 34.70616464 ], [ 135.310860195, 34.706170892 ], [ 135.310861751, 34.706181694 ], [ 135.310863891, 34.706187252 ], [ 135.310868664, 34.706195414 ], [ 135.31087297, 34.706200252 ], [ 135.31088214, 34.706208748 ], [ 135.310887782, 34.706213919 ], [ 135.310890777999987, 34.706218225 ], [ 135.310891336, 34.706220829 ], [ 135.310889882999987, 34.706226802 ], [ 135.310879222000011, 34.706249252 ], [ 135.310874942, 34.706264973 ], [ 135.310874501, 34.706274333 ], [ 135.31087616100001, 34.706284775 ], [ 135.31087786, 34.70629036 ], [ 135.310887134000012, 34.706308306 ], [ 135.310895914000014, 34.706320694 ], [ 135.310916588999987, 34.706344135 ], [ 135.310927419, 34.706354252 ], [ 135.310962023, 34.706383441 ], [ 135.310970415000014, 34.706391135 ], [ 135.310985305, 34.706405333 ], [ 135.310995577, 34.706413721 ], [ 135.311005668, 34.706419495 ], [ 135.311012477, 34.706421973 ], [ 135.311026161, 34.706424748 ], [ 135.311047108, 34.706425225 ], [ 135.31105725, 34.706423865 ], [ 135.31106978, 34.706420532 ], [ 135.311075188, 34.706418054 ], [ 135.311081803, 34.706413495 ], [ 135.311086524, 34.706407586 ], [ 135.31108856, 34.706402973 ], [ 135.311090726, 34.706391495 ], [ 135.311090441, 34.70637764 ], [ 135.311089052999989, 34.706370694 ], [ 135.311085032, 34.706361802 ], [ 135.311078171, 34.706355721 ], [ 135.311072698, 34.706353081 ], [ 135.311061414, 34.706349748 ], [ 135.311046744, 34.706347495 ], [ 135.311039339, 34.706347667 ], [ 135.311031284, 34.706348892 ], [ 135.311015914, 34.706352532 ], [ 135.31100849500001, 34.706353865 ], [ 135.311005005999988, 34.706353333 ], [ 135.310998859, 34.706350135 ] ] ], [ [ [ 135.311272672, 34.706286829 ], [ 135.311267781999987, 34.70628164 ], [ 135.311261634, 34.706278802 ], [ 135.311257613, 34.706278468 ], [ 135.311251167, 34.706279694 ], [ 135.311247808, 34.706281441 ], [ 135.311243385000012, 34.706285721 ], [ 135.311239973999989, 34.706292414 ], [ 135.311235473000011, 34.706309225 ], [ 135.311231284, 34.706324667 ], [ 135.311227976999987, 34.70633136 ], [ 135.311221413999988, 34.706339081 ], [ 135.311217419, 34.706342279 ], [ 135.3112107, 34.706345748 ], [ 135.311203606, 34.706347414 ], [ 135.311198807000011, 34.70634764 ], [ 135.311190272, 34.706345829 ], [ 135.311185005999988, 34.706342694 ], [ 135.311174527, 34.706333586 ], [ 135.311160441, 34.706324252 ], [ 135.311153307000012, 34.706320973 ], [ 135.31114705600001, 34.706319387 ], [ 135.311143256, 34.706319333 ], [ 135.311136057, 34.706321279 ], [ 135.31112869, 34.706326027 ], [ 135.311125032, 34.706329468 ], [ 135.311119754, 34.706336468 ], [ 135.311115162, 34.706345162 ], [ 135.311108495000013, 34.706363775 ], [ 135.311106667, 34.706373532 ], [ 135.311106809, 34.706377865 ], [ 135.311108638, 34.706384694 ], [ 135.311114773000014, 34.706395027 ], [ 135.311120389, 34.706400279 ], [ 135.311132944, 34.706407865 ], [ 135.311151024999987, 34.706414108 ], [ 135.311164358000013, 34.706417252 ], [ 135.311188859, 34.706420306 ], [ 135.311197808, 34.706419865 ], [ 135.311201505000014, 34.706419027 ], [ 135.311208249, 34.706415721 ], [ 135.311212555, 34.706412162 ], [ 135.31122258100001, 34.70640136 ], [ 135.311253554, 34.706361721 ], [ 135.311266861, 34.706342225 ], [ 135.311274669, 34.706327919 ], [ 135.311277082, 34.706320865 ], [ 135.311278171, 34.706310135 ], [ 135.311277523, 34.706302946 ], [ 135.311274669, 34.706290973 ], [ 135.311272672, 34.706286829 ] ] ], [ [ [ 135.311038781, 34.706504802 ], [ 135.31101511, 34.706488306 ], [ 135.310997912, 34.706474559 ], [ 135.310993528000012, 34.706472694 ], [ 135.3109907, 34.706472279 ], [ 135.310984811999987, 34.706473054 ], [ 135.310975031999988, 34.706477081 ], [ 135.310970583999989, 34.706480198 ], [ 135.310965939999988, 34.70648536 ], [ 135.310964358, 34.70648836 ], [ 135.310962996, 34.706493054 ], [ 135.310963943, 34.706508721 ], [ 135.310963554000011, 34.706514135 ], [ 135.31095917, 34.706529586 ], [ 135.310949883, 34.706556892 ], [ 135.310945279, 34.706574225 ], [ 135.310941673, 34.706593027 ], [ 135.310937276, 34.706627495 ], [ 135.310936161, 34.706643279 ], [ 135.310937108, 34.706649667 ], [ 135.310941479, 34.706658919 ], [ 135.310950117, 34.706669027 ], [ 135.310989611, 34.706704054 ], [ 135.310995772000012, 34.706710495 ], [ 135.311006109, 34.706724748 ], [ 135.311011219, 34.706733892 ], [ 135.311024643, 34.706758667 ], [ 135.311035616, 34.706773559 ], [ 135.311050532, 34.706789468 ], [ 135.311061777, 34.706799748 ], [ 135.311083606000011, 34.706817252 ], [ 135.311096693, 34.706825892 ], [ 135.311103839, 34.706829694 ], [ 135.311115694, 34.706834468 ], [ 135.311125966, 34.706837 ], [ 135.311130895, 34.706837252 ], [ 135.311138612, 34.706835829 ], [ 135.311145668, 34.706832081 ], [ 135.311148807, 34.706828892 ], [ 135.311152438, 34.706821829 ], [ 135.31115406, 34.706811279 ], [ 135.311153865, 34.706804495 ], [ 135.311148975, 34.706778306 ], [ 135.311143385, 34.706758252 ], [ 135.311130921, 34.706719694 ], [ 135.311113774, 34.706671865 ], [ 135.311109533, 34.706663613 ], [ 135.31110089500001, 34.706652775 ], [ 135.311094916, 34.706647586 ], [ 135.311091946, 34.706643721 ], [ 135.311087445, 34.706633775 ], [ 135.311073671, 34.706575721 ], [ 135.311068301, 34.706556468 ], [ 135.311064578000014, 34.706545162 ], [ 135.31105705600001, 34.706526919 ], [ 135.311051479000014, 34.706517387 ], [ 135.311047613, 34.706512559 ], [ 135.311038781, 34.706504802 ] ] ], [ [ [ 135.33264839200001, 34.707455054 ], [ 135.333089689, 34.707451694 ], [ 135.333333333000013, 34.707455919 ], [ 135.333593580000013, 34.707460441 ], [ 135.334100363, 34.707029721 ], [ 135.334940752, 34.707361306 ], [ 135.334955032000011, 34.707342613 ], [ 135.33495975400001, 34.707334468 ], [ 135.334071478999988, 34.706988135 ], [ 135.334055525, 34.706986559 ], [ 135.333778716000012, 34.707207613 ], [ 135.333567056, 34.707406306 ], [ 135.333333333000013, 34.707404919 ], [ 135.332646641, 34.707400802 ], [ 135.332644136999988, 34.707408748 ], [ 135.332367471, 34.707404441 ], [ 135.332158833, 34.707401559 ], [ 135.325497276, 34.707404135 ], [ 135.325, 34.707811559 ], [ 135.324902724, 34.707891279 ], [ 135.324901167, 34.708333333 ], [ 135.324900182, 34.708741027 ], [ 135.324899987, 34.708806279 ], [ 135.324951842, 34.708805856 ], [ 135.324951518, 34.70877882 ], [ 135.324951829000014, 34.708333333 ], [ 135.32495214, 34.707915667 ], [ 135.325, 34.707876306 ], [ 135.325519663, 34.707449027 ], [ 135.332370700000013, 34.707446225 ], [ 135.332647951000013, 34.707445135 ], [ 135.33264839200001, 34.707455054 ] ] ], [ [ [ 135.334063359, 34.70782764 ], [ 135.334030921, 34.707852694 ], [ 135.33441408600001, 34.708171829 ], [ 135.334443774, 34.708144532 ], [ 135.334063359, 34.70782764 ] ] ], [ [ [ 135.344315693999988, 34.707118721 ], [ 135.344394306, 34.707137829 ], [ 135.344195227, 34.707795468 ], [ 135.344203359, 34.70779864 ], [ 135.344198638, 34.70781564 ], [ 135.344192529, 34.707815613 ], [ 135.344153839, 34.707935721 ], [ 135.344035694000013, 34.708333333 ], [ 135.344029559, 34.708354054 ], [ 135.343911219, 34.708731198 ], [ 135.343714812, 34.709383694 ], [ 135.343724552999987, 34.709386333 ], [ 135.343721556, 34.709399054 ], [ 135.34371192, 34.709398586 ], [ 135.343552283, 34.709932414 ], [ 135.343391894, 34.71045182 ], [ 135.343233022, 34.710951919 ], [ 135.343240687, 34.710953117 ], [ 135.343236432999987, 34.710971541 ], [ 135.343227912, 34.710971072 ], [ 135.343190713000013, 34.711099117 ], [ 135.34313192, 34.711291613 ], [ 135.343130869, 34.711295144 ], [ 135.343069105000012, 34.711503712 ], [ 135.342961388, 34.711856081 ], [ 135.342885785, 34.712102541 ], [ 135.342816744, 34.712314414 ], [ 135.342738132, 34.712574694 ], [ 135.342625887999986, 34.712941252 ], [ 135.342495759, 34.713372964 ], [ 135.34243415, 34.713576126 ], [ 135.34244345, 34.713577667 ], [ 135.342439066, 34.713594748 ], [ 135.342431414, 34.713593099 ], [ 135.34241144, 34.71365627 ], [ 135.342483787, 34.713808207 ], [ 135.342687147, 34.714235189 ], [ 135.342713904, 34.714291378 ], [ 135.34286666700001, 34.714617432 ], [ 135.342986706, 34.714873892 ], [ 135.343026226, 34.714954613 ], [ 135.343158482, 34.715236847 ], [ 135.343166212999989, 34.715235063 ], [ 135.343173709000013, 34.715250243 ], [ 135.343165992, 34.715252919 ], [ 135.3432307, 34.715385712 ], [ 135.343594864000011, 34.715274874 ], [ 135.344015292, 34.715149685 ], [ 135.344290699999988, 34.715066811 ], [ 135.344825097000012, 34.714906333 ], [ 135.345376732, 34.714743631 ], [ 135.34590144, 34.714585396 ], [ 135.346316602, 34.714459432 ], [ 135.346652062, 34.714359198 ], [ 135.347080311000013, 34.714231865 ], [ 135.347503217, 34.714105198 ], [ 135.347563476, 34.714051063 ], [ 135.347612023000011, 34.714003333 ], [ 135.347817834000011, 34.713870919 ], [ 135.347960895, 34.713741252 ], [ 135.347680726, 34.713041892 ], [ 135.347611828999987, 34.712869748 ], [ 135.347570972999989, 34.712876829 ], [ 135.347523022, 34.712751027 ], [ 135.347555914, 34.712752829 ], [ 135.347570856, 34.712750919 ], [ 135.347586641, 34.712747622 ], [ 135.347627964, 34.712734928 ], [ 135.347650558, 34.712725 ], [ 135.347664643, 34.712716234 ], [ 135.347688092999988, 34.712697378 ], [ 135.347711414, 34.712675279 ], [ 135.347770856000011, 34.71261709 ], [ 135.347819001, 34.712563676 ], [ 135.347839079000011, 34.712545757 ], [ 135.347874916, 34.712521568 ], [ 135.347899066, 34.712505405 ], [ 135.347948261999989, 34.712466505 ], [ 135.347967872999988, 34.712454622 ], [ 135.347984163, 34.71244773 ], [ 135.34805084300001, 34.712427883 ], [ 135.348076913, 34.712417387 ], [ 135.348111193, 34.712398802 ], [ 135.348147860000012, 34.71237145 ], [ 135.348185396, 34.712343198 ], [ 135.34826118, 34.71229082 ], [ 135.348274786, 34.712278892 ], [ 135.348276485000014, 34.712275369 ], [ 135.348273956000014, 34.712273856 ], [ 135.348268392, 34.712274351 ], [ 135.348259364, 34.712276414 ], [ 135.348174812, 34.712299018 ], [ 135.348142567999986, 34.712304694 ], [ 135.348117704, 34.712306982 ], [ 135.348093256, 34.71230745 ], [ 135.348082879, 34.712306459 ], [ 135.348076965, 34.712304973 ], [ 135.348073204, 34.712301126 ], [ 135.348074462, 34.712296613 ], [ 135.348078975, 34.712291162 ], [ 135.348095733, 34.712277955 ], [ 135.348152191999986, 34.712242775 ], [ 135.348209572, 34.712204261 ], [ 135.348254968, 34.712167369 ], [ 135.348306148, 34.712120423 ], [ 135.348394319, 34.712045775 ], [ 135.348465305, 34.711985685 ], [ 135.348545979, 34.711914153 ], [ 135.348673243, 34.711813757 ], [ 135.348739754, 34.711753523 ], [ 135.348793748, 34.71169673 ], [ 135.348832815, 34.711651063 ], [ 135.348888729, 34.71158073 ], [ 135.348961362000011, 34.711522694 ], [ 135.349016252000013, 34.711475829 ], [ 135.349113087, 34.711387108 ], [ 135.349223165000012, 34.711282162 ], [ 135.349280195, 34.711240495 ], [ 135.34934153, 34.711186 ], [ 135.349422866, 34.711107694 ], [ 135.349663528, 34.710924054 ], [ 135.349764423000011, 34.710855586 ], [ 135.349833112999988, 34.710803802 ], [ 135.349883748, 34.710758775 ], [ 135.349958106, 34.710679721 ], [ 135.35, 34.710628667 ], [ 135.350015447, 34.710609829 ], [ 135.350084501, 34.71049936 ], [ 135.350105031999988, 34.710445468 ], [ 135.350124578, 34.710367054 ], [ 135.350136056999986, 34.710313135 ], [ 135.350134449, 34.710244559 ], [ 135.350121750999989, 34.710180108 ], [ 135.350106161000014, 34.710118946 ], [ 135.350044306, 34.709969721 ], [ 135.350034189000013, 34.709937441 ], [ 135.350027756, 34.709893694 ], [ 135.350204643000012, 34.709746 ], [ 135.350250609999989, 34.709737414 ], [ 135.350318638, 34.709731162 ], [ 135.350404773, 34.70973064 ], [ 135.350450895, 34.709733586 ], [ 135.350479052999987, 34.70974336 ], [ 135.350507808, 34.709763829 ], [ 135.350560272, 34.709807306 ], [ 135.350598521, 34.709826559 ], [ 135.350619637, 34.709831775 ], [ 135.350658755000012, 34.709833162 ], [ 135.350729948, 34.709825802 ], [ 135.35079535700001, 34.709809667 ], [ 135.350865188, 34.709781865 ], [ 135.350964942, 34.709734892 ], [ 135.35102869, 34.709708027 ], [ 135.351083554000013, 34.709676198 ], [ 135.351155188, 34.709625279 ], [ 135.351221699, 34.709575162 ], [ 135.351282218, 34.709516054 ], [ 135.35131703, 34.709486829 ], [ 135.35139469500001, 34.709439027 ], [ 135.351471388, 34.709398 ], [ 135.35150422800001, 34.709371306 ], [ 135.351579728, 34.709303802 ], [ 135.351636329, 34.709264559 ], [ 135.35168808, 34.709230225 ], [ 135.351742918000014, 34.709196775 ], [ 135.351875331, 34.70912564 ], [ 135.351954694999989, 34.709044829 ], [ 135.351998301, 34.708997414 ], [ 135.352040778, 34.708935919 ], [ 135.352057056, 34.708919306 ], [ 135.352095357, 34.708890027 ], [ 135.352153113000014, 34.708854946 ], [ 135.3522438, 34.708808829 ], [ 135.352294617000013, 34.708786135 ], [ 135.352319416, 34.708771162 ], [ 135.352364306, 34.708736081 ], [ 135.352401945999986, 34.708700252 ], [ 135.35242958500001, 34.708656198 ], [ 135.352447108, 34.708608081 ], [ 135.352458612, 34.708557613 ], [ 135.352460246, 34.708512892 ], [ 135.352454720999987, 34.708464162 ], [ 135.352415188, 34.708333333 ], [ 135.35240808, 34.708309775 ], [ 135.352400532, 34.708253586 ], [ 135.352390078000013, 34.708204081 ], [ 135.352382334999987, 34.708133829 ], [ 135.352385694, 34.708007054 ], [ 135.352389883, 34.707983225 ], [ 135.352413528, 34.707930739 ], [ 135.352409792, 34.707913532 ], [ 135.352416342, 34.707889261 ], [ 135.352440545, 34.707858018 ], [ 135.353051154000013, 34.707332009 ], [ 135.352319209, 34.70677545 ], [ 135.351443190999987, 34.706109865 ], [ 135.351124527, 34.705866532 ], [ 135.350610143000011, 34.705488135 ], [ 135.350089948, 34.70510036 ], [ 135.35, 34.70503164 ], [ 135.349617134, 34.704739108 ], [ 135.348428197, 34.703845559 ], [ 135.347831050999986, 34.703394865 ], [ 135.347107691, 34.702868 ], [ 135.347000117, 34.702870613 ], [ 135.346531414, 34.703285667 ], [ 135.345812166, 34.703945586 ], [ 135.345211388, 34.704493694 ], [ 135.345190777999989, 34.704540225 ], [ 135.345110895, 34.704802108 ], [ 135.345005551000014, 34.704784333 ], [ 135.344657717, 34.705954892 ], [ 135.344315693999988, 34.707118721 ] ] ], [ [ [ 135.306481362, 34.709726162 ], [ 135.306498054, 34.709727333 ], [ 135.306495422000012, 34.709753586 ], [ 135.306478559999988, 34.709752081 ], [ 135.306476355, 34.70977264 ], [ 135.30644627800001, 34.710053225 ], [ 135.306406057, 34.710441613 ], [ 135.306362023, 34.710817225 ], [ 135.306315719999986, 34.711243973 ], [ 135.306282724, 34.711537892 ], [ 135.306277392999988, 34.711591495 ], [ 135.306272477, 34.711641306 ], [ 135.306255005999986, 34.71172236 ], [ 135.306240921000011, 34.711777919 ], [ 135.306223891, 34.711897387 ], [ 135.306216783, 34.711977225 ], [ 135.306202776, 34.712109973 ], [ 135.306200532, 34.712130613 ], [ 135.306174942000013, 34.712367108 ], [ 135.306130169, 34.712610414 ], [ 135.306116278, 34.712697694 ], [ 135.306104112000014, 34.712817559 ], [ 135.306102192, 34.712844892 ], [ 135.306094968, 34.71296236 ], [ 135.306088638, 34.713049973 ], [ 135.30608786, 34.713135748 ], [ 135.306091802999987, 34.713192495 ], [ 135.306093191, 34.713205441 ], [ 135.306096913, 34.713220414 ], [ 135.306102802, 34.713234441 ], [ 135.306111413999986, 34.713247225 ], [ 135.306121088999987, 34.713258414 ], [ 135.306135577, 34.713270468 ], [ 135.306151634, 34.713279919 ], [ 135.306169053, 34.713286306 ], [ 135.306193696, 34.713292306 ], [ 135.306226498, 34.713297225 ], [ 135.306483191000012, 34.713346108 ], [ 135.306945888, 34.713435613 ], [ 135.307157561999986, 34.713477225 ], [ 135.307435279, 34.713531865 ], [ 135.307825357000013, 34.713609414 ], [ 135.307942049, 34.713632613 ], [ 135.307984358, 34.713641027 ], [ 135.308333333, 34.713710468 ], [ 135.308497808, 34.713743198 ], [ 135.308812802, 34.713806252 ], [ 135.30904983100001, 34.713853387 ], [ 135.309219195999987, 34.713888081 ], [ 135.309589585, 34.713961495 ], [ 135.310258170999987, 34.714093721 ], [ 135.311000467000014, 34.714241586 ], [ 135.311080311000012, 34.714257468 ], [ 135.311534578, 34.714347802 ], [ 135.311581530000012, 34.714357162 ], [ 135.312126329, 34.714465919 ], [ 135.312575939999988, 34.714555135 ], [ 135.312947587999986, 34.714627667 ], [ 135.31308489, 34.714652919 ], [ 135.313189805, 34.714674946 ], [ 135.313354669, 34.714707252 ], [ 135.31351847, 34.714739414 ], [ 135.313745278999988, 34.71478364 ], [ 135.31410652400001, 34.714855946 ], [ 135.314597782, 34.714953694 ], [ 135.314958223, 34.715025198 ], [ 135.315471608, 34.715125414 ], [ 135.315680026, 34.715166559 ], [ 135.315911608, 34.715211919 ], [ 135.316319001000011, 34.715291721 ], [ 135.316381997, 34.715306135 ], [ 135.316666667, 34.71536236 ], [ 135.317566860999989, 34.715540135 ], [ 135.317806472, 34.715586387 ], [ 135.318522191999989, 34.715726387 ], [ 135.319017393, 34.715823802 ], [ 135.319523800000013, 34.715923865 ], [ 135.320094721, 34.716038054 ], [ 135.320288755, 34.716076892 ], [ 135.320558780999988, 34.716130946 ], [ 135.321042776000013, 34.716226721 ], [ 135.321277638999987, 34.716273333 ], [ 135.321940584, 34.716406694 ], [ 135.321949728, 34.716412414 ], [ 135.321964358, 34.716420414 ], [ 135.321975383, 34.716424532 ], [ 135.321991024999988, 34.71642836 ], [ 135.32200291800001, 34.716429333 ], [ 135.322017588, 34.716429081 ], [ 135.322031971, 34.716426559 ], [ 135.322047833999989, 34.716421532 ], [ 135.322064643, 34.716413135 ], [ 135.322076524000011, 34.716404225 ], [ 135.322085746, 34.716394441 ], [ 135.322093502, 34.716383468 ], [ 135.322098664, 34.716372414 ], [ 135.322101167, 34.716360306 ], [ 135.322100311000014, 34.716336694 ], [ 135.322095746, 34.715876694 ], [ 135.322096304000013, 34.715151 ], [ 135.322095746, 34.714983892 ], [ 135.322095888, 34.714970892 ], [ 135.322099883, 34.714947333 ], [ 135.322105227, 34.714915532 ], [ 135.322107859999988, 34.714899054 ], [ 135.322108521, 34.714883721 ], [ 135.322107419, 34.714553946 ], [ 135.322106744, 34.714553613 ], [ 135.322106446, 34.714168468 ], [ 135.322106225999988, 34.713833441 ], [ 135.322104527, 34.713164108 ], [ 135.322104695, 34.712580532 ], [ 135.322105227, 34.712075667 ], [ 135.322105668, 34.711849198 ], [ 135.322106109, 34.711464081 ], [ 135.322106446, 34.711191667 ], [ 135.322106641, 34.710417162 ], [ 135.322108638, 34.709311802 ], [ 135.32210910500001, 34.709144694 ], [ 135.322109053, 34.70875964 ], [ 135.322109001, 34.708598162 ], [ 135.322109493999989, 34.708569667 ], [ 135.322109637000011, 34.708558495 ], [ 135.322108975, 34.708548252 ], [ 135.322106913, 34.708537667 ], [ 135.322104086, 34.708527 ], [ 135.322099559, 34.708515414 ], [ 135.322095642, 34.708506108 ], [ 135.322090337, 34.708497135 ], [ 135.322084228, 34.708488054 ], [ 135.322076472, 34.708478081 ], [ 135.32206861200001, 34.708469919 ], [ 135.322059222, 34.708461333 ], [ 135.322051634, 34.708456081 ], [ 135.322042438000011, 34.708450414 ], [ 135.322033113, 34.708445559 ], [ 135.322024617000011, 34.708441892 ], [ 135.322016667000014, 34.708439135 ], [ 135.322007886, 34.708436721 ], [ 135.321996939, 34.708434667 ], [ 135.321985577, 34.708432532 ], [ 135.321967562, 34.708430198 ], [ 135.321950337, 34.708428306 ], [ 135.321931634, 34.70842664 ], [ 135.321916744, 34.708425973 ], [ 135.32190158200001, 34.708424973 ], [ 135.321874034, 34.708424865 ], [ 135.321849053, 34.708424946 ], [ 135.321785668, 34.708429081 ], [ 135.321736329, 34.708434748 ], [ 135.321694773, 34.708440162 ], [ 135.321660998999988, 34.708445748 ], [ 135.321630921, 34.708451721 ], [ 135.321589274, 34.708461081 ], [ 135.321559079, 34.708468559 ], [ 135.321514747, 34.708481532 ], [ 135.32147572, 34.708493892 ], [ 135.3214438, 34.708505198 ], [ 135.321406589, 34.708520279 ], [ 135.321351894, 34.708545162 ], [ 135.321316887, 34.708562694 ], [ 135.321275006, 34.708585441 ], [ 135.321241141, 34.708605919 ], [ 135.321212283, 34.708624495 ], [ 135.321181309999986, 34.708646054 ], [ 135.321159105, 34.708662468 ], [ 135.321138301, 34.708678495 ], [ 135.321105616000011, 34.708706162 ], [ 135.32107131, 34.708737414 ], [ 135.321045694, 34.708763108 ], [ 135.321041025, 34.708768306 ], [ 135.321022529, 34.708788865 ], [ 135.321003553999986, 34.708810667 ], [ 135.320982308999987, 34.708837559 ], [ 135.320963502000012, 34.708862252 ], [ 135.320940310999987, 34.708897387 ], [ 135.320926252, 34.708919252 ], [ 135.320911388000013, 34.708944027 ], [ 135.320897886000012, 34.708969054 ], [ 135.320888196999988, 34.708988865 ], [ 135.320872775999987, 34.709024802 ], [ 135.320863113, 34.709049225 ], [ 135.320856005, 34.709071721 ], [ 135.320844695, 34.709108414 ], [ 135.320838885, 34.709135279 ], [ 135.320835577, 34.709155027 ], [ 135.320830169, 34.709183135 ], [ 135.320826641, 34.709205802 ], [ 135.320824280000011, 34.709226441 ], [ 135.320822244, 34.709249919 ], [ 135.320821245, 34.709271225 ], [ 135.320820778000012, 34.709309667 ], [ 135.320819831, 34.709437108 ], [ 135.320817588000011, 34.709859468 ], [ 135.320853917, 34.709963865 ], [ 135.320878911, 34.710046252 ], [ 135.320901582, 34.710129919 ], [ 135.32092144, 34.710215829 ], [ 135.320935913999989, 34.710285027 ], [ 135.320944553, 34.710334306 ], [ 135.320955227000013, 34.710404198 ], [ 135.320963696, 34.710475225 ], [ 135.320969754, 34.710538387 ], [ 135.320973216999988, 34.710587829 ], [ 135.320977198, 34.71065836 ], [ 135.320979689000012, 34.710719081 ], [ 135.320979922, 34.710796252 ], [ 135.320977613, 34.710888667 ], [ 135.320974669, 34.710951468 ], [ 135.320969274, 34.711025892 ], [ 135.320963696, 34.711083054 ], [ 135.320955914, 34.711141387 ], [ 135.320940973, 34.711239198 ], [ 135.320932698, 34.711287279 ], [ 135.320921894, 34.711342586 ], [ 135.320913865, 34.711379387 ], [ 135.320903891, 34.711425892 ], [ 135.320892944, 34.711468333 ], [ 135.320891479000011, 34.711473919 ], [ 135.320879364, 34.711520162 ], [ 135.320864838, 34.711571225 ], [ 135.320837224, 34.711660694 ], [ 135.320818911, 34.711714613 ], [ 135.320802140000012, 34.71176264 ], [ 135.32076511, 34.711860054 ], [ 135.320720467, 34.711962387 ], [ 135.320697588, 34.711954829 ], [ 135.320677276, 34.711948108 ], [ 135.320578885, 34.711915559 ], [ 135.320558495, 34.711908802 ], [ 135.32053564200001, 34.711901252 ], [ 135.320514331999988, 34.711943919 ], [ 135.320512866, 34.711959586 ], [ 135.3204662, 34.712054586 ], [ 135.320405551, 34.712034586 ], [ 135.320452749999987, 34.711939892 ], [ 135.320461478999988, 34.711929559 ], [ 135.320483022, 34.711883081 ], [ 135.320421245, 34.711862865 ], [ 135.320289689, 34.711819225 ], [ 135.320237977, 34.711802081 ], [ 135.319389728, 34.711520829 ], [ 135.319295278999988, 34.711489532 ], [ 135.31929655, 34.711486829 ], [ 135.31931577200001, 34.711446748 ], [ 135.319334669, 34.711406279 ], [ 135.319348366000014, 34.711373802 ], [ 135.319363476, 34.711336721 ], [ 135.319372308999988, 34.711312081 ], [ 135.319384086000014, 34.71128 ], [ 135.319394501, 34.711250279 ], [ 135.319403021999989, 34.711221135 ], [ 135.319412166, 34.711186694 ], [ 135.319420778, 34.711153495 ], [ 135.319429053, 34.711113892 ], [ 135.319434838, 34.711083279 ], [ 135.31944072600001, 34.711052135 ], [ 135.319445914, 34.711017054 ], [ 135.319450467, 34.710986919 ], [ 135.31945377400001, 34.710955919 ], [ 135.319457717, 34.710907414 ], [ 135.319459559, 34.710866946 ], [ 135.319460636, 34.710820532 ], [ 135.319461751, 34.710752559 ], [ 135.319460363, 34.710693973 ], [ 135.31945786, 34.710655 ], [ 135.319453087, 34.710609865 ], [ 135.319449222, 34.710572135 ], [ 135.319442412, 34.710526667 ], [ 135.319434968, 34.710485613 ], [ 135.319423943, 34.710431162 ], [ 135.31939917, 34.710331054 ], [ 135.319343087, 34.710171721 ], [ 135.319216082999986, 34.710201802 ], [ 135.318792892, 34.710302027 ], [ 135.31876839200001, 34.710307829 ], [ 135.318714968, 34.710320495 ], [ 135.318683671, 34.710245252 ], [ 135.318663943, 34.710205162 ], [ 135.318639364, 34.710155775 ], [ 135.318623022, 34.710127081 ], [ 135.318384617, 34.709755333 ], [ 135.317957951000011, 34.709941694 ], [ 135.317760271999987, 34.710028586 ], [ 135.317502918, 34.710142333 ], [ 135.317227886000012, 34.710263333 ], [ 135.317197912000012, 34.710254559 ], [ 135.317169584999988, 34.710247694 ], [ 135.317132776, 34.71024 ], [ 135.317098054000013, 34.710233829 ], [ 135.317072477000011, 34.710230559 ], [ 135.31705022, 34.710228721 ], [ 135.317028365999988, 34.710226973 ], [ 135.31700433200001, 34.710225946 ], [ 135.316979221999986, 34.710226027 ], [ 135.316952361, 34.710226694 ], [ 135.316926887, 34.710228468 ], [ 135.316899754, 34.710231162 ], [ 135.316863256, 34.710236865 ], [ 135.316837392999986, 34.710241919 ], [ 135.316814669, 34.710247162 ], [ 135.316798716, 34.710251252 ], [ 135.316770999, 34.710260495 ], [ 135.316738832999988, 34.710273135 ], [ 135.316666667, 34.710160586 ], [ 135.316516109, 34.709925721 ], [ 135.316666667, 34.709859081 ], [ 135.317495227, 34.709492225 ], [ 135.317802283, 34.709357 ], [ 135.317833216999986, 34.709343892 ], [ 135.317852386999988, 34.709335721 ], [ 135.317863359, 34.709330919 ], [ 135.31787464300001, 34.709324865 ], [ 135.317885616000012, 34.709318919 ], [ 135.31789428, 34.709313081 ], [ 135.317903191, 34.709306586 ], [ 135.317910921, 34.709300441 ], [ 135.317917523, 34.709294532 ], [ 135.317922918, 34.709289081 ], [ 135.31792907900001, 34.709281252 ], [ 135.317935668, 34.709272081 ], [ 135.317942386999988, 34.709262225 ], [ 135.31794758800001, 34.709251694 ], [ 135.317951167, 34.709243892 ], [ 135.317953917000011, 34.709234721 ], [ 135.317955863, 34.709224694 ], [ 135.317956615000014, 34.709208775 ], [ 135.317956472, 34.709196162 ], [ 135.31795325600001, 34.709178387 ], [ 135.317947302, 34.709160865 ], [ 135.317942412, 34.709150748 ], [ 135.317745331, 34.708858468 ], [ 135.317489053, 34.708970865 ], [ 135.316999274000011, 34.709186108 ], [ 135.316666667, 34.709332081 ], [ 135.316657717, 34.709336 ], [ 135.316547198, 34.709384495 ], [ 135.316519533, 34.70939664 ], [ 135.316383359000014, 34.709191081 ], [ 135.316343773999989, 34.709131225 ], [ 135.316666667, 34.708989694 ], [ 135.317098910999988, 34.708800198 ], [ 135.317485032, 34.708630919 ], [ 135.317579779999988, 34.708589586 ], [ 135.317482724, 34.708437586 ], [ 135.317416109, 34.708333333 ], [ 135.31726655, 34.70809936 ], [ 135.316732529, 34.708333333 ], [ 135.316666667, 34.708362198 ], [ 135.316027690999988, 34.708642135 ], [ 135.315868249, 34.70840036 ], [ 135.315852088000014, 34.708375829 ], [ 135.315948948999988, 34.708333333 ], [ 135.316462387, 34.708108108 ], [ 135.316666667, 34.708018441 ], [ 135.317272944, 34.707752333 ], [ 135.31729072600001, 34.707745333 ], [ 135.317304332, 34.707740694 ], [ 135.31731847, 34.707736892 ], [ 135.317330584, 34.70773464 ], [ 135.3173438, 34.707732279 ], [ 135.317356057000012, 34.707730829 ], [ 135.317372283, 34.707730027 ], [ 135.317386615, 34.707730252 ], [ 135.317402724, 34.707731468 ], [ 135.317415447, 34.707733054 ], [ 135.317427886, 34.707735198 ], [ 135.317444578, 34.707739027 ], [ 135.317463476, 34.707745162 ], [ 135.317474578, 34.70774936 ], [ 135.317489001000013, 34.707756108 ], [ 135.317506135, 34.707765 ], [ 135.317519882999989, 34.707773559 ], [ 135.317531894000012, 34.707782946 ], [ 135.31754277600001, 34.707792306 ], [ 135.317551336, 34.707800802 ], [ 135.317556719, 34.707807198 ], [ 135.317561582, 34.707813559 ], [ 135.317566693, 34.707819946 ], [ 135.317683333, 34.708002108 ], [ 135.317862529, 34.708279667 ], [ 135.317897108000011, 34.708333333 ], [ 135.318033645000014, 34.708545135 ], [ 135.318192827, 34.70879136 ], [ 135.318337781999986, 34.709015495 ], [ 135.318347717, 34.709027694 ], [ 135.318362218, 34.709040414 ], [ 135.318377223999988, 34.709051586 ], [ 135.3183893, 34.709058586 ], [ 135.318401803, 34.709064108 ], [ 135.318413865, 34.709068748 ], [ 135.318425499, 34.709072135 ], [ 135.31843808, 34.709075081 ], [ 135.318453256, 34.709077333 ], [ 135.318465279, 34.709078252 ], [ 135.31847703, 34.709078387 ], [ 135.318490661, 34.709077586 ], [ 135.318501556, 34.709076468 ], [ 135.318514889999989, 34.709073775 ], [ 135.318524968, 34.709071225 ], [ 135.318535161999989, 34.709068333 ], [ 135.318547951, 34.709063829 ], [ 135.319184942, 34.708783333 ], [ 135.319325357, 34.708721495 ], [ 135.320165304999989, 34.708351162 ], [ 135.320196809, 34.708337495 ], [ 135.320206394, 34.708333333 ], [ 135.320259922, 34.708310054 ], [ 135.320456329, 34.708234333 ], [ 135.320541946, 34.708205 ], [ 135.320629222, 34.708177252 ], [ 135.320747419000014, 34.708143054 ], [ 135.320873502000012, 34.708110802 ], [ 135.320972023, 34.708087919 ], [ 135.32112844400001, 34.708057135 ], [ 135.321232361, 34.708040387 ], [ 135.321351582, 34.708025225 ], [ 135.321626394, 34.708001468 ], [ 135.321739857000011, 34.707995946 ], [ 135.321843943, 34.707994306 ], [ 135.3219307, 34.70799236 ], [ 135.321949805, 34.707991414 ], [ 135.321965616, 34.707989495 ], [ 135.321979468, 34.707986108 ], [ 135.321992387, 34.707981946 ], [ 135.322002309, 34.707978135 ], [ 135.322012218, 34.707973775 ], [ 135.322024137, 34.707967387 ], [ 135.322037808, 34.707958135 ], [ 135.322047419, 34.707949613 ], [ 135.322056057, 34.707941667 ], [ 135.322062633, 34.707934054 ], [ 135.32207083, 34.707922613 ], [ 135.322077523, 34.707911946 ], [ 135.322082996, 34.707901198 ], [ 135.322086278, 34.707890586 ], [ 135.32208917, 34.707881441 ], [ 135.3220907, 34.707870829 ], [ 135.32209192, 34.707859892 ], [ 135.322090272, 34.707345054 ], [ 135.32209153, 34.706440387 ], [ 135.32209144, 34.70605536 ], [ 135.322091362, 34.705657 ], [ 135.3218138, 34.705461279 ], [ 135.32095131, 34.704850198 ], [ 135.320156226, 34.704920252 ], [ 135.319462192, 34.704981387 ], [ 135.317443839, 34.705153919 ], [ 135.316721828999988, 34.705216306 ], [ 135.316666667, 34.705221054 ], [ 135.315794358, 34.705296252 ], [ 135.315597833999988, 34.705313162 ], [ 135.313753722, 34.705473532 ], [ 135.313081997000012, 34.705533468 ], [ 135.312747639, 34.70556164 ], [ 135.311832996, 34.705639775 ], [ 135.31182856, 34.705685919 ], [ 135.311447886, 34.705719667 ], [ 135.311432996, 34.705720973 ], [ 135.311077173, 34.705752054 ], [ 135.310711803, 34.705784613 ], [ 135.310702309, 34.705793495 ], [ 135.310712529, 34.705889027 ], [ 135.31071917, 34.705893946 ], [ 135.310804306, 34.705886586 ], [ 135.310821893999986, 34.705885027 ], [ 135.311142866000012, 34.705856748 ], [ 135.311154734000013, 34.70585582 ], [ 135.31139725, 34.705836775 ], [ 135.311401803, 34.705858694 ], [ 135.311386641000013, 34.705879081 ], [ 135.311370272, 34.705921441 ], [ 135.311409688999987, 34.705980613 ], [ 135.311436031, 34.705977775 ], [ 135.311475694, 34.705973532 ], [ 135.311486355, 34.705984252 ], [ 135.311502088, 34.705993748 ], [ 135.311523696, 34.706001468 ], [ 135.311534449, 34.705997559 ], [ 135.311555668000011, 34.705996387 ], [ 135.311667301999989, 34.705978495 ], [ 135.311756978, 34.705971081 ], [ 135.311774034, 34.705973414 ], [ 135.311801581999987, 34.705980775 ], [ 135.311817717, 34.705990279 ], [ 135.31181192, 34.706035721 ], [ 135.311786524000013, 34.706047135 ], [ 135.311767976999988, 34.706053865 ], [ 135.311744772999987, 34.70606036 ], [ 135.31172538300001, 34.706063027 ], [ 135.311701479, 34.706064775 ], [ 135.311668444, 34.70607064 ], [ 135.311650506, 34.706072946 ], [ 135.31163, 34.706075387 ], [ 135.311611556, 34.706078135 ], [ 135.311577328, 34.706090198 ], [ 135.311560143, 34.706100414 ], [ 135.311539105, 34.706106865 ], [ 135.311518029000013, 34.706112892 ], [ 135.311499494, 34.706117748 ], [ 135.31147557700001, 34.706123081 ], [ 135.3114607, 34.706126306 ], [ 135.311443256, 34.706128279 ], [ 135.311437808, 34.706128613 ], [ 135.311427004, 34.706129225 ], [ 135.311409196, 34.706129694 ], [ 135.311392283, 34.706129946 ], [ 135.311366226, 34.706130865 ], [ 135.311342827, 34.70613236 ], [ 135.311326109, 34.706133775 ], [ 135.311315772, 34.706134892 ], [ 135.311308145, 34.706137559 ], [ 135.311304617, 34.706140919 ], [ 135.311304086, 34.706142441 ], [ 135.311300272000011, 34.706163279 ], [ 135.311301803, 34.706174775 ], [ 135.3113093, 34.706184225 ], [ 135.311318637999989, 34.706188198 ], [ 135.311331115, 34.706189892 ], [ 135.311352244, 34.706192162 ], [ 135.311386835, 34.706205532 ], [ 135.311410505999987, 34.706213586 ], [ 135.311432411999988, 34.706220532 ], [ 135.31143891100001, 34.706223748 ], [ 135.31145192, 34.706230135 ], [ 135.311465473, 34.706234973 ], [ 135.311479805, 34.70623764 ], [ 135.311492672000014, 34.706235667 ], [ 135.311502802, 34.706239802 ], [ 135.311507328, 34.706246829 ], [ 135.311509339, 34.706253532 ], [ 135.311506005000012, 34.706260108 ], [ 135.311493995, 34.706265162 ], [ 135.311480947, 34.706272387 ], [ 135.311476252, 34.706276973 ], [ 135.311471699, 34.706283919 ], [ 135.311470856, 34.706292414 ], [ 135.311472918, 34.706300559 ], [ 135.311476199999987, 34.706305973 ], [ 135.31148144, 34.706313721 ], [ 135.311488249, 34.706320919 ], [ 135.311499831, 34.706326333 ], [ 135.311509248, 34.706328613 ], [ 135.311513995000013, 34.706333586 ], [ 135.311511024999987, 34.706341775 ], [ 135.311502244, 34.70634636 ], [ 135.311488806999989, 34.706347748 ], [ 135.311483359, 34.706349748 ], [ 135.311478392, 34.706356081 ], [ 135.31147847, 34.706367775 ], [ 135.311482606999988, 34.706379721 ], [ 135.311489053, 34.706390775 ], [ 135.311492503000011, 34.706400135 ], [ 135.311494747000012, 34.706411333 ], [ 135.311497224, 34.706423162 ], [ 135.311499248, 34.706430892 ], [ 135.311501219, 34.706439973 ], [ 135.311505278999988, 34.706447333 ], [ 135.311511699, 34.706458 ], [ 135.31151847000001, 34.70647064 ], [ 135.311524384, 34.706480279 ], [ 135.31153061, 34.70648964 ], [ 135.31153800300001, 34.706501333 ], [ 135.311540752000013, 34.706514559 ], [ 135.311541751, 34.706530694 ], [ 135.311541219, 34.706547333 ], [ 135.311539831, 34.706565919 ], [ 135.31153511, 34.706584135 ], [ 135.311522411999988, 34.706606667 ], [ 135.311512996, 34.706621306 ], [ 135.311496161, 34.706638829 ], [ 135.31148124500001, 34.706651225 ], [ 135.311466304, 34.706662108 ], [ 135.311452802, 34.706669748 ], [ 135.311444228, 34.706672919 ], [ 135.311440337, 34.70667436 ], [ 135.31142272400001, 34.706678495 ], [ 135.311409248, 34.706680865 ], [ 135.311397328, 34.706683414 ], [ 135.311384189, 34.706688162 ], [ 135.311372802, 34.706694532 ], [ 135.311366056999987, 34.706704748 ], [ 135.311362944, 34.70671864 ], [ 135.311337951000013, 34.706758 ], [ 135.311339364, 34.706763748 ], [ 135.311341946, 34.706768135 ], [ 135.311344306, 34.706771054 ], [ 135.311349364, 34.706782532 ], [ 135.311349468, 34.706791973 ], [ 135.311349248, 34.706800973 ], [ 135.311348249, 34.706812306 ], [ 135.311346667, 34.706817829 ], [ 135.311342827, 34.706824135 ], [ 135.311338833, 34.706828198 ], [ 135.311325188000012, 34.706846946 ], [ 135.311325383, 34.706857892 ], [ 135.311327471, 34.706873198 ], [ 135.311326135, 34.706880279 ], [ 135.311319559, 34.706901667 ], [ 135.311304864, 34.706899225 ], [ 135.311286939000013, 34.706899081 ], [ 135.311278859, 34.706902495 ], [ 135.311273411, 34.706907027 ], [ 135.311268275, 34.70691364 ], [ 135.311264449, 34.706917613 ], [ 135.311259637, 34.70692564 ], [ 135.311248690000014, 34.706946532 ], [ 135.31124834, 34.706955054 ], [ 135.311252387, 34.706965495 ], [ 135.311253476, 34.70696664 ], [ 135.311255913999986, 34.706972108 ], [ 135.311256329, 34.706976027 ], [ 135.311213191, 34.707042441 ], [ 135.311175227, 34.707102027 ], [ 135.311131894, 34.707157495 ], [ 135.311080726, 34.707210333 ], [ 135.311015499, 34.707273468 ], [ 135.310948560000014, 34.707320252 ], [ 135.310872607, 34.707365468 ], [ 135.310737367, 34.707418667 ], [ 135.310620363, 34.707463721 ], [ 135.310509610999986, 34.707504027 ], [ 135.310415084, 34.707534748 ], [ 135.310258949, 34.707577721 ], [ 135.310221946000013, 34.70758764 ], [ 135.310183671, 34.707595946 ], [ 135.310121439999989, 34.707611198 ], [ 135.310064578, 34.707621694 ], [ 135.310013696, 34.707631 ], [ 135.309961089000012, 34.707638108 ], [ 135.309904332, 34.707647081 ], [ 135.309861051000013, 34.70765164 ], [ 135.30980713400001, 34.707657802 ], [ 135.309754669, 34.707664225 ], [ 135.309698637999986, 34.707669613 ], [ 135.309631919999987, 34.707675414 ], [ 135.309554773, 34.707688135 ], [ 135.309491971, 34.707699054 ], [ 135.309421388, 34.707707333 ], [ 135.309366304, 34.707716613 ], [ 135.309295227, 34.707724333 ], [ 135.309236744, 34.707730946 ], [ 135.309180026, 34.707734973 ], [ 135.309123943, 34.707732748 ], [ 135.309069247999986, 34.707725414 ], [ 135.309014306, 34.707720054 ], [ 135.308952309, 34.70771064 ], [ 135.308895772, 34.707701495 ], [ 135.308839637, 34.707694108 ], [ 135.308786446, 34.707686748 ], [ 135.308732244, 34.707682495 ], [ 135.308674527, 34.707682054 ], [ 135.308619248000014, 34.707682225 ], [ 135.308574747, 34.707682333 ], [ 135.30852511, 34.707682495 ], [ 135.308489105, 34.707681306 ], [ 135.30843703, 34.707672946 ], [ 135.308381089, 34.707660468 ], [ 135.308333333, 34.707644748 ], [ 135.308326588999989, 34.707642532 ], [ 135.308268197, 34.707625495 ], [ 135.308204942, 34.707601667 ], [ 135.308150921, 34.707576252 ], [ 135.308099105, 34.707553721 ], [ 135.308054747, 34.707535306 ], [ 135.308006861, 34.707518973 ], [ 135.307953450000014, 34.707502306 ], [ 135.307903864999986, 34.707479667 ], [ 135.307861608, 34.707454333 ], [ 135.307805642, 34.707416414 ], [ 135.307750726, 34.707379162 ], [ 135.307694086, 34.707337694 ], [ 135.307644942, 34.707299414 ], [ 135.307601725000012, 34.707266973 ], [ 135.307563671, 34.707229414 ], [ 135.307526304, 34.70719236 ], [ 135.307498689999989, 34.707161441 ], [ 135.307471362, 34.707124865 ], [ 135.307443839, 34.707086559 ], [ 135.307426524, 34.707053667 ], [ 135.307412801999988, 34.707011946 ], [ 135.307400441, 34.70697064 ], [ 135.307389689, 34.706940721 ], [ 135.307376549999987, 34.706914892 ], [ 135.307324475, 34.706843667 ], [ 135.307272528999988, 34.706776162 ], [ 135.307230272, 34.706693892 ], [ 135.307183113, 34.70661864 ], [ 135.307166278000011, 34.706563802 ], [ 135.307171362, 34.706555108 ], [ 135.307190337, 34.706531414 ], [ 135.307216667, 34.706494135 ], [ 135.30724836600001, 34.706452829 ], [ 135.30726594, 34.706416 ], [ 135.307291025000012, 34.706386162 ], [ 135.307340973, 34.706351 ], [ 135.30737511, 34.706332225 ], [ 135.307409001, 34.706308865 ], [ 135.307434449, 34.706288468 ], [ 135.307462477, 34.706267919 ], [ 135.307486524000012, 34.706252198 ], [ 135.307509053, 34.706226802 ], [ 135.307509857000014, 34.706207387 ], [ 135.307496005, 34.706195495 ], [ 135.30747297, 34.706195694 ], [ 135.307444643, 34.706197414 ], [ 135.307398664, 34.706198198 ], [ 135.307260052, 34.706209694 ], [ 135.307093645, 34.706221775 ], [ 135.307072555, 34.706226027 ], [ 135.307065551, 34.706227414 ], [ 135.307050245999989, 34.706233946 ], [ 135.307017912, 34.706253613 ], [ 135.307021505, 34.706229027 ], [ 135.307023554000011, 34.706220973 ], [ 135.307028521, 34.70621736 ], [ 135.307072412, 34.706213586 ], [ 135.307260804, 34.706197333 ], [ 135.30755914400001, 34.706175946 ], [ 135.307599922, 34.706172108 ], [ 135.307794968, 34.706153748 ], [ 135.308015746, 34.706136667 ], [ 135.308038689999989, 34.706132775 ], [ 135.308057367, 34.706125252 ], [ 135.308064617000014, 34.706112802 ], [ 135.308063280999988, 34.706097441 ], [ 135.308060778, 34.706077802 ], [ 135.308054422999987, 34.706061252 ], [ 135.308045422, 34.706054973 ], [ 135.308030143, 34.706053775 ], [ 135.307943061, 34.706060559 ], [ 135.30775083, 34.706081306 ], [ 135.307374721, 34.706114748 ], [ 135.307071608, 34.706144468 ], [ 135.306941556, 34.706157225 ], [ 135.306938171000013, 34.706177387 ], [ 135.30692406, 34.706262162 ], [ 135.306874086, 34.706563108 ], [ 135.306807004, 34.707091802 ], [ 135.306752218000014, 34.707506 ], [ 135.306735357, 34.707603721 ], [ 135.306730804000011, 34.70762336 ], [ 135.306724253999988, 34.707644279 ], [ 135.306723087, 34.707649108 ], [ 135.306702581, 34.707822468 ], [ 135.306663917, 34.708130667 ], [ 135.30665489, 34.708211532 ], [ 135.306646446, 34.708224333 ], [ 135.306642879, 34.708256306 ], [ 135.30663428, 34.708333333 ], [ 135.306629689, 34.708374387 ], [ 135.30662150500001, 34.708447865 ], [ 135.306594358000012, 34.708704892 ], [ 135.306570752, 34.708884748 ], [ 135.306560169, 34.708965586 ], [ 135.306528249, 34.709270306 ], [ 135.306507523, 34.709475108 ], [ 135.306522801999989, 34.709475802 ], [ 135.306521167, 34.709499559 ], [ 135.306505162, 34.709498333 ], [ 135.306494617, 34.709602532 ], [ 135.306481362, 34.709726162 ] ] ], [ [ [ 135.295140143, 34.704695865 ], [ 135.29463924800001, 34.704641667 ], [ 135.294177808, 34.704590613 ], [ 135.293954189, 34.704568559 ], [ 135.293640999, 34.704537667 ], [ 135.29335153, 34.70472764 ], [ 135.293288833, 34.705168775 ], [ 135.293216083, 34.705636054 ], [ 135.29312014300001, 34.706269279 ], [ 135.293035642, 34.706856441 ], [ 135.292974668999989, 34.70724636 ], [ 135.292917756, 34.707546279 ], [ 135.292849170000011, 34.707892532 ], [ 135.29278869, 34.708206279 ], [ 135.292767951, 34.708333333 ], [ 135.292696641, 34.708769865 ], [ 135.292640920999986, 34.709163721 ], [ 135.292595498999987, 34.709445333 ], [ 135.292560363, 34.709854613 ], [ 135.292561997, 34.709947441 ], [ 135.292471893999988, 34.709916775 ], [ 135.292438780999987, 34.70992336 ], [ 135.292410311, 34.710018667 ], [ 135.292364163, 34.710172748 ], [ 135.292343359, 34.710242225 ], [ 135.292503087, 34.710300559 ], [ 135.292422724, 34.710621387 ], [ 135.292374916, 34.710905198 ], [ 135.292264163, 34.711591559 ], [ 135.292253112999987, 34.711702694 ], [ 135.292239611000014, 34.711839108 ], [ 135.29220847, 34.712033252 ], [ 135.292381440000014, 34.712493441 ], [ 135.292875084, 34.713663721 ], [ 135.292929053, 34.713827802 ], [ 135.293291971, 34.714784306 ], [ 135.293301414000013, 34.714809279 ], [ 135.2940762, 34.715117973 ], [ 135.295098911, 34.715525387 ], [ 135.294426744, 34.716666667 ], [ 135.294100506, 34.717220559 ], [ 135.293868911, 34.717613802 ], [ 135.293779754000013, 34.718325306 ], [ 135.294114916000012, 34.718465468 ], [ 135.294223722, 34.718510946 ], [ 135.294549079, 34.718568333 ], [ 135.294571582, 34.718569495 ], [ 135.294590169, 34.718570532 ], [ 135.294783528000011, 34.718580532 ], [ 135.296933359, 34.71858564 ], [ 135.298393385, 34.717600667 ], [ 135.3, 34.717363081 ], [ 135.303288418, 34.716876775 ], [ 135.30330939000001, 34.716666667 ], [ 135.303481855, 34.714938613 ], [ 135.303505188, 34.714703306 ], [ 135.303546004999987, 34.714290919 ], [ 135.303628612000011, 34.713455135 ], [ 135.303724773, 34.712490973 ], [ 135.303658807, 34.712488162 ], [ 135.303694527, 34.712173081 ], [ 135.303710271999989, 34.712034667 ], [ 135.303712581000013, 34.712009973 ], [ 135.303723696, 34.711903946 ], [ 135.303753839, 34.711614414 ], [ 135.303753995, 34.71161164 ], [ 135.303762412, 34.711451559 ], [ 135.303784942, 34.711176054 ], [ 135.303806834999989, 34.710964775 ], [ 135.303858859, 34.710484135 ], [ 135.303948223, 34.709984829 ], [ 135.303968755, 34.709744225 ], [ 135.304049883, 34.708661108 ], [ 135.30408153, 34.708333333 ], [ 135.304118145, 34.707954333 ], [ 135.304182607, 34.707118721 ], [ 135.304249585, 34.706395387 ], [ 135.304294163, 34.705921829 ], [ 135.304071166999989, 34.705699414 ], [ 135.303535499, 34.705632279 ], [ 135.30294061, 34.705568694 ], [ 135.302278339999987, 34.705511306 ], [ 135.301713748, 34.705445667 ], [ 135.301199610999987, 34.705378802 ], [ 135.300932361, 34.705348468 ], [ 135.3, 34.705253946 ], [ 135.299710311000013, 34.705224586 ], [ 135.2990062, 34.705147586 ], [ 135.298842192, 34.705125 ], [ 135.298378832999987, 34.705079532 ], [ 135.29795594, 34.705038892 ], [ 135.297149467999986, 34.704953586 ], [ 135.296966860999987, 34.704928162 ], [ 135.296909144000011, 34.704920162 ], [ 135.296589559000012, 34.704875613 ], [ 135.29619489000001, 34.704824108 ], [ 135.295467613, 34.704732054 ], [ 135.295140143, 34.704695865 ] ] ], [ [ [ 135.32482786, 34.711169081 ], [ 135.324822503, 34.711442 ], [ 135.324821504999989, 34.712228081 ], [ 135.324821633999989, 34.713984586 ], [ 135.324817613, 34.71548736 ], [ 135.324807613, 34.715967027 ], [ 135.324855447, 34.715967198 ], [ 135.324854280000011, 34.715988919 ], [ 135.324807107999987, 34.715988946 ], [ 135.32480572, 34.716055946 ], [ 135.324798275, 34.716456532 ], [ 135.324852114, 34.716457333 ], [ 135.324853553999986, 34.716477892 ], [ 135.324798300999987, 34.716476532 ], [ 135.32479849500001, 34.716666667 ], [ 135.324798638, 34.716815829 ], [ 135.324795771999987, 34.716959829 ], [ 135.32480834, 34.716986225 ], [ 135.325, 34.717155333 ], [ 135.325428197, 34.717533054 ], [ 135.326151724999988, 34.718175054 ], [ 135.326899831, 34.718834586 ], [ 135.327575524999986, 34.719436586 ], [ 135.328280467000013, 34.720066081 ], [ 135.329004034, 34.720705532 ], [ 135.329900895, 34.721493919 ], [ 135.3301638, 34.721721198 ], [ 135.330182165999986, 34.721723586 ], [ 135.330195577000012, 34.721722108 ], [ 135.330199779999987, 34.721753081 ], [ 135.330207393, 34.721751775 ], [ 135.330260610000011, 34.722111027 ], [ 135.330307951, 34.722106829 ], [ 135.330251673, 34.721747613 ], [ 135.330242503, 34.721747694 ], [ 135.330239196, 34.721717333 ], [ 135.331347886, 34.721596225 ], [ 135.332319805, 34.721497027 ], [ 135.333270946999988, 34.721394198 ], [ 135.333333333000013, 34.721387829 ], [ 135.333976887, 34.721322054 ], [ 135.334324617, 34.721283135 ], [ 135.334332503000013, 34.72137764 ], [ 135.33439932600001, 34.721377829 ], [ 135.334399196, 34.721362279 ], [ 135.334512593999989, 34.721362991 ], [ 135.334565446999989, 34.721364 ], [ 135.334698457, 34.721357495 ], [ 135.334698003, 34.721338306 ], [ 135.334667821000011, 34.721316468 ], [ 135.334666835, 34.721270405 ], [ 135.334715875, 34.721241378 ], [ 135.335553061000013, 34.720737559 ], [ 135.33576355400001, 34.720610441 ], [ 135.337796329000014, 34.719383027 ], [ 135.337902218000011, 34.719318333 ], [ 135.337982309000012, 34.719269252 ], [ 135.33815869, 34.719160874 ], [ 135.33820144, 34.719134667 ], [ 135.338216381, 34.719126243 ], [ 135.338249260999987, 34.719106703 ], [ 135.338591777, 34.718903108 ], [ 135.338683917, 34.718848333 ], [ 135.33904, 34.718636721 ], [ 135.339128106, 34.718583613 ], [ 135.33921917, 34.718529946 ], [ 135.339220907999987, 34.718529207 ], [ 135.339229896, 34.718541216 ], [ 135.339516654, 34.718365315 ], [ 135.339518352999988, 34.718352505 ], [ 135.339738936, 34.718222315 ], [ 135.339763645, 34.718207144 ], [ 135.339815499, 34.718175387 ], [ 135.339950052, 34.718092919 ], [ 135.339958716000012, 34.718087441 ], [ 135.340173619000012, 34.717956396 ], [ 135.340180376, 34.717946784 ], [ 135.340187432, 34.717942757 ], [ 135.340210337, 34.717967991 ], [ 135.340296174, 34.717915892 ], [ 135.340380558, 34.718014 ], [ 135.340413528, 34.717995973 ], [ 135.340461362000013, 34.71805164 ], [ 135.340763398, 34.718092144 ], [ 135.340824086, 34.717740523 ], [ 135.340933243, 34.717126802 ], [ 135.34101118000001, 34.716666667 ], [ 135.341064968000012, 34.716349099 ], [ 135.341162672, 34.715791189 ], [ 135.340998379000013, 34.71545927 ], [ 135.340827821, 34.715104964 ], [ 135.340704812000013, 34.714846631 ], [ 135.340501491999987, 34.714419667 ], [ 135.340421621, 34.714251928 ], [ 135.340301388, 34.714005468 ], [ 135.340022866, 34.713426234 ], [ 135.339789624, 34.71295291 ], [ 135.339497484, 34.712340072 ], [ 135.339389507, 34.712123081 ], [ 135.339221245, 34.711768658 ], [ 135.33904513600001, 34.711405468 ], [ 135.33900738, 34.71132573 ], [ 135.338814228, 34.710917072 ], [ 135.337853658, 34.71087 ], [ 135.337693307, 34.710861766 ], [ 135.337322347999987, 34.710842739 ], [ 135.336927795, 34.71082264 ], [ 135.336736524, 34.710812775 ], [ 135.336743839, 34.710720306 ], [ 135.334975888, 34.710629919 ], [ 135.334774527, 34.710616973 ], [ 135.334772529, 34.710731225 ], [ 135.33456489, 34.710720667 ], [ 135.334533502, 34.710707586 ], [ 135.334526783, 34.708333333 ], [ 135.334526446000012, 34.708209225 ], [ 135.334946304, 34.708176468 ], [ 135.337658301, 34.707967081 ], [ 135.339652244, 34.707813162 ], [ 135.341032827, 34.70328764 ], [ 135.340964449000012, 34.703272441 ], [ 135.339759754, 34.707224054 ], [ 135.339740584, 34.707219721 ], [ 135.339577665, 34.707739387 ], [ 135.338931505, 34.707789802 ], [ 135.338931608, 34.707798829 ], [ 135.337657471, 34.707898586 ], [ 135.33616425400001, 34.708015441 ], [ 135.334945499000014, 34.708108865 ], [ 135.334449299999989, 34.708149 ], [ 135.334448689999988, 34.708333333 ], [ 135.334441971, 34.710350892 ], [ 135.334321115, 34.71034864 ], [ 135.334321362, 34.710368387 ], [ 135.33421447500001, 34.710368532 ], [ 135.334213502000011, 34.710424252 ], [ 135.334157393, 34.710424279 ], [ 135.334157756, 34.710389108 ], [ 135.334131751, 34.710388775 ], [ 135.333577367, 34.710383333 ], [ 135.333577134, 34.710401441 ], [ 135.333535863, 34.710401613 ], [ 135.333505253, 34.71040736 ], [ 135.333333333000013, 34.710406559 ], [ 135.332769105000011, 34.710403946 ], [ 135.332654747, 34.710406946 ], [ 135.332361529999986, 34.710405748 ], [ 135.330995811, 34.710409802 ], [ 135.330992944, 34.710345108 ], [ 135.330941115, 34.710345081 ], [ 135.330941115, 34.710328495 ], [ 135.330067133999989, 34.710328973 ], [ 135.330066109, 34.710405892 ], [ 135.329742218, 34.710407 ], [ 135.329742633, 34.710369306 ], [ 135.327036031, 34.710369973 ], [ 135.325, 34.710370225 ], [ 135.324921829, 34.710370252 ], [ 135.324929688999987, 34.709585532 ], [ 135.325, 34.709498721 ], [ 135.325462412, 34.70892764 ], [ 135.325466355, 34.708544387 ], [ 135.325412127, 34.708545036 ], [ 135.325394773, 34.708545243 ], [ 135.325393268, 34.708904495 ], [ 135.325, 34.709385622 ], [ 135.324899313, 34.709508802 ], [ 135.324879079, 34.710374559 ], [ 135.324833995, 34.710374027 ], [ 135.324833995, 34.71037536 ], [ 135.32482786, 34.711169081 ] ] ], [ [ [ 135.304352672, 34.71855764 ], [ 135.304321803, 34.718542829 ], [ 135.304306252, 34.718529892 ], [ 135.304301479, 34.718522441 ], [ 135.304299001, 34.718505775 ], [ 135.304314384, 34.718450306 ], [ 135.304323281, 34.718369919 ], [ 135.304332335, 34.718342162 ], [ 135.304342749999989, 34.718325865 ], [ 135.304357445, 34.718313667 ], [ 135.304376913, 34.718306946 ], [ 135.304400921, 34.718305306 ], [ 135.304426057, 34.718308694 ], [ 135.304436472, 34.718312865 ], [ 135.304443865, 34.718318919 ], [ 135.30444725000001, 34.718327198 ], [ 135.304439922, 34.718364829 ], [ 135.304444228, 34.718368252 ], [ 135.304453281, 34.718367892 ], [ 135.304502503, 34.718356586 ], [ 135.304532724000012, 34.718355802 ], [ 135.304561946, 34.718361802 ], [ 135.304591141, 34.718375162 ], [ 135.304630661, 34.718404162 ], [ 135.304639689, 34.718408865 ], [ 135.304647523, 34.718408162 ], [ 135.304661556000013, 34.71839336 ], [ 135.304687108, 34.718375135 ], [ 135.304692724, 34.718368333 ], [ 135.304695006, 34.718360027 ], [ 135.304694034, 34.718350748 ], [ 135.30469041500001, 34.718341468 ], [ 135.304684669000011, 34.718333225 ], [ 135.30466847, 34.718321559 ], [ 135.304605551, 34.718300054 ], [ 135.304543333, 34.718281721 ], [ 135.304511751, 34.71827936 ], [ 135.304468586000013, 34.718284306 ], [ 135.304402970000012, 34.718285441 ], [ 135.304370169, 34.718289414 ], [ 135.304350246000013, 34.718296613 ], [ 135.304333359, 34.718308198 ], [ 135.30432, 34.718322892 ], [ 135.304288807, 34.718380559 ], [ 135.304238196999989, 34.718450468 ], [ 135.304188003, 34.718517946 ], [ 135.304170467, 34.718560892 ], [ 135.304166472, 34.718601946 ], [ 135.30417, 34.718621748 ], [ 135.304174228, 34.718628667 ], [ 135.304180467, 34.718632387 ], [ 135.304188664, 34.718632694 ], [ 135.304198366, 34.718630198 ], [ 135.304220195, 34.71861964 ], [ 135.304274228, 34.718582694 ], [ 135.304279105, 34.718578694 ], [ 135.304293502, 34.718578027 ], [ 135.304311803, 34.718583225 ], [ 135.304384358, 34.718618414 ], [ 135.304406744, 34.71862636 ], [ 135.304415357000011, 34.718627 ], [ 135.304421336, 34.718624694 ], [ 135.304424332, 34.718618919 ], [ 135.304424112, 34.71861 ], [ 135.304421388, 34.718600721 ], [ 135.304410532, 34.718585946 ], [ 135.304394137, 34.718574892 ], [ 135.304352672, 34.71855764 ] ] ] ] } }
]
}
