{
"type": "FeatureCollection",
"name": "関空MK",
"crs": { "type": "name", "properties": { "name": "urn:ogc:def:crs:EPSG::6668" } },
"features": [
{ "type": "Feature", "properties": { "name": "関空MK", "base_fare": 600, "base_distance_m": 1200, "add_fare": 100, "add_distance_m": 231 }, "geometry": { "type": "MultiPolygon", "coordinates": [ [ [ [ 135.120832218, 34.273798054 ], [ 135.120741167, 34.273780613 ], [ 135.12043055800001, 34.273721108 ], [ 135.119778884999988, 34.273631108 ], [ 135.119176109, 34.273566946 ], [ 135.118913333, 34.273592495 ], [ 135.118542502999986, 34.273579721 ], [ 135.118434162999989, 34.273413054 ], [ 135.118233606, 34.273259162 ], [ 135.118032776, 34.273169441 ], [ 135.117847224, 34.273195 ], [ 135.11756917, 34.273169441 ], [ 135.11726, 34.273053892 ], [ 135.11710861200001, 34.273061946 ], [ 135.117012776, 34.273066946 ], [ 135.116904449, 34.273169441 ], [ 135.116826393999986, 34.273348613 ], [ 135.116666667, 34.273466532 ], [ 135.11654834, 34.273553892 ], [ 135.115837223999989, 34.2739 ], [ 135.11565834000001, 34.274009441 ], [ 135.115543605999989, 34.274079721 ], [ 135.115141946, 34.274118054 ], [ 135.114724449, 34.274195 ], [ 135.114426109, 34.274296387 ], [ 135.114132218, 34.274386387 ], [ 135.113900558000012, 34.274373333 ], [ 135.113715006, 34.274258054 ], [ 135.113483333, 34.274027225 ], [ 135.113282218, 34.273860559 ], [ 135.112973606, 34.273745 ], [ 135.112509728, 34.273732225 ], [ 135.112231673, 34.273604162 ], [ 135.111953333, 34.273463054 ], [ 135.111829728, 34.273334721 ], [ 135.111783333, 34.273026946 ], [ 135.111845279, 34.272667775 ], [ 135.111780558, 34.272398054 ], [ 135.111780558, 34.272103054 ], [ 135.11178, 34.272102225 ], [ 135.111709442, 34.271973054 ], [ 135.111673606000011, 34.271907775 ], [ 135.111626109000014, 34.271820829 ], [ 135.111436394, 34.271831946 ], [ 135.111409728000012, 34.271833613 ], [ 135.111377224, 34.271874162 ], [ 135.111255006, 34.272026108 ], [ 135.110946109, 34.272192775 ], [ 135.110636938999988, 34.272372225 ], [ 135.110327782000013, 34.272731387 ], [ 135.110204163, 34.272923613 ], [ 135.110173333, 34.273051946 ], [ 135.110233891, 34.273260829 ], [ 135.110357497, 34.273619721 ], [ 135.110295551, 34.273786387 ], [ 135.110094721, 34.273966108 ], [ 135.10990917, 34.274158333 ], [ 135.109569169999986, 34.274363333 ], [ 135.109352218, 34.274607775 ], [ 135.10926, 34.274794162 ], [ 135.109158223, 34.275 ], [ 135.108996394, 34.275327225 ], [ 135.10874917000001, 34.275737495 ], [ 135.108594721, 34.275981387 ], [ 135.108501946, 34.276250559 ], [ 135.108470272, 34.276551108 ], [ 135.108485551, 34.276923054 ], [ 135.10860917, 34.277179441 ], [ 135.10857834, 34.277410279 ], [ 135.108563087, 34.277437198 ], [ 135.108454720999987, 34.277628333 ], [ 135.108333333, 34.27767864 ], [ 135.108201388, 34.277733333 ], [ 135.108176394, 34.277743613 ], [ 135.107697497, 34.278 ], [ 135.107465551, 34.278217775 ], [ 135.107356939, 34.278463892 ], [ 135.107356939, 34.279425559 ], [ 135.107449728, 34.279656387 ], [ 135.107990558000012, 34.280274441 ], [ 135.108160558, 34.280466946 ], [ 135.108222503, 34.280826108 ], [ 135.108333333, 34.281103559 ], [ 135.108392503, 34.281251667 ], [ 135.108516109, 34.281521108 ], [ 135.108763333000013, 34.281931387 ], [ 135.108964449000013, 34.282354721 ], [ 135.109041673, 34.282546667 ], [ 135.109072503, 34.282665829 ], [ 135.108974163, 34.282856387 ], [ 135.108886939, 34.283025 ], [ 135.108701387999986, 34.283204441 ], [ 135.108691803, 34.283333333 ], [ 135.108686109, 34.283409721 ], [ 135.108732503, 34.283614721 ], [ 135.108639728000014, 34.283986667 ], [ 135.108485006, 34.284153333 ], [ 135.108333333, 34.284204892 ], [ 135.108145006, 34.284268892 ], [ 135.107882217999986, 34.28432 ], [ 135.107465006000012, 34.284333054 ], [ 135.107171388000012, 34.284268892 ], [ 135.106939442, 34.284256108 ], [ 135.106630558, 34.284281667 ], [ 135.106445006, 34.284371387 ], [ 135.106135551, 34.284565559 ], [ 135.105965551, 34.284552775 ], [ 135.105764449, 34.284501387 ], [ 135.105495551, 34.284601748 ], [ 135.105455551, 34.284616667 ], [ 135.105315551, 34.284796667 ], [ 135.105114721, 34.285027495 ], [ 135.10496, 34.285206946 ], [ 135.104821115, 34.285245559 ], [ 135.104434721, 34.285206946 ], [ 135.10414, 34.285271946 ], [ 135.103923606, 34.285336108 ], [ 135.103722776000012, 34.285541387 ], [ 135.10342917, 34.285976946 ], [ 135.10325917, 34.286156667 ], [ 135.10305834, 34.286284721 ], [ 135.102903606000012, 34.286284721 ], [ 135.102654721, 34.286120279 ], [ 135.102283605999986, 34.285927775 ], [ 135.101974449000011, 34.285773892 ], [ 135.101742776, 34.285696946 ], [ 135.101526394, 34.285709721 ], [ 135.101387224, 34.285812495 ], [ 135.101294449, 34.286056108 ], [ 135.101340558, 34.286275559 ], [ 135.101352502999987, 34.286413054 ], [ 135.101371388, 34.286634441 ], [ 135.101263333, 34.286865279 ], [ 135.101046939000014, 34.287070559 ], [ 135.100691388, 34.287352775 ], [ 135.100490558, 34.287365559 ], [ 135.100320558, 34.287480829 ], [ 135.100166109000014, 34.287763054 ], [ 135.100056939000012, 34.287971108 ], [ 135.1, 34.288063135 ], [ 135.099763333, 34.288445559 ], [ 135.099516109, 34.288612225 ], [ 135.099222503, 34.288767225 ], [ 135.098913333000013, 34.28887 ], [ 135.098696939, 34.289036387 ], [ 135.098635279, 34.289215829 ], [ 135.098619727999989, 34.289421108 ], [ 135.098774449, 34.289600559 ], [ 135.098882503, 34.289908333 ], [ 135.098944448999987, 34.290254441 ], [ 135.098898612, 34.290513613 ], [ 135.098929442000014, 34.290782775 ], [ 135.099022217999988, 34.290990829 ], [ 135.099037782000011, 34.291131946 ], [ 135.099238612, 34.29126 ], [ 135.099331388, 34.291465279 ], [ 135.099493022, 34.291666667 ], [ 135.099516666999989, 34.291696108 ], [ 135.099640271999988, 34.291901387 ], [ 135.099717497, 34.292209162 ], [ 135.09974834, 34.292491108 ], [ 135.099779442, 34.292683613 ], [ 135.099639728, 34.293225 ], [ 135.099423333, 34.293494162 ], [ 135.099284721, 34.293725 ], [ 135.099222776, 34.293930279 ], [ 135.099216109, 34.294091387 ], [ 135.099206939, 34.294316667 ], [ 135.099145005999986, 34.294560279 ], [ 135.098975005999989, 34.294701387 ], [ 135.098696939, 34.294868054 ], [ 135.098480558, 34.295009162 ], [ 135.098201673, 34.295306667 ], [ 135.09797, 34.295653054 ], [ 135.097815279, 34.295768333 ], [ 135.097629727999987, 34.295794162 ], [ 135.097243606, 34.295768333 ], [ 135.097088885, 34.295819441 ], [ 135.096934449, 34.295973333 ], [ 135.096872217999987, 34.296257225 ], [ 135.096764162999989, 34.296641946 ], [ 135.096795006, 34.296872775 ], [ 135.096934162999986, 34.297103613 ], [ 135.09715055800001, 34.297206108 ], [ 135.097552218, 34.297475829 ], [ 135.097629727999987, 34.297668333 ], [ 135.097691387999987, 34.297911946 ], [ 135.097923333000011, 34.298168333 ], [ 135.09824834, 34.298605559 ], [ 135.09841834, 34.298823333 ], [ 135.098681115, 34.298977225 ], [ 135.099036394, 34.299028613 ], [ 135.099531673, 34.299144162 ], [ 135.099918054, 34.299285279 ], [ 135.1, 34.299367225 ], [ 135.100073060999989, 34.299440279 ], [ 135.100150272, 34.299722225 ], [ 135.100126446, 34.3 ], [ 135.100119442, 34.300081387 ], [ 135.100150272, 34.300273613 ], [ 135.100305006000013, 34.300440559 ], [ 135.100522776, 34.300495559 ], [ 135.100662218, 34.300530559 ], [ 135.101187782000011, 34.300684441 ], [ 135.101419442, 34.300838333 ], [ 135.101605279000012, 34.300928892 ], [ 135.102037782, 34.301275 ], [ 135.102208053999988, 34.301441946 ], [ 135.102455551, 34.301777495 ], [ 135.102625550999988, 34.301841667 ], [ 135.10291917, 34.301815829 ], [ 135.103135279000014, 34.301854441 ], [ 135.103274449, 34.301956946 ], [ 135.103413606, 34.302085279 ], [ 135.103537224, 34.302354441 ], [ 135.10363, 34.302560829 ], [ 135.103815279, 34.302676387 ], [ 135.104047224, 34.302881667 ], [ 135.104217224, 34.303035279 ], [ 135.104340830000012, 34.303202225 ], [ 135.104387497, 34.303358892 ], [ 135.104511115, 34.303986946 ], [ 135.104634721, 34.304256108 ], [ 135.10478917, 34.304397225 ], [ 135.104990272, 34.304538333 ], [ 135.105176394000011, 34.304616946 ], [ 135.105593606000014, 34.304835 ], [ 135.10584083, 34.305155559 ], [ 135.106412776000013, 34.305800829 ], [ 135.10645917, 34.306044441 ], [ 135.10642834, 34.306236667 ], [ 135.106322503, 34.307202495 ], [ 135.10622693900001, 34.308073333 ], [ 135.106150531999987, 34.308333333 ], [ 135.106072503, 34.308598892 ], [ 135.105917782, 34.308855559 ], [ 135.105670272, 34.308971108 ], [ 135.105531388, 34.309009441 ], [ 135.10486666700001, 34.308996667 ], [ 135.104743061, 34.308971108 ], [ 135.104712218, 34.309060829 ], [ 135.104782191999988, 34.309245586 ], [ 135.104882218, 34.309509721 ], [ 135.104849728, 34.309600279 ], [ 135.104695005999986, 34.309754162 ], [ 135.104509728000011, 34.309767225 ], [ 135.104215837, 34.309703054 ], [ 135.10381416300001, 34.309703054 ], [ 135.103505006, 34.309741387 ], [ 135.103365837000013, 34.309818333 ], [ 135.103335006, 34.310023333 ], [ 135.10338027200001, 34.310216108 ], [ 135.103627497, 34.310972775 ], [ 135.103612218, 34.311101108 ], [ 135.103534720999988, 34.311139441 ], [ 135.103395837, 34.311088333 ], [ 135.103225837, 34.310972775 ], [ 135.102731115000012, 34.310934441 ], [ 135.10249944200001, 34.310818892 ], [ 135.10212834, 34.310562495 ], [ 135.101694449, 34.309933054 ], [ 135.10137, 34.309766108 ], [ 135.100875279, 34.309484162 ], [ 135.100760558, 34.309431108 ], [ 135.100597224000012, 34.309355829 ], [ 135.100318885, 34.309343054 ], [ 135.100179442000012, 34.309381108 ], [ 135.1, 34.309401667 ], [ 135.099731115, 34.309432495 ], [ 135.099514721, 34.309355559 ], [ 135.099205551000011, 34.309137495 ], [ 135.098834721, 34.308868054 ], [ 135.09866083, 34.308828892 ], [ 135.098413606, 34.308867495 ], [ 135.098166394, 34.308777775 ], [ 135.097974942, 34.308333333 ], [ 135.097857224, 34.30806 ], [ 135.09770083, 34.307880559 ], [ 135.097576939, 34.307829162 ], [ 135.097298884999987, 34.307855 ], [ 135.097082503, 34.307944721 ], [ 135.097005279, 34.308098613 ], [ 135.096789468, 34.308333333 ], [ 135.096758054, 34.308367495 ], [ 135.09614, 34.308893333 ], [ 135.095738054, 34.309265279 ], [ 135.095227497, 34.309923613 ], [ 135.094562776, 34.310740279 ], [ 135.093679415999986, 34.311481748 ], [ 135.093513890999986, 34.311620559 ], [ 135.093294449000012, 34.311804721 ], [ 135.092826693, 34.312011802 ], [ 135.092834423, 34.312061721 ], [ 135.09284897500001, 34.312102387 ], [ 135.092885914, 34.312151892 ], [ 135.092916861, 34.312183667 ], [ 135.09295594, 34.312215865 ], [ 135.092974306, 34.312227441 ], [ 135.093000804000013, 34.312239 ], [ 135.093036226, 34.312247559 ], [ 135.093051894000013, 34.312246865 ], [ 135.093069144, 34.312237613 ], [ 135.09307350200001, 34.312226198 ], [ 135.093073113, 34.312211865 ], [ 135.093040699999989, 34.312225333 ], [ 135.093119494, 34.312173162 ], [ 135.093010441, 34.312029198 ], [ 135.093096640999988, 34.311964225 ], [ 135.093189532999986, 34.312056775 ], [ 135.093175084, 34.312065865 ], [ 135.093264189, 34.312153613 ], [ 135.093373995, 34.312310468 ], [ 135.093344941999987, 34.312324586 ], [ 135.093766523999989, 34.312959135 ], [ 135.093812607, 34.312936495 ], [ 135.093389831, 34.312303108 ], [ 135.093275422, 34.312142414 ], [ 135.093491388, 34.311992198 ], [ 135.093654578000013, 34.312132333 ], [ 135.093974306, 34.312460252 ], [ 135.094053671000012, 34.312666108 ], [ 135.09410749700001, 34.312873775 ], [ 135.093998949, 34.312936441 ], [ 135.093999831, 34.312946 ], [ 135.09403939, 34.312994973 ], [ 135.094040830000012, 34.313002468 ], [ 135.09403572, 34.313012441 ], [ 135.09399319100001, 34.313068468 ], [ 135.09357561600001, 34.313445721 ], [ 135.093511699, 34.313499721 ], [ 135.093368223, 34.313604865 ], [ 135.093367056, 34.313592225 ], [ 135.093090169, 34.313515081 ], [ 135.093072049, 34.313473468 ], [ 135.093050752000011, 34.313464198 ], [ 135.093021115, 34.313480946 ], [ 135.093015642000012, 34.313494225 ], [ 135.093008833, 34.313531865 ], [ 135.093006939, 34.313536441 ], [ 135.092987082, 34.313553252 ], [ 135.09298511, 34.313565054 ], [ 135.093036641, 34.313582748 ], [ 135.093082243999987, 34.313584252 ], [ 135.093094033999989, 34.313560721 ], [ 135.093359754, 34.313634721 ], [ 135.09331352800001, 34.313680279 ], [ 135.093308054, 34.313692946 ], [ 135.093307912, 34.31370564 ], [ 135.09332486400001, 34.313767892 ], [ 135.093333165, 34.313784532 ], [ 135.093341414, 34.313794162 ], [ 135.093364254, 34.313812081 ], [ 135.093386278, 34.313824414 ], [ 135.093405473, 34.313828333 ], [ 135.093426887, 34.313827865 ], [ 135.093449196, 34.313824252 ], [ 135.093467639000011, 34.313816721 ], [ 135.093483838999987, 34.313806667 ], [ 135.093533060999988, 34.313764468 ], [ 135.093580441, 34.313713333 ], [ 135.093566887, 34.313639414 ], [ 135.093588755000013, 34.313617468 ], [ 135.093640778, 34.313649775 ], [ 135.094182399, 34.313131991 ], [ 135.094599209, 34.313899342 ], [ 135.09318262, 34.314444306 ], [ 135.092238949, 34.314441685 ], [ 135.092238949, 34.314652495 ], [ 135.092080829999986, 34.314654252 ], [ 135.092033359, 34.314653559 ], [ 135.092031829, 34.314433559 ], [ 135.092041699, 34.31443364 ], [ 135.092035746, 34.313887441 ], [ 135.091961336, 34.313886333 ], [ 135.091961024999989, 34.313905279 ], [ 135.091968911, 34.314373135 ], [ 135.091883722, 34.314373775 ], [ 135.091885862999987, 34.314547054 ], [ 135.091892802, 34.314720919 ], [ 135.091897327999988, 34.314793613 ], [ 135.091904137, 34.314868694 ], [ 135.091911997000011, 34.314957 ], [ 135.09192489, 34.315060333 ], [ 135.091996939000012, 34.315059946 ], [ 135.091996835, 34.315039495 ], [ 135.092797912, 34.315038946 ], [ 135.093358327, 34.315039315 ], [ 135.093356148, 34.315044162 ], [ 135.093356148, 34.315047108 ], [ 135.093356732, 34.315049559 ], [ 135.093362062000011, 34.315057414 ], [ 135.093365603, 34.315062324 ], [ 135.093370934, 34.315066748 ], [ 135.093376264999989, 34.315070676 ], [ 135.093383956, 34.315074108 ], [ 135.093392231, 34.315078036 ], [ 135.093403671, 34.315079387 ], [ 135.093425811, 34.315091559 ], [ 135.093441115, 34.315112748 ], [ 135.093457977000014, 34.315119919 ], [ 135.093460661, 34.31513164 ], [ 135.093475837, 34.31515636 ], [ 135.093487055999987, 34.315164667 ], [ 135.093496719, 34.315185829 ], [ 135.093516329000011, 34.315201225 ], [ 135.093530389, 34.315206 ], [ 135.093540078, 34.315223559 ], [ 135.093567951000011, 34.315250721 ], [ 135.093601582, 34.315274495 ], [ 135.093649339, 34.315290081 ], [ 135.093694137, 34.315296027 ], [ 135.093744773, 34.315304586 ], [ 135.093806939, 34.315305054 ], [ 135.093860584, 34.315298414 ], [ 135.093897301999988, 34.315297532 ], [ 135.093911166999987, 34.315312865 ], [ 135.09395358, 34.315308468 ], [ 135.093970389, 34.315320333 ], [ 135.094005616, 34.315319414 ], [ 135.094026719, 34.315325441 ], [ 135.094055058, 34.315319775 ], [ 135.094067717, 34.315311667 ], [ 135.094080362999989, 34.315319973 ], [ 135.094193671, 34.315291495 ], [ 135.094229883, 34.31528836 ], [ 135.094297912, 34.315254865 ], [ 135.094336031000012, 34.315248108 ], [ 135.094412387, 34.315231108 ], [ 135.094433865000013, 34.315244495 ], [ 135.094463774, 34.315249775 ], [ 135.09449655, 34.315252919 ], [ 135.094526693, 34.315250892 ], [ 135.094569922, 34.315241559 ], [ 135.095247664999988, 34.314949694 ], [ 135.095321829, 34.314912721 ], [ 135.095357807999989, 34.314881252 ], [ 135.095366861, 34.314857441 ], [ 135.095369805, 34.314835919 ], [ 135.09537038900001, 34.314814 ], [ 135.095370558000013, 34.314806532 ], [ 135.095390830000014, 34.31479064 ], [ 135.095454358000012, 34.314722387 ], [ 135.095483022, 34.314695559 ], [ 135.095587107999989, 34.31460464 ], [ 135.095599663, 34.314589225 ], [ 135.095613022, 34.314568694 ], [ 135.095661582, 34.314487 ], [ 135.095690856, 34.314464225 ], [ 135.095891970999986, 34.314321387 ], [ 135.095940610000014, 34.314303973 ], [ 135.095993256000014, 34.314289946 ], [ 135.096042555, 34.314280586 ], [ 135.096104669, 34.31427536 ], [ 135.09623061, 34.314313054 ], [ 135.096302477, 34.314320441 ], [ 135.096366135000011, 34.314318586 ], [ 135.096416057, 34.314314441 ], [ 135.096447950999988, 34.314310613 ], [ 135.096489079, 34.314304613 ], [ 135.096529728, 34.314294532 ], [ 135.09656214, 34.314288721 ], [ 135.096587172999989, 34.314285387 ], [ 135.096637445, 34.314280081 ], [ 135.096710415, 34.314271802 ], [ 135.096741414, 34.314269495 ], [ 135.096762166, 34.314268586 ], [ 135.096803696, 34.314267802 ], [ 135.096851803, 34.314268252 ], [ 135.096875811, 34.314269225 ], [ 135.096911634, 34.314272108 ], [ 135.096952671999986, 34.314277559 ], [ 135.09697978, 34.314282252 ], [ 135.097033411000012, 34.314293559 ], [ 135.097078418, 34.314303802 ], [ 135.09710105100001, 34.314308108 ], [ 135.097129611000014, 34.314311865 ], [ 135.097142412000011, 34.314312748 ], [ 135.097332776, 34.314383387 ], [ 135.097602282999986, 34.314479225 ], [ 135.097658833, 34.314495775 ], [ 135.097706394, 34.314509306 ], [ 135.097756135, 34.314520027 ], [ 135.097799637, 34.314526027 ], [ 135.097866719, 34.314533468 ], [ 135.097905694, 34.314536108 ], [ 135.097965084, 34.314538252 ], [ 135.098051556, 34.314540613 ], [ 135.098080558, 34.314541802 ], [ 135.098115888, 34.314550081 ], [ 135.098133217, 34.314554919 ], [ 135.098158781, 34.314563108 ], [ 135.098189079, 34.314574694 ], [ 135.098208975, 34.314583135 ], [ 135.098247781999987, 34.314601559 ], [ 135.098299105, 34.314628081 ], [ 135.098332581, 34.314646694 ], [ 135.098354500999989, 34.314659495 ], [ 135.098397588000012, 34.314685946 ], [ 135.0984307, 34.314707559 ], [ 135.098495966, 34.314751775 ], [ 135.098550856, 34.314788414 ], [ 135.098567056, 34.31479836 ], [ 135.098575616, 34.314802667 ], [ 135.098583502, 34.314805973 ], [ 135.098599974, 34.314811135 ], [ 135.09863131, 34.314836973 ], [ 135.098768080000013, 34.314948414 ], [ 135.098798275, 34.314970441 ], [ 135.098836913000014, 34.314994802 ], [ 135.098878832999986, 34.315018721 ], [ 135.098933917000011, 34.315047802 ], [ 135.099001608, 34.315079054 ], [ 135.099083580000013, 34.315113559 ], [ 135.099103385, 34.315121441 ], [ 135.099133022, 34.315143748 ], [ 135.099147367, 34.315155306 ], [ 135.099165032, 34.315170054 ], [ 135.099199363999986, 34.315200495 ], [ 135.099225499, 34.315224667 ], [ 135.09923808, 34.315237027 ], [ 135.099255914, 34.31525636 ], [ 135.099262892000013, 34.315264694 ], [ 135.099275940000012, 34.315282027 ], [ 135.099288145, 34.315299775 ], [ 135.099310467, 34.31533636 ], [ 135.099335863, 34.315380441 ], [ 135.099348002999989, 34.31540264 ], [ 135.099365576999986, 34.315436108 ], [ 135.099400777999989, 34.315507613 ], [ 135.099417173, 34.315540721 ], [ 135.099439079, 34.315591865 ], [ 135.099454916000013, 34.315636279 ], [ 135.099469248, 34.315678306 ], [ 135.099475966, 34.31569936 ], [ 135.099480169, 34.315714198 ], [ 135.099487665, 34.315744252 ], [ 135.099492503, 34.315770162 ], [ 135.099493554, 34.315783162 ], [ 135.099492892, 34.315795946 ], [ 135.099491828999987, 34.31580236 ], [ 135.099488223, 34.315814225 ], [ 135.099478197, 34.315837586 ], [ 135.099469831, 34.315858162 ], [ 135.099459532999987, 34.315885694 ], [ 135.099454163, 34.315899333 ], [ 135.099439104999988, 34.315936387 ], [ 135.099432503, 34.315955162 ], [ 135.099428197, 34.315971198 ], [ 135.099426693, 34.315979387 ], [ 135.099425279, 34.31599164 ], [ 135.09942511, 34.316007865 ], [ 135.099413502, 34.31603536 ], [ 135.099411777, 34.31606464 ], [ 135.099418612, 34.316115441 ], [ 135.099425551, 34.316148054 ], [ 135.099443995, 34.316161973 ], [ 135.099445422, 34.316222108 ], [ 135.099455305, 34.316281333 ], [ 135.099475383, 34.316334495 ], [ 135.099508106, 34.316383225 ], [ 135.099538806999988, 34.316420252 ], [ 135.099605188, 34.316479775 ], [ 135.099647471, 34.316509306 ], [ 135.099739416, 34.316548027 ], [ 135.099754475, 34.316564 ], [ 135.099766861, 34.316583919 ], [ 135.099794358, 34.316623892 ], [ 135.099839442, 34.316666667 ], [ 135.099851894000011, 34.316678495 ], [ 135.099878781, 34.316714586 ], [ 135.099901167000013, 34.316735748 ], [ 135.099938079999987, 34.316756919 ], [ 135.099979170000012, 34.316776532 ], [ 135.1, 34.316785198 ], [ 135.100014228, 34.316791108 ], [ 135.100054773000011, 34.316829279 ], [ 135.100104085999988, 34.31688264 ], [ 135.100156109000011, 34.316924946 ], [ 135.100185577, 34.316953667 ], [ 135.100185331, 34.316975748 ], [ 135.10020297, 34.317002919 ], [ 135.100276783, 34.317051865 ], [ 135.100319468, 34.317091306 ], [ 135.100388716, 34.317149775 ], [ 135.100453502, 34.317188946 ], [ 135.100481803, 34.317224495 ], [ 135.100538223, 34.317303775 ], [ 135.100603138999986, 34.317401279 ], [ 135.100658689999989, 34.317490586 ], [ 135.100712477, 34.317592919 ], [ 135.100754617, 34.317675279 ], [ 135.100773606, 34.317708135 ], [ 135.100777756000014, 34.317716559 ], [ 135.100787301999986, 34.317726441 ], [ 135.100792192, 34.317757333 ], [ 135.100808418000014, 34.317766081 ], [ 135.100812088, 34.317776586 ], [ 135.100823774, 34.317792721 ], [ 135.100831140999986, 34.317794027 ], [ 135.100834060000011, 34.317807027 ], [ 135.100842113999988, 34.317814468 ], [ 135.100853943, 34.317815198 ], [ 135.100855331, 34.317826946 ], [ 135.100861946, 34.317839252 ], [ 135.100870052, 34.317844252 ], [ 135.10087968900001, 34.317846865 ], [ 135.100878859, 34.317854252 ], [ 135.100893502, 34.317876532 ], [ 135.100905499, 34.317883027 ], [ 135.100947276, 34.317939135 ], [ 135.100950829999988, 34.317940054 ], [ 135.100957056, 34.317980027 ], [ 135.100999637, 34.318060306 ], [ 135.101034864000013, 34.318099441 ], [ 135.101050272, 34.318101252 ], [ 135.101049636999988, 34.318109919 ], [ 135.101050337, 34.318118027 ], [ 135.10105406, 34.318134108 ], [ 135.101059442, 34.318149279 ], [ 135.101072827, 34.318178333 ], [ 135.101124137, 34.318277333 ], [ 135.101139274, 34.318304586 ], [ 135.101148275000014, 34.318317441 ], [ 135.101158781, 34.318329495 ], [ 135.101164812, 34.318335054 ], [ 135.101173217, 34.318341532 ], [ 135.101177756, 34.318344441 ], [ 135.101184890000013, 34.318348198 ], [ 135.101196355000013, 34.318352414 ], [ 135.101203385, 34.318353919 ], [ 135.101208171, 34.318354495 ], [ 135.101224916, 34.318354973 ], [ 135.101246472000014, 34.318354468 ], [ 135.101256226, 34.318374865 ], [ 135.101235551, 34.318373892 ], [ 135.101222581, 34.318379198 ], [ 135.101219195999988, 34.318381441 ], [ 135.101214137, 34.318386081 ], [ 135.101211388, 34.318389586 ], [ 135.101207302, 34.318396586 ], [ 135.101205499, 34.318401441 ], [ 135.101205136, 34.318404225 ], [ 135.101205305, 34.31840964 ], [ 135.101206446, 34.318415054 ], [ 135.10121066100001, 34.318426892 ], [ 135.101216835, 34.318439919 ], [ 135.101232581, 34.318469252 ], [ 135.101256446, 34.318515775 ], [ 135.101272048999988, 34.318548532 ], [ 135.101300272, 34.318611829 ], [ 135.101308223, 34.31863164 ], [ 135.101311388, 34.318641306 ], [ 135.101314384, 34.318655919 ], [ 135.101315058000012, 34.318662865 ], [ 135.101314916, 34.318677108 ], [ 135.101310751999989, 34.318721081 ], [ 135.101310311, 34.318733333 ], [ 135.101311219, 34.318757694 ], [ 135.101313800000014, 34.318781946 ], [ 135.101320660999988, 34.318830495 ], [ 135.101322970000012, 34.318849 ], [ 135.101327134, 34.318885721 ], [ 135.101330778, 34.318912532 ], [ 135.101334695, 34.318931667 ], [ 135.101337756, 34.318941613 ], [ 135.101344643, 34.318957721 ], [ 135.101354838, 34.319040802 ], [ 135.10138425400001, 34.319102892 ], [ 135.101426393999986, 34.319177027 ], [ 135.101462244, 34.319228586 ], [ 135.101465188, 34.31925764 ], [ 135.101461608, 34.319286559 ], [ 135.101520078, 34.319317279 ], [ 135.10159083, 34.319375748 ], [ 135.1016138, 34.319403054 ], [ 135.101683333000011, 34.319433865 ], [ 135.101733839, 34.319467135 ], [ 135.101823281, 34.319557414 ], [ 135.101892672, 34.319603973 ], [ 135.10189703, 34.319631694 ], [ 135.101906226000011, 34.319666027 ], [ 135.101959883, 34.319697973 ], [ 135.101992633, 34.319714892 ], [ 135.102031829, 34.31975736 ], [ 135.102063333, 34.319779946 ], [ 135.102117082, 34.319802694 ], [ 135.102183554, 34.319815081 ], [ 135.102241971000012, 34.319839225 ], [ 135.102355863000014, 34.319878306 ], [ 135.102486693, 34.319919721 ], [ 135.102600558, 34.319962667 ], [ 135.102711115, 34.320008279 ], [ 135.102821440000014, 34.320043081 ], [ 135.102900441, 34.320075306 ], [ 135.102982607, 34.320103495 ], [ 135.103031634, 34.320122333 ], [ 135.103088716, 34.320117532 ], [ 135.10311736700001, 34.320112414 ], [ 135.103153774, 34.320121865 ], [ 135.103178664000012, 34.320110162 ], [ 135.103224617, 34.320122387 ], [ 135.103256394, 34.320116054 ], [ 135.103357612999986, 34.320143108 ], [ 135.103392606999989, 34.320131559 ], [ 135.103421024999989, 34.320144919 ], [ 135.103527302, 34.320154892 ], [ 135.103622361, 34.320167414 ], [ 135.103710973, 34.320181306 ], [ 135.103742724, 34.320181532 ], [ 135.103764747000014, 34.320204054 ], [ 135.103892191999989, 34.320225802 ], [ 135.104026809, 34.320246559 ], [ 135.104155136, 34.320267306 ], [ 135.104357886, 34.320299081 ], [ 135.104534331999986, 34.320330495 ], [ 135.104575447, 34.32033736 ], [ 135.104713256, 34.320366054 ], [ 135.104824033999989, 34.320402387 ], [ 135.10486358, 34.320411865 ], [ 135.104909222, 34.320442495 ], [ 135.104948859, 34.320442775 ], [ 135.10498513600001, 34.320464135 ], [ 135.105045331000014, 34.320476495 ], [ 135.105153113, 34.320487829 ], [ 135.105205447, 34.320490829 ], [ 135.105278003, 34.320493973 ], [ 135.105298716, 34.320487532 ], [ 135.105344695000014, 34.320495802 ], [ 135.105367808000011, 34.320499387 ], [ 135.105412088, 34.320504946 ], [ 135.105500973, 34.320513532 ], [ 135.105549494, 34.320517865 ], [ 135.105573838999987, 34.320519306 ], [ 135.105598171, 34.320519829 ], [ 135.105610337, 34.320519667 ], [ 135.105647497, 34.320517306 ], [ 135.105680467000013, 34.320514748 ], [ 135.105696887, 34.320513892 ], [ 135.105721556, 34.320513892 ], [ 135.10573452700001, 34.320514919 ], [ 135.10574749700001, 34.320515973 ], [ 135.105799144, 34.32052364 ], [ 135.105841777, 34.320529441 ], [ 135.10592749700001, 34.320539108 ], [ 135.105958106, 34.320542919 ], [ 135.105973307, 34.320545306 ], [ 135.105995642000011, 34.320550135 ], [ 135.10601978, 34.320557441 ], [ 135.106035577, 34.320563252 ], [ 135.106066744, 34.32057564 ], [ 135.10612939, 34.320601162 ], [ 135.10612939, 34.320600532 ], [ 135.106200169, 34.32062736 ], [ 135.107062152999987, 34.321009486 ], [ 135.107264423, 34.321099162 ], [ 135.107331582, 34.321125694 ], [ 135.107534617, 34.321214081 ], [ 135.107775331, 34.321312468 ], [ 135.107952361, 34.321381279 ], [ 135.108103281000012, 34.321433135 ], [ 135.108248392, 34.32148 ], [ 135.108333333, 34.321501946 ], [ 135.108373333, 34.321512279 ], [ 135.108565084, 34.321557135 ], [ 135.108928392, 34.321634694 ], [ 135.109210246, 34.321697054 ], [ 135.10937594, 34.32172964 ], [ 135.109660778, 34.321787252 ], [ 135.1098293, 34.321817414 ], [ 135.110003799999987, 34.321850054 ], [ 135.110128780999986, 34.321870333 ], [ 135.110268444000013, 34.321885775 ], [ 135.11044594, 34.321901586 ], [ 135.11063230900001, 34.321910135 ], [ 135.110804163000012, 34.321913829 ], [ 135.111153645, 34.321923495 ], [ 135.111441894, 34.321935306 ], [ 135.111610804, 34.321941333 ], [ 135.111832166, 34.321938135 ], [ 135.112021672999987, 34.321929775 ], [ 135.112248885000014, 34.321917 ], [ 135.112383061, 34.321910667 ], [ 135.112549001, 34.321919198 ], [ 135.112781803, 34.321935306 ], [ 135.113174617, 34.321976802 ], [ 135.113378171, 34.322004802 ], [ 135.113500246, 34.322029829 ], [ 135.113558275, 34.322049559 ], [ 135.113630921, 34.322074252 ], [ 135.113738223000013, 34.322111252 ], [ 135.113790415000011, 34.322138135 ], [ 135.113865667999988, 34.322184586 ], [ 135.11393808, 34.322221333 ], [ 135.113990337, 34.322243441 ], [ 135.114181777, 34.322317225 ], [ 135.114251309999986, 34.322349108 ], [ 135.11431808, 34.322376162 ], [ 135.114393606, 34.322396027 ], [ 135.11455066100001, 34.322422027 ], [ 135.114645966000012, 34.322442108 ], [ 135.114777224, 34.322485694 ], [ 135.114945694, 34.322532802 ], [ 135.115059001, 34.32255536 ], [ 135.115213165, 34.322578198 ], [ 135.115303281, 34.322595694 ], [ 135.115439831, 34.322630495 ], [ 135.115593696, 34.322682279 ], [ 135.115669196, 34.322704559 ], [ 135.115767977, 34.322724559 ], [ 135.115869300000014, 34.322751162 ], [ 135.115920195, 34.322777865 ], [ 135.115979144, 34.322804694 ], [ 135.116041414, 34.322823973 ], [ 135.116109585, 34.322831054 ], [ 135.116187056, 34.322822252 ], [ 135.116272697999989, 34.322789865 ], [ 135.116352776000014, 34.322747973 ], [ 135.116404553, 34.322691829 ], [ 135.116447134, 34.322640279 ], [ 135.116491414, 34.322581748 ], [ 135.116538859, 34.322544306 ], [ 135.116582827, 34.322518027 ], [ 135.11664428, 34.322491892 ], [ 135.116666667, 34.322484748 ], [ 135.116740778, 34.322461198 ], [ 135.11684725, 34.322430495 ], [ 135.116911945999988, 34.322405802 ], [ 135.116966809, 34.322375559 ], [ 135.116996252, 34.322346027 ], [ 135.11703630400001, 34.322328108 ], [ 135.11709489, 34.322306802 ], [ 135.117046083, 34.322234694 ], [ 135.117113022000012, 34.322214532 ], [ 135.117349467999986, 34.322546 ], [ 135.117972049, 34.322841946 ], [ 135.118050999, 34.322783559 ], [ 135.118178029, 34.322689802 ], [ 135.118153307, 34.322665586 ], [ 135.118028249, 34.322756 ], [ 135.117440531999989, 34.32247336 ], [ 135.117262283, 34.322240306 ], [ 135.117308054, 34.322214225 ], [ 135.117356199999989, 34.322276414 ], [ 135.117685771999987, 34.322090162 ], [ 135.117810725999988, 34.321986775 ], [ 135.11779642, 34.321973495 ], [ 135.117748080000013, 34.322013559 ], [ 135.117698755, 34.32197164 ], [ 135.117885331, 34.321815027 ], [ 135.117848807, 34.321783468 ], [ 135.117858911000013, 34.321774441 ], [ 135.1178607, 34.321739027 ], [ 135.117772387, 34.321661748 ], [ 135.117739416, 34.321594081 ], [ 135.117729728, 34.321575081 ], [ 135.117727471, 34.321572441 ], [ 135.117753916999987, 34.321548748 ], [ 135.117755188, 34.321550919 ], [ 135.117771699, 34.321564027 ], [ 135.117779468, 34.321566441 ], [ 135.117923502, 34.321582694 ], [ 135.117933696, 34.321583865 ], [ 135.11837703, 34.321180279 ], [ 135.118418716, 34.32118364 ], [ 135.118444163, 34.321180748 ], [ 135.118468807, 34.321174162 ], [ 135.11849153, 34.32116236 ], [ 135.118892218000013, 34.321280279 ], [ 135.118844449, 34.32139036 ], [ 135.118857445, 34.321394333 ], [ 135.118905719999987, 34.321282676 ], [ 135.118933606000013, 34.321290081 ], [ 135.11896341100001, 34.321297991 ], [ 135.118916082999988, 34.321418027 ], [ 135.118925305, 34.321421495 ], [ 135.118959585, 34.321333586 ], [ 135.119197639, 34.321407775 ], [ 135.119116666999986, 34.321480775 ], [ 135.119083671, 34.321509919 ], [ 135.11933406, 34.321704387 ], [ 135.119234254, 34.321791559 ], [ 135.118512361, 34.322411225 ], [ 135.11845644600001, 34.322459225 ], [ 135.118436809, 34.322476027 ], [ 135.118472672, 34.322507946 ], [ 135.119033748, 34.322023613 ], [ 135.119329779999987, 34.321769441 ], [ 135.119325006, 34.321801135 ], [ 135.119331505, 34.321823532 ], [ 135.119344773, 34.321844108 ], [ 135.119346809, 34.32186836 ], [ 135.119342023, 34.321886919 ], [ 135.119326109000014, 34.321903559 ], [ 135.119305616, 34.321929559 ], [ 135.119298638, 34.321951865 ], [ 135.119305161999989, 34.32197236 ], [ 135.119325279, 34.321983694 ], [ 135.119334384000013, 34.321974468 ], [ 135.119359300000013, 34.321959694 ], [ 135.119375006000013, 34.321956108 ], [ 135.11939978, 34.321956279 ], [ 135.119431219, 34.321962108 ], [ 135.119487328, 34.321979279 ], [ 135.119540921, 34.322007613 ], [ 135.119587886, 34.322037775 ], [ 135.119641388, 34.322084775 ], [ 135.119663696, 34.322103495 ], [ 135.119759636999987, 34.322147414 ], [ 135.119868029, 34.322197027 ], [ 135.119646135000011, 34.322524748 ], [ 135.119644669, 34.322542252 ], [ 135.119649831, 34.322555441 ], [ 135.119662892, 34.322566441 ], [ 135.119979728, 34.322733613 ], [ 135.119937951, 34.322811748 ], [ 135.119923139, 34.32283436 ], [ 135.11991396900001, 34.322829865 ], [ 135.119900363, 34.322851946 ], [ 135.11994406, 34.322872279 ], [ 135.119958833, 34.322850225 ], [ 135.11994847, 34.322845081 ], [ 135.119966393999988, 34.322825387 ], [ 135.12002275, 34.322756108 ], [ 135.120069754000014, 34.322780775 ], [ 135.12039022, 34.322943559 ], [ 135.120250973, 34.323137279 ], [ 135.120236471999988, 34.323131694 ], [ 135.120139559, 34.323275946 ], [ 135.120069363999988, 34.32327564 ], [ 135.120054423, 34.323282919 ], [ 135.120040778, 34.323286252 ], [ 135.119997276, 34.323290333 ], [ 135.119934253999986, 34.323300252 ], [ 135.119913333, 34.323306054 ], [ 135.119896082999986, 34.323313775 ], [ 135.119888833, 34.323321667 ], [ 135.119888780999986, 34.323328054 ], [ 135.119893475999987, 34.323334495 ], [ 135.119901167, 34.323337973 ], [ 135.119936719, 34.323346613 ], [ 135.120034553000011, 34.323363198 ], [ 135.120055383, 34.323364333 ], [ 135.120077367, 34.323364468 ], [ 135.120096394, 34.32336264 ], [ 135.120113061000012, 34.323358252 ], [ 135.120129754, 34.323351973 ], [ 135.120148859000011, 34.323342721 ], [ 135.120163307000013, 34.323332468 ], [ 135.120178885, 34.323319333 ], [ 135.120193281000013, 34.323302108 ], [ 135.120214968, 34.323276667 ], [ 135.120165084, 34.323275865 ], [ 135.12023600500001, 34.323176586 ], [ 135.120264889999987, 34.323188775 ], [ 135.120294475, 34.323145252 ], [ 135.120287886, 34.323140802 ], [ 135.120392503, 34.322996667 ], [ 135.120424475, 34.322952559 ], [ 135.120402114, 34.322940387 ], [ 135.120664423, 34.322596532 ], [ 135.120981582000013, 34.322180946 ], [ 135.121014863999989, 34.322199225 ], [ 135.121056472, 34.322221973 ], [ 135.121069689, 34.322203748 ], [ 135.121078638, 34.322191387 ], [ 135.121100921, 34.322159198 ], [ 135.121074034, 34.322143829 ], [ 135.121143865, 34.322052027 ], [ 135.121273165, 34.321875162 ], [ 135.121316939, 34.32180336 ], [ 135.121365473, 34.32169236 ], [ 135.121411115, 34.321609135 ], [ 135.121229441999986, 34.321525054 ], [ 135.121170310999986, 34.321494694 ], [ 135.121157198, 34.321481802 ], [ 135.121145279, 34.321467829 ], [ 135.121140337000014, 34.321451748 ], [ 135.121137328, 34.321426586 ], [ 135.121147977, 34.321409 ], [ 135.121250311000011, 34.321274586 ], [ 135.12181869, 34.320565441 ], [ 135.122065577, 34.320263135 ], [ 135.122193139, 34.320084829 ], [ 135.122317562, 34.319887027 ], [ 135.122323865, 34.319887252 ], [ 135.122324163, 34.319878946 ], [ 135.122365863, 34.319879892 ], [ 135.122365577000011, 34.319888162 ], [ 135.122381219, 34.319888468 ], [ 135.122543256, 34.319918586 ], [ 135.122660311, 34.319923919 ], [ 135.122798145, 34.320254333 ], [ 135.122857691, 34.320242946 ], [ 135.122881141, 34.320275829 ], [ 135.122900558, 34.320321333 ], [ 135.122912166, 34.320354387 ], [ 135.122919585, 34.320404027 ], [ 135.122915135999989, 34.320455108 ], [ 135.12289869, 34.320498721 ], [ 135.122867250000013, 34.320557108 ], [ 135.12283786, 34.320601532 ], [ 135.12270978, 34.320758198 ], [ 135.122518520999989, 34.320956613 ], [ 135.122102114, 34.321354721 ], [ 135.121933942999988, 34.321497748 ], [ 135.121881673, 34.321540279 ], [ 135.121849000999987, 34.321558802 ], [ 135.121820311, 34.321568532 ], [ 135.121771089, 34.321579694 ], [ 135.121763476000012, 34.321611559 ], [ 135.121669857, 34.321605946 ], [ 135.121646135, 34.321588721 ], [ 135.121617588, 34.321598333 ], [ 135.121606304000011, 34.321658306 ], [ 135.121742633, 34.321682919 ], [ 135.121628249, 34.321951108 ], [ 135.121534188999988, 34.322186441 ], [ 135.12158061, 34.32220436 ], [ 135.121577834, 34.322210829 ], [ 135.121569169999987, 34.322209054 ], [ 135.121565084, 34.322223279 ], [ 135.121572802, 34.322224775 ], [ 135.121565616, 34.322247081 ], [ 135.121558029, 34.322245586 ], [ 135.121554423, 34.32225836 ], [ 135.121420777999987, 34.322184198 ], [ 135.121347859999986, 34.322278252 ], [ 135.12129725, 34.322253162 ], [ 135.12127566800001, 34.322280775 ], [ 135.121262088, 34.322301162 ], [ 135.121246226000011, 34.322323495 ], [ 135.121444916, 34.322431027 ], [ 135.121407613, 34.322497829 ], [ 135.121556304, 34.322566054 ], [ 135.121507638999987, 34.322638198 ], [ 135.121815887999986, 34.32277564 ], [ 135.121858949, 34.322701387 ], [ 135.12187192, 34.32270636 ], [ 135.121876355000012, 34.32269836 ], [ 135.121903191, 34.32270964 ], [ 135.121898754999989, 34.32271764 ], [ 135.121837134, 34.322852252 ], [ 135.121607004, 34.322758441 ], [ 135.121402386999989, 34.323072333 ], [ 135.12114061, 34.323019252 ], [ 135.12116450100001, 34.322929 ], [ 135.121099001, 34.322915919 ], [ 135.121027301999987, 34.323133468 ], [ 135.121080415, 34.32314573 ], [ 135.121046693000011, 34.323719838 ], [ 135.120935551, 34.323730721 ], [ 135.120903256, 34.323702919 ], [ 135.120723164999987, 34.323724333 ], [ 135.120553554, 34.323610613 ], [ 135.120512802, 34.323651333 ], [ 135.120544642999988, 34.323673198 ], [ 135.120540895, 34.323677586 ], [ 135.120526252, 34.323695613 ], [ 135.120525642, 34.323701802 ], [ 135.120529248, 34.323710054 ], [ 135.120551829, 34.323733279 ], [ 135.120649558999986, 34.323803865 ], [ 135.120680856, 34.323822108 ], [ 135.120698197, 34.323828919 ], [ 135.120719754, 34.323834198 ], [ 135.120736472, 34.323834775 ], [ 135.120950363, 34.323820892 ], [ 135.120976472, 34.323808802 ], [ 135.121310363, 34.323769667 ], [ 135.121340532, 34.323783387 ], [ 135.121355331, 34.323790721 ], [ 135.121376835, 34.323802414 ], [ 135.121401673, 34.32381736 ], [ 135.121449805, 34.32384936 ], [ 135.121554694999986, 34.323919441 ], [ 135.121607912, 34.323953802 ], [ 135.121642892000011, 34.323975775 ], [ 135.121660725999988, 34.32398636 ], [ 135.121688170999988, 34.32400136 ], [ 135.121717886, 34.324015721 ], [ 135.12173834, 34.324024532 ], [ 135.121780337, 34.324040495 ], [ 135.12179655, 34.324046135 ], [ 135.121829170000012, 34.324057162 ], [ 135.121853307, 34.324066 ], [ 135.121876667, 34.324075829 ], [ 135.121887912, 34.324081306 ], [ 135.121904553, 34.32409036 ], [ 135.12193661500001, 34.324110252 ], [ 135.121960804, 34.324125027 ], [ 135.121971828999989, 34.324131225 ], [ 135.121994423, 34.324142829 ], [ 135.122017562, 34.324153721 ], [ 135.122064838, 34.324174279 ], [ 135.12211869, 34.324197721 ], [ 135.122145305, 34.324209829 ], [ 135.122184772999987, 34.324228775 ], [ 135.122293165, 34.324284802 ], [ 135.122337082, 34.324305775 ], [ 135.12235199700001, 34.32431236 ], [ 135.122366913, 34.324318973 ], [ 135.122386939, 34.324327387 ], [ 135.122427639, 34.324343387 ], [ 135.122486641, 34.32436436 ], [ 135.122526498000013, 34.324377252 ], [ 135.122606978, 34.324401279 ], [ 135.122657134, 34.324415252 ], [ 135.122758029000011, 34.324441586 ], [ 135.122813191, 34.324455054 ], [ 135.122923995, 34.324481 ], [ 135.12304605700001, 34.324509559 ], [ 135.123106744000012, 34.324524748 ], [ 135.123177717, 34.324544108 ], [ 135.123212918, 34.324554468 ], [ 135.123265473, 34.324570694 ], [ 135.123309299999988, 34.324585162 ], [ 135.123396135, 34.324615721 ], [ 135.123483606, 34.324648532 ], [ 135.123995305, 34.325 ], [ 135.124063411, 34.325046829 ], [ 135.124063281, 34.325062333 ], [ 135.124166550000012, 34.325139973 ], [ 135.124263891, 34.325206387 ], [ 135.124325863, 34.325244441 ], [ 135.124401855, 34.325282027 ], [ 135.124479689, 34.325312532 ], [ 135.124555084, 34.325335333 ], [ 135.124627173, 34.32535136 ], [ 135.124709532999987, 34.325363387 ], [ 135.124798029, 34.325368802 ], [ 135.124887445000013, 34.325369441 ], [ 135.124973579999988, 34.325361946 ], [ 135.125, 34.325357973 ], [ 135.125020506, 34.325354892 ], [ 135.125102723999987, 34.325337252 ], [ 135.125188079999987, 34.325311919 ], [ 135.125261529999989, 34.325281414 ], [ 135.125318975, 34.325252441 ], [ 135.125741725000012, 34.325 ], [ 135.125908781, 34.324900279 ], [ 135.126290661000013, 34.324938775 ], [ 135.126311751, 34.324937586 ], [ 135.126328054, 34.324935721 ], [ 135.126346835, 34.324927748 ], [ 135.126388911, 34.324905775 ], [ 135.126606394, 34.324774441 ], [ 135.127088171, 34.324474946 ], [ 135.127114772999988, 34.324496775 ], [ 135.127307756, 34.324383468 ], [ 135.127379883, 34.324396081 ], [ 135.127414332, 34.324406495 ], [ 135.127642438, 34.324508667 ], [ 135.12765369600001, 34.324512081 ], [ 135.12766674400001, 34.324511441 ], [ 135.127679831, 34.324506865 ], [ 135.127714747, 34.324482468 ], [ 135.127821051000012, 34.324543829 ], [ 135.128586783, 34.325 ], [ 135.130556589, 34.326173694 ], [ 135.131567808, 34.325 ], [ 135.131797717000012, 34.324733198 ], [ 135.13180939, 34.324719667 ], [ 135.131860584, 34.324748865 ], [ 135.13234472100001, 34.324174865 ], [ 135.132368144999987, 34.324150495 ], [ 135.132849754, 34.323578387 ], [ 135.132862386999989, 34.323563586 ], [ 135.132872309, 34.323550946 ], [ 135.132874578000013, 34.323539532 ], [ 135.132874553, 34.323522586 ], [ 135.132871089, 34.323509748 ], [ 135.132868105999989, 34.323503865 ], [ 135.132861336, 34.323498667 ], [ 135.132974163, 34.323367586 ], [ 135.133097561999989, 34.323224387 ], [ 135.13302703, 34.323182775 ], [ 135.133150052, 34.323033279 ], [ 135.133159662999986, 34.323037667 ], [ 135.133186641, 34.323002973 ], [ 135.133146887, 34.322979892 ], [ 135.133117756, 34.323014559 ], [ 135.133125525, 34.323019027 ], [ 135.133000998999989, 34.323167441 ], [ 135.132319689000013, 34.322765054 ], [ 135.132285136, 34.322744532 ], [ 135.130672724, 34.321783054 ], [ 135.130818223, 34.321612775 ], [ 135.130747133999989, 34.321573495 ], [ 135.13073856, 34.32158336 ], [ 135.130209533, 34.321274 ], [ 135.130214695, 34.321267892 ], [ 135.130154553000011, 34.321232667 ], [ 135.13002192, 34.321386694 ], [ 135.129871829, 34.321294495 ], [ 135.129816939, 34.321157414 ], [ 135.129992023, 34.320956468 ], [ 135.130170636, 34.320967468 ], [ 135.130315811, 34.320800532 ], [ 135.130232387, 34.320755865 ], [ 135.130213139, 34.320745532 ], [ 135.130179754000011, 34.32072764 ], [ 135.130173502, 34.320734441 ], [ 135.130106472, 34.320699892 ], [ 135.130114189000011, 34.320687946 ], [ 135.130007756, 34.320631387 ], [ 135.130139053, 34.320480333 ], [ 135.130393502, 34.320400441 ], [ 135.130413721999986, 34.320439441 ], [ 135.130753995, 34.32031836 ], [ 135.130758949000011, 34.320249613 ], [ 135.131038833, 34.320144468 ], [ 135.131114384, 34.320279081 ], [ 135.133123411000014, 34.319525748 ], [ 135.133112412, 34.319505559 ], [ 135.133089637000012, 34.319514054 ], [ 135.133026277999988, 34.319398586 ], [ 135.133145058, 34.319353973 ], [ 135.133177367, 34.319373135 ], [ 135.133199689, 34.319377162 ], [ 135.133220558, 34.319377333 ], [ 135.133239831, 34.319372946 ], [ 135.133333333, 34.319338135 ], [ 135.133848366, 34.319146468 ], [ 135.13394713400001, 34.319113252 ], [ 135.133965668, 34.319109613 ], [ 135.133984254000012, 34.319109108 ], [ 135.13400647200001, 34.319114306 ], [ 135.13402102500001, 34.319124054 ], [ 135.134160973, 34.319367306 ], [ 135.134176135, 34.319384 ], [ 135.134189948, 34.319393108 ], [ 135.134206834999986, 34.319399 ], [ 135.134228444, 34.319399775 ], [ 135.134253165, 34.319395441 ], [ 135.134505913999988, 34.319307694 ], [ 135.134536887, 34.319298919 ], [ 135.134556939, 34.319301667 ], [ 135.134569144000011, 34.319309414 ], [ 135.134579857, 34.319324198 ], [ 135.134973722000012, 34.320184495 ], [ 135.135107613, 34.320427162 ], [ 135.135122088, 34.320443865 ], [ 135.135132776, 34.320452306 ], [ 135.135143527999986, 34.320453027 ], [ 135.135159689, 34.320453135 ], [ 135.135280195, 34.320411162 ], [ 135.13555542200001, 34.320339 ], [ 135.135557224, 34.320322973 ], [ 135.13554975400001, 34.320297306 ], [ 135.135539754, 34.320288306 ], [ 135.135522826999988, 34.320284946 ], [ 135.13550511, 34.320285441 ], [ 135.135323645, 34.320328333 ], [ 135.13526428, 34.320342 ], [ 135.135241893999989, 34.320343198 ], [ 135.135227250000014, 34.320339829 ], [ 135.135211894, 34.320332694 ], [ 135.135200506, 34.320321694 ], [ 135.13486869, 34.319617613 ], [ 135.134835447, 34.319628279 ], [ 135.134671309999987, 34.319264333 ], [ 135.134725525, 34.319242919 ], [ 135.134737134, 34.319235333 ], [ 135.134744227999988, 34.319223198 ], [ 135.134744332, 34.319210414 ], [ 135.134718975, 34.319151162 ], [ 135.135048755000014, 34.319026108 ], [ 135.135080894999987, 34.319079613 ], [ 135.135091089000014, 34.319082306 ], [ 135.135103139, 34.319081946 ], [ 135.135379922, 34.318984919 ], [ 135.135440947, 34.318978586 ], [ 135.137266939, 34.318862919 ], [ 135.138701219000012, 34.318772027 ], [ 135.138903139, 34.318748108 ], [ 135.138967328, 34.31873964 ], [ 135.138981414, 34.318734495 ], [ 135.138995383, 34.318726667 ], [ 135.139004422999989, 34.318716721 ], [ 135.139005161999989, 34.318707252 ], [ 135.138994747, 34.31868464 ], [ 135.139067133999987, 34.318680198 ], [ 135.139066278, 34.318670279 ], [ 135.13907939, 34.318653333 ], [ 135.139079222, 34.318646108 ], [ 135.139135642000014, 34.318644721 ], [ 135.139135772, 34.318651829 ], [ 135.139148170999988, 34.31865164 ], [ 135.139108223, 34.318713027 ], [ 135.139119883, 34.318718252 ], [ 135.139100441000011, 34.318751559 ], [ 135.139097665, 34.318765802 ], [ 135.13909888500001, 34.318774721 ], [ 135.139105084, 34.318784775 ], [ 135.139113917, 34.318791694 ], [ 135.139336160999989, 34.318884586 ], [ 135.140473385, 34.31937236 ], [ 135.140481634, 34.319372414 ], [ 135.140486783, 34.319369306 ], [ 135.140509947999988, 34.319334829 ], [ 135.141237612999987, 34.31965764 ], [ 135.141372892, 34.320211973 ], [ 135.141309559, 34.320221802 ], [ 135.141323307, 34.320249108 ], [ 135.141324501000014, 34.320259667 ], [ 135.141319922, 34.320271802 ], [ 135.141310778, 34.320294919 ], [ 135.141309974, 34.320308081 ], [ 135.141332802, 34.320372532 ], [ 135.141338975, 34.32038564 ], [ 135.14134708200001, 34.320398865 ], [ 135.141356524, 34.320409468 ], [ 135.141368495, 34.320417946 ], [ 135.141379883000013, 34.320421721 ], [ 135.141395746, 34.32042236 ], [ 135.141414773, 34.320420865 ], [ 135.141432633, 34.320417306 ], [ 135.1414638, 34.320407054 ], [ 135.141489922, 34.320394 ], [ 135.14150208800001, 34.320383613 ], [ 135.141510441, 34.320372054 ], [ 135.14151572, 34.320356748 ], [ 135.141513411, 34.320337279 ], [ 135.141498586000012, 34.320289387 ], [ 135.14149808, 34.320275135 ], [ 135.141501997, 34.320263081 ], [ 135.14150275, 34.320253532 ], [ 135.141486135, 34.320200225 ], [ 135.14146, 34.32020464 ], [ 135.141320169000011, 34.319618387 ], [ 135.140367665000014, 34.319190946 ], [ 135.140419662999989, 34.319111613 ], [ 135.140663917000012, 34.319218279 ], [ 135.140687860000014, 34.319182279 ], [ 135.139744968, 34.318774495 ], [ 135.13972345, 34.318807495 ], [ 135.139801971, 34.318841865 ], [ 135.139764189, 34.318902468 ], [ 135.139367756000013, 34.318739198 ], [ 135.139537523, 34.318466694 ], [ 135.139575837, 34.318483279 ], [ 135.139620441, 34.318413892 ], [ 135.139582139999987, 34.318396694 ], [ 135.139999274, 34.317735162 ], [ 135.140154163, 34.317698495 ], [ 135.141319533, 34.318218387 ], [ 135.141334189, 34.318314135 ], [ 135.141443969, 34.318309667 ], [ 135.141483838999989, 34.318631721 ], [ 135.14166666700001, 34.318711694 ], [ 135.142030778, 34.318870946 ], [ 135.142053256, 34.31890436 ], [ 135.142024279999987, 34.318901559 ], [ 135.142017587999987, 34.318939279 ], [ 135.142148911, 34.318964 ], [ 135.142067471, 34.319472252 ], [ 135.142564889999989, 34.319686162 ], [ 135.14288192, 34.31923236 ], [ 135.142900169, 34.319241252 ], [ 135.142957392999989, 34.319170973 ], [ 135.143161673, 34.319266892 ], [ 135.143167082, 34.319258613 ], [ 135.143193022, 34.319270802 ], [ 135.143185525, 34.319281829 ], [ 135.143234747, 34.319304973 ], [ 135.143254137000014, 34.319276721 ], [ 135.143204838, 34.319253468 ], [ 135.143199663, 34.319261108 ], [ 135.14317358, 34.319248748 ], [ 135.143221608, 34.319175973 ], [ 135.143242023, 34.319175667 ], [ 135.143260026, 34.319179225 ], [ 135.143274864, 34.319185532 ], [ 135.143323748, 34.319111135 ], [ 135.143558301000013, 34.319210495 ], [ 135.143670584, 34.319184414 ], [ 135.143685837, 34.319180586 ], [ 135.143695966, 34.319177748 ], [ 135.143759974, 34.319210387 ], [ 135.143703839000011, 34.319227027 ], [ 135.14368847, 34.319230973 ], [ 135.143667392999987, 34.319232721 ], [ 135.143462607, 34.319291973 ], [ 135.143434112, 34.319316468 ], [ 135.143434578000011, 34.319324586 ], [ 135.143520804, 34.319329081 ], [ 135.143518833, 34.319331586 ], [ 135.14351661500001, 34.319336333 ], [ 135.143516446, 34.319341586 ], [ 135.143517393, 34.319345081 ], [ 135.143520583999987, 34.319352135 ], [ 135.143525914, 34.319361027 ], [ 135.143537808, 34.319377252 ], [ 135.143552944, 34.319395198 ], [ 135.143584747, 34.319430946 ], [ 135.143615888, 34.319467865 ], [ 135.143630467, 34.319486694 ], [ 135.143640337, 34.319500198 ], [ 135.14365917, 34.319527559 ], [ 135.14367703, 34.319555441 ], [ 135.143710804, 34.319612135 ], [ 135.143744112, 34.319670414 ], [ 135.143759883, 34.319699919 ], [ 135.143782555, 34.319746495 ], [ 135.143796472, 34.319777973 ], [ 135.143805279, 34.319799135 ], [ 135.143821479, 34.319841802 ], [ 135.143834034, 34.319878667 ], [ 135.143839805, 34.319897748 ], [ 135.143847562, 34.319927559 ], [ 135.143855616, 34.31996736 ], [ 135.143857951, 34.319984694 ], [ 135.14386061, 34.320011559 ], [ 135.14337939, 34.320777829 ], [ 135.143370804, 34.320777775 ], [ 135.143340195, 34.320775667 ], [ 135.143324812, 34.320780721 ], [ 135.143308521, 34.320790333 ], [ 135.143219883, 34.320937829 ], [ 135.142191219000011, 34.320966775 ], [ 135.142182049000013, 34.320938865 ], [ 135.14216642, 34.320927387 ], [ 135.142137173, 34.320921135 ], [ 135.142082503000012, 34.320920775 ], [ 135.142054189, 34.320926613 ], [ 135.142024475, 34.320952559 ], [ 135.14201055800001, 34.320975973 ], [ 135.142006057, 34.321012559 ], [ 135.142009831, 34.321046559 ], [ 135.142019001, 34.321073667 ], [ 135.142031414, 34.321092054 ], [ 135.142050168999987, 34.321107892 ], [ 135.142076355, 34.321118532 ], [ 135.142111582000013, 34.321127414 ], [ 135.14217144, 34.321129559 ], [ 135.142235473, 34.321125667 ], [ 135.142261829, 34.321118829 ], [ 135.142281855, 34.321105892 ], [ 135.143339974000014, 34.321075694 ], [ 135.143961530000013, 34.321349892 ], [ 135.14423428, 34.321457081 ], [ 135.144643165, 34.321639 ], [ 135.144689533, 34.321654279 ], [ 135.144739248, 34.321667333 ], [ 135.144790143, 34.32167536 ], [ 135.144845357, 34.321673586 ], [ 135.14486869000001, 34.321664279 ], [ 135.145082438, 34.32175873 ], [ 135.145342529, 34.321873667 ], [ 135.145271219, 34.323032559 ], [ 135.145265499, 34.323061279 ], [ 135.145255551, 34.323098162 ], [ 135.145254527, 34.323124829 ], [ 135.145262554999988, 34.323147613 ], [ 135.145273385, 34.323163108 ], [ 135.145291633999989, 34.323183694 ], [ 135.145579000999987, 34.323456081 ], [ 135.145734384, 34.32359736 ], [ 135.145748196999989, 34.323607279 ], [ 135.145760752, 34.323610892 ], [ 135.145779001, 34.323611 ], [ 135.145877588, 34.323543721 ], [ 135.145883995, 34.323533829 ], [ 135.145884916, 34.323519333 ], [ 135.145881440000011, 34.323507135 ], [ 135.1458538, 34.323477919 ], [ 135.145842698, 34.323470279 ], [ 135.145830143000012, 34.323466667 ], [ 135.145813280999988, 34.32346836 ], [ 135.145802802, 34.323471162 ], [ 135.145774163, 34.323488279 ], [ 135.145740584, 34.323457198 ], [ 135.14537144, 34.323115667 ], [ 135.145425888, 34.322161586 ], [ 135.145452166000013, 34.322161748 ], [ 135.145460441000012, 34.32197836 ], [ 135.146060272, 34.321997054 ], [ 135.146055357, 34.322108 ], [ 135.146077561999988, 34.322178919 ], [ 135.146915888, 34.322639946 ], [ 135.146881556000011, 34.322683081 ], [ 135.146868469999987, 34.322675946 ], [ 135.146789559000013, 34.322775108 ], [ 135.146842088, 34.322803892 ], [ 135.146921115, 34.32270464 ], [ 135.146909754, 34.322698333 ], [ 135.146943671, 34.322655829 ], [ 135.147286135, 34.322851333 ], [ 135.14764966300001, 34.323049135 ], [ 135.148135798, 34.323327495 ], [ 135.147734955, 34.323814541 ], [ 135.147262309000013, 34.323692748 ], [ 135.146861997, 34.323465027 ], [ 135.146875811, 34.323465108 ], [ 135.146109169999988, 34.323039387 ], [ 135.146141362, 34.322992387 ], [ 135.146037275999987, 34.322937198 ], [ 135.146024501, 34.322944414 ], [ 135.145954189, 34.323040198 ], [ 135.145952865999988, 34.323052802 ], [ 135.145959027, 34.323066468 ], [ 135.14597153, 34.323079081 ], [ 135.146042918, 34.323120414 ], [ 135.146657302, 34.323463613 ], [ 135.147161634000014, 34.323740721 ], [ 135.147200999, 34.323757775 ], [ 135.14726808, 34.323777162 ], [ 135.14738786, 34.323806495 ], [ 135.147482555000011, 34.323832946 ], [ 135.147676031, 34.32389236 ], [ 135.146760648999987, 34.325 ], [ 135.146481529999988, 34.325337748 ], [ 135.145886472, 34.325 ], [ 135.145857471, 34.324983613 ], [ 135.145047406, 34.324524739 ], [ 135.14500546, 34.324579414 ], [ 135.145755642000012, 34.325 ], [ 135.145816083, 34.325033892 ], [ 135.146440168999987, 34.325387946 ], [ 135.146412113999986, 34.325421919 ], [ 135.146909339, 34.325704135 ], [ 135.147371556, 34.325961505 ], [ 135.148813034999989, 34.326056027 ], [ 135.148807691, 34.326106414 ], [ 135.148884306000014, 34.326110757 ], [ 135.148889287, 34.326060207 ], [ 135.149180195000014, 34.326078685 ], [ 135.149183255999986, 34.326083 ], [ 135.149193722, 34.326101108 ], [ 135.14919834, 34.326107919 ], [ 135.149208495000011, 34.326120973 ], [ 135.149219689, 34.326133559 ], [ 135.14924345, 34.326157892 ], [ 135.14933642, 34.326248892 ], [ 135.149398495000014, 34.326311694 ], [ 135.14942869, 34.326343721 ], [ 135.149472672, 34.326392613 ], [ 135.149493917, 34.326417559 ], [ 135.149535084, 34.326474027 ], [ 135.149546744, 34.326490333 ], [ 135.149634773, 34.326608586 ], [ 135.149735668, 34.326776973 ], [ 135.14978406, 34.326859 ], [ 135.149770337, 34.326874495 ], [ 135.149775135999988, 34.326914 ], [ 135.149788171000012, 34.326990559 ], [ 135.149806692999988, 34.327038108 ], [ 135.149812529, 34.32708636 ], [ 135.149853307, 34.327126225 ], [ 135.149895305, 34.327151946 ], [ 135.149925837000012, 34.327153054 ], [ 135.149944968, 34.327141748 ], [ 135.149955772, 34.327125135 ], [ 135.149967522999987, 34.327104225 ], [ 135.149967691, 34.327085748 ], [ 135.149946304, 34.327052414 ], [ 135.149987419000013, 34.327082 ], [ 135.15, 34.327090892 ], [ 135.150027224000013, 34.327110135 ], [ 135.150094086, 34.327149802 ], [ 135.150134643, 34.327180198 ], [ 135.150119831000012, 34.327194802 ], [ 135.150119636999989, 34.327213279 ], [ 135.150137393, 34.327231802 ], [ 135.150161556, 34.327239 ], [ 135.150180584, 34.327235613 ], [ 135.150188521, 34.327224306 ], [ 135.150215667999987, 34.327248306 ], [ 135.150264228, 34.327303613 ], [ 135.150345837, 34.327413279 ], [ 135.15032786, 34.327427468 ], [ 135.150367082, 34.327481135 ], [ 135.150389053, 34.327481 ], [ 135.150428223, 34.327550252 ], [ 135.150483359, 34.327675135 ], [ 135.150501803, 34.327743135 ], [ 135.150506783, 34.327756441 ], [ 135.150482892000014, 34.327755108 ], [ 135.150457588, 34.327765748 ], [ 135.150440558000014, 34.327782027 ], [ 135.150426641, 34.327806 ], [ 135.150420856000011, 34.327838333 ], [ 135.150413865, 34.327854694 ], [ 135.150405357000011, 34.327867973 ], [ 135.150386083, 34.327883694 ], [ 135.150367612999986, 34.327894306 ], [ 135.150358301000011, 34.32791136 ], [ 135.150355694000012, 34.327933532 ], [ 135.150373022, 34.327958973 ], [ 135.150390467, 34.327974252 ], [ 135.150409559, 34.327980775 ], [ 135.15042, 34.327999775 ], [ 135.150441803, 34.328035468 ], [ 135.150484254, 34.328071802 ], [ 135.150544968, 34.328107495 ], [ 135.150573696, 34.328136162 ], [ 135.150611414, 34.328190252 ], [ 135.150645357, 34.328229162 ], [ 135.150663411000011, 34.328260306 ], [ 135.150674474999988, 34.32830536 ], [ 135.150677691, 34.328352081 ], [ 135.15066214, 34.328386775 ], [ 135.150657198, 34.328413973 ], [ 135.150667782, 34.328430559 ], [ 135.150690636, 34.328435748 ], [ 135.150709805, 34.328432721 ], [ 135.150730584, 34.328420252 ], [ 135.150746835, 34.328393135 ], [ 135.15074863800001, 34.328364586 ], [ 135.150745331, 34.328314532 ], [ 135.150733476, 34.328284054 ], [ 135.150745253, 34.328248694 ], [ 135.150747108, 34.328214468 ], [ 135.150746524, 34.328197333 ], [ 135.150756472000012, 34.328201279 ], [ 135.150771556, 34.32821464 ], [ 135.150772114, 34.328233667 ], [ 135.150776304, 34.328281198 ], [ 135.150797912, 34.328336414 ], [ 135.150820388999989, 34.328383468 ], [ 135.150852114, 34.328417306 ], [ 135.150880195000013, 34.328432027 ], [ 135.150901556, 34.328437225 ], [ 135.150913113, 34.328434135 ], [ 135.150920117, 34.328420306 ], [ 135.150911219, 34.328394919 ], [ 135.150912387, 34.328356252 ], [ 135.150889052999986, 34.328319306 ], [ 135.150846887, 34.328255081 ], [ 135.150819754, 34.328221279 ], [ 135.15083131, 34.328205586 ], [ 135.150830052, 34.328178333 ], [ 135.150823527999989, 34.328147198 ], [ 135.150810830000012, 34.328123495 ], [ 135.150847134, 34.328143468 ], [ 135.150931608, 34.328171919 ], [ 135.151003800000012, 34.328190279 ], [ 135.151103696, 34.328221892 ], [ 135.151166278, 34.328243495 ], [ 135.15121428, 34.328269441 ], [ 135.151262166, 34.328302946 ], [ 135.151299974000011, 34.328337198 ], [ 135.151331582000012, 34.328372135 ], [ 135.151364358, 34.328439081 ], [ 135.15137847, 34.328494802 ], [ 135.151350752000013, 34.328495865 ], [ 135.151326109, 34.328504532 ], [ 135.151302244, 34.328520225 ], [ 135.151297562, 34.328535333 ], [ 135.151300973, 34.328571532 ], [ 135.151324423, 34.328597027 ], [ 135.151341167, 34.328605973 ], [ 135.151360246, 34.328609892 ], [ 135.151380169, 34.328607495 ], [ 135.151393864999989, 34.328597414 ], [ 135.151398949, 34.328620973 ], [ 135.151436394, 34.328701387 ], [ 135.151476718999987, 34.328764225 ], [ 135.151544228, 34.328847441 ], [ 135.151531699, 34.328862694 ], [ 135.15153693900001, 34.328880495 ], [ 135.151565473, 34.328928198 ], [ 135.151596329, 34.328972775 ], [ 135.151628910999989, 34.329005279 ], [ 135.151659247999987, 34.329026387 ], [ 135.15167, 34.329027108 ], [ 135.151686057, 34.329019 ], [ 135.151751776999987, 34.329097441 ], [ 135.151729416, 34.329105225 ], [ 135.151722503, 34.329114 ], [ 135.151722387, 34.329124198 ], [ 135.151726057, 34.329137468 ], [ 135.151734449, 34.329146468 ], [ 135.151748833, 34.329152865 ], [ 135.151767885999988, 34.329158054 ], [ 135.151781803, 34.329148694 ], [ 135.15178655, 34.329139054 ], [ 135.151808807, 34.329165721 ], [ 135.151793722, 34.329173468 ], [ 135.151792113999988, 34.329181027 ], [ 135.151805005999989, 34.329197613 ], [ 135.151819339000014, 34.329210333 ], [ 135.151834552999986, 34.32922 ], [ 135.151850636, 34.329218865 ], [ 135.15186153, 34.329217468 ], [ 135.151901192999986, 34.329249387 ], [ 135.152030752, 34.329334775 ], [ 135.152021088999987, 34.329345081 ], [ 135.152017056, 34.329355775 ], [ 135.152026887, 34.329371081 ], [ 135.152066329, 34.329404892 ], [ 135.152120895, 34.329447081 ], [ 135.152136135, 34.329453495 ], [ 135.152156005, 34.329456892 ], [ 135.152175965999987, 34.329448198 ], [ 135.152192672000012, 34.32946436 ], [ 135.152352826999987, 34.329617198 ], [ 135.152333748, 34.329632748 ], [ 135.152325888, 34.329649108 ], [ 135.152319364, 34.329691532 ], [ 135.152316835, 34.329717468 ], [ 135.152321245, 34.329731468 ], [ 135.152362970000013, 34.329763414 ], [ 135.15240022, 34.329787721 ], [ 135.152442165999986, 34.329800108 ], [ 135.152477173, 34.329808559 ], [ 135.152500116999988, 34.329808081 ], [ 135.152518521, 34.329803162 ], [ 135.152522477, 34.329788586 ], [ 135.152523256, 34.329774802 ], [ 135.152591855, 34.329836946 ], [ 135.15267655, 34.329918306 ], [ 135.152696303999988, 34.329944865 ], [ 135.152737664999989, 34.330012225 ], [ 135.152763528, 34.330076946 ], [ 135.152744812, 34.330091586 ], [ 135.152738495, 34.330115 ], [ 135.152744968, 34.330151081 ], [ 135.152754643, 34.330183532 ], [ 135.152768197, 34.330196892 ], [ 135.152767393, 34.330203198 ], [ 135.152755746, 34.330225919 ], [ 135.152755473000013, 34.330253225 ], [ 135.152758223, 34.330281721 ], [ 135.152758197, 34.330285532 ], [ 135.152712918, 34.330301081 ], [ 135.152671479, 34.330317829 ], [ 135.15263997400001, 34.330325279 ], [ 135.152612477, 34.330326333 ], [ 135.152584942, 34.330329946 ], [ 135.152560246, 34.33034464 ], [ 135.152544838000011, 34.330363559 ], [ 135.152539974, 34.330381919 ], [ 135.152546718999986, 34.330402892 ], [ 135.152558755, 34.330417468 ], [ 135.152597613000012, 34.330431721 ], [ 135.152626394, 34.33045536 ], [ 135.152687912, 34.330496892 ], [ 135.152738664, 34.330540333 ], [ 135.15278572, 34.330584387 ], [ 135.152813022, 34.330602333 ], [ 135.152844254, 34.330609586 ], [ 135.152774617, 34.330619468 ], [ 135.152729339, 34.330636198 ], [ 135.152702387, 34.330656919 ], [ 135.152680778, 34.330678946 ], [ 135.152671387999987, 34.330692865 ], [ 135.152675058, 34.330706775 ], [ 135.152661310000013, 34.330711721 ], [ 135.15265297, 34.330697775 ], [ 135.152638560000014, 34.330693279 ], [ 135.152622477, 34.330694414 ], [ 135.152612438, 34.330706973 ], [ 135.152602309, 34.330722775 ], [ 135.152614422999989, 34.330739973 ], [ 135.152636355, 34.330761667 ], [ 135.152685746, 34.330789252 ], [ 135.15273144, 34.330806054 ], [ 135.152784747, 34.330819694 ], [ 135.152839078999989, 34.330821333 ], [ 135.152900195, 34.330827414 ], [ 135.152929883000013, 34.330835279 ], [ 135.152949805, 34.330834162 ], [ 135.152965837000011, 34.330828613 ], [ 135.152974695000012, 34.330843252 ], [ 135.152999247999986, 34.330876892 ], [ 135.152947716999989, 34.330869027 ], [ 135.152910026, 34.330867252 ], [ 135.15287686100001, 34.33086964 ], [ 135.152854721000011, 34.330874892 ], [ 135.152836394, 34.330883414 ], [ 135.152822698, 34.330895667 ], [ 135.152816589, 34.330917721 ], [ 135.152828418000013, 34.330964667 ], [ 135.152846226, 34.331008441 ], [ 135.152889636999987, 34.331087892 ], [ 135.152906718999986, 34.33112064 ], [ 135.152940895, 34.331147306 ], [ 135.153010169, 34.331175198 ], [ 135.153116939, 34.331222252 ], [ 135.153238781, 34.331265667 ], [ 135.153334034000011, 34.331313468 ], [ 135.153423358999987, 34.33135664 ], [ 135.153513995, 34.331387468 ], [ 135.153620894999989, 34.331425333 ], [ 135.15364489000001, 34.331428225 ], [ 135.153660636000012, 34.331417495 ], [ 135.153670557999988, 34.331404694 ], [ 135.153675252999989, 34.331390748 ], [ 135.15366756200001, 34.331378775 ], [ 135.153646693000013, 34.331377559 ], [ 135.153631854999986, 34.331372586 ], [ 135.153630636, 34.331364559 ], [ 135.153635939999987, 34.331354865 ], [ 135.153649585000011, 34.331350721 ], [ 135.153663891, 34.33135236 ], [ 135.15368786, 34.331356829 ], [ 135.153699585, 34.331358 ], [ 135.153718301, 34.331366775 ], [ 135.153744942, 34.331376613 ], [ 135.153769493999988, 34.331388694 ], [ 135.153804332, 34.33139264 ], [ 135.153839416000011, 34.331395027 ], [ 135.153868106, 34.331395225 ], [ 135.153887562, 34.331394829 ], [ 135.153905110000011, 34.331388559 ], [ 135.153915031999986, 34.331375081 ], [ 135.153911167, 34.331360721 ], [ 135.153916031, 34.331361468 ], [ 135.15403494200001, 34.331380973 ], [ 135.154220506, 34.331397306 ], [ 135.154279611, 34.331397721 ], [ 135.154347951, 34.331390613 ], [ 135.154434578, 34.331376162 ], [ 135.154552309, 34.33135136 ], [ 135.154691555999989, 34.331326441 ], [ 135.154678029, 34.331352333 ], [ 135.154676419999987, 34.331382973 ], [ 135.154684616999987, 34.331412667 ], [ 135.154710363, 34.331435468 ], [ 135.154732166, 34.331458802 ], [ 135.154760026, 34.331465387 ], [ 135.154793139, 34.331468865 ], [ 135.154836744, 34.331465919 ], [ 135.15487841800001, 34.331463054 ], [ 135.154915525, 34.33145736 ], [ 135.154942309, 34.331441414 ], [ 135.154953670999987, 34.331415081 ], [ 135.154959144, 34.331388162 ], [ 135.15495549900001, 34.331361162 ], [ 135.154947912000011, 34.331337495 ], [ 135.154926589000013, 34.331319694 ], [ 135.154970752, 34.331325586 ], [ 135.155074383999988, 34.331339829 ], [ 135.155180752, 34.33135336 ], [ 135.155340246, 34.331379532 ], [ 135.155302724, 34.331382333 ], [ 135.155285032, 34.331390225 ], [ 135.155262776, 34.331410532 ], [ 135.155252724, 34.331437414 ], [ 135.155248029, 34.331449198 ], [ 135.15523377400001, 34.33145236 ], [ 135.155210947, 34.331453802 ], [ 135.15518092100001, 34.331465495 ], [ 135.155152114, 34.331489559 ], [ 135.15515, 34.331504054 ], [ 135.155157717, 34.331515387 ], [ 135.155173969, 34.33152036 ], [ 135.155210829999987, 34.331529279 ], [ 135.155263502, 34.331532333 ], [ 135.155317301999986, 34.331541279 ], [ 135.155337497, 34.331544667 ], [ 135.155363994999988, 34.331556667 ], [ 135.15540230900001, 34.331562333 ], [ 135.155442607, 34.331563135 ], [ 135.155490052, 34.331555892 ], [ 135.155538301, 34.331546054 ], [ 135.155578053999989, 34.331538198 ], [ 135.155602827, 34.331526559 ], [ 135.155623256000013, 34.331505694 ], [ 135.155643696, 34.331472387 ], [ 135.155652361, 34.331453613 ], [ 135.155652244, 34.331443054 ], [ 135.155821581999987, 34.331485892 ], [ 135.155968716, 34.331529802 ], [ 135.156237782, 34.331618387 ], [ 135.15636192, 34.331668306 ], [ 135.156367588, 34.331671054 ], [ 135.1564893, 34.331730108 ], [ 135.15657214, 34.331772162 ], [ 135.156554812, 34.33178764 ], [ 135.156546719, 34.331815532 ], [ 135.156566938999987, 34.331868495 ], [ 135.156597782, 34.331903135 ], [ 135.156657367, 34.331931586 ], [ 135.156733748, 34.331954748 ], [ 135.156808975, 34.331975721 ], [ 135.156904968, 34.331993613 ], [ 135.156977808, 34.331989775 ], [ 135.157054617, 34.331982829 ], [ 135.157127393, 34.331985414 ], [ 135.157206718999987, 34.331985946 ], [ 135.157261336, 34.331979919 ], [ 135.157306978, 34.331970495 ], [ 135.157335694000011, 34.33195564 ], [ 135.157353891000014, 34.331962252 ], [ 135.157377172999986, 34.331971 ], [ 135.157397912, 34.331971135 ], [ 135.15742275, 34.331965892 ], [ 135.157438418, 34.331954198 ], [ 135.157449053, 34.331932721 ], [ 135.157449248, 34.331913333 ], [ 135.157489728, 34.331898559 ], [ 135.157549831000011, 34.331864441 ], [ 135.157608612, 34.331833667 ], [ 135.157645253, 34.331809108 ], [ 135.157664527, 34.331783721 ], [ 135.157672633, 34.331754667 ], [ 135.157670272, 34.331730946 ], [ 135.157653606, 34.331711441 ], [ 135.157656161, 34.331705054 ], [ 135.157694112, 34.331681613 ], [ 135.1577307, 34.33166464 ], [ 135.157759416, 34.331660495 ], [ 135.157786744, 34.33165636 ], [ 135.157807612999989, 34.331645694 ], [ 135.157816913, 34.331627468 ], [ 135.157814501, 34.331609135 ], [ 135.157787471, 34.331584162 ], [ 135.157774553, 34.331572279 ], [ 135.157769416, 34.331564667 ], [ 135.157770856000013, 34.331550694 ], [ 135.157791894000013, 34.331534694 ], [ 135.157813995, 34.331529441 ], [ 135.157848975, 34.331541495 ], [ 135.157870999000011, 34.331545973 ], [ 135.157895746, 34.331547225 ], [ 135.157917977000011, 34.331532333 ], [ 135.157921996999988, 34.331519468 ], [ 135.157918054, 34.331502027 ], [ 135.158016887, 34.331519306 ], [ 135.158055058, 34.331525613 ], [ 135.158083721999986, 34.331528054 ], [ 135.158131024999989, 34.331526135 ], [ 135.158198444, 34.331520559 ], [ 135.158328807, 34.331505586 ], [ 135.158333333, 34.331504802 ], [ 135.158471088999988, 34.331481667 ], [ 135.158592335, 34.331462865 ], [ 135.158685279, 34.331446559 ], [ 135.158685888, 34.331461865 ], [ 135.158704527, 34.331478225 ], [ 135.158739364000013, 34.331505865 ], [ 135.158778781, 34.331531468 ], [ 135.158789637000012, 34.331552027 ], [ 135.158825863, 34.331572721 ], [ 135.158870532, 34.331594054 ], [ 135.158933865, 34.331628468 ], [ 135.158972724, 34.331644865 ], [ 135.15899936400001, 34.331643441 ], [ 135.159047224, 34.33165936 ], [ 135.159109468, 34.331684586 ], [ 135.159128197, 34.331691198 ], [ 135.159151556000012, 34.331690802 ], [ 135.159167886, 34.331688775 ], [ 135.159175135999988, 34.331680694 ], [ 135.159174553000014, 34.331672667 ], [ 135.159158418, 34.331657946 ], [ 135.15914358, 34.331652 ], [ 135.159146887, 34.331646613 ], [ 135.159145058, 34.331634694 ], [ 135.15911280200001, 34.331611387 ], [ 135.159073307, 34.33159436 ], [ 135.159041556, 34.331585586 ], [ 135.15903572, 34.331580108 ], [ 135.159029339, 34.33156936 ], [ 135.158989857, 34.331547532 ], [ 135.158948521000013, 34.331520306 ], [ 135.158919494, 34.331499081 ], [ 135.158901996999987, 34.331498414 ], [ 135.158890337, 34.331492387 ], [ 135.158878054000013, 34.331482667 ], [ 135.158860584, 34.331478225 ], [ 135.158838029, 34.331462468 ], [ 135.158817198, 34.331460694 ], [ 135.158804916, 34.33144764 ], [ 135.158781025, 34.331437279 ], [ 135.15877131, 34.33142936 ], [ 135.158896446, 34.331401748 ], [ 135.158950311000012, 34.331386252 ], [ 135.158974968, 34.331375054 ], [ 135.158999663, 34.331360162 ], [ 135.159014916, 34.331346387 ], [ 135.159003891, 34.33137336 ], [ 135.159007056, 34.331383667 ], [ 135.15901795100001, 34.331391306 ], [ 135.15902374800001, 34.331398279 ], [ 135.159025577, 34.331409667 ], [ 135.159035913999986, 34.331420468 ], [ 135.159053943, 34.331432495 ], [ 135.15906827500001, 34.331434108 ], [ 135.159095525, 34.331435919 ], [ 135.159124137, 34.331433495 ], [ 135.15914380000001, 34.331422279 ], [ 135.159148612, 34.331399135 ], [ 135.15915260700001, 34.331378162 ], [ 135.159147782, 34.33135064 ], [ 135.159142244, 34.331318333 ], [ 135.15913061, 34.331306441 ], [ 135.159105383, 34.331297054 ], [ 135.159081945999986, 34.331293946 ], [ 135.15908, 34.331292027 ], [ 135.159069857, 34.331286559 ], [ 135.159117419000012, 34.331245586 ], [ 135.159235032, 34.331188613 ], [ 135.15930263300001, 34.331165721 ], [ 135.159424086, 34.331128865 ], [ 135.159557302, 34.331096613 ], [ 135.159800389, 34.33105536 ], [ 135.160169948, 34.331004333 ], [ 135.160334254, 34.330992306 ], [ 135.160336744, 34.331003054 ], [ 135.160348975, 34.331010721 ], [ 135.160391829, 34.331015865 ], [ 135.160463306999986, 34.331019054 ], [ 135.160556355000011, 34.331016468 ], [ 135.160606939, 34.331021667 ], [ 135.160685551, 34.331030775 ], [ 135.160872218, 34.331043865 ], [ 135.160989611, 34.331064586 ], [ 135.161105862999989, 34.331078279 ], [ 135.161206498000013, 34.331088081 ], [ 135.161282503, 34.331095532 ], [ 135.161405357, 34.33111036 ], [ 135.161418975, 34.331119559 ], [ 135.161533865, 34.331138108 ], [ 135.161659663, 34.331176198 ], [ 135.161744034, 34.331183162 ], [ 135.161843774, 34.331194054 ], [ 135.161928145, 34.331203802 ], [ 135.161985383, 34.331205829 ], [ 135.162036640999986, 34.331209333 ], [ 135.162073722, 34.33120536 ], [ 135.162087808, 34.331199694 ], [ 135.162073722, 34.331293802 ], [ 135.162071051, 34.331375198 ], [ 135.162084669, 34.331374919 ], [ 135.162087302, 34.331305613 ], [ 135.162106589, 34.331179532 ], [ 135.162168638, 34.331179946 ], [ 135.162136978, 34.331436135 ], [ 135.162153359, 34.331436865 ], [ 135.162182412, 34.331226027 ], [ 135.162276109, 34.331224414 ], [ 135.162374358, 34.331223559 ], [ 135.162449442, 34.331223333 ], [ 135.162508755, 34.331227532 ], [ 135.16256708200001, 34.331240198 ], [ 135.162658638000011, 34.331256252 ], [ 135.162740947, 34.331274387 ], [ 135.162887834, 34.33130064 ], [ 135.162970245999986, 34.331318135 ], [ 135.163038664, 34.331333946 ], [ 135.163053839000014, 34.331339532 ], [ 135.162959027, 34.331726279 ], [ 135.162990388999987, 34.331732162 ], [ 135.163084669, 34.33134264 ], [ 135.163153969, 34.33135464 ], [ 135.163209559, 34.331361162 ], [ 135.163264188999989, 34.331363054 ], [ 135.163304112, 34.331361802 ], [ 135.163329053000012, 34.331365027 ], [ 135.163378054, 34.331376919 ], [ 135.163427173, 34.331390306 ], [ 135.163474332, 34.33140136 ], [ 135.163515966, 34.331410865 ], [ 135.16358345, 34.331433586 ], [ 135.163674527000012, 34.331463225 ], [ 135.16375489, 34.331492279 ], [ 135.163817717, 34.331512613 ], [ 135.16388425400001, 34.331541468 ], [ 135.163973722, 34.33158364 ], [ 135.164070415, 34.331628667 ], [ 135.164162866, 34.331677162 ], [ 135.163918638000013, 34.332021135 ], [ 135.16394847, 34.332035225 ], [ 135.16418834000001, 34.331694108 ], [ 135.164310921, 34.331749225 ], [ 135.164380142999988, 34.331781973 ], [ 135.164443839, 34.331813135 ], [ 135.164465136, 34.33182564 ], [ 135.164446304, 34.331848667 ], [ 135.164458418, 34.331855441 ], [ 135.164477885999986, 34.331831865 ], [ 135.164560804, 34.331876054 ], [ 135.164619805, 34.331909559 ], [ 135.16471192, 34.331970829 ], [ 135.164841777, 34.332057027 ], [ 135.164944967999986, 34.332129225 ], [ 135.164965253, 34.332144414 ], [ 135.164661310000014, 34.332461027 ], [ 135.164686329, 34.332477162 ], [ 135.165012555, 34.332141225 ], [ 135.165104864, 34.332201441 ], [ 135.165117523, 34.332185198 ], [ 135.165128106, 34.332192829 ], [ 135.165612335, 34.332535829 ], [ 135.165623139, 34.332552135 ], [ 135.165659857, 34.332598108 ], [ 135.165694475, 34.332636667 ], [ 135.165724617, 34.332665721 ], [ 135.165783385, 34.332720667 ], [ 135.165462749999989, 34.333022829 ], [ 135.165488859, 34.333040946 ], [ 135.165809169999989, 34.332740748 ], [ 135.165867612999989, 34.332775946 ], [ 135.16594275, 34.332816586 ], [ 135.166023502, 34.332849775 ], [ 135.166061051000014, 34.332862721 ], [ 135.166120830000011, 34.332906414 ], [ 135.166304228, 34.333043973 ], [ 135.166293696, 34.333054198 ], [ 135.166366083000014, 34.333107946 ], [ 135.166394059999988, 34.33313636 ], [ 135.166415279, 34.333155162 ], [ 135.166457445, 34.333221721 ], [ 135.166482996000013, 34.333264802 ], [ 135.166503995, 34.333294802 ], [ 135.166528559999989, 34.333315532 ], [ 135.166551284, 34.333333333 ], [ 135.166562529, 34.333342162 ], [ 135.166241115, 34.333602694 ], [ 135.166260726, 34.333620225 ], [ 135.166594475000011, 34.333354829 ], [ 135.166664059999988, 34.333385135 ], [ 135.166666666999987, 34.333386387 ], [ 135.166699857, 34.333402135 ], [ 135.166754695, 34.333439829 ], [ 135.166844112, 34.333508613 ], [ 135.166907808, 34.333562225 ], [ 135.166969169999987, 34.33361964 ], [ 135.16701083, 34.333670748 ], [ 135.166978197, 34.333696586 ], [ 135.166989196, 34.333706306 ], [ 135.167021167, 34.333682 ], [ 135.167074916, 34.333729252 ], [ 135.167124423, 34.333779532 ], [ 135.167094747, 34.333802054 ], [ 135.167106913, 34.333813225 ], [ 135.167128807000012, 34.333797054 ], [ 135.167163943, 34.333827667 ], [ 135.167218586, 34.333884946 ], [ 135.167257588000012, 34.333928108 ], [ 135.167292088000011, 34.333967559 ], [ 135.167349831, 34.334029892 ], [ 135.167008418, 34.334288667 ], [ 135.167033839, 34.33431164 ], [ 135.167368444, 34.334059865 ], [ 135.167440026, 34.334129586 ], [ 135.167465693999986, 34.334150306 ], [ 135.16752939, 34.334203946 ], [ 135.167592969999987, 34.334267829 ], [ 135.167627587999988, 34.334297 ], [ 135.167714773, 34.33437036 ], [ 135.167769222, 34.33441336 ], [ 135.167832827000012, 34.334477279 ], [ 135.167875058, 34.334526973 ], [ 135.167939559, 34.33460864 ], [ 135.168009493999989, 34.334711775 ], [ 135.16804727600001, 34.334771721 ], [ 135.168087276, 34.334827721 ], [ 135.168110610000014, 34.334859559 ], [ 135.168012776000012, 34.334964495 ], [ 135.167944086, 34.335041946 ], [ 135.167927808, 34.335061468 ], [ 135.167927665, 34.335076441 ], [ 135.167933968999989, 34.335087667 ], [ 135.167955668, 34.335101694 ], [ 135.167994747, 34.335105748 ], [ 135.168023061000014, 34.335101613 ], [ 135.168041141, 34.335085775 ], [ 135.168078807, 34.335033748 ], [ 135.16812108900001, 34.334980225 ], [ 135.168140636, 34.334947162 ], [ 135.168239248, 34.334843613 ], [ 135.168275551, 34.334883973 ], [ 135.168343528, 34.334959559 ], [ 135.168370558, 34.335039613 ], [ 135.16838871600001, 34.335082 ], [ 135.168408781000011, 34.335108198 ], [ 135.168429001, 34.335130694 ], [ 135.168518170999988, 34.335201532 ], [ 135.16861939, 34.335276775 ], [ 135.168684695, 34.335331775 ], [ 135.168726835, 34.335388495 ], [ 135.16874642, 34.335421802 ], [ 135.168750246, 34.335504775 ], [ 135.168748560000012, 34.335676414 ], [ 135.168713256, 34.335676162 ], [ 135.16870511, 34.336500919 ], [ 135.170160804, 34.337147919 ], [ 135.170333722, 34.337225892 ], [ 135.170355382999986, 34.33723264 ], [ 135.170374617, 34.337232748 ], [ 135.170390973, 34.337228802 ], [ 135.170403865, 34.337220252 ], [ 135.170414423000011, 34.337209306 ], [ 135.170420920999987, 34.337198279 ], [ 135.170421505, 34.337185559 ], [ 135.170419222, 34.337173748 ], [ 135.170410856, 34.337161775 ], [ 135.170397173, 34.337149532 ], [ 135.170387639000012, 34.337145865 ], [ 135.169209274, 34.336611802 ], [ 135.169316615000014, 34.336450973 ], [ 135.1695638, 34.336566802 ], [ 135.169574721, 34.33655 ], [ 135.169457328, 34.336496748 ], [ 135.169900506, 34.335849387 ], [ 135.171171245000011, 34.336426414 ], [ 135.171514331999987, 34.336582162 ], [ 135.171606304, 34.336447748 ], [ 135.171745772, 34.33650936 ], [ 135.17176425400001, 34.336477225 ], [ 135.171338053999989, 34.33628564 ], [ 135.171371751, 34.33622764 ], [ 135.171174111999989, 34.336136667 ], [ 135.170110026, 34.335661027 ], [ 135.169911141, 34.335398135 ], [ 135.170309027, 34.335086198 ], [ 135.170664773, 34.335081865 ], [ 135.170665058, 34.335052721 ], [ 135.170940699999989, 34.335051162 ], [ 135.171183385, 34.335191306 ], [ 135.172241777000011, 34.335803919 ], [ 135.172265032000013, 34.335836441 ], [ 135.172249274, 34.335848775 ], [ 135.17241808, 34.335977946 ], [ 135.172446667, 34.335956054 ], [ 135.172277691, 34.335819946 ], [ 135.172273217, 34.33582136 ], [ 135.172252969999988, 34.335793441 ], [ 135.17227061, 34.335777 ], [ 135.17284208800001, 34.336172667 ], [ 135.172816861, 34.336195919 ], [ 135.172841479, 34.336214108 ], [ 135.172588301, 34.336439054 ], [ 135.172498911, 34.336544108 ], [ 135.172520921, 34.336561946 ], [ 135.17243511, 34.336644387 ], [ 135.17240983100001, 34.336629775 ], [ 135.172152866, 34.336888135 ], [ 135.172051997000011, 34.33690036 ], [ 135.17196594, 34.337032225 ], [ 135.171989000999986, 34.337042559 ], [ 135.171913722, 34.337159775 ], [ 135.171914812000011, 34.337159694 ], [ 135.171572244, 34.337689387 ], [ 135.170945499, 34.337400694 ], [ 135.170921310000011, 34.337440387 ], [ 135.170908495, 34.337461387 ], [ 135.170896109000012, 34.337481613 ], [ 135.171627081999986, 34.337805694 ], [ 135.172039442, 34.337160559 ], [ 135.17203836600001, 34.33716064 ], [ 135.172072776, 34.337118865 ], [ 135.172142335, 34.337053495 ], [ 135.172285642, 34.336970198 ], [ 135.17234022, 34.336934495 ], [ 135.172405966000014, 34.336866694 ], [ 135.172429559, 34.336833387 ], [ 135.172437588, 34.336802532 ], [ 135.172440973, 34.336766495 ], [ 135.172603501999987, 34.336628468 ], [ 135.172795422, 34.336433054 ], [ 135.172880169, 34.336434721 ], [ 135.172988690000011, 34.336438613 ], [ 135.17308939, 34.336454973 ], [ 135.173162776, 34.336473495 ], [ 135.173201245, 34.336485667 ], [ 135.17313810600001, 34.336552306 ], [ 135.17314869, 34.336559135 ], [ 135.173212205, 34.336491342 ], [ 135.173233294, 34.336501892 ], [ 135.173168223, 34.33657136 ], [ 135.173180337, 34.336579108 ], [ 135.173216589, 34.336540306 ], [ 135.173271387999989, 34.336559694 ], [ 135.173361608, 34.336588532 ], [ 135.173422749999986, 34.33660464 ], [ 135.173455252999986, 34.336605198 ], [ 135.173698223, 34.336808613 ], [ 135.17368131, 34.336826892 ], [ 135.173679637, 34.336853667 ], [ 135.173689689000014, 34.336879865 ], [ 135.17350869, 34.337008198 ], [ 135.173537782000011, 34.337034162 ], [ 135.173716135, 34.336909333 ], [ 135.173724228, 34.336915892 ], [ 135.17416316500001, 34.337028108 ], [ 135.174187108000012, 34.337036667 ], [ 135.174186161, 34.337044495 ], [ 135.174165162, 34.337136946 ], [ 135.174255746, 34.337175613 ], [ 135.174921777, 34.337459919 ], [ 135.174929248000012, 34.337464027 ], [ 135.174930947, 34.337467387 ], [ 135.174932503, 34.337485694 ], [ 135.174934643, 34.337500054 ], [ 135.174939779999988, 34.337519829 ], [ 135.174950117, 34.337540441 ], [ 135.174962361000013, 34.337555586 ], [ 135.174978171, 34.337571829 ], [ 135.174992218, 34.337580667 ], [ 135.175, 34.337583135 ], [ 135.175012581, 34.337587108 ], [ 135.175094137, 34.337605532 ], [ 135.175398638, 34.337685198 ], [ 135.175566278, 34.337734721 ], [ 135.17563044100001, 34.337754279 ], [ 135.175639636999989, 34.337756775 ], [ 135.17565311300001, 34.337757946 ], [ 135.175713502, 34.337761414 ], [ 135.175993411, 34.33776764 ], [ 135.17616808, 34.337776108 ], [ 135.176214136999988, 34.337779468 ], [ 135.176243411, 34.337785892 ], [ 135.176263891, 34.337793775 ], [ 135.176286913000013, 34.337805829 ], [ 135.176305473000014, 34.337820946 ], [ 135.176318974999987, 34.337838054 ], [ 135.176328807, 34.337856694 ], [ 135.176339053, 34.337886802 ], [ 135.176349974, 34.337913721 ], [ 135.176365331, 34.337943775 ], [ 135.176384864, 34.337970054 ], [ 135.176405253000013, 34.337986667 ], [ 135.176425032, 34.33799564 ], [ 135.176446304, 34.337999387 ], [ 135.176498521000013, 34.338003892 ], [ 135.176520389, 34.338002495 ], [ 135.176539144, 34.337997414 ], [ 135.176630169, 34.338070333 ], [ 135.176973061000012, 34.338347694 ], [ 135.177372724, 34.338654108 ], [ 135.177705227, 34.338907946 ], [ 135.178015305, 34.339150306 ], [ 135.17828655, 34.339344225 ], [ 135.178503022, 34.339502468 ], [ 135.178626809, 34.339603559 ], [ 135.178752802, 34.339721054 ], [ 135.178888301, 34.339848441 ], [ 135.178959883, 34.339918162 ], [ 135.179045279, 34.339988973 ], [ 135.179180052, 34.340100468 ], [ 135.179295083999989, 34.340196279 ], [ 135.179460506, 34.340330279 ], [ 135.179685694, 34.340509468 ], [ 135.179844747, 34.340638027 ], [ 135.179953774000012, 34.340714198 ], [ 135.180003359000011, 34.340745919 ], [ 135.180043606, 34.340765667 ], [ 135.180085837, 34.340780559 ], [ 135.180134773, 34.340788973 ], [ 135.180181051, 34.340792 ], [ 135.180250947, 34.340790829 ], [ 135.180292049, 34.340786802 ], [ 135.180354228, 34.340776387 ], [ 135.180408833, 34.340761694 ], [ 135.180470337, 34.340739946 ], [ 135.180579105, 34.340697468 ], [ 135.18081632900001, 34.340601694 ], [ 135.181498755, 34.340321468 ], [ 135.181627951, 34.340257973 ], [ 135.181865525, 34.340114586 ], [ 135.18256644600001, 34.339675081 ], [ 135.18266211400001, 34.339605946 ], [ 135.182708171, 34.339565135 ], [ 135.182808301, 34.339469613 ], [ 135.182878144999989, 34.339397586 ], [ 135.18323155600001, 34.339030054 ], [ 135.18328655, 34.338973613 ], [ 135.183303943, 34.338949946 ], [ 135.183331802999987, 34.338901973 ], [ 135.183333333, 34.338899108 ], [ 135.183361244999986, 34.338847 ], [ 135.183376031, 34.338834748 ], [ 135.183378301, 34.338779135 ], [ 135.183343087, 34.338748333 ], [ 135.183333333, 34.338748081 ], [ 135.183279610999989, 34.33874664 ], [ 135.183236446, 34.338782613 ], [ 135.183233995, 34.338833613 ], [ 135.182520636, 34.339569027 ], [ 135.182390856000012, 34.339648225 ], [ 135.182390441, 34.339657748 ], [ 135.181564773, 34.34018236 ], [ 135.181517133999989, 34.340209162 ], [ 135.181484254, 34.340226613 ], [ 135.181449105000013, 34.340242162 ], [ 135.181370531999988, 34.340273829 ], [ 135.181228145, 34.340331829 ], [ 135.180480804000013, 34.340635775 ], [ 135.180379001, 34.340676225 ], [ 135.180373554, 34.340677532 ], [ 135.180313671, 34.340600054 ], [ 135.180246913, 34.340579495 ], [ 135.180181362000013, 34.340570495 ], [ 135.18013413700001, 34.340565387 ], [ 135.180068366, 34.340567829 ], [ 135.179810143, 34.340354252 ], [ 135.179221504999987, 34.339861586 ], [ 135.178848171, 34.339550667 ], [ 135.17867511, 34.339409667 ], [ 135.178462114000013, 34.33922964 ], [ 135.178329079, 34.339115333 ], [ 135.179037392999987, 34.338523829 ], [ 135.178998170999989, 34.338490559 ], [ 135.178940246, 34.338542919 ], [ 135.178818106, 34.338642162 ], [ 135.178737055999989, 34.338707973 ], [ 135.178663527999987, 34.338767613 ], [ 135.178580610000012, 34.338835027 ], [ 135.178413748, 34.338972387 ], [ 135.178281505, 34.339082225 ], [ 135.178102996, 34.338986532 ], [ 135.178156472000012, 34.338941441 ], [ 135.178186783, 34.338963387 ], [ 135.178221439999987, 34.338930892 ], [ 135.178174617, 34.338895946 ], [ 135.178085058, 34.338974694 ], [ 135.17769, 34.33866164 ], [ 135.177050415, 34.338150054 ], [ 135.176681777, 34.337858162 ], [ 135.176864812, 34.33770236 ], [ 135.176703385, 34.337572252 ], [ 135.176741414, 34.337540414 ], [ 135.176900921, 34.33766564 ], [ 135.176919973999986, 34.337651802 ], [ 135.176901193, 34.337636892 ], [ 135.176829364000014, 34.337581306 ], [ 135.176769611, 34.337534306 ], [ 135.17693939, 34.337388135 ], [ 135.177087977000014, 34.337507495 ], [ 135.17717050600001, 34.337438559 ], [ 135.177215694000012, 34.337472027 ], [ 135.177216005, 34.337486721 ], [ 135.177381362, 34.337603495 ], [ 135.177408003000011, 34.33757836 ], [ 135.17724192, 34.337459865 ], [ 135.17722083000001, 34.337460081 ], [ 135.177180803999988, 34.337429973 ], [ 135.17745978, 34.337197162 ], [ 135.177937859999986, 34.336795865 ], [ 135.178270726, 34.337066829 ], [ 135.178441971000012, 34.337203748 ], [ 135.178623528, 34.337352829 ], [ 135.178981634, 34.337641919 ], [ 135.17838655, 34.338161721 ], [ 135.178435940000014, 34.338199198 ], [ 135.179041051000013, 34.337679468 ], [ 135.179077445, 34.337647694 ], [ 135.17955834, 34.338041387 ], [ 135.17951204900001, 34.338082721 ], [ 135.179559831, 34.338121081 ], [ 135.179606615000012, 34.338083892 ], [ 135.179620195000012, 34.338095973 ], [ 135.18036372200001, 34.337466198 ], [ 135.180396744, 34.337467225 ], [ 135.182128911, 34.338922802 ], [ 135.182182918, 34.338878802 ], [ 135.182205837, 34.338790333 ], [ 135.182112412, 34.338708748 ], [ 135.181997224000014, 34.33871664 ], [ 135.180392049, 34.337369468 ], [ 135.180397301999989, 34.33729764 ], [ 135.18029072600001, 34.337294414 ], [ 135.180277173, 34.337427198 ], [ 135.179596718999989, 34.337994946 ], [ 135.178622477, 34.337204973 ], [ 135.178071582, 34.336757 ], [ 135.178059805, 34.336739613 ], [ 135.178058885000013, 34.336699667 ], [ 135.178066939, 34.336686387 ], [ 135.178114060000013, 34.336671198 ], [ 135.178412672, 34.336641081 ], [ 135.178437562, 34.336830775 ], [ 135.178476394, 34.336828135 ], [ 135.178452918, 34.336637027 ], [ 135.178867497, 34.33659536 ], [ 135.178870467, 34.336614946 ], [ 135.178559559, 34.336647135 ], [ 135.178564864, 34.336682333 ], [ 135.17969061, 34.336565829 ], [ 135.179685305, 34.33653064 ], [ 135.179345227, 34.336565865 ], [ 135.179342580999986, 34.336547613 ], [ 135.179738664000013, 34.336508 ], [ 135.179752387, 34.33661636 ], [ 135.179811997, 34.336611532 ], [ 135.179798170999987, 34.336502081 ], [ 135.179830272, 34.336498865 ], [ 135.179836394, 34.336540468 ], [ 135.179915032, 34.336532441 ], [ 135.179907951, 34.336490559 ], [ 135.179925642, 34.336482559 ], [ 135.179934669, 34.336471441 ], [ 135.179942866, 34.336453748 ], [ 135.179920947, 34.336305748 ], [ 135.180022438, 34.336295333 ], [ 135.180027808, 34.336347306 ], [ 135.180047056, 34.336345441 ], [ 135.180042361, 34.336293306 ], [ 135.180069974, 34.336290495 ], [ 135.180074695, 34.336342198 ], [ 135.180091893999986, 34.336340865 ], [ 135.180087056, 34.336288721 ], [ 135.180107198, 34.336286694 ], [ 135.180112218, 34.336339027 ], [ 135.180129533000013, 34.336337054 ], [ 135.180125135999987, 34.336284829 ], [ 135.18034500600001, 34.336262333 ], [ 135.180373645, 34.336445441 ], [ 135.180453307, 34.336435613 ], [ 135.180438611999989, 34.336514748 ], [ 135.180387665000012, 34.336512162 ], [ 135.180376615, 34.336555441 ], [ 135.180426109, 34.336559027 ], [ 135.180402166, 34.33667436 ], [ 135.180574838000013, 34.336701027 ], [ 135.180594423, 34.336620027 ], [ 135.180666252, 34.336609865 ], [ 135.180669169999987, 34.336622775 ], [ 135.182068975, 34.336475721 ], [ 135.18207, 34.336482306 ], [ 135.181948807, 34.336494748 ], [ 135.181951362, 34.336511694 ], [ 135.181927224, 34.336514162 ], [ 135.181933748, 34.336558027 ], [ 135.18196061, 34.336555225 ], [ 135.181967445, 34.336600694 ], [ 135.181947782, 34.33660264 ], [ 135.181951336, 34.336626919 ], [ 135.181962529, 34.336625748 ], [ 135.181976005, 34.336715532 ], [ 135.182039857, 34.336709027 ], [ 135.182043333, 34.336731946 ], [ 135.182185422, 34.336717387 ], [ 135.182181555999989, 34.336691027 ], [ 135.182243995, 34.336684586 ], [ 135.182233476, 34.336614387 ], [ 135.182224112, 34.336615414 ], [ 135.182210143, 34.336534081 ], [ 135.182251388, 34.336528586 ], [ 135.182246978, 34.336499441 ], [ 135.18227124500001, 34.336497532 ], [ 135.182262335, 34.336428775 ], [ 135.182211336, 34.336434108 ], [ 135.182209105, 34.336414613 ], [ 135.182168444000013, 34.336418775 ], [ 135.182171284, 34.336438973 ], [ 135.182142555000013, 34.336441306 ], [ 135.18213939, 34.336421919 ], [ 135.182103281, 34.336425721 ], [ 135.18206214, 34.336430054 ], [ 135.181778859, 34.336459973 ], [ 135.181767302, 34.33639536 ], [ 135.181731504999988, 34.336399252 ], [ 135.181743385, 34.336463613 ], [ 135.180662218, 34.336577198 ], [ 135.180666693, 34.336596414 ], [ 135.180597691, 34.336606414 ], [ 135.180637665, 34.336441721 ], [ 135.182042529, 34.336300279 ], [ 135.182087470999988, 34.336317081 ], [ 135.182638806999989, 34.336261162 ], [ 135.182654136999986, 34.336261279 ], [ 135.182665772, 34.336269198 ], [ 135.182918249000011, 34.336483441 ], [ 135.182935447, 34.336503414 ], [ 135.18297214, 34.336719468 ], [ 135.182994578, 34.336825829 ], [ 135.183017197999988, 34.336915775 ], [ 135.183062412, 34.337092946 ], [ 135.183090052000011, 34.337201865 ], [ 135.183099688999988, 34.337216721 ], [ 135.183109441999989, 34.337220198 ], [ 135.183137977, 34.337214279 ], [ 135.183157497, 34.33720564 ], [ 135.18316736700001, 34.337198333 ], [ 135.183169883, 34.337184802 ], [ 135.18316594, 34.337153613 ], [ 135.183182503000012, 34.337150559 ], [ 135.183005357000013, 34.336442387 ], [ 135.183161414000011, 34.336443414 ], [ 135.183333333, 34.336462559 ], [ 135.183369857, 34.33646664 ], [ 135.183570272, 34.33647636 ], [ 135.183762607, 34.336481054 ], [ 135.184019883, 34.336477721 ], [ 135.184298859, 34.336455892 ], [ 135.184560117, 34.336457613 ], [ 135.184760610000012, 34.336458946 ], [ 135.184940751999989, 34.336475306 ], [ 135.185221855, 34.336526027 ], [ 135.185480558, 34.336576532 ], [ 135.185746939000012, 34.336621946 ], [ 135.185866304, 34.336639586 ], [ 135.185973606, 34.336646973 ], [ 135.186182114, 34.336653495 ], [ 135.186489974000011, 34.336657162 ], [ 135.186779611, 34.336655748 ], [ 135.186970661, 34.336657027 ], [ 135.186896693, 34.337260108 ], [ 135.18687219200001, 34.337491559 ], [ 135.186916057, 34.337495 ], [ 135.186943113000012, 34.337260414 ], [ 135.187017301999987, 34.336656054 ], [ 135.187248003, 34.336692495 ], [ 135.187423865, 34.336725667 ], [ 135.187569416, 34.336755306 ], [ 135.187743087, 34.336811973 ], [ 135.187874449, 34.336848198 ], [ 135.18800786, 34.336876027 ], [ 135.188173606, 34.336907414 ], [ 135.188347029999989, 34.336933721 ], [ 135.188476641, 34.33693964 ], [ 135.188664916, 34.336945946 ], [ 135.188845162, 34.336952162 ], [ 135.188974721, 34.336961495 ], [ 135.18906766500001, 34.336982306 ], [ 135.189202943999987, 34.33703036 ], [ 135.189309079, 34.337069027 ], [ 135.189256328999988, 34.337275748 ], [ 135.189223281000011, 34.337413919 ], [ 135.189185084, 34.33740636 ], [ 135.189160117, 34.337403667 ], [ 135.189154695000013, 34.33740364 ], [ 135.189150973000011, 34.337405613 ], [ 135.18914856, 34.33740964 ], [ 135.189137134, 34.337454468 ], [ 135.189104254, 34.337585333 ], [ 135.189095966, 34.337621613 ], [ 135.189094669000013, 34.337632694 ], [ 135.189097639000011, 34.337639829 ], [ 135.189103022000012, 34.337643387 ], [ 135.189113995000014, 34.337645973 ], [ 135.189144384, 34.337650694 ], [ 135.189258612, 34.337671081 ], [ 135.189271971000011, 34.337672162 ], [ 135.189278716, 34.337671225 ], [ 135.189284189, 34.337667198 ], [ 135.189288612000013, 34.337660198 ], [ 135.189296160999987, 34.337631495 ], [ 135.189336641000011, 34.337469865 ], [ 135.189337367, 34.337461279 ], [ 135.189335577, 34.337455775 ], [ 135.189330726, 34.337450694 ], [ 135.189322309, 34.337446054 ], [ 135.189311362000012, 34.337443441 ], [ 135.189276861, 34.337437162 ], [ 135.189316005, 34.337276135 ], [ 135.189352724, 34.337132252 ], [ 135.189425577, 34.337104495 ], [ 135.189506809, 34.337089081 ], [ 135.189587859999989, 34.337079532 ], [ 135.189676005, 34.337080108 ], [ 135.189792192, 34.337090054 ], [ 135.189918418, 34.337118667 ], [ 135.189975057999987, 34.337138892 ], [ 135.190167108, 34.337206946 ], [ 135.190334111999988, 34.337256559 ], [ 135.19041786, 34.337283441 ], [ 135.190467445, 34.337290973 ], [ 135.190517951, 34.337296 ], [ 135.190584423, 34.337300306 ], [ 135.190704254, 34.33730336 ], [ 135.190829637, 34.337308081 ], [ 135.190859611, 34.337310613 ], [ 135.190895084, 34.337316333 ], [ 135.190925005999986, 34.337323468 ], [ 135.190958586, 34.337334532 ], [ 135.191027588, 34.337360586 ], [ 135.191071946, 34.337381694 ], [ 135.191126860999987, 34.337410027 ], [ 135.191221894, 34.337464198 ], [ 135.19133083, 34.337526946 ], [ 135.191396809, 34.33757236 ], [ 135.191472114, 34.337628748 ], [ 135.191499027, 34.337654532 ], [ 135.191542555000012, 34.337706829 ], [ 135.19157834, 34.337750162 ], [ 135.191578223, 34.337761 ], [ 135.191569533, 34.337784198 ], [ 135.191475888000014, 34.337983 ], [ 135.191308521, 34.33795864 ], [ 135.191285058, 34.337958468 ], [ 135.191280363, 34.337962333 ], [ 135.191265966, 34.338000162 ], [ 135.191222633, 34.338143135 ], [ 135.1912207, 34.338154775 ], [ 135.191225279, 34.338162559 ], [ 135.191240169, 34.338174279 ], [ 135.191488054, 34.338389946 ], [ 135.191500778, 34.338400748 ], [ 135.191513773999986, 34.338406252 ], [ 135.19154275, 34.338411829 ], [ 135.191666667, 34.338443279 ], [ 135.191957445000014, 34.338517 ], [ 135.19233725, 34.338613279 ], [ 135.1926138, 34.338378441 ], [ 135.192458521, 34.33826336 ], [ 135.192308392, 34.338403559 ], [ 135.192254967999986, 34.338398613 ], [ 135.192054305999989, 34.338243667 ], [ 135.192125667999989, 34.337941306 ], [ 135.192197367, 34.337877414 ], [ 135.192590415000012, 34.337983135 ], [ 135.19260345, 34.337973027 ], [ 135.192613722, 34.337967694 ], [ 135.19262869, 34.337969333 ], [ 135.192652996, 34.337975694 ], [ 135.192664228000012, 34.337982 ], [ 135.192666887, 34.337987414 ], [ 135.192667562, 34.338020054 ], [ 135.192891946, 34.338081225 ], [ 135.193067782000014, 34.338119468 ], [ 135.193123878, 34.338131676 ], [ 135.193327950999986, 34.338176054 ], [ 135.193361894, 34.338227306 ], [ 135.19348616100001, 34.338258495 ], [ 135.193647951, 34.338170225 ], [ 135.193862023, 34.338230613 ], [ 135.193884254000011, 34.338304135 ], [ 135.193931582, 34.33836664 ], [ 135.194212335, 34.338467387 ], [ 135.194309611, 34.338318108 ], [ 135.194559728, 34.338407468 ], [ 135.194687951, 34.338430586 ], [ 135.194754968000012, 34.338434279 ], [ 135.194803113, 34.338412225 ], [ 135.194832049000013, 34.338386919 ], [ 135.195282633, 34.338557279 ], [ 135.195269585, 34.338718306 ], [ 135.195176978, 34.338787829 ], [ 135.195015447, 34.339053081 ], [ 135.194811699000013, 34.338913 ], [ 135.19459335900001, 34.338900468 ], [ 135.19439786, 34.338910279 ], [ 135.194424942000012, 34.339283694 ], [ 135.194731803, 34.339446721 ], [ 135.194779754, 34.339447054 ], [ 135.195014746999988, 34.339523495 ], [ 135.195109974, 34.339578414 ], [ 135.195266005, 34.339491721 ], [ 135.195383748000012, 34.339407919 ], [ 135.195313359000011, 34.339358054 ], [ 135.195435162, 34.339237694 ], [ 135.195783022, 34.339136306 ], [ 135.195908975, 34.339186532 ], [ 135.195986667, 34.339083441 ], [ 135.196312827000014, 34.339241829 ], [ 135.196481699, 34.339018108 ], [ 135.196659079, 34.339095802 ], [ 135.196705694, 34.339041919 ], [ 135.19674192, 34.339061279 ], [ 135.196355551000011, 34.339583333 ], [ 135.196380973, 34.339595865 ], [ 135.196414721, 34.339612495 ], [ 135.196538858999986, 34.339450667 ], [ 135.196701725, 34.339456532 ], [ 135.196795305, 34.339492198 ], [ 135.196993385000013, 34.339611495 ], [ 135.197125162, 34.339661775 ], [ 135.197362283, 34.339711198 ], [ 135.19752680900001, 34.339748973 ], [ 135.197645188, 34.339789613 ], [ 135.197765382999989, 34.339847802 ], [ 135.197900584, 34.339930027 ], [ 135.198045188, 34.340037802 ], [ 135.19813856, 34.340118279 ], [ 135.197699728, 34.340500919 ], [ 135.197813645, 34.340601198 ], [ 135.197960467, 34.340475468 ], [ 135.197929857, 34.340450495 ], [ 135.1978207, 34.340545252 ], [ 135.197757886, 34.340497775 ], [ 135.198052049000012, 34.340241225 ], [ 135.198114501, 34.340291865 ], [ 135.198047782, 34.340348387 ], [ 135.198080557999987, 34.340374306 ], [ 135.198165227, 34.340296775 ], [ 135.198074306, 34.340221919 ], [ 135.198509494, 34.339842333 ], [ 135.198513021999986, 34.339838027 ], [ 135.198591946, 34.339880279 ], [ 135.198545837000012, 34.339943 ], [ 135.198628807, 34.339984108 ], [ 135.198675006, 34.339924721 ], [ 135.198753943000014, 34.339966973 ], [ 135.198242283000013, 34.340626532 ], [ 135.198204423, 34.340607081 ], [ 135.198079584999988, 34.340774495 ], [ 135.198190052, 34.340825441 ], [ 135.198314864, 34.340663973 ], [ 135.198280778, 34.340645892 ], [ 135.198552114, 34.340297333 ], [ 135.198668833, 34.34033264 ], [ 135.198768612, 34.34036764 ], [ 135.198853839, 34.340423721 ], [ 135.19905153, 34.340526721 ], [ 135.199223773999989, 34.340632333 ], [ 135.19935150500001, 34.340733694 ], [ 135.199491920000014, 34.340835108 ], [ 135.199653139, 34.340922081 ], [ 135.1997893, 34.340982468 ], [ 135.199923969, 34.341027 ], [ 135.2, 34.341055559 ], [ 135.200017328, 34.341062054 ], [ 135.200161193000014, 34.341144946 ], [ 135.200391634, 34.341303865 ], [ 135.200718366, 34.341541387 ], [ 135.200828781000013, 34.341622694 ], [ 135.20088725, 34.341657532 ], [ 135.200919883000012, 34.341666667 ], [ 135.200988716000012, 34.341685946 ], [ 135.201072283, 34.341756532 ], [ 135.201167056, 34.341812694 ], [ 135.201325383000011, 34.341874586 ], [ 135.201683280999987, 34.342002495 ], [ 135.201961946000011, 34.342104829 ], [ 135.202074137000011, 34.342170387 ], [ 135.202273113, 34.342314495 ], [ 135.202424617, 34.342418613 ], [ 135.202619078999987, 34.342529586 ], [ 135.202698249, 34.342557973 ], [ 135.202796887, 34.342574919 ], [ 135.202592243999987, 34.342951892 ], [ 135.202552387, 34.342937559 ], [ 135.202460026000011, 34.343107721 ], [ 135.202563022, 34.343144973 ], [ 135.202870778, 34.342581586 ], [ 135.203144617, 34.342080279 ], [ 135.20336131, 34.341666667 ], [ 135.203493022, 34.341415225 ], [ 135.203524475, 34.341423162 ], [ 135.203651997, 34.341179775 ], [ 135.203794695, 34.341192135 ], [ 135.203964695, 34.341213532 ], [ 135.204080246, 34.341245387 ], [ 135.204143695999988, 34.341270694 ], [ 135.204191946, 34.341305252 ], [ 135.204258612, 34.341369532 ], [ 135.204341323, 34.341482342 ], [ 135.204358586000012, 34.341506207 ], [ 135.204395992, 34.341555532 ], [ 135.204416135, 34.341557126 ], [ 135.204475746000014, 34.34155764 ], [ 135.204582140000014, 34.341569252 ], [ 135.20467922200001, 34.341590081 ], [ 135.204776057, 34.341626495 ], [ 135.204847756, 34.341666667 ], [ 135.204902529, 34.34169736 ], [ 135.205034501, 34.341786919 ], [ 135.205116135, 34.34185436 ], [ 135.20517358, 34.341906108 ], [ 135.205203061, 34.341963919 ], [ 135.205209325999988, 34.341994685 ], [ 135.205266873999989, 34.342051964 ], [ 135.205292776, 34.342047189 ], [ 135.205338807, 34.342054351 ], [ 135.205411362, 34.342082027 ], [ 135.205524864000012, 34.34214964 ], [ 135.205611893999986, 34.342232694 ], [ 135.205661699, 34.342309306 ], [ 135.205665058, 34.342345108 ], [ 135.20561847, 34.342526829 ], [ 135.205573722, 34.342718027 ], [ 135.20556400800001, 34.342867838 ], [ 135.205583424, 34.342951973 ], [ 135.205627276, 34.342975135 ], [ 135.205673528, 34.342993559 ], [ 135.205707056, 34.342998721 ], [ 135.20576839200001, 34.342995775 ], [ 135.205826030999987, 34.342967414 ], [ 135.205934449000011, 34.342892468 ], [ 135.206056808999989, 34.342803559 ], [ 135.206218586, 34.342636829 ], [ 135.206482996, 34.342362225 ], [ 135.206610532000013, 34.342254495 ], [ 135.206649494, 34.342221198 ], [ 135.206699273999988, 34.34217864 ], [ 135.206747899, 34.342198279 ], [ 135.206803074, 34.342220568 ], [ 135.206757638999989, 34.342268027 ], [ 135.206027912, 34.343030559 ], [ 135.205963995, 34.342996333 ], [ 135.20586572, 34.343126694 ], [ 135.206341089, 34.343766252 ], [ 135.206975914, 34.34401 ], [ 135.208333333000013, 34.344567919 ], [ 135.208868418, 34.344787829 ], [ 135.208942387, 34.344677414 ], [ 135.208805084, 34.344620829 ], [ 135.208783217, 34.344657108 ], [ 135.208333333000013, 34.344471586 ], [ 135.207052088000012, 34.343943252 ], [ 135.207061699, 34.343927081 ], [ 135.206461556, 34.343679586 ], [ 135.206264254, 34.343418946 ], [ 135.206250506, 34.343426162 ], [ 135.206044695, 34.343154441 ], [ 135.206419442, 34.34275136 ], [ 135.206503969000011, 34.342847306 ], [ 135.206528197000011, 34.342847441 ], [ 135.206538249, 34.342830919 ], [ 135.206449533000011, 34.342730919 ], [ 135.206734137000012, 34.34243436 ], [ 135.206728586, 34.342414225 ], [ 135.206892412, 34.342246333 ], [ 135.207561051, 34.342410135 ], [ 135.207537198000011, 34.342671694 ], [ 135.207435057999987, 34.342945721 ], [ 135.206918366, 34.342818054 ], [ 135.206895084, 34.342865252 ], [ 135.206767328000012, 34.342834865 ], [ 135.206756913, 34.342856613 ], [ 135.206916861, 34.342895865 ], [ 135.206715667999987, 34.343128586 ], [ 135.206604306, 34.343203333 ], [ 135.206607276, 34.343222468 ], [ 135.20662406, 34.343228973 ], [ 135.206746109, 34.343150532 ], [ 135.20675630400001, 34.343139414 ], [ 135.206997003999987, 34.343215162 ], [ 135.20697192, 34.343316865 ], [ 135.207676887, 34.343488946 ], [ 135.207597886, 34.343718495 ], [ 135.207656082999989, 34.343734225 ], [ 135.207743606, 34.343502 ], [ 135.208173256, 34.34361764 ], [ 135.208239442, 34.343467333 ], [ 135.208333333000013, 34.343491775 ], [ 135.208981607999988, 34.343660559 ], [ 135.208785498999987, 34.344104306 ], [ 135.208675136000011, 34.34414136 ], [ 135.208696329, 34.344188198 ], [ 135.208793256, 34.344159054 ], [ 135.208821479, 34.344173225 ], [ 135.20885214, 34.344182441 ], [ 135.209070973, 34.343682414 ], [ 135.209102191999989, 34.343690279 ], [ 135.209217886, 34.343441829 ], [ 135.209340558, 34.343491586 ], [ 135.210187327999989, 34.343634 ], [ 135.210171971, 34.343729919 ], [ 135.210234721, 34.343738775 ], [ 135.21020572, 34.343944775 ], [ 135.210233359, 34.343964892 ], [ 135.210279754, 34.34396736 ], [ 135.210322607, 34.343926775 ], [ 135.21037358, 34.343732748 ], [ 135.210642309, 34.343726441 ], [ 135.210891699, 34.343708667 ], [ 135.211184863999989, 34.343707054 ], [ 135.211188949, 34.343734108 ], [ 135.211191555999989, 34.343815198 ], [ 135.211646667, 34.343812613 ], [ 135.211646005, 34.343731468 ], [ 135.211669973999989, 34.343726387 ], [ 135.21168577200001, 34.343711162 ], [ 135.211825331, 34.343744532 ], [ 135.211809728, 34.343798162 ], [ 135.212103748, 34.343867387 ], [ 135.212126304, 34.343871973 ], [ 135.212643113000013, 34.343955892 ], [ 135.212673722, 34.343912162 ], [ 135.213034642999986, 34.343998441 ], [ 135.21303655, 34.344003946 ], [ 135.21314214, 34.344137252 ], [ 135.213189805000013, 34.344037198 ], [ 135.213349053, 34.344024973 ], [ 135.213913917000013, 34.343941865 ], [ 135.214503580000013, 34.343950694 ], [ 135.214514773, 34.343927333 ], [ 135.214573800000011, 34.343927721 ], [ 135.214890973, 34.343937946 ], [ 135.215023256, 34.343938162 ], [ 135.215075837, 34.343939586 ], [ 135.215125058000012, 34.343943414 ], [ 135.215229611000012, 34.343953559 ], [ 135.215356783, 34.343966919 ], [ 135.215384306, 34.343975468 ], [ 135.215411505, 34.343984387 ], [ 135.215431414, 34.343992532 ], [ 135.215451115, 34.344002135 ], [ 135.21547856, 34.344018973 ], [ 135.21552297, 34.344046865 ], [ 135.215537055999988, 34.344053441 ], [ 135.215549493999987, 34.344057306 ], [ 135.215564941999986, 34.344058027 ], [ 135.215577223999986, 34.344056667 ], [ 135.215589559, 34.344053054 ], [ 135.215601025000012, 34.344045919 ], [ 135.215618833, 34.344036829 ], [ 135.215644254000011, 34.344026081 ], [ 135.215677056, 34.34401664 ], [ 135.215705162, 34.344009973 ], [ 135.215749468000013, 34.344002495 ], [ 135.215824137, 34.343989198 ], [ 135.215897834, 34.343979468 ], [ 135.215940947, 34.343971829 ], [ 135.215953891, 34.343969027 ], [ 135.215966304, 34.343965387 ], [ 135.215977328, 34.343961414 ], [ 135.21598572, 34.343958306 ], [ 135.215998754999987, 34.343950559 ], [ 135.216152335, 34.34397336 ], [ 135.216172723999989, 34.343977279 ], [ 135.216187886, 34.343980973 ], [ 135.216205253, 34.343985495 ], [ 135.21622725, 34.343992306 ], [ 135.216369248, 34.344046775 ], [ 135.216392866, 34.344053135 ], [ 135.216425525, 34.344059946 ], [ 135.216497834, 34.344067892 ], [ 135.216508586, 34.344068306 ], [ 135.216530661, 34.344080162 ], [ 135.216561997000014, 34.344097775 ], [ 135.216579079000013, 34.344107613 ], [ 135.21660297, 34.344123468 ], [ 135.216617977, 34.344133919 ], [ 135.216636304, 34.344150162 ], [ 135.216644721, 34.344157081 ], [ 135.216656057, 34.344164468 ], [ 135.216666667, 34.344168946 ], [ 135.216674254, 34.344172135 ], [ 135.216692827, 34.344172721 ], [ 135.216709468, 34.344172108 ], [ 135.216729728, 34.344168532 ], [ 135.216763061, 34.344160802 ], [ 135.216809663, 34.344149468 ], [ 135.216833528, 34.344144054 ], [ 135.216851803, 34.344141721 ], [ 135.216876809000013, 34.344140441 ], [ 135.216905279, 34.34414136 ], [ 135.216951673000011, 34.344146054 ], [ 135.217006782999988, 34.344155081 ], [ 135.217042438, 34.344164306 ], [ 135.217072361, 34.344173694 ], [ 135.217147445, 34.344200333 ], [ 135.217196861, 34.344217054 ], [ 135.217220026, 34.344226135 ], [ 135.21726150500001, 34.344244054 ], [ 135.21728369600001, 34.344252667 ], [ 135.217330169, 34.344268748 ], [ 135.217350973, 34.344277081 ], [ 135.217401582, 34.344302108 ], [ 135.217458275000013, 34.344331495 ], [ 135.217480778, 34.344343279 ], [ 135.217491478999989, 34.344349919 ], [ 135.217502892, 34.344359919 ], [ 135.217512244, 34.344370333 ], [ 135.217519027, 34.344380306 ], [ 135.217526083, 34.344391532 ], [ 135.217535524999988, 34.344414865 ], [ 135.217540778, 34.344425973 ], [ 135.21755691300001, 34.344454667 ], [ 135.217565694, 34.344468054 ], [ 135.217571920000012, 34.344476027 ], [ 135.217571607999986, 34.344479027 ], [ 135.217458301, 34.344748748 ], [ 135.217503087000011, 34.344758225 ], [ 135.217573695999988, 34.344579919 ], [ 135.217585837, 34.344546333 ], [ 135.217590337, 34.344555306 ], [ 135.217594501, 34.344560468 ], [ 135.217599052999986, 34.344562667 ], [ 135.217615331, 34.344566108 ], [ 135.217667393, 34.344565973 ], [ 135.217702503, 34.344565027 ], [ 135.217731336000014, 34.344562775 ], [ 135.217796304, 34.344553721 ], [ 135.217849857, 34.344545333 ], [ 135.217875084000013, 34.344544775 ], [ 135.217896134999989, 34.344547775 ], [ 135.21791944200001, 34.344553802 ], [ 135.217946109, 34.344563441 ], [ 135.218001089000012, 34.344589198 ], [ 135.218037004, 34.344607279 ], [ 135.218075279, 34.344628892 ], [ 135.218113748, 34.344653306 ], [ 135.218178755, 34.344697802 ], [ 135.21819808, 34.344712441 ], [ 135.21825199700001, 34.344758495 ], [ 135.218286641, 34.344785135 ], [ 135.21832594, 34.344811973 ], [ 135.218336005, 34.344817919 ], [ 135.218348443999986, 34.344824387 ], [ 135.21833275, 34.344853414 ], [ 135.218333449999989, 34.344859441 ], [ 135.218336978, 34.344865775 ], [ 135.218341388, 34.344869586 ], [ 135.21834594, 34.344872054 ], [ 135.218352438000011, 34.344873279 ], [ 135.2183593, 34.344872495 ], [ 135.218365084, 34.344871 ], [ 135.218371088999987, 34.344867802 ], [ 135.218373969, 34.344862414 ], [ 135.218432944, 34.344876586 ], [ 135.218450636, 34.344879586 ], [ 135.218470946999986, 34.344881135 ], [ 135.218491828999987, 34.344879829 ], [ 135.218515966000012, 34.344879559 ], [ 135.218533891, 34.344880919 ], [ 135.218552114, 34.344885081 ], [ 135.21857594, 34.344892721 ], [ 135.218615577, 34.344908748 ], [ 135.218649248, 34.344923748 ], [ 135.218745084, 34.344972973 ], [ 135.218824475, 34.345017108 ], [ 135.218919468, 34.345074333 ], [ 135.219071115, 34.345165081 ], [ 135.219144332000013, 34.345205225 ], [ 135.219199728, 34.345234162 ], [ 135.219150078000013, 34.345313 ], [ 135.219149611, 34.345315532 ], [ 135.219149689, 34.345317946 ], [ 135.219151724999989, 34.345322829 ], [ 135.219154721, 34.345327441 ], [ 135.219159144, 34.345330802 ], [ 135.219164033999988, 34.345332108 ], [ 135.219170337, 34.345331694 ], [ 135.219176329, 34.345330387 ], [ 135.21917939, 34.345329225 ], [ 135.219189689, 34.34533164 ], [ 135.219203994999987, 34.345335162 ], [ 135.219247198, 34.345342198 ], [ 135.219265863, 34.345346 ], [ 135.21928917, 34.345353108 ], [ 135.219314720999989, 34.345362279 ], [ 135.219384553, 34.345391027 ], [ 135.219416056999989, 34.345404748 ], [ 135.219454383999988, 34.345419775 ], [ 135.219506835, 34.345438252 ], [ 135.21955144, 34.345456027 ], [ 135.219604747, 34.345475108 ], [ 135.219649248, 34.345495054 ], [ 135.219745305, 34.345532613 ], [ 135.219809053, 34.345560694 ], [ 135.219864034000011, 34.34558864 ], [ 135.219930363, 34.345619532 ], [ 135.219953943, 34.345632748 ], [ 135.219974773, 34.345647414 ], [ 135.220000336999988, 34.345669198 ], [ 135.219974449, 34.34570736 ], [ 135.219973191, 34.345713667 ], [ 135.219974864, 34.345720892 ], [ 135.219978495, 34.345726414 ], [ 135.219984747000012, 34.345731946 ], [ 135.219993411, 34.345734081 ], [ 135.22000464300001, 34.345733135 ], [ 135.220011725, 34.345730748 ], [ 135.220023747999988, 34.345735802 ], [ 135.220037056, 34.345740027 ], [ 135.220084254, 34.345751252 ], [ 135.220122866, 34.345759694 ], [ 135.220148106000011, 34.345766892 ], [ 135.220164137000012, 34.345773468 ], [ 135.220208301000014, 34.345792694 ], [ 135.220278145, 34.345822162 ], [ 135.220340169, 34.345850865 ], [ 135.220384669, 34.345867919 ], [ 135.220419637, 34.345884108 ], [ 135.220499974, 34.345917252 ], [ 135.220537328, 34.345933252 ], [ 135.220560169, 34.345944495 ], [ 135.220598560000013, 34.345965108 ], [ 135.220630777999986, 34.345984162 ], [ 135.220688392, 34.346019414 ], [ 135.2207238, 34.34604236 ], [ 135.220737108, 34.346049468 ], [ 135.220784306000013, 34.346071586 ], [ 135.220802361000011, 34.346082532 ], [ 135.220817367, 34.346093613 ], [ 135.220830195, 34.346104081 ], [ 135.220840856, 34.346114775 ], [ 135.220850415, 34.34612836 ], [ 135.220858106, 34.346141748 ], [ 135.220873087, 34.346169162 ], [ 135.220879728, 34.346178946 ], [ 135.220886615000012, 34.346185586 ], [ 135.220899922, 34.346194306 ], [ 135.220934695000011, 34.346205441 ], [ 135.220985305, 34.346220279 ], [ 135.221052581, 34.346245414 ], [ 135.221098054, 34.346264532 ], [ 135.221117328, 34.346272414 ], [ 135.221132049, 34.34627936 ], [ 135.221159973999988, 34.346293333 ], [ 135.221200169000014, 34.346307387 ], [ 135.221228559999986, 34.346317198 ], [ 135.221249105, 34.346325081 ], [ 135.221298911, 34.346347946 ], [ 135.221324034, 34.346359919 ], [ 135.221339922, 34.346368495 ], [ 135.22137208800001, 34.346391225 ], [ 135.221391997000012, 34.346402 ], [ 135.221413969, 34.346412586 ], [ 135.221460272, 34.346434613 ], [ 135.221514358, 34.346462559 ], [ 135.221538470000013, 34.346476495 ], [ 135.221557951, 34.346488252 ], [ 135.221583191, 34.346507252 ], [ 135.221606589, 34.346527054 ], [ 135.221646588999988, 34.34656364 ], [ 135.221679689000013, 34.346591441 ], [ 135.221723995, 34.346631667 ], [ 135.22173511, 34.346640919 ], [ 135.221743087, 34.346648468 ], [ 135.221748444000013, 34.346656973 ], [ 135.221752697999989, 34.346667802 ], [ 135.22175594, 34.346678387 ], [ 135.221757691, 34.346689225 ], [ 135.221753113, 34.346702973 ], [ 135.221753060999987, 34.346709559 ], [ 135.221754747, 34.346713892 ], [ 135.221759170000013, 34.346718333 ], [ 135.221774643, 34.346727198 ], [ 135.221797613, 34.346734559 ], [ 135.221840441000012, 34.346745 ], [ 135.221887613, 34.34675836 ], [ 135.221957497, 34.346782 ], [ 135.222015227000014, 34.346805613 ], [ 135.222068444, 34.346832081 ], [ 135.222084968, 34.346843559 ], [ 135.222097173, 34.346854081 ], [ 135.222102633, 34.346860532 ], [ 135.222105642, 34.346864892 ], [ 135.222107445, 34.346868667 ], [ 135.222108716, 34.346872108 ], [ 135.222110052, 34.346881775 ], [ 135.222111555999987, 34.346884387 ], [ 135.222119287, 34.346910342 ], [ 135.222126615, 34.346934973 ], [ 135.222126161, 34.346938586 ], [ 135.222126329, 34.346942081 ], [ 135.22212847, 34.346947333 ], [ 135.222131245000014, 34.346950865 ], [ 135.222134812, 34.346954135 ], [ 135.222159143999988, 34.346967721 ], [ 135.222179274000013, 34.346978027 ], [ 135.222189533, 34.346984586 ], [ 135.222198392, 34.346991225 ], [ 135.222214838000014, 34.347010279 ], [ 135.222241777, 34.347034333 ], [ 135.222274449, 34.347065279 ], [ 135.222287951, 34.34707536 ], [ 135.222308833, 34.347083441 ], [ 135.222335187999988, 34.347089468 ], [ 135.222374553, 34.347088919 ], [ 135.222420078, 34.347090721 ], [ 135.222438003, 34.347092721 ], [ 135.222456005, 34.347096 ], [ 135.222509364, 34.347108694 ], [ 135.222561855, 34.347119946 ], [ 135.222602244, 34.347125414 ], [ 135.22268680900001, 34.347172108 ], [ 135.222812917999988, 34.347240721 ], [ 135.222879611, 34.34728036 ], [ 135.222917691, 34.347312414 ], [ 135.222961167, 34.347349748 ], [ 135.223012477, 34.347395775 ], [ 135.223031634, 34.347415468 ], [ 135.223046355, 34.347432333 ], [ 135.223077471000011, 34.347477613 ], [ 135.22310083, 34.347513279 ], [ 135.223106861, 34.347519892 ], [ 135.223117366999986, 34.347525721 ], [ 135.223133475999987, 34.347533054 ], [ 135.223154449, 34.347534892 ], [ 135.223172438, 34.347538441 ], [ 135.223198806999989, 34.347545802 ], [ 135.223220583999989, 34.347552532 ], [ 135.223273774, 34.347571802 ], [ 135.223302438, 34.347585225 ], [ 135.223328833000011, 34.347599748 ], [ 135.223381894, 34.347634865 ], [ 135.223421971, 34.347662721 ], [ 135.223469001000012, 34.347700775 ], [ 135.223490467, 34.347717613 ], [ 135.223506472, 34.347727892 ], [ 135.223536939000013, 34.347747027 ], [ 135.22355153, 34.347755306 ], [ 135.22356917, 34.347763892 ], [ 135.223623280999988, 34.347789667 ], [ 135.223650973, 34.347803802 ], [ 135.223671309999986, 34.347816108 ], [ 135.223697004, 34.347834495 ], [ 135.223698275, 34.34786136 ], [ 135.223707497, 34.347899387 ], [ 135.223736939, 34.347936532 ], [ 135.223890117, 34.348062721 ], [ 135.224177977000011, 34.348306414 ], [ 135.224213021999986, 34.348336135 ], [ 135.224222866, 34.348344387 ], [ 135.224316808999987, 34.348422532 ], [ 135.224332503, 34.348452108 ], [ 135.224349663, 34.348487829 ], [ 135.224375525, 34.348538829 ], [ 135.224391336, 34.348568054 ], [ 135.224397133999986, 34.348574495 ], [ 135.224402309, 34.348581108 ], [ 135.224418275, 34.348592387 ], [ 135.22443105100001, 34.348598694 ], [ 135.224450272000013, 34.348610441 ], [ 135.22446457800001, 34.348617468 ], [ 135.22448083, 34.348623694 ], [ 135.224514864000014, 34.348634829 ], [ 135.22456642, 34.348654 ], [ 135.224615616, 34.348670802 ], [ 135.224661141000013, 34.348708694 ], [ 135.224848028999986, 34.348867721 ], [ 135.225, 34.348995 ], [ 135.225061051000012, 34.349046135 ], [ 135.225072218, 34.349074532 ], [ 135.225080440999989, 34.349091532 ], [ 135.225098612000011, 34.34912364 ], [ 135.225108975000012, 34.349143 ], [ 135.225117497000014, 34.349161532 ], [ 135.225144916, 34.349206694 ], [ 135.225154694999986, 34.349219829 ], [ 135.22516428, 34.34922864 ], [ 135.225172918, 34.349234468 ], [ 135.225198054, 34.349242468 ], [ 135.225211414, 34.349244892 ], [ 135.225253385, 34.34925464 ], [ 135.225279754000013, 34.349259306 ], [ 135.2253007, 34.349264306 ], [ 135.225329079, 34.349274306 ], [ 135.225449222, 34.349375586 ], [ 135.225484838, 34.349405667 ], [ 135.225570143, 34.349477613 ], [ 135.225620752, 34.349540748 ], [ 135.225650169, 34.349580892 ], [ 135.225682944, 34.349634802 ], [ 135.225710506000013, 34.349686559 ], [ 135.22574919600001, 34.349769667 ], [ 135.225770726, 34.349817108 ], [ 135.225785279, 34.34985264 ], [ 135.225804837999988, 34.349915414 ], [ 135.225811725, 34.349934495 ], [ 135.225816809, 34.349948775 ], [ 135.225824034, 34.349965667 ], [ 135.225829585000014, 34.349978252 ], [ 135.225831997, 34.349987441 ], [ 135.225833113, 34.349996559 ], [ 135.225833255999987, 34.35 ], [ 135.225833359, 34.350002414 ], [ 135.225832309, 34.350010973 ], [ 135.225829689, 34.350024667 ], [ 135.225828664, 34.350029252 ], [ 135.225829248, 34.350037027 ], [ 135.225832411999988, 34.350048225 ], [ 135.225834332, 34.350051198 ], [ 135.225836808999986, 34.350053387 ], [ 135.225841245, 34.350055586 ], [ 135.225846783, 34.350056414 ], [ 135.225861439999989, 34.350057973 ], [ 135.225899883000011, 34.350061802 ], [ 135.225921582000012, 34.350065468 ], [ 135.225940998999988, 34.350070802 ], [ 135.225975966, 34.350085559 ], [ 135.226016161, 34.350099586 ], [ 135.226071245000014, 34.350116613 ], [ 135.22612192, 34.350138748 ], [ 135.226152477, 34.350148333 ], [ 135.226216226, 34.350179306 ], [ 135.226250532, 34.350195829 ], [ 135.226269441999989, 34.350207225 ], [ 135.226305058, 34.350235027 ], [ 135.226342503000012, 34.350262865 ], [ 135.226380856, 34.350288532 ], [ 135.226403191, 34.350308135 ], [ 135.22642083, 34.350327279 ], [ 135.226449364, 34.350369559 ], [ 135.226470117, 34.350404946 ], [ 135.226480363, 34.35042564 ], [ 135.226491284, 34.35045636 ], [ 135.226499196, 34.350482559 ], [ 135.226505382999989, 34.350504865 ], [ 135.226513554, 34.350540613 ], [ 135.22652428, 34.350615495 ], [ 135.226530856000011, 34.350681 ], [ 135.226532244, 34.350717 ], [ 135.226531310000013, 34.350749892 ], [ 135.226529883000012, 34.350762946 ], [ 135.22652917, 34.350770775 ], [ 135.226530752, 34.350786495 ], [ 135.226532944000013, 34.350797225 ], [ 135.226534617, 34.35080364 ], [ 135.226538029000011, 34.350811333 ], [ 135.22654083, 34.350813865 ], [ 135.226545472999987, 34.350816865 ], [ 135.226551336, 34.350818973 ], [ 135.226592970000013, 34.35082836 ], [ 135.226613359, 34.350833892 ], [ 135.22663316500001, 34.350841667 ], [ 135.226658832999988, 34.350853829 ], [ 135.226702412, 34.350877279 ], [ 135.226723359, 34.350892108 ], [ 135.226741608, 34.35090736 ], [ 135.226773696, 34.350939468 ], [ 135.226805006, 34.350976721 ], [ 135.22684489, 34.351023414 ], [ 135.226859831000013, 34.351041532 ], [ 135.226929079, 34.351118928 ], [ 135.227087716999989, 34.351152045 ], [ 135.227106693, 34.351157865 ], [ 135.227127951, 34.351166198 ], [ 135.227152607, 34.351177279 ], [ 135.227178781, 34.351193829 ], [ 135.227346861, 34.351390532 ], [ 135.227365344, 34.351435342 ], [ 135.227439818, 34.351436685 ], [ 135.227540143, 34.351554225 ], [ 135.22747725, 34.35159636 ], [ 135.227703333, 34.351836252 ], [ 135.227758716000011, 34.351805414 ], [ 135.227790467, 34.351839586 ], [ 135.227935304999988, 34.351990333 ], [ 135.227566161, 34.352236667 ], [ 135.227559053, 34.352230387 ], [ 135.226860362999986, 34.352641495 ], [ 135.22688, 34.352811108 ], [ 135.226872192, 34.352819802 ], [ 135.226845914, 34.352852468 ], [ 135.226862528999987, 34.352948748 ], [ 135.226954449, 34.352943946 ], [ 135.226946524, 34.352856802 ], [ 135.22691214, 34.35283936 ], [ 135.226893087, 34.352665414 ], [ 135.227589585, 34.352254919 ], [ 135.22760428, 34.352254225 ], [ 135.227876693000013, 34.352074721 ], [ 135.228360506, 34.352611946 ], [ 135.228395811000013, 34.352708081 ], [ 135.228416667, 34.352779973 ], [ 135.227993113, 34.352893135 ], [ 135.228007004, 34.352920559 ], [ 135.22850703, 34.352789559 ], [ 135.228512607, 34.35279564 ], [ 135.228728249, 34.353036 ], [ 135.228745577000012, 34.353067748 ], [ 135.228768197, 34.353115748 ], [ 135.228787523, 34.353162306 ], [ 135.228792191999986, 34.353186946 ], [ 135.228792049, 34.353204613 ], [ 135.22879022, 34.353225162 ], [ 135.228783774, 34.353240802 ], [ 135.228211050999988, 34.353416252 ], [ 135.22822033700001, 34.353433892 ], [ 135.228804163, 34.353257441 ], [ 135.228822866, 34.353257198 ], [ 135.228842633, 34.353257306 ], [ 135.228864034, 34.353261613 ], [ 135.22889849500001, 34.353272721 ], [ 135.228923087, 34.353282441 ], [ 135.228944383999988, 34.353294919 ], [ 135.228955136, 34.353306162 ], [ 135.228919416, 34.353315586 ], [ 135.228923645, 34.353326973 ], [ 135.229195616, 34.353255387 ], [ 135.22920821, 34.353253414 ], [ 135.229227275999989, 34.35329436 ], [ 135.229242996000011, 34.353328135 ], [ 135.228943307, 34.353387694 ], [ 135.228947522999988, 34.353402135 ], [ 135.229247781999987, 34.353342441 ], [ 135.229333917, 34.35353836 ], [ 135.228276304, 34.354160892 ], [ 135.228613865, 34.354546414 ], [ 135.228592892, 34.354559721 ], [ 135.229128249000013, 34.355175532 ], [ 135.229144526999988, 34.355167946 ], [ 135.22971, 34.355823613 ], [ 135.22972725, 34.355884108 ], [ 135.229645331, 34.356225559 ], [ 135.229666912999988, 34.356336667 ], [ 135.229650195, 34.356370559 ], [ 135.229651245000014, 34.356481 ], [ 135.229741245000014, 34.356481559 ], [ 135.229767224, 34.356328721 ], [ 135.229808249, 34.356323946 ], [ 135.229903696, 34.355837441 ], [ 135.229856939, 34.355801441 ], [ 135.229828586, 34.355799108 ], [ 135.229818249, 34.355799586 ], [ 135.228629805, 34.354409667 ], [ 135.229478366, 34.353908892 ], [ 135.230042892, 34.354560108 ], [ 135.229691140999989, 34.354782027 ], [ 135.22995022, 34.355062306 ], [ 135.229694254, 34.355240027 ], [ 135.229720636, 34.355264162 ], [ 135.230338755, 34.354847586 ], [ 135.230712218, 34.355279775 ], [ 135.230565668, 34.355364252 ], [ 135.230579442, 34.35538064 ], [ 135.230663359, 34.355332225 ], [ 135.230800894999987, 34.355487252 ], [ 135.230586161, 34.355630865 ], [ 135.230606783000013, 34.355649198 ], [ 135.231030752, 34.355371865 ], [ 135.231049144, 34.355359892 ], [ 135.231191336, 34.355501946 ], [ 135.231145473, 34.355536198 ], [ 135.231146109, 34.355585414 ], [ 135.231189416, 34.355652054 ], [ 135.230484384, 34.355920252 ], [ 135.230241634, 34.355828108 ], [ 135.230233217, 34.355843027 ], [ 135.230226278, 34.355855162 ], [ 135.23021472100001, 34.355858694 ], [ 135.230169222, 34.355877532 ], [ 135.230170973000014, 34.355909802 ], [ 135.230452412, 34.356028865 ], [ 135.230629196, 34.355956865 ], [ 135.230639222, 34.355977306 ], [ 135.230809689000012, 34.355913802 ], [ 135.230797588, 34.355896775 ], [ 135.231047743, 34.355803757 ], [ 135.231080156, 34.355849081 ], [ 135.231109300000014, 34.355889829 ], [ 135.231196278, 34.356017865 ], [ 135.231769974, 34.356784793 ], [ 135.231806393999989, 34.356832117 ], [ 135.232311802999988, 34.357498135 ], [ 135.232320363000014, 34.357536973 ], [ 135.232323307, 34.357571135 ], [ 135.232323060999988, 34.357599802 ], [ 135.232321141, 34.357629919 ], [ 135.232317613, 34.357659919 ], [ 135.232311724999988, 34.357674829 ], [ 135.232301829, 34.357685865 ], [ 135.232293022, 34.357673919 ], [ 135.23212192, 34.357759306 ], [ 135.232113256, 34.357814775 ], [ 135.23213786, 34.357965586 ], [ 135.232137173000012, 34.358040225 ], [ 135.232231051000014, 34.35811736 ], [ 135.232363671, 34.358104387 ], [ 135.232409026999989, 34.358065468 ], [ 135.232421335999987, 34.358017586 ], [ 135.232455279, 34.357988946 ], [ 135.23247678300001, 34.357979532 ], [ 135.232501504999988, 34.357974162 ], [ 135.232547613, 34.357973108 ], [ 135.232590415, 34.357974721 ], [ 135.232611698999989, 34.35798036 ], [ 135.232636278, 34.35798864 ], [ 135.232657588, 34.358001108 ], [ 135.232687108, 34.358019054 ], [ 135.232714643, 34.358038613 ], [ 135.232901051, 34.358333333 ], [ 135.233032724, 34.358541495 ], [ 135.233036782999989, 34.358548108 ], [ 135.232889663, 34.358648081 ], [ 135.232922503, 34.35868136 ], [ 135.233068716, 34.358581964 ], [ 135.233114397, 34.358647901 ], [ 135.233055279000013, 34.358700586 ], [ 135.233064668999987, 34.358707775 ], [ 135.233080999, 34.358693162 ], [ 135.233177639, 34.358765198 ], [ 135.233209442, 34.358795414 ], [ 135.233225772, 34.35881436 ], [ 135.233233942999988, 34.358827306 ], [ 135.233242023, 34.358844468 ], [ 135.233251089, 34.358867613 ], [ 135.233254085999988, 34.358882135 ], [ 135.233253217, 34.358893775 ], [ 135.233160973, 34.358950162 ], [ 135.233179364, 34.358970829 ], [ 135.233297639, 34.358898468 ], [ 135.233305965999989, 34.358902027 ], [ 135.23331939, 34.358911495 ], [ 135.233333333, 34.358927198 ], [ 135.233357588, 34.358954468 ], [ 135.233370778, 34.358971775 ], [ 135.233385032, 34.358994946 ], [ 135.233405473, 34.359019946 ], [ 135.233428054, 34.359046694 ], [ 135.233519274, 34.359163468 ], [ 135.233537588, 34.359194495 ], [ 135.233562944, 34.359238387 ], [ 135.233572607000013, 34.359264495 ], [ 135.23358153, 34.359298802 ], [ 135.23359358, 34.359336586 ], [ 135.233599637, 34.359352919 ], [ 135.233630506, 34.359412892 ], [ 135.233634527, 34.359425802 ], [ 135.233641608, 34.359445613 ], [ 135.233654863999988, 34.35947136 ], [ 135.233663670999988, 34.359483766 ], [ 135.233726135000012, 34.359525838 ], [ 135.233730636, 34.359530802 ], [ 135.233743943, 34.359537748 ], [ 135.233763554, 34.359545613 ], [ 135.233782114, 34.359549973 ], [ 135.233818249, 34.359556252 ], [ 135.23385428, 34.359561613 ], [ 135.233889663000014, 34.359569495 ], [ 135.233921634000012, 34.359579973 ], [ 135.233945331, 34.359592108 ], [ 135.233970999, 34.359603441 ], [ 135.233998781, 34.359619027 ], [ 135.234020246, 34.359636225 ], [ 135.234042802, 34.359655198 ], [ 135.23405406, 34.359673306 ], [ 135.234062048999988, 34.359690387 ], [ 135.234070194999987, 34.359703333 ], [ 135.234082476999987, 34.359718 ], [ 135.234087562000013, 34.359721279 ], [ 135.234067173, 34.359749748 ], [ 135.234193748, 34.35990164 ], [ 135.234199026999988, 34.359907333 ], [ 135.233801387999989, 34.360143306 ], [ 135.233789222000013, 34.360141613 ], [ 135.233738003000013, 34.360189775 ], [ 135.23375797700001, 34.360205613 ], [ 135.233730584, 34.360230946 ], [ 135.233752944, 34.360246775 ], [ 135.233723113, 34.360273081 ], [ 135.233740751999989, 34.360284027 ], [ 135.233808781, 34.360215748 ], [ 135.233850143000012, 34.36018336 ], [ 135.233973139, 34.360109414 ], [ 135.233957613, 34.360092721 ], [ 135.233952244, 34.360087 ], [ 135.234220506000014, 34.359924892 ], [ 135.234263735000013, 34.359982 ], [ 135.234152633, 34.360057694 ], [ 135.234120362999988, 34.360044054 ], [ 135.233919222, 34.360227 ], [ 135.233902723999989, 34.36022364 ], [ 135.23387406, 34.360257802 ], [ 135.233964746999987, 34.360299586 ], [ 135.234061970999988, 34.360213802 ], [ 135.23408494200001, 34.36022036 ], [ 135.234102724, 34.360228414 ], [ 135.234135278999986, 34.360245559 ], [ 135.234199144, 34.360289054 ], [ 135.234231803, 34.360305108 ], [ 135.23432406, 34.360358252 ], [ 135.234351167, 34.360379973 ], [ 135.234487445000013, 34.360490721 ], [ 135.234517691, 34.360523559 ], [ 135.234540661000011, 34.360555414 ], [ 135.234563501999986, 34.360602081 ], [ 135.234607549, 34.360683171 ], [ 135.234634175999986, 34.360738676 ], [ 135.234640752, 34.360750775 ], [ 135.2346638, 34.360773559 ], [ 135.234709052999989, 34.360807748 ], [ 135.234754384000013, 34.360844721 ], [ 135.234820778, 34.360907532 ], [ 135.234858586, 34.360946694 ], [ 135.234889611, 34.36099 ], [ 135.234921996999987, 34.361038973 ], [ 135.234951362, 34.361096306 ], [ 135.234959416, 34.361117892 ], [ 135.234959624, 34.361125676 ], [ 135.235010713, 34.361170441 ], [ 135.235049442, 34.361177162 ], [ 135.235071219, 34.361184054 ], [ 135.235099831000014, 34.361195586 ], [ 135.235138444, 34.361216108 ], [ 135.235220636, 34.361265306 ], [ 135.235257276, 34.361289333 ], [ 135.235306057, 34.361326414 ], [ 135.235344034, 34.361359586 ], [ 135.235409559, 34.361421468 ], [ 135.235432476999989, 34.361447748 ], [ 135.235460894999989, 34.361480748 ], [ 135.235485136, 34.361516054 ], [ 135.235502672, 34.361547919 ], [ 135.235532802, 34.361606865 ], [ 135.23553808, 34.361623865 ], [ 135.235549196, 34.361667387 ], [ 135.235423022, 34.361734829 ], [ 135.235446719, 34.361759414 ], [ 135.235452218, 34.361765027 ], [ 135.23542489, 34.361780829 ], [ 135.235452412, 34.361813559 ], [ 135.235476031, 34.361799892 ], [ 135.235480973, 34.361805892 ], [ 135.235502724000014, 34.361830279 ], [ 135.235754553, 34.361667135 ], [ 135.23577511, 34.361689613 ], [ 135.235376394000014, 34.361937829 ], [ 135.235447302000011, 34.362388865 ], [ 135.235546667, 34.362388495 ], [ 135.235476226, 34.361947829 ], [ 135.23573466900001, 34.361788 ], [ 135.235772166, 34.361788225 ], [ 135.235800829999988, 34.361791748 ], [ 135.235823943000014, 34.361797559 ], [ 135.235847108, 34.361806802 ], [ 135.235870143, 34.361822829 ], [ 135.235920856, 34.361862162 ], [ 135.235976472, 34.361915802 ], [ 135.23600878100001, 34.361949279 ], [ 135.236026939, 34.361971468 ], [ 135.236054384, 34.362040532 ], [ 135.236074449, 34.362081387 ], [ 135.236091971, 34.362113333 ], [ 135.236116226, 34.362150892 ], [ 135.23613511, 34.362177081 ], [ 135.236142387, 34.362200829 ], [ 135.236140726, 34.362228054 ], [ 135.236136472, 34.362255252 ], [ 135.23613144, 34.362282333 ], [ 135.236129339, 34.362306901 ], [ 135.236144695, 34.362340324 ], [ 135.236182698, 34.362324775 ], [ 135.237038975, 34.363157802 ], [ 135.237066978, 34.363210721 ], [ 135.237077367000012, 34.363230081 ], [ 135.237082969999989, 34.36324564 ], [ 135.237085227, 34.363261135 ], [ 135.237084864, 34.363300802 ], [ 135.237082996, 34.363315225 ], [ 135.237079274, 34.363330694 ], [ 135.237073385, 34.363342748 ], [ 135.237053165, 34.363378946 ], [ 135.237081193, 34.363382468 ], [ 135.237107328, 34.363377946 ], [ 135.237123747999988, 34.363378054 ], [ 135.237144695000012, 34.363380054 ], [ 135.237170169, 34.363387973 ], [ 135.237230466999989, 34.363415306 ], [ 135.237259468, 34.363431892 ], [ 135.237283865, 34.363451441 ], [ 135.237386783, 34.363526441 ], [ 135.237399559000011, 34.363533306 ], [ 135.237412334999988, 34.363538252 ], [ 135.237417886, 34.363538802 ], [ 135.237824137, 34.363983919 ], [ 135.237886550000013, 34.36404236 ], [ 135.23853847, 34.36463764 ], [ 135.238582516, 34.364676225 ], [ 135.238684021000012, 34.364638027 ], [ 135.239128755, 34.365004108 ], [ 135.239476861000014, 34.365316748 ], [ 135.239553554, 34.365433613 ], [ 135.239654643, 34.365617252 ], [ 135.239689610999989, 34.365680586 ], [ 135.239702724000011, 34.365719973 ], [ 135.239709143999988, 34.365757892 ], [ 135.23971202300001, 34.365809721 ], [ 135.239701414, 34.365864027 ], [ 135.239194864000012, 34.366240694 ], [ 135.239211582, 34.366257667 ], [ 135.239186498, 34.366277252 ], [ 135.239165357, 34.36625836 ], [ 135.238965331, 34.366413721 ], [ 135.23922131, 34.366666667 ], [ 135.240074811999989, 34.367510108 ], [ 135.240212244, 34.36817036 ], [ 135.240252827, 34.368166387 ], [ 135.240417977, 34.368924775 ], [ 135.240532114, 34.369025027 ], [ 135.240566057, 34.36899864 ], [ 135.241023139, 34.369455387 ], [ 135.241084423, 34.369410892 ], [ 135.240512048999989, 34.368836387 ], [ 135.240498949, 34.368773468 ], [ 135.240507523, 34.368772162 ], [ 135.240545746, 34.368766559 ], [ 135.240403917, 34.368109892 ], [ 135.240393501999989, 34.368047162 ], [ 135.240396304, 34.367991198 ], [ 135.240407951, 34.367916 ], [ 135.240449222, 34.367848279 ], [ 135.240426082999988, 34.367823333 ], [ 135.240396355, 34.367801775 ], [ 135.240322502999987, 34.367927532 ], [ 135.240263086999988, 34.367646333 ], [ 135.240299105, 34.367640802 ], [ 135.240256589000012, 34.367400802 ], [ 135.239491479, 34.366666667 ], [ 135.239230142999986, 34.366415919 ], [ 135.239809754, 34.365991802 ], [ 135.240518054, 34.366666667 ], [ 135.240522918000011, 34.366671306 ], [ 135.240330726, 34.366811748 ], [ 135.240352476999988, 34.366834333 ], [ 135.240563385, 34.366678495 ], [ 135.240924968, 34.367019829 ], [ 135.240785863000013, 34.367122081 ], [ 135.240998521, 34.367323829 ], [ 135.240942361, 34.367368387 ], [ 135.240967302, 34.367387919 ], [ 135.241013307, 34.367351694 ], [ 135.24107, 34.367803613 ], [ 135.241091971, 34.367800973 ], [ 135.241036693000012, 34.367336054 ], [ 135.241658807, 34.366877333 ], [ 135.241666667, 34.366878306 ], [ 135.241753281, 34.366889081 ], [ 135.241973281000014, 34.367050306 ], [ 135.24226847, 34.366854865 ], [ 135.242360636, 34.366666667 ], [ 135.242495746, 34.366390721 ], [ 135.243042361, 34.366666667 ], [ 135.243085694, 34.366688559 ], [ 135.242845305, 34.36715036 ], [ 135.242176252, 34.367584559 ], [ 135.242068053999986, 34.367586667 ], [ 135.241806304, 34.367398613 ], [ 135.241780635999987, 34.367423694 ], [ 135.241945279, 34.367542559 ], [ 135.241666667, 34.367769865 ], [ 135.24157594, 34.367843892 ], [ 135.241632802, 34.367903225 ], [ 135.241051141000014, 34.368350721 ], [ 135.241037756, 34.368339387 ], [ 135.241010506, 34.368361667 ], [ 135.241022891999989, 34.36848236 ], [ 135.24110061, 34.368482829 ], [ 135.241122776, 34.368459198 ], [ 135.241131997, 34.368379279 ], [ 135.241143838999989, 34.36837936 ], [ 135.241406977999986, 34.368617919 ], [ 135.241473307, 34.368567829 ], [ 135.241225357, 34.368333775 ], [ 135.241288301, 34.368285135 ], [ 135.241311894, 34.368297892 ], [ 135.241345966000011, 34.36826864 ], [ 135.241312412000013, 34.368239027 ], [ 135.241346472, 34.368214 ], [ 135.241649079000013, 34.367980387 ], [ 135.241659105, 34.367988919 ], [ 135.241666667, 34.367992306 ], [ 135.241684449, 34.368000279 ], [ 135.24172655000001, 34.368008919 ], [ 135.241797029999987, 34.368019162 ], [ 135.241888249, 34.368030919 ], [ 135.24197594, 34.368046892 ], [ 135.242060921, 34.368065973 ], [ 135.241995331, 34.368115613 ], [ 135.242006783, 34.368124333 ], [ 135.242099169999989, 34.368054495 ], [ 135.242169689, 34.368081694 ], [ 135.24222869, 34.368098919 ], [ 135.242289468, 34.368110468 ], [ 135.242348275000012, 34.368123468 ], [ 135.242388716, 34.368134892 ], [ 135.242452672000013, 34.368159081 ], [ 135.242676329, 34.368265613 ], [ 135.242694747, 34.368283919 ], [ 135.242670921000013, 34.368297829 ], [ 135.242737756, 34.368375162 ], [ 135.242771725000011, 34.368355721 ], [ 135.242793476, 34.36837964 ], [ 135.242718806999989, 34.368425081 ], [ 135.243114967999986, 34.368875865 ], [ 135.243175616, 34.368841252 ], [ 135.243199831, 34.368869162 ], [ 135.243184163, 34.368880532 ], [ 135.243148495000014, 34.368906532 ], [ 135.243280506, 34.369061333 ], [ 135.243027276, 34.369208441 ], [ 135.243040726, 34.369223946 ], [ 135.243291414, 34.369076721 ], [ 135.243398638, 34.369232748 ], [ 135.243315188, 34.36928 ], [ 135.243325279, 34.369294027 ], [ 135.243406835, 34.369244054 ], [ 135.243500389, 34.369359225 ], [ 135.243425746000014, 34.369400054 ], [ 135.244553165000013, 34.370762559 ], [ 135.24470383900001, 34.370947667 ], [ 135.244770143000011, 34.370911667 ], [ 135.244875357000012, 34.371024919 ], [ 135.24493847, 34.370981946 ], [ 135.245369533, 34.371434919 ], [ 135.245353306999988, 34.371548225 ], [ 135.245351336, 34.371571829 ], [ 135.245256355, 34.371798 ], [ 135.245244383999989, 34.371823162 ], [ 135.245242502999986, 34.371839919 ], [ 135.245247471, 34.371854 ], [ 135.245260895, 34.371862468 ], [ 135.245286161, 34.371866865 ], [ 135.245418105999988, 34.37186064 ], [ 135.245462022999988, 34.37186236 ], [ 135.245507328, 34.371865333 ], [ 135.24583036300001, 34.371901225 ], [ 135.246176666999986, 34.372326108 ], [ 135.246159079, 34.372336081 ], [ 135.246185006, 34.372368081 ], [ 135.246222749999987, 34.372400387 ], [ 135.246558365999988, 34.372841613 ], [ 135.246684085999988, 34.37301936 ], [ 135.246669585, 34.373034667 ], [ 135.246657588, 34.373051468 ], [ 135.246649805, 34.37307036 ], [ 135.246647198, 34.373085027 ], [ 135.246647056, 34.373099081 ], [ 135.246649389999988, 34.373118027 ], [ 135.246655135999987, 34.373143306 ], [ 135.246658664, 34.373173802 ], [ 135.246685616, 34.373164324 ], [ 135.246705784999989, 34.373194207 ], [ 135.246617562000012, 34.373235306 ], [ 135.246659585, 34.373255135 ], [ 135.246711751, 34.373282135 ], [ 135.246748612, 34.37330464 ], [ 135.246804112, 34.373337252 ], [ 135.246849442000013, 34.373359973 ], [ 135.246884916, 34.373371387 ], [ 135.246911505000014, 34.373378027 ], [ 135.247250830000013, 34.373912829 ], [ 135.247270558, 34.373956775 ], [ 135.247374423, 34.374182802 ], [ 135.247362581, 34.374194441 ], [ 135.247360078000014, 34.374207225 ], [ 135.247361115, 34.374225802 ], [ 135.247373307, 34.374307829 ], [ 135.247380078, 34.374342135 ], [ 135.247395914, 34.374419586 ], [ 135.247398003, 34.374451865 ], [ 135.247395331, 34.374485108 ], [ 135.247390415000012, 34.374510532 ], [ 135.24738192, 34.374537865 ], [ 135.247371050999988, 34.374560333 ], [ 135.247310051999989, 34.374657054 ], [ 135.247280195, 34.374700973 ], [ 135.247247977, 34.374742865 ], [ 135.247178638, 34.374835387 ], [ 135.247161893999987, 34.374871441 ], [ 135.247156861, 34.374899802 ], [ 135.247155525000011, 34.374914495 ], [ 135.247158975, 34.374930198 ], [ 135.247169533, 34.374941973 ], [ 135.247183606, 34.374948919 ], [ 135.247205939999986, 34.374954919 ], [ 135.247439856999989, 34.375 ], [ 135.247571751, 34.375025414 ], [ 135.247618833, 34.375037414 ], [ 135.247897445, 34.375117306 ], [ 135.248278715999987, 34.375571225 ], [ 135.248325577, 34.375609279 ], [ 135.248492827, 34.375715532 ], [ 135.24862428, 34.375788802 ], [ 135.248740636, 34.375847225 ], [ 135.248761336, 34.375882135 ], [ 135.248774034, 34.375919468 ], [ 135.248780804, 34.375951775 ], [ 135.248786329000012, 34.375991946 ], [ 135.248787198, 34.376028081 ], [ 135.248786783000014, 34.376075054 ], [ 135.248776783000011, 34.376136387 ], [ 135.248763450000013, 34.376181387 ], [ 135.248742865999986, 34.376233108 ], [ 135.248698638, 34.376315586 ], [ 135.248677004, 34.376362414 ], [ 135.248668418, 34.376399532 ], [ 135.248668145000011, 34.376428919 ], [ 135.248672607, 34.37645336 ], [ 135.248684188999988, 34.37648164 ], [ 135.248700506, 34.376507162 ], [ 135.248719105, 34.376530829 ], [ 135.248736667, 34.376548495 ], [ 135.248761336, 34.37656336 ], [ 135.248787224000012, 34.376573333 ], [ 135.248815473, 34.376577387 ], [ 135.248831505, 34.376998775 ], [ 135.248870532000012, 34.376998027 ], [ 135.248856952000011, 34.376533468 ], [ 135.249338249, 34.376756171 ], [ 135.249816576, 34.376977505 ], [ 135.249834112, 34.376988414 ], [ 135.249851725000013, 34.376998559 ], [ 135.249877639, 34.377007279 ], [ 135.249909222000014, 34.377013586 ], [ 135.25, 34.377021468 ], [ 135.250243332999986, 34.377042586 ], [ 135.250413969, 34.377048973 ], [ 135.250439105, 34.377048306 ], [ 135.250455772, 34.377044613 ], [ 135.250671829, 34.376970586 ], [ 135.250690467, 34.376965279 ], [ 135.250704227999989, 34.376963189 ], [ 135.250705278999988, 34.376963027 ], [ 135.250807471, 34.37696364 ], [ 135.250826083, 34.376962225 ], [ 135.250864228000012, 34.376954802 ], [ 135.250886524, 34.376952586 ], [ 135.251013696, 34.376944892 ], [ 135.251050921, 34.376942054 ], [ 135.251096524, 34.376934586 ], [ 135.2511207, 34.376933198 ], [ 135.251463307, 34.376931495 ], [ 135.251483748, 34.376933162 ], [ 135.251498495, 34.376936333 ], [ 135.251511478999987, 34.376944162 ], [ 135.251580389, 34.377008414 ], [ 135.25159703, 34.377020054 ], [ 135.25162291800001, 34.377031027 ], [ 135.251653645, 34.377037441 ], [ 135.251685136, 34.377040694 ], [ 135.251723411, 34.377041468 ], [ 135.251825305000011, 34.377112586 ], [ 135.252279792, 34.377510162 ], [ 135.252007523, 34.377714396 ], [ 135.252003968999986, 34.378090045 ], [ 135.252082840000014, 34.378086108 ], [ 135.252107406, 34.377743676 ], [ 135.252344060000013, 34.377555532 ], [ 135.252371141, 34.377529459 ], [ 135.252404929, 34.37750373 ], [ 135.252613384999989, 34.377690333 ], [ 135.25297156900001, 34.378006793 ], [ 135.253203813, 34.378216468 ], [ 135.253242438, 34.378251144 ], [ 135.253768833, 34.378727477 ], [ 135.255382075, 34.380160297 ], [ 135.256235785, 34.380908261 ], [ 135.256528612000011, 34.381167162 ], [ 135.257089468, 34.381673982 ], [ 135.257385707, 34.381448324 ], [ 135.257393489, 34.381442423 ], [ 135.257674111999989, 34.381691955 ], [ 135.257716407, 34.381729541 ], [ 135.25797524, 34.381959649 ], [ 135.258207328, 34.382165072 ], [ 135.258333333, 34.382278045 ], [ 135.258567134, 34.382487658 ], [ 135.258771829000011, 34.382667495 ], [ 135.258878988, 34.38276091 ], [ 135.259142464, 34.382995919 ], [ 135.259327055999989, 34.383161477 ], [ 135.259640636, 34.383053297 ], [ 135.25989378700001, 34.382966658 ], [ 135.259875900999987, 34.382935532 ], [ 135.259535655, 34.383047162 ], [ 135.259503943, 34.383055171 ], [ 135.259369830999987, 34.383094838 ], [ 135.258974163, 34.382745081 ], [ 135.258750881999987, 34.382539802 ], [ 135.258333333, 34.382170973 ], [ 135.257878080000012, 34.381768838 ], [ 135.257899857000012, 34.381752739 ], [ 135.257957678, 34.381768685 ], [ 135.257986848, 34.381703685 ], [ 135.257829287, 34.381654315 ], [ 135.25778227, 34.381635189 ], [ 135.257717406000012, 34.381616495 ], [ 135.257695175, 34.381610045 ], [ 135.257632827, 34.381552514 ], [ 135.257588158, 34.381512928 ], [ 135.257398379, 34.381343459 ], [ 135.257337977, 34.38138709 ], [ 135.256936174, 34.381031613 ], [ 135.257645978999989, 34.380481018 ], [ 135.257726666999986, 34.380553991 ], [ 135.257741349000014, 34.380567243 ], [ 135.257803476, 34.380623432 ], [ 135.257984929, 34.380787351 ], [ 135.258046394, 34.380845505 ], [ 135.25772192, 34.38109291 ], [ 135.257654695000014, 34.381144243 ], [ 135.257707354, 34.381191261 ], [ 135.257721127999986, 34.381182153 ], [ 135.257942062000012, 34.381036901 ], [ 135.25795847, 34.381050613 ], [ 135.257996354999989, 34.381082387 ], [ 135.258015226999987, 34.381100559 ], [ 135.258136848, 34.381008063 ], [ 135.258333333, 34.381176883 ], [ 135.258496978000011, 34.381317486 ], [ 135.258567341, 34.381377865 ], [ 135.25833896200001, 34.381566532 ], [ 135.258395473, 34.381607081 ], [ 135.258403359, 34.381612721 ], [ 135.258595279, 34.381465757 ], [ 135.258685668, 34.381548613 ], [ 135.258801659999989, 34.381651459 ], [ 135.259045759, 34.381864351 ], [ 135.259421362000012, 34.382194784 ], [ 135.259392166, 34.382226162 ], [ 135.259417652, 34.382246784 ], [ 135.259531219, 34.382154162 ], [ 135.259627263, 34.382237595 ], [ 135.259656148, 34.382218108 ], [ 135.259585603, 34.382153766 ], [ 135.25892862500001, 34.381569649 ], [ 135.258879455, 34.381525955 ], [ 135.258881828999989, 34.381473721 ], [ 135.258906835, 34.381413 ], [ 135.258956304, 34.38135364 ], [ 135.259077173, 34.381222468 ], [ 135.259140245999987, 34.381172198 ], [ 135.25921061, 34.381136 ], [ 135.259457665000014, 34.381049613 ], [ 135.2596938, 34.380954108 ], [ 135.2599107, 34.380885559 ], [ 135.260139105, 34.380828892 ], [ 135.260358781, 34.380751333 ], [ 135.260436524, 34.380727 ], [ 135.260576913, 34.380701892 ], [ 135.260690661000012, 34.380688495 ], [ 135.260814721, 34.380652108 ], [ 135.26094153, 34.380625829 ], [ 135.26118406, 34.380582225 ], [ 135.261291582000013, 34.380571613 ], [ 135.261395771999986, 34.380557 ], [ 135.261541414, 34.380554441 ], [ 135.261685746000012, 34.380537279 ], [ 135.261851777, 34.380527027 ], [ 135.262033671000012, 34.380505027 ], [ 135.262294968, 34.380492 ], [ 135.262376524, 34.380490252 ], [ 135.262540973, 34.380512613 ], [ 135.26265511, 34.380527973 ], [ 135.262794475, 34.380545135 ], [ 135.262909455, 34.380567288 ], [ 135.26288358, 34.381556306 ], [ 135.262907406000011, 34.38155609 ], [ 135.262941984, 34.381555847 ], [ 135.262965525, 34.380981405 ], [ 135.26307655, 34.380953613 ], [ 135.263132387000013, 34.38094836 ], [ 135.26330511, 34.380952748 ], [ 135.263412477, 34.380962387 ], [ 135.263587639, 34.381001775 ], [ 135.263690078, 34.38103564 ], [ 135.263790414999988, 34.381079081 ], [ 135.263863385, 34.381128027 ], [ 135.263944501, 34.38118936 ], [ 135.264079468, 34.38130964 ], [ 135.264331051, 34.381551667 ], [ 135.2643969, 34.381625333 ], [ 135.263730856, 34.382142441 ], [ 135.263792814999988, 34.382195649 ], [ 135.263986615, 34.382050793 ], [ 135.264021141, 34.382073333 ], [ 135.264034578, 34.382090279 ], [ 135.264052088, 34.382103892 ], [ 135.264071025, 34.382113027 ], [ 135.264103852, 34.382119054 ], [ 135.264054890000011, 34.382156568 ], [ 135.264108911, 34.382197009 ], [ 135.264462218, 34.381921405 ], [ 135.264527834, 34.381916892 ], [ 135.264552361, 34.381920387 ], [ 135.264588833, 34.381940892 ], [ 135.264637523, 34.381982919 ], [ 135.26466988300001, 34.382011252 ], [ 135.26475661500001, 34.382054586 ], [ 135.264848755, 34.382101387 ], [ 135.264924384000011, 34.382153667 ], [ 135.264999974, 34.382227333 ], [ 135.265105811000012, 34.382336775 ], [ 135.265223165, 34.382444495 ], [ 135.265307613, 34.382513162 ], [ 135.265330584, 34.382535829 ], [ 135.265353333, 34.382582225 ], [ 135.265361115, 34.382623919 ], [ 135.265361946000013, 34.382678027 ], [ 135.265385914, 34.382736775 ], [ 135.265429053, 34.382790027 ], [ 135.265584942, 34.382931252 ], [ 135.265746809, 34.383087748 ], [ 135.26590683500001, 34.383228973 ], [ 135.265985162, 34.383288054 ], [ 135.266005525, 34.383294946 ], [ 135.266028664, 34.383299586 ], [ 135.266038171, 34.383292892 ], [ 135.266038275, 34.383281613 ], [ 135.266027613, 34.383259 ], [ 135.266027716999986, 34.383245468 ], [ 135.266042801999987, 34.383236559 ], [ 135.266071362, 34.383242414 ], [ 135.26609572000001, 34.38325264 ], [ 135.266121414, 34.383275333 ], [ 135.266167691, 34.383333333 ], [ 135.266184669000012, 34.383354613 ], [ 135.266243280999987, 34.383416441 ], [ 135.266320337, 34.383469829 ], [ 135.266449053, 34.383537135 ], [ 135.266524772999986, 34.383581495 ], [ 135.266585525000011, 34.383634865 ], [ 135.266633217, 34.383704387 ], [ 135.26666666700001, 34.383734441 ], [ 135.266671089, 34.383738414 ], [ 135.266719689000013, 34.383773694 ], [ 135.266754669, 34.383818973 ], [ 135.266772114, 34.38385064 ], [ 135.266835422000014, 34.383921973 ], [ 135.266905888, 34.384033468 ], [ 135.266931362, 34.384067414 ], [ 135.266962503, 34.384087892 ], [ 135.266988274999989, 34.384101586 ], [ 135.267007134000011, 34.384119721 ], [ 135.267044553, 34.384194306 ], [ 135.267076887, 34.384240667 ], [ 135.267122088, 34.384282054 ], [ 135.267180311, 34.384313946 ], [ 135.267229027000013, 34.384337946 ], [ 135.267246589, 34.384358333 ], [ 135.267258988, 34.38438755 ], [ 135.266881971, 34.384682604 ], [ 135.266978353000013, 34.384764685 ], [ 135.267029468, 34.384727577 ], [ 135.267439014, 34.384412577 ], [ 135.267475188, 34.384430108 ], [ 135.267515667999987, 34.384465333 ], [ 135.267562866, 34.384514027 ], [ 135.267627756, 34.384567441 ], [ 135.26767511, 34.384597027 ], [ 135.267721167, 34.384615333 ], [ 135.267784669, 34.384667559 ], [ 135.267874423, 34.384750829 ], [ 135.267892023, 34.384764468 ], [ 135.267909416, 34.38478936 ], [ 135.267948495000013, 34.384833586 ], [ 135.268037561999989, 34.384924279 ], [ 135.268106446, 34.384978775 ], [ 135.268339274, 34.385191495 ], [ 135.268421530000012, 34.385273135 ], [ 135.26850192, 34.385346279 ], [ 135.268545058, 34.385387108 ], [ 135.268580026, 34.385428973 ], [ 135.268604163, 34.385479865 ], [ 135.268618716, 34.38551936 ], [ 135.268637496999986, 34.385547667 ], [ 135.268669974, 34.385576 ], [ 135.268798755, 34.385697946 ], [ 135.268939026999988, 34.385849775 ], [ 135.268997445, 34.385935225 ], [ 135.269076252, 34.386100252 ], [ 135.26917594, 34.386292946 ], [ 135.269239610999989, 34.386397559 ], [ 135.269283982, 34.386449784 ], [ 135.26906083, 34.386624928 ], [ 135.269097237000011, 34.386652288 ], [ 135.269515356999989, 34.38632955 ], [ 135.269610506, 34.386391387 ], [ 135.269678105999986, 34.386433441 ], [ 135.269717367, 34.386457387 ], [ 135.269746938999987, 34.386494694 ], [ 135.269767108, 34.38652636 ], [ 135.269800973, 34.386546865 ], [ 135.269871414, 34.386576586 ], [ 135.269958145, 34.386619919 ], [ 135.270056861, 34.386682532 ], [ 135.270139973999989, 34.386755694 ], [ 135.270179079, 34.386798748 ], [ 135.270215162, 34.386862081 ], [ 135.270282581, 34.386939108 ], [ 135.270364941999986, 34.387009468 ], [ 135.270409973999989, 34.387070054 ], [ 135.27044775600001, 34.38711536 ], [ 135.270509948000011, 34.387154027 ], [ 135.270555888, 34.387186946 ], [ 135.270634086, 34.387272973 ], [ 135.2707007, 34.387353973 ], [ 135.270841362, 34.387460721 ], [ 135.270964086, 34.387578667 ], [ 135.271241115, 34.387875027 ], [ 135.271350999, 34.387994495 ], [ 135.271460246, 34.388101081 ], [ 135.27150214, 34.388136306 ], [ 135.271550803999986, 34.388166973 ], [ 135.271605615999988, 34.388204 ], [ 135.271693333, 34.388282252 ], [ 135.271735032, 34.388342252 ], [ 135.271829442000012, 34.388438559 ], [ 135.271865162000012, 34.388482135 ], [ 135.271953969, 34.388601027 ], [ 135.272082049, 34.388741532 ], [ 135.272225473, 34.38890864 ], [ 135.272283502, 34.388964162 ], [ 135.272318301000013, 34.389025225 ], [ 135.272411751, 34.389160468 ], [ 135.272479053000012, 34.389248748 ], [ 135.272507717, 34.389318252 ], [ 135.272529027, 34.389369054 ], [ 135.27253691300001, 34.389398387 ], [ 135.272559274, 34.389496631 ], [ 135.272184189, 34.389783063 ], [ 135.272296524000012, 34.389896063 ], [ 135.272389235, 34.389990198 ], [ 135.272456096000013, 34.390055054 ], [ 135.272608379, 34.39020273 ], [ 135.272820752, 34.390392234 ], [ 135.273024721000013, 34.390574108 ], [ 135.273137821, 34.390674946 ], [ 135.273802464, 34.391260198 ], [ 135.274098988, 34.391528279 ], [ 135.274306459, 34.391493982 ], [ 135.274304358, 34.391485135 ], [ 135.274291556, 34.391432054 ], [ 135.274125694, 34.391459468 ], [ 135.273192905, 34.390631459 ], [ 135.272708457, 34.390199261 ], [ 135.273170064999988, 34.389838144 ], [ 135.273504086, 34.389581297 ], [ 135.273917237, 34.38994527 ], [ 135.274290415, 34.390278261 ], [ 135.274544176, 34.390500369 ], [ 135.274560674000014, 34.390529405 ], [ 135.274441816, 34.390642027 ], [ 135.274540986, 34.390693369 ], [ 135.274350934000012, 34.390876874 ], [ 135.274381258, 34.39090527 ], [ 135.274398663999989, 34.390916198 ], [ 135.274685435, 34.390640495 ], [ 135.274896498, 34.390428892 ], [ 135.274892387, 34.390426072 ], [ 135.275, 34.390336387 ], [ 135.275102917999988, 34.390250622 ], [ 135.275212775999989, 34.390160306 ], [ 135.275411051, 34.390417045 ], [ 135.275562062, 34.390601027 ], [ 135.275538327, 34.390606874 ], [ 135.275512387, 34.390613477 ], [ 135.275486446, 34.39062027 ], [ 135.275460506, 34.390627144 ], [ 135.275434773, 34.390634297 ], [ 135.275409157000013, 34.390641712 ], [ 135.275383645, 34.390649495 ], [ 135.275366744, 34.390654991 ], [ 135.275341647, 34.390663586 ], [ 135.275316769999989, 34.390672901 ], [ 135.27529856000001, 34.390680378 ], [ 135.275274527, 34.390691135 ], [ 135.275251271, 34.390702892 ], [ 135.275229183, 34.390715838 ], [ 135.275222412, 34.390720036 ], [ 135.275201621, 34.390734333 ], [ 135.27518192, 34.39074964 ], [ 135.275162957, 34.390765838 ], [ 135.275144656, 34.390782505 ], [ 135.275126783, 34.390799613 ], [ 135.275109235, 34.39081709 ], [ 135.27509179, 34.390834658 ], [ 135.275074448999987, 34.390852405 ], [ 135.275068521, 34.390858865 ], [ 135.275095383, 34.390871459 ], [ 135.275119909000011, 34.390890901 ], [ 135.275140687, 34.390876775 ], [ 135.275215798, 34.39080527 ], [ 135.27527425400001, 34.390760991 ], [ 135.275362607, 34.390717703 ], [ 135.27560441, 34.39064927 ], [ 135.275665667999988, 34.390659 ], [ 135.275702218, 34.390680694 ], [ 135.275737393000014, 34.390702252 ], [ 135.27578182900001, 34.390755532 ], [ 135.275901699, 34.390893721 ], [ 135.276223087, 34.391302468 ], [ 135.276298755, 34.391398694 ], [ 135.276408366, 34.391550892 ], [ 135.276433450000013, 34.391643441 ], [ 135.276434357999989, 34.391666667 ], [ 135.276434773, 34.391677802 ], [ 135.276434747, 34.391721775 ], [ 135.27645572, 34.391810892 ], [ 135.27647527900001, 34.391913613 ], [ 135.276472023, 34.39196236 ], [ 135.276467562, 34.392002892 ], [ 135.27645358, 34.39204564 ], [ 135.276439805, 34.392066919 ], [ 135.276424695, 34.392093892 ], [ 135.276397108, 34.392126441 ], [ 135.27642022, 34.392132162 ], [ 135.276402179, 34.392163072 ], [ 135.276252398999986, 34.392121802 ], [ 135.276236394, 34.392148306 ], [ 135.276393567000014, 34.392189667 ], [ 135.276399196, 34.392200829 ], [ 135.276395084, 34.392210919 ], [ 135.27635428, 34.392200559 ], [ 135.27645097300001, 34.392348721 ], [ 135.276512023, 34.392458973 ], [ 135.276579248, 34.392546198 ], [ 135.276627497, 34.392626441 ], [ 135.276660246, 34.392700468 ], [ 135.276681569, 34.392744811 ], [ 135.276622036, 34.392755063 ], [ 135.276623463, 34.392765892 ], [ 135.276684475, 34.392756054 ], [ 135.277006148, 34.393378523 ], [ 135.277218248999986, 34.393788946 ], [ 135.277231750999988, 34.393800306 ], [ 135.277262944, 34.393815198 ], [ 135.277307756, 34.393826721 ], [ 135.277371556, 34.393845135 ], [ 135.277412192000014, 34.393862225 ], [ 135.277444773000013, 34.393865748 ], [ 135.277476498, 34.39385836 ], [ 135.277502191999986, 34.393841387 ], [ 135.27754869, 34.393810108 ], [ 135.277581556, 34.393795613 ], [ 135.277615551, 34.393787973 ], [ 135.277664721, 34.393772468 ], [ 135.277700311, 34.393746721 ], [ 135.277746719, 34.393721135 ], [ 135.277804086, 34.393705694 ], [ 135.277932802, 34.39368336 ], [ 135.278025577, 34.393659108 ], [ 135.278110117000011, 34.393642667 ], [ 135.278269663, 34.393604225 ], [ 135.278297638999987, 34.393599973 ], [ 135.27832572, 34.393596333 ], [ 135.278353917, 34.39359336 ], [ 135.278382218, 34.393590802 ], [ 135.27841061, 34.393589 ], [ 135.278439027, 34.39358764 ], [ 135.278467419, 34.393586892 ], [ 135.278495914, 34.393586694 ], [ 135.27852428, 34.393587135 ], [ 135.278552776, 34.393588027 ], [ 135.278581140999989, 34.39358964 ], [ 135.278609390000014, 34.393591802 ], [ 135.278637756, 34.393594468 ], [ 135.278665888, 34.393597721 ], [ 135.278693917, 34.393601586 ], [ 135.278721946, 34.393605973 ], [ 135.278749753999989, 34.393610919 ], [ 135.278777328, 34.393616495 ], [ 135.27880489, 34.393622532 ], [ 135.278848301000011, 34.393634135 ], [ 135.278874112000011, 34.393640946 ], [ 135.27897869, 34.393658532 ], [ 135.279054838, 34.393671333 ], [ 135.27936083, 34.393800973 ], [ 135.279533735, 34.393880865 ], [ 135.279587458, 34.393905432 ], [ 135.279377536, 34.394873171 ], [ 135.279368288, 34.394911063 ], [ 135.27929703, 34.395256387 ], [ 135.279193126, 34.395755595 ], [ 135.279201816000011, 34.395758171 ], [ 135.279246589, 34.395761126 ], [ 135.279377432, 34.395102568 ], [ 135.279385305, 34.395108694 ], [ 135.279410947, 34.395135802 ], [ 135.279430895, 34.395159279 ], [ 135.279452283000012, 34.395175613 ], [ 135.279479339, 34.395189667 ], [ 135.279507056, 34.395203252 ], [ 135.27954024600001, 34.395227532 ], [ 135.279572632999987, 34.395254667 ], [ 135.279605863, 34.395275414 ], [ 135.279632217999989, 34.395294694 ], [ 135.279665357, 34.395323279 ], [ 135.279686472, 34.395346135 ], [ 135.279705279000012, 34.395362559 ], [ 135.279729079, 34.395374694 ], [ 135.27973917, 34.395381252 ], [ 135.279756056999986, 34.395380198 ], [ 135.279801297, 34.395392757 ], [ 135.279872335, 34.395412468 ], [ 135.280335006, 34.395632387 ], [ 135.280631089, 34.39588236 ], [ 135.281040999, 34.396238027 ], [ 135.281507444999988, 34.396689495 ], [ 135.282086835, 34.397351667 ], [ 135.282387497, 34.397740081 ], [ 135.282727056, 34.398276721 ], [ 135.282832918, 34.398600865 ], [ 135.28245594, 34.398821667 ], [ 135.282401166999989, 34.398853721 ], [ 135.282417108, 34.398872387 ], [ 135.282424967999987, 34.39888164 ], [ 135.283333333, 34.398356973 ], [ 135.283767250000011, 34.398106333 ], [ 135.284198521, 34.397857414 ], [ 135.284402892, 34.397721441 ], [ 135.284632166, 34.397589559 ], [ 135.285579585, 34.397043748 ], [ 135.286077108, 34.396755252 ], [ 135.286950661, 34.396252613 ], [ 135.287055499, 34.395999054 ], [ 135.287055810999988, 34.395998306 ], [ 135.287065136, 34.395997162 ], [ 135.287063696, 34.395996667 ], [ 135.287079533, 34.395991387 ], [ 135.287083165000013, 34.39598564 ], [ 135.287112672, 34.395987865 ], [ 135.287198249, 34.395998027 ], [ 135.287336589, 34.396017279 ], [ 135.287452672, 34.396032829 ], [ 135.287497834, 34.396038748 ], [ 135.287522943999988, 34.396038892 ], [ 135.28754522700001, 34.396033667 ], [ 135.287566083, 34.396027252 ], [ 135.287586278, 34.396016054 ], [ 135.287633969000012, 34.395975306 ], [ 135.287707716999989, 34.395910892 ], [ 135.28777061, 34.395854162 ], [ 135.287788444, 34.39586736 ], [ 135.287797950999988, 34.395857198 ], [ 135.287839053, 34.395885306 ], [ 135.287838494999988, 34.395886081 ], [ 135.287830531999987, 34.39589436 ], [ 135.287839079, 34.39590036 ], [ 135.287847056, 34.395892081 ], [ 135.287847886, 34.395891306 ], [ 135.287888495, 34.395919054 ], [ 135.287888444, 34.395919081 ], [ 135.287881193, 34.395928559 ], [ 135.287881245, 34.395928613 ], [ 135.287761413999988, 34.396048694 ], [ 135.287682555, 34.39613364 ], [ 135.287652361, 34.396174973 ], [ 135.287625668, 34.396221946 ], [ 135.287611725, 34.396276054 ], [ 135.287609948000011, 34.396316667 ], [ 135.287620143, 34.396371495 ], [ 135.287636161, 34.396410468 ], [ 135.28764403400001, 34.396424441 ], [ 135.287131167000013, 34.396926892 ], [ 135.287197419, 34.396974667 ], [ 135.287158690000012, 34.397012306 ], [ 135.287138911, 34.397010306 ], [ 135.286781193, 34.397372532 ], [ 135.285613476, 34.398782892 ], [ 135.285457328, 34.398972829 ], [ 135.284839559, 34.399719108 ], [ 135.284890636, 34.399747162 ], [ 135.285498444000012, 34.399009306 ], [ 135.285654967999989, 34.398819748 ], [ 135.286670117, 34.397588054 ], [ 135.286816161, 34.397407252 ], [ 135.287183256, 34.397779919 ], [ 135.28725214, 34.397734865 ], [ 135.286867756, 34.397353919 ], [ 135.287580778, 34.396656586 ], [ 135.28767885900001, 34.396736829 ], [ 135.287559974, 34.396841081 ], [ 135.28757725, 34.396856333 ], [ 135.287737471000014, 34.396721946 ], [ 135.288217393, 34.397141252 ], [ 135.28806655, 34.397267667 ], [ 135.288098495000014, 34.397295613 ], [ 135.288250635999987, 34.397169748 ], [ 135.288351051, 34.397256892 ], [ 135.287876161000014, 34.397648162 ], [ 135.287762477, 34.397625973 ], [ 135.287744163000013, 34.397669946 ], [ 135.287827523, 34.39768836 ], [ 135.286687419, 34.398625802 ], [ 135.28655297, 34.398512306 ], [ 135.286504812, 34.398550721 ], [ 135.286634279999987, 34.398658387 ], [ 135.286189533, 34.399011162 ], [ 135.28620808, 34.399026775 ], [ 135.28665275, 34.398673829 ], [ 135.286737108000011, 34.398743108 ], [ 135.28678355400001, 34.398704414 ], [ 135.286731388, 34.398660586 ], [ 135.287898638, 34.397706 ], [ 135.288223943, 34.397999532 ], [ 135.28816869, 34.398040586 ], [ 135.288151946, 34.398028054 ], [ 135.286746419999986, 34.399110252 ], [ 135.286765084, 34.399129027 ], [ 135.288230973, 34.398006495 ], [ 135.288374721, 34.398135441 ], [ 135.288245305, 34.398241225 ], [ 135.287853722, 34.398560387 ], [ 135.287436109, 34.39889964 ], [ 135.287035863, 34.399225919 ], [ 135.28657489, 34.399601198 ], [ 135.286356913, 34.39976936 ], [ 135.286072996, 34.4 ], [ 135.285771114999989, 34.400245279 ], [ 135.285842412, 34.400507225 ], [ 135.285855694, 34.400504667 ], [ 135.28591658900001, 34.400493946 ], [ 135.285851336, 34.400264306 ], [ 135.28609572, 34.400082441 ], [ 135.286468106, 34.40040664 ], [ 135.286187133999988, 34.400619468 ], [ 135.286206887, 34.400637279 ], [ 135.286315382999987, 34.400551441 ], [ 135.286541582000012, 34.400747748 ], [ 135.285744889999989, 34.401570892 ], [ 135.285773554, 34.401590613 ], [ 135.28579258100001, 34.401603802 ], [ 135.286098716, 34.401285198 ], [ 135.286342166, 34.401037162 ], [ 135.287267717, 34.401878667 ], [ 135.287626109, 34.402229225 ], [ 135.288246445999988, 34.402810441 ], [ 135.28854594, 34.403140892 ], [ 135.28860655, 34.403261973 ], [ 135.288690311000011, 34.403464694 ], [ 135.288750311, 34.403546162 ], [ 135.288817224000013, 34.403622559 ], [ 135.288817977, 34.403623883 ], [ 135.288820999, 34.403629198 ], [ 135.288834578, 34.403652865 ], [ 135.288851336, 34.403691081 ], [ 135.288880389000013, 34.403728225 ], [ 135.288916135, 34.40376936 ], [ 135.288942309, 34.403812694 ], [ 135.2889762, 34.403856973 ], [ 135.288993943, 34.403892414 ], [ 135.289007056, 34.403912973 ], [ 135.289021166999987, 34.403928 ], [ 135.289033917000012, 34.403938721 ], [ 135.288762438, 34.404154946 ], [ 135.288857082, 34.404233306 ], [ 135.289102750000012, 34.404043441 ], [ 135.289164747, 34.403991135 ], [ 135.289182698, 34.404005387 ], [ 135.289207366999989, 34.404020054 ], [ 135.289241414, 34.404032252 ], [ 135.28929406, 34.404044559 ], [ 135.289334358, 34.40405164 ], [ 135.289377664999989, 34.404063865 ], [ 135.289438495000013, 34.404085694 ], [ 135.289496252, 34.40411 ], [ 135.289555940000014, 34.404139468 ], [ 135.289633281, 34.404177135 ], [ 135.289684669, 34.404210802 ], [ 135.289739247999989, 34.404239414 ], [ 135.289785525000013, 34.404271333 ], [ 135.28984725, 34.404317135 ], [ 135.289918171000011, 34.404368946 ], [ 135.289972698000014, 34.404415495 ], [ 135.290032218, 34.404462441 ], [ 135.290091894, 34.404507333 ], [ 135.290158638, 34.404561721 ], [ 135.290192502999986, 34.404597892 ], [ 135.290229248, 34.404651198 ], [ 135.290276109, 34.404729 ], [ 135.29031917, 34.404784892 ], [ 135.29036, 34.40484164 ], [ 135.290413217, 34.404916054 ], [ 135.290447977000014, 34.404962532 ], [ 135.290460143, 34.404988279 ], [ 135.290477523, 34.405017495 ], [ 135.290516355, 34.405069108 ], [ 135.290565383, 34.405134946 ], [ 135.290600272, 34.405177973 ], [ 135.290629948, 34.405207252 ], [ 135.290649416, 34.405230441 ], [ 135.290669857000012, 34.405258775 ], [ 135.29070572, 34.405301802 ], [ 135.290766135000013, 34.405371135 ], [ 135.290821634, 34.405421135 ], [ 135.290884306, 34.40547036 ], [ 135.290948275, 34.405521108 ], [ 135.29120046700001, 34.405796748 ], [ 135.29136144, 34.405992054 ], [ 135.291424553000013, 34.406091586 ], [ 135.291513256, 34.406214973 ], [ 135.291564475, 34.406281613 ], [ 135.291666666999987, 34.406389306 ], [ 135.291708054, 34.406432919 ], [ 135.291775499000011, 34.406523468 ], [ 135.291803695999988, 34.406572027 ], [ 135.291913061, 34.406746865 ], [ 135.291926589000013, 34.406757027 ], [ 135.291921089, 34.406763748 ], [ 135.292000726, 34.406837495 ], [ 135.292165772, 34.406716135 ], [ 135.292220584, 34.406720333 ], [ 135.292365862999986, 34.406764081 ], [ 135.292476420000014, 34.406823225 ], [ 135.292535279, 34.406845108 ], [ 135.292624332, 34.40688864 ], [ 135.292660117, 34.406913892 ], [ 135.292721777, 34.406953667 ], [ 135.292783942999989, 34.407025054 ], [ 135.292808275, 34.407041865 ], [ 135.29284289200001, 34.40705164 ], [ 135.292891751000013, 34.407063919 ], [ 135.292938911, 34.407081667 ], [ 135.29295474700001, 34.407098973 ], [ 135.292993969, 34.407672225 ], [ 135.293035331, 34.408333333 ], [ 135.293056887, 34.408677613 ], [ 135.293116667, 34.409651162 ], [ 135.293231751, 34.411578333 ], [ 135.293307328, 34.412862721 ], [ 135.293383799999987, 34.414051667 ], [ 135.293472775999987, 34.414130333 ], [ 135.293829026999987, 34.414441532 ], [ 135.294139027, 34.414717468 ], [ 135.294528366, 34.415067198 ], [ 135.295235862999988, 34.415134198 ], [ 135.296929027, 34.415308279 ], [ 135.298245551, 34.415443135 ], [ 135.298449689, 34.415464054 ], [ 135.3, 34.415620387 ], [ 135.300023022, 34.415622721 ], [ 135.3009307, 34.415717973 ], [ 135.301901996999987, 34.415797441 ], [ 135.302102633, 34.415816748 ], [ 135.302838689999987, 34.416475532 ], [ 135.303054384, 34.416666667 ], [ 135.303750466999986, 34.417283495 ], [ 135.30471316500001, 34.418141586 ], [ 135.30543655, 34.418779135 ], [ 135.305848755, 34.419129135 ], [ 135.306299883, 34.419534559 ], [ 135.306344228, 34.419517775 ], [ 135.308333333, 34.421285559 ], [ 135.308386498, 34.421332802 ], [ 135.310309921999988, 34.423038468 ], [ 135.31039847, 34.422969973 ], [ 135.310272088, 34.422857973 ], [ 135.309570856, 34.422239468 ], [ 135.308333333, 34.421145387 ], [ 135.306440532000011, 34.419471973 ], [ 135.306490051999987, 34.419433802 ], [ 135.306512438, 34.419418279 ], [ 135.306550311, 34.419383694 ], [ 135.306674332, 34.41949864 ], [ 135.306779754, 34.419417108 ], [ 135.30665144, 34.419305667 ], [ 135.306874060000013, 34.419134946 ], [ 135.307528145, 34.418626441 ], [ 135.308268949, 34.418051559 ], [ 135.308333333, 34.418001892 ], [ 135.308877224000014, 34.417582532 ], [ 135.309541919999987, 34.417068865 ], [ 135.309607367000012, 34.417123748 ], [ 135.310090636000012, 34.417547225 ], [ 135.310583528, 34.417988775 ], [ 135.311025965999988, 34.418386108 ], [ 135.310748911, 34.418606973 ], [ 135.31074297, 34.418682027 ], [ 135.31072808, 34.419156667 ], [ 135.310722723999987, 34.419292694 ], [ 135.312579274, 34.420949414 ], [ 135.312590856000014, 34.420941162 ], [ 135.312672529, 34.420880775 ], [ 135.311874669, 34.420172946 ], [ 135.311894527, 34.420156721 ], [ 135.310868833, 34.419240973 ], [ 135.310872438, 34.419157468 ], [ 135.31087294400001, 34.419070135 ], [ 135.310880117000011, 34.418661387 ], [ 135.311023528, 34.418548667 ], [ 135.311440661, 34.418226721 ], [ 135.311530169, 34.418230748 ], [ 135.311667082000014, 34.418119829 ], [ 135.311684383999989, 34.418117252 ], [ 135.312041244999989, 34.418431973 ], [ 135.312062723999986, 34.418415748 ], [ 135.312249831, 34.418586108 ], [ 135.312906913, 34.419168892 ], [ 135.313240506, 34.419473198 ], [ 135.31326655, 34.419492495 ], [ 135.313701388, 34.419881613 ], [ 135.313734773, 34.419908829 ], [ 135.314005616, 34.420151802 ], [ 135.314043281000011, 34.420124694 ], [ 135.314114577999987, 34.420188198 ], [ 135.313421751, 34.421030748 ], [ 135.31486406, 34.422298306 ], [ 135.314877108, 34.422288946 ], [ 135.314922438, 34.422252559 ], [ 135.315458833, 34.422165135 ], [ 135.315450558, 34.422128306 ], [ 135.314896693, 34.422223252 ], [ 135.313522776000013, 34.421019495 ], [ 135.314163502000014, 34.420242414 ], [ 135.316037367, 34.421904946 ], [ 135.315883113000012, 34.421970694 ], [ 135.315714617, 34.422032865 ], [ 135.315731855, 34.42206564 ], [ 135.315903281, 34.42200464 ], [ 135.31608061, 34.421928279 ], [ 135.316219001, 34.421829748 ], [ 135.316415525, 34.421505865 ], [ 135.316375499, 34.421490279 ], [ 135.316183139, 34.421798 ], [ 135.315405811, 34.421109333 ], [ 135.316023333, 34.420330135 ], [ 135.316666667, 34.420669387 ], [ 135.316818145000013, 34.420749279 ], [ 135.316666667, 34.42100036 ], [ 135.316567782, 34.421164279 ], [ 135.316608664, 34.421182532 ], [ 135.316666667, 34.421085667 ], [ 135.31685725, 34.420767387 ], [ 135.317141414, 34.420404135 ], [ 135.317108418, 34.420386748 ], [ 135.316935694, 34.420607081 ], [ 135.316666667, 34.420464054 ], [ 135.316140506000011, 34.420184279 ], [ 135.316381219, 34.419877 ], [ 135.316579026999989, 34.419624495 ], [ 135.316666667, 34.41951264 ], [ 135.316749636999987, 34.419406721 ], [ 135.317921751, 34.420036865 ], [ 135.318075615999987, 34.420123495 ], [ 135.31743666700001, 34.420928387 ], [ 135.317240700000013, 34.420826135 ], [ 135.317222892, 34.420848162 ], [ 135.317443113, 34.420967306 ], [ 135.317461946, 34.420939919 ], [ 135.317527639, 34.420976081 ], [ 135.31754655, 34.420955892 ], [ 135.317480778, 34.420922279 ], [ 135.317936472000014, 34.420351081 ], [ 135.318385162, 34.420585865 ], [ 135.31809703, 34.420954162 ], [ 135.318078521, 34.42094464 ], [ 135.317487301999989, 34.421698613 ], [ 135.317442023000012, 34.421676973 ], [ 135.317481556, 34.421626198 ], [ 135.31732428, 34.421543198 ], [ 135.317285032, 34.421593198 ], [ 135.317258495, 34.421579586 ], [ 135.317042088, 34.42185264 ], [ 135.317566860999989, 34.422135198 ], [ 135.317610804, 34.422085414 ], [ 135.317460466999989, 34.422004279 ], [ 135.318354812, 34.420870802 ], [ 135.318310532, 34.420844225 ], [ 135.318683306999986, 34.420367919 ], [ 135.319020117, 34.420544748 ], [ 135.318758833, 34.420884748 ], [ 135.318793606000014, 34.420906054 ], [ 135.31899953300001, 34.420640973 ], [ 135.31921374800001, 34.420756108 ], [ 135.319013385, 34.421020252 ], [ 135.31904891100001, 34.421042441 ], [ 135.319281141, 34.42073664 ], [ 135.319654332, 34.420936333 ], [ 135.319357691, 34.421319532 ], [ 135.319137173, 34.421599054 ], [ 135.318954112, 34.421501694 ], [ 135.318930947000013, 34.421527748 ], [ 135.319162503, 34.421655279 ], [ 135.319380142999989, 34.421383892 ], [ 135.319934501, 34.421684468 ], [ 135.31991297, 34.421711387 ], [ 135.319870272, 34.421690054 ], [ 135.319771581999987, 34.421822748 ], [ 135.319815135999988, 34.421844108 ], [ 135.319773164999987, 34.421899387 ], [ 135.319556278, 34.421901829 ], [ 135.31916153, 34.422016135 ], [ 135.318875551, 34.421865802 ], [ 135.318596523999986, 34.422224865 ], [ 135.318411997, 34.422132135 ], [ 135.31839457800001, 34.422155829 ], [ 135.318563256, 34.422247225 ], [ 135.316733969000012, 34.422759775 ], [ 135.316666667, 34.42259536 ], [ 135.316649468, 34.42255336 ], [ 135.316609105, 34.422566387 ], [ 135.316666667, 34.422710919 ], [ 135.316690778, 34.422771532 ], [ 135.316666667, 34.422778279 ], [ 135.315406446, 34.423132 ], [ 135.315428911, 34.423192694 ], [ 135.315491946, 34.423174748 ], [ 135.316666667, 34.422844306 ], [ 135.318587056000013, 34.422304108 ], [ 135.319571167, 34.422027027 ], [ 135.319602425, 34.422354865 ], [ 135.319630921, 34.42265364 ], [ 135.319159468, 34.422972586 ], [ 135.319139637, 34.422986027 ], [ 135.318335162000011, 34.423526414 ], [ 135.31721841800001, 34.424282279 ], [ 135.316666667, 34.424657135 ], [ 135.316161997, 34.425 ], [ 135.316147834, 34.42500964 ], [ 135.315225253, 34.425634586 ], [ 135.314562802000012, 34.426085306 ], [ 135.313772218, 34.426620667 ], [ 135.313766355000013, 34.426647252 ], [ 135.314815966, 34.427706946 ], [ 135.316000194999987, 34.428905279 ], [ 135.316666667, 34.429584279 ], [ 135.316967782, 34.429891081 ], [ 135.317998444000011, 34.430926252 ], [ 135.318383022, 34.430956 ], [ 135.318379948, 34.430985135 ], [ 135.318397082, 34.430995946 ], [ 135.318420116999988, 34.431002 ], [ 135.318443061000011, 34.431002108 ], [ 135.318468884999987, 34.430992694 ], [ 135.318489144000011, 34.430980973 ], [ 135.318500777999986, 34.430964414 ], [ 135.318505162, 34.430948946 ], [ 135.31850834, 34.43092036 ], [ 135.318531283999988, 34.430926414 ], [ 135.318544163000013, 34.430928865 ], [ 135.318561388, 34.430926586 ], [ 135.31858011700001, 34.430924414 ], [ 135.318593139, 34.430918441 ], [ 135.31861180300001, 34.430906721 ], [ 135.318620558, 34.430892387 ], [ 135.318626419999987, 34.430877054 ], [ 135.318627951, 34.430866225 ], [ 135.318626641, 34.430849613 ], [ 135.318642361, 34.430859252 ], [ 135.318656641, 34.430862865 ], [ 135.318671051, 34.430860559 ], [ 135.318685447, 34.430855829 ], [ 135.318691167, 34.430861946 ], [ 135.320595772, 34.429589252 ], [ 135.320593087, 34.429491054 ], [ 135.320599248, 34.429495586 ], [ 135.32060953300001, 34.429501279 ], [ 135.320615032, 34.429503559 ], [ 135.320626809, 34.429506865 ], [ 135.320639053, 34.429508333 ], [ 135.320645279, 34.429508532 ], [ 135.320657562, 34.429507468 ], [ 135.320663554, 34.429506225 ], [ 135.32067511, 34.429502468 ], [ 135.320680466999988, 34.429499973 ], [ 135.320690506, 34.429493829 ], [ 135.320699079, 34.429486414 ], [ 135.320705914, 34.429478 ], [ 135.320708664, 34.42947336 ], [ 135.320712633, 34.429463667 ], [ 135.320714474999988, 34.429453387 ], [ 135.320714617, 34.429448333 ], [ 135.320713281, 34.429438198 ], [ 135.320711777000014, 34.429433081 ], [ 135.320707301999988, 34.42942364 ], [ 135.32070430600001, 34.429419108 ], [ 135.320714915999986, 34.429426225 ], [ 135.320725616, 34.429430919 ], [ 135.32073725, 34.429434081 ], [ 135.320749339, 34.429435559 ], [ 135.320755422, 34.429435586 ], [ 135.320767497, 34.429434387 ], [ 135.320773385, 34.429433162 ], [ 135.320784747, 34.429429279 ], [ 135.32079511, 34.429424108 ], [ 135.320804189, 34.429417279 ], [ 135.320811634, 34.429409414 ], [ 135.320817497, 34.429400441 ], [ 135.320821284, 34.429390892 ], [ 135.32082297, 34.429380892 ], [ 135.320822996, 34.429375802 ], [ 135.320821607999989, 34.429365802 ], [ 135.320820117000011, 34.429360865 ], [ 135.320815616, 34.429351559 ], [ 135.320812607, 34.429347027 ], [ 135.32081616100001, 34.429349865 ], [ 135.320825473000014, 34.429355414 ], [ 135.320835746, 34.429359559 ], [ 135.320846744, 34.429362306 ], [ 135.320858171, 34.429363198 ], [ 135.320869611, 34.429362414 ], [ 135.320875136000012, 34.429361441 ], [ 135.320885966, 34.429358414 ], [ 135.320896005, 34.429353829 ], [ 135.32090061, 34.429351054 ], [ 135.320908833, 34.429344333 ], [ 135.320915525, 34.429336613 ], [ 135.32092061, 34.429328198 ], [ 135.320923696, 34.429319054 ], [ 135.320924864, 34.429309613 ], [ 135.320923969, 34.429300027 ], [ 135.320922827, 34.429295532 ], [ 135.320919053000011, 34.429286468 ], [ 135.320913553999986, 34.429278279 ], [ 135.32092255500001, 34.429283694 ], [ 135.320933411, 34.429288108 ], [ 135.320945032, 34.429291 ], [ 135.320957107999988, 34.429292054 ], [ 135.320963087, 34.429292081 ], [ 135.320975057999988, 34.429290441 ], [ 135.320980973, 34.429289081 ], [ 135.320992088, 34.429285054 ], [ 135.320997224, 34.429282414 ], [ 135.321006743999988, 34.429276252 ], [ 135.321010895, 34.42927264 ], [ 135.321018145000011, 34.429264495 ], [ 135.321023528000012, 34.429255495 ], [ 135.321026886999988, 34.429245946 ], [ 135.321027886, 34.429240892 ], [ 135.321028197, 34.429230892 ], [ 135.321026303999986, 34.429221 ], [ 135.321024720999986, 34.429216225 ], [ 135.321019805, 34.429207027 ], [ 135.321028664000011, 34.429213279 ], [ 135.321033527999987, 34.429216135 ], [ 135.32104416300001, 34.429220414 ], [ 135.321049805, 34.429221865 ], [ 135.32106144, 34.429223748 ], [ 135.321067301999989, 34.429224054 ], [ 135.321079196, 34.429223414 ], [ 135.321084942, 34.429222468 ], [ 135.3210962, 34.429219279 ], [ 135.32110153, 34.429217054 ], [ 135.321111284000011, 34.42921164 ], [ 135.321115746, 34.429208414 ], [ 135.321123554, 34.429200973 ], [ 135.32112686100001, 34.429196775 ], [ 135.321132023, 34.429188081 ], [ 135.321133943, 34.429183441 ], [ 135.321136161, 34.429173865 ], [ 135.321136524, 34.429168802 ], [ 135.32113574600001, 34.429159081 ], [ 135.321134578, 34.429154279 ], [ 135.321130751999988, 34.429144946 ], [ 135.321125058, 34.429136468 ], [ 135.32113664100001, 34.429144 ], [ 135.32114725, 34.429148586 ], [ 135.321152891999986, 34.429150306 ], [ 135.321164617, 34.429152468 ], [ 135.321170726, 34.429152946 ], [ 135.321182672, 34.429152441 ], [ 135.321194332, 34.429150252 ], [ 135.321205473, 34.42914636 ], [ 135.321215615999989, 34.429141054 ], [ 135.321224384, 34.429134198 ], [ 135.321231751, 34.42912636 ], [ 135.321237276, 34.429117532 ], [ 135.321239274, 34.429112748 ], [ 135.321241855000011, 34.429103027 ], [ 135.321242335, 34.429098108 ], [ 135.321241855000011, 34.429088252 ], [ 135.321239196, 34.429078495 ], [ 135.321234475000011, 34.429069333 ], [ 135.321231504999986, 34.429064946 ], [ 135.32123655, 34.42906836 ], [ 135.321247082000014, 34.429073468 ], [ 135.32125847, 34.429077054 ], [ 135.321270532, 34.429079108 ], [ 135.321276641, 34.429079414 ], [ 135.321288807, 34.42907864 ], [ 135.321300726, 34.429076162 ], [ 135.321306472, 34.429074387 ], [ 135.321317198, 34.42906936 ], [ 135.321326719000012, 34.429062946 ], [ 135.321334721, 34.429055225 ], [ 135.321340999, 34.429046532 ], [ 135.321345279000013, 34.429037135 ], [ 135.321347665, 34.429027135 ], [ 135.32134786, 34.429017 ], [ 135.321347134, 34.429011919 ], [ 135.321344163, 34.429002027 ], [ 135.321339144, 34.428992865 ], [ 135.321343139, 34.428995973 ], [ 135.321352892, 34.429001946 ], [ 135.321358301, 34.42900436 ], [ 135.321369585000014, 34.429007973 ], [ 135.321375447, 34.429009108 ], [ 135.321387523, 34.429010162 ], [ 135.321393476, 34.429010198 ], [ 135.321405473, 34.429008586 ], [ 135.32141703, 34.429005387 ], [ 135.321427639, 34.429000532 ], [ 135.321437056, 34.428994252 ], [ 135.321441193, 34.428990613 ], [ 135.321448444, 34.428982468 ], [ 135.321451336, 34.428978108 ], [ 135.321455746, 34.428968694 ], [ 135.321458106, 34.428959 ], [ 135.321458275, 34.428948865 ], [ 135.321456524000013, 34.428939 ], [ 135.321452580999988, 34.428929387 ], [ 135.321446783, 34.42892064 ], [ 135.321459143999988, 34.428928027 ], [ 135.321470272, 34.428932306 ], [ 135.321476161, 34.428933892 ], [ 135.321488300999988, 34.42893564 ], [ 135.321494500999989, 34.428935802 ], [ 135.321506835, 34.428934919 ], [ 135.321512802, 34.428933802 ], [ 135.321524384000014, 34.42893036 ], [ 135.321529857, 34.428927829 ], [ 135.32154, 34.428922 ], [ 135.321548664, 34.428914694 ], [ 135.321555694000011, 34.428906441 ], [ 135.321560856, 34.428897162 ], [ 135.321562776, 34.428892252 ], [ 135.32156489, 34.428882108 ], [ 135.321565162000013, 34.428877054 ], [ 135.321564059999986, 34.428866919 ], [ 135.321562698, 34.428861829 ], [ 135.321558418, 34.428852225 ], [ 135.321555525, 34.428847694 ], [ 135.321568716, 34.42885636 ], [ 135.321579637000013, 34.428860946 ], [ 135.321591479, 34.428863946 ], [ 135.3216038, 34.428865135 ], [ 135.32161, 34.428865027 ], [ 135.321622166, 34.428863559 ], [ 135.321633865, 34.428860387 ], [ 135.321644773, 34.428855532 ], [ 135.321654423000012, 34.428849225 ], [ 135.321658664000012, 34.428845586 ], [ 135.321666109, 34.428837333 ], [ 135.321671634000012, 34.428828198 ], [ 135.321675188, 34.428818495 ], [ 135.321676226, 34.428813441 ], [ 135.32167655, 34.428803135 ], [ 135.321674773000012, 34.428793135 ], [ 135.321670921, 34.428783387 ], [ 135.321668249, 34.428778721 ], [ 135.321676589, 34.428783829 ], [ 135.321686887, 34.428788135 ], [ 135.321697951, 34.428791027 ], [ 135.321709494, 34.428792333 ], [ 135.321721024999988, 34.428791829 ], [ 135.321732335, 34.428789667 ], [ 135.321743022, 34.428785919 ], [ 135.321747951, 34.428783532 ], [ 135.321757134, 34.428777532 ], [ 135.321761192999986, 34.428774162 ], [ 135.321768223, 34.428766613 ], [ 135.321773528, 34.428758054 ], [ 135.321776938999989, 34.428748919 ], [ 135.321777977000011, 34.428744135 ], [ 135.321778392, 34.428734414 ], [ 135.32177786, 34.428729613 ], [ 135.321775226999989, 34.428720306 ], [ 135.321770752, 34.428711559 ], [ 135.321781115, 34.428717108 ], [ 135.321786329, 34.428718973 ], [ 135.321797328, 34.428721829 ], [ 135.321808612000012, 34.428723027 ], [ 135.321814384, 34.428723054 ], [ 135.321825694000012, 34.428721721 ], [ 135.321836472, 34.428718802 ], [ 135.321841725000013, 34.428716721 ], [ 135.321851388, 34.428711721 ], [ 135.32185572, 34.428708495 ], [ 135.321863385, 34.428701495 ], [ 135.321869442, 34.428693495 ], [ 135.321871855000012, 34.428689279 ], [ 135.321875227, 34.428680279 ], [ 135.321876693, 34.428670865 ], [ 135.321876640999989, 34.428666081 ], [ 135.321875057999989, 34.428656775 ], [ 135.321871556, 34.428647721 ], [ 135.321866277999987, 34.428639252 ], [ 135.321878833, 34.42864764 ], [ 135.321889585, 34.428652054 ], [ 135.321895253, 34.42865364 ], [ 135.321906939, 34.428655667 ], [ 135.321912866, 34.428656135 ], [ 135.321918859, 34.428656027 ], [ 135.321930726, 34.428654532 ], [ 135.321942049, 34.428651495 ], [ 135.321952555, 34.428646919 ], [ 135.32195744500001, 34.428643973 ], [ 135.321966083, 34.428637108 ], [ 135.321973332999988, 34.428629279 ], [ 135.321978638, 34.428620441 ], [ 135.321980636, 34.428615802 ], [ 135.321983087, 34.428606081 ], [ 135.32198338500001, 34.428596081 ], [ 135.321981725, 34.42858636 ], [ 135.321978003, 34.428576919 ], [ 135.321972308999989, 34.428568135 ], [ 135.321984306, 34.428575946 ], [ 135.321989441999989, 34.42857836 ], [ 135.322000272, 34.428581946 ], [ 135.322011777, 34.428583865 ], [ 135.322017562000013, 34.428584306 ], [ 135.322023411, 34.428584198 ], [ 135.322034941999988, 34.428582721 ], [ 135.322046083, 34.428579802 ], [ 135.322056355, 34.428575081 ], [ 135.322065525, 34.428569225 ], [ 135.322069610999989, 34.428565721 ], [ 135.322076498, 34.428558 ], [ 135.32207939, 34.428553667 ], [ 135.322083671, 34.428544667 ], [ 135.322086031, 34.428535252 ], [ 135.322086472, 34.428525532 ], [ 135.322084669, 34.428515919 ], [ 135.322081051, 34.428506748 ], [ 135.322075447, 34.428498279 ], [ 135.322085525, 34.428504802 ], [ 135.322096083, 34.428509387 ], [ 135.322101581999988, 34.428511108 ], [ 135.322113113, 34.428513279 ], [ 135.322118975, 34.428513721 ], [ 135.322124968, 34.428513748 ], [ 135.322136719000014, 34.428512559 ], [ 135.322142361, 34.428511333 ], [ 135.322153410999988, 34.428507586 ], [ 135.322158521, 34.428505225 ], [ 135.322167912, 34.428499198 ], [ 135.322176082999988, 34.428492054 ], [ 135.322179442, 34.428488 ], [ 135.322184967999988, 34.428479441 ], [ 135.322186978, 34.428474802 ], [ 135.322189662999989, 34.428465252 ], [ 135.322190246, 34.428455387 ], [ 135.322188716, 34.428445667 ], [ 135.322187224, 34.428440865 ], [ 135.32218275, 34.428431802 ], [ 135.322179805, 34.428427586 ], [ 135.32219, 34.428434252 ], [ 135.322195005999987, 34.428436667 ], [ 135.322205642, 34.428440252 ], [ 135.322216809, 34.428442279 ], [ 135.322222503, 34.428442748 ], [ 135.322233891, 34.428442387 ], [ 135.322245110000011, 34.428440333 ], [ 135.322250441, 34.428438667 ], [ 135.322260726, 34.428434225 ], [ 135.322269831, 34.428428495 ], [ 135.322273839, 34.428425135 ], [ 135.322280895, 34.428417559 ], [ 135.322283748, 34.428413495 ], [ 135.32228808, 34.428404775 ], [ 135.32229061000001, 34.428395495 ], [ 135.322291167, 34.428385946 ], [ 135.322290636, 34.428381279 ], [ 135.32228808, 34.428371973 ], [ 135.322286161, 34.428367586 ], [ 135.322280920999987, 34.428359108 ], [ 135.322293839, 34.428365387 ], [ 135.322305668000013, 34.428368973 ], [ 135.322311725, 34.428369973 ], [ 135.322324228000014, 34.428370892 ], [ 135.322336641, 34.42837 ], [ 135.322348716, 34.428367225 ], [ 135.322354526999987, 34.428365162 ], [ 135.322365305, 34.42836 ], [ 135.322370272, 34.428356775 ], [ 135.322379144, 34.42834936 ], [ 135.322386161, 34.428340802 ], [ 135.322389001, 34.428336333 ], [ 135.322393333, 34.428326495 ], [ 135.322394578, 34.428321414 ], [ 135.322395642, 34.428311 ], [ 135.322394527, 34.428300721 ], [ 135.322391245, 34.428290694 ], [ 135.322388781, 34.428286027 ], [ 135.322398418, 34.428292279 ], [ 135.322409338999989, 34.428297135 ], [ 135.322421088999988, 34.428300306 ], [ 135.322433359, 34.428301775 ], [ 135.322439494, 34.428301802 ], [ 135.322451777, 34.428300613 ], [ 135.322457781999987, 34.42829936 ], [ 135.322469339, 34.42829564 ], [ 135.32247983100001, 34.428290198 ], [ 135.322489026999989, 34.42828336 ], [ 135.322496693, 34.42827536 ], [ 135.322502555, 34.428266387 ], [ 135.32250642, 34.428256532 ], [ 135.322508145, 34.428246414 ], [ 135.322508275, 34.428241333 ], [ 135.322506809, 34.428231198 ], [ 135.322505253, 34.428226252 ], [ 135.322500636, 34.42821664 ], [ 135.322497639, 34.428212252 ], [ 135.322511051, 34.428221081 ], [ 135.322516355, 34.42822364 ], [ 135.32252786, 34.42822736 ], [ 135.322533838999988, 34.428228667 ], [ 135.322546031, 34.428229865 ], [ 135.322558300999987, 34.42822936 ], [ 135.322570311, 34.428226892 ], [ 135.322576109000011, 34.428225081 ], [ 135.322586887, 34.42822036 ], [ 135.322602309, 34.428210721 ], [ 135.322609922, 34.428199081 ], [ 135.322616887, 34.428184468 ], [ 135.322626692999989, 34.428169586 ], [ 135.322772308999987, 34.428067279 ], [ 135.32330527900001, 34.428623135 ], [ 135.323291608, 34.42863136 ], [ 135.323347912, 34.428681252 ], [ 135.323419416, 34.428634613 ], [ 135.323361556, 34.428578919 ], [ 135.323341672999987, 34.42859064 ], [ 135.323080052, 34.428314802 ], [ 135.323068611999986, 34.428303468 ], [ 135.322778521, 34.427998865 ], [ 135.322784695, 34.427951865 ], [ 135.322775305, 34.427938829 ], [ 135.322866524, 34.427870748 ], [ 135.322591945999989, 34.427594252 ], [ 135.322176498, 34.42717064 ], [ 135.322086887000012, 34.427230694 ], [ 135.322042335, 34.427228919 ], [ 135.321674449, 34.426855829 ], [ 135.321655772000014, 34.426836865 ], [ 135.321441920000012, 34.426619306 ], [ 135.321422606999988, 34.426599748 ], [ 135.32127594, 34.426450468 ], [ 135.321261244999988, 34.426435441 ], [ 135.320887782, 34.426055586 ], [ 135.32087428, 34.426041829 ], [ 135.320817197999986, 34.425983775 ], [ 135.320813502, 34.425985162 ], [ 135.320809468, 34.425985829 ], [ 135.320805473, 34.425985973 ], [ 135.320801413999988, 34.425985532 ], [ 135.32079752300001, 34.425984495 ], [ 135.320793839, 34.425982946 ], [ 135.320790584, 34.425980946 ], [ 135.320787886, 34.425978414 ], [ 135.320785616, 34.425975721 ], [ 135.320784112000013, 34.425972468 ], [ 135.320783165, 34.425969225 ], [ 135.32078297000001, 34.425965829 ], [ 135.320783554, 34.425962441 ], [ 135.320784773000014, 34.42595936 ], [ 135.320786667, 34.425956279 ], [ 135.320788301, 34.425954441 ], [ 135.320632023, 34.425795387 ], [ 135.321818975000014, 34.425 ], [ 135.321891699, 34.424951279 ], [ 135.321918520999986, 34.424982829 ], [ 135.322616743999987, 34.424524946 ], [ 135.322797056000013, 34.424400865 ], [ 135.323098638, 34.424709613 ], [ 135.323074553, 34.424728495 ], [ 135.32320243800001, 34.424852892 ], [ 135.323221582, 34.424838919 ], [ 135.32338214, 34.425 ], [ 135.323520441, 34.425138775 ], [ 135.322695525, 34.425694829 ], [ 135.322608003, 34.425606721 ], [ 135.322567886, 34.42556736 ], [ 135.322297977, 34.425551495 ], [ 135.322300661000014, 34.425567 ], [ 135.322559027000011, 34.425585054 ], [ 135.322607807999987, 34.425632946 ], [ 135.322747613, 34.425780919 ], [ 135.323597834, 34.425217225 ], [ 135.324702554999988, 34.426331802 ], [ 135.324819831000013, 34.426253135 ], [ 135.325, 34.426435225 ], [ 135.325365447, 34.426804532 ], [ 135.325457198, 34.426747306 ], [ 135.325726355, 34.427031225 ], [ 135.325603645, 34.427113495 ], [ 135.326048418, 34.427558694 ], [ 135.326170389, 34.427474414 ], [ 135.326358911, 34.427653495 ], [ 135.326269169999989, 34.427713162 ], [ 135.328392581, 34.429875694 ], [ 135.328139364, 34.430046865 ], [ 135.328120856, 34.430059441 ], [ 135.326981193, 34.430830054 ], [ 135.326970117, 34.430837586 ], [ 135.326431050999986, 34.431202 ], [ 135.326422309, 34.431207865 ], [ 135.326125252999987, 34.43140864 ], [ 135.325095525, 34.430361 ], [ 135.325100752, 34.430361721 ], [ 135.325111946, 34.430362225 ], [ 135.325123061, 34.430361 ], [ 135.325133748000013, 34.430358252 ], [ 135.325143645, 34.430353946 ], [ 135.325152607, 34.43034836 ], [ 135.325160195, 34.430341495 ], [ 135.325166252, 34.43033364 ], [ 135.325170558, 34.430325081 ], [ 135.325173022, 34.430316081 ], [ 135.325173528, 34.430306775 ], [ 135.325172049, 34.430297468 ], [ 135.325168781, 34.430288721 ], [ 135.325163606, 34.430280387 ], [ 135.325156835, 34.430273027 ], [ 135.325148586000012, 34.430266775 ], [ 135.325139196, 34.430261802 ], [ 135.325128780999989, 34.430258225 ], [ 135.325117912, 34.430256162 ], [ 135.325106693, 34.430255694 ], [ 135.325095577000013, 34.430256919 ], [ 135.325084916, 34.430259667 ], [ 135.32507489, 34.430263973 ], [ 135.325066005, 34.430269559 ], [ 135.325058469999988, 34.430276414 ], [ 135.325052412, 34.430284279 ], [ 135.325025888, 34.430280468 ], [ 135.325, 34.430255198 ], [ 135.324894941999986, 34.430152559 ], [ 135.324878223000013, 34.430134279 ], [ 135.324512309, 34.42977164 ], [ 135.324530921, 34.429758775 ], [ 135.324461751, 34.429686 ], [ 135.324382866, 34.429739387 ], [ 135.324443191, 34.429800279 ], [ 135.324457613, 34.429791919 ], [ 135.324975136, 34.430311027 ], [ 135.324959274, 34.430322775 ], [ 135.324944916, 34.430335532 ], [ 135.324937834, 34.430352946 ], [ 135.324935577, 34.430371532 ], [ 135.324937419, 34.430388441 ], [ 135.324914916000012, 34.430383667 ], [ 135.324893917, 34.430385802 ], [ 135.324873411, 34.430391748 ], [ 135.324857523, 34.430408 ], [ 135.324846355, 34.430426973 ], [ 135.324847497, 34.430447387 ], [ 135.324835162, 34.430457333 ], [ 135.324824916000011, 34.430457279 ], [ 135.324805253, 34.430454775 ], [ 135.324782088, 34.430455613 ], [ 135.32476022, 34.430467892 ], [ 135.324744942, 34.430486973 ], [ 135.324739196, 34.430507081 ], [ 135.324741051, 34.430520054 ], [ 135.324725965999988, 34.43053236 ], [ 135.324707717, 34.430527613 ], [ 135.324687302, 34.430524694 ], [ 135.324664086000013, 34.43052836 ], [ 135.324644916000011, 34.430541775 ], [ 135.324629636999987, 34.430560721 ], [ 135.324626031, 34.430580973 ], [ 135.324631219, 34.430597333 ], [ 135.324619637000012, 34.430606306 ], [ 135.324609415999987, 34.430602162 ], [ 135.324589079, 34.430598081 ], [ 135.324561089000014, 34.430602865 ], [ 135.324538444000012, 34.430618387 ], [ 135.324530026, 34.430638613 ], [ 135.324524306, 34.430657748 ], [ 135.324527612999987, 34.430671279 ], [ 135.324506252, 34.430683 ], [ 135.324485305, 34.430678802 ], [ 135.324465642, 34.430675748 ], [ 135.324445811, 34.430680694 ], [ 135.32442939, 34.430690054 ], [ 135.324414890000014, 34.430708559 ], [ 135.324408444, 34.430726559 ], [ 135.324407523, 34.430747252 ], [ 135.324401362, 34.430751306 ], [ 135.324391803, 34.430749414 ], [ 135.324375525, 34.430745387 ], [ 135.324353113, 34.430746802 ], [ 135.324332555000012, 34.430757973 ], [ 135.324316031, 34.430772946 ], [ 135.324307562, 34.430794333 ], [ 135.324309363999987, 34.430812919 ], [ 135.32430041500001, 34.430820054 ], [ 135.324274669, 34.430814829 ], [ 135.324258366, 34.43081236 ], [ 135.324239974, 34.430812694 ], [ 135.324219533, 34.430821027 ], [ 135.324205135999989, 34.430832081 ], [ 135.324194616999989, 34.430849613 ], [ 135.324191582, 34.430878198 ], [ 135.324199494, 34.430891892 ], [ 135.324191971, 34.430896946 ], [ 135.324183865, 34.43089336 ], [ 135.324170310999989, 34.430887495 ], [ 135.324151997, 34.430885162 ], [ 135.324128171000012, 34.430887694 ], [ 135.324106199999989, 34.430901667 ], [ 135.324090246, 34.430920586 ], [ 135.32408722400001, 34.430948748 ], [ 135.324089728, 34.430961721 ], [ 135.32406939, 34.430957532 ], [ 135.324044942, 34.430953441 ], [ 135.324021089000013, 34.430960495 ], [ 135.324000506, 34.430974468 ], [ 135.323987912, 34.430994559 ], [ 135.323984332, 34.431012 ], [ 135.323991582, 34.431031198 ], [ 135.323982698, 34.431036775 ], [ 135.323973916999989, 34.431033919 ], [ 135.323958248999986, 34.431031441 ], [ 135.323936472000014, 34.431032441 ], [ 135.323913917, 34.431039495 ], [ 135.323895383, 34.431056721 ], [ 135.323888249, 34.43108036 ], [ 135.323888638, 34.43110064 ], [ 135.323880415, 34.431105667 ], [ 135.32385869, 34.431101441 ], [ 135.323838366, 34.431098532 ], [ 135.323817198, 34.431105027 ], [ 135.323801336, 34.431117919 ], [ 135.323789559, 34.43113064 ], [ 135.323781167, 34.431150333 ], [ 135.32378297, 34.431170054 ], [ 135.323777471, 34.431176775 ], [ 135.323757173, 34.431169775 ], [ 135.323741504999987, 34.431167441 ], [ 135.32371834, 34.431169414 ], [ 135.323696498, 34.431178892 ], [ 135.323679922, 34.43119836 ], [ 135.323671479000012, 34.431220306 ], [ 135.323677276000012, 34.431241162 ], [ 135.323663476, 34.431251802 ], [ 135.323643865, 34.43124536 ], [ 135.323623502, 34.431244559 ], [ 135.323600311, 34.431248919 ], [ 135.323580999, 34.431263892 ], [ 135.323568586, 34.431280721 ], [ 135.323568365999989, 34.43129536 ], [ 135.323567445, 34.431316225 ], [ 135.323564033999986, 34.431320559 ], [ 135.32354632900001, 34.431315946 ], [ 135.323530804, 34.431313613 ], [ 135.323510311, 34.431318414 ], [ 135.32348703, 34.431330559 ], [ 135.323473839, 34.431345694 ], [ 135.32347083, 34.431367081 ], [ 135.323470584, 34.431386802 ], [ 135.323458222999989, 34.431395613 ], [ 135.323435837, 34.431388721 ], [ 135.323416161000011, 34.431389613 ], [ 135.323393579999987, 34.431396252 ], [ 135.32337847, 34.431408414 ], [ 135.323368106, 34.431424694 ], [ 135.323361751, 34.431441441 ], [ 135.323365693999989, 34.431455108 ], [ 135.323355279, 34.431463946 ], [ 135.323333553999987, 34.431461559 ], [ 135.323315305, 34.431458495 ], [ 135.323288053999988, 34.431462135 ], [ 135.323274254000012, 34.431475027 ], [ 135.32325830100001, 34.431493532 ], [ 135.323254034, 34.431513802 ], [ 135.323256498, 34.43153 ], [ 135.323246160999986, 34.431539532 ], [ 135.323237419, 34.431535559 ], [ 135.323223191000011, 34.431532081 ], [ 135.323196667, 34.431529559 ], [ 135.323177562000012, 34.431536054 ], [ 135.323159611, 34.431549468 ], [ 135.323148586, 34.431565748 ], [ 135.323144838, 34.431588694 ], [ 135.323151414, 34.431604081 ], [ 135.323142477, 34.431608973 ], [ 135.323132361, 34.43160836 ], [ 135.323114669, 34.431604892 ], [ 135.323097030000014, 34.43160464 ], [ 135.323077808, 34.431615252 ], [ 135.323064746999989, 34.431627973 ], [ 135.323055694, 34.431644279 ], [ 135.323053385, 34.431661162 ], [ 135.323055227, 34.431674135 ], [ 135.323041582, 34.431681387 ], [ 135.32303214, 34.431676667 ], [ 135.323011115000014, 34.431671919 ], [ 135.322993476, 34.431670108 ], [ 135.322973606, 34.43167664 ], [ 135.322954384000013, 34.431690054 ], [ 135.322944669, 34.431703946 ], [ 135.322937665000012, 34.431724748 ], [ 135.322942802, 34.431743387 ], [ 135.322931777, 34.431751775 ], [ 135.322914188999988, 34.431746027 ], [ 135.322900636000014, 34.431741892 ], [ 135.322884306, 34.431744027 ], [ 135.322867276000011, 34.43175 ], [ 135.32284869, 34.431762721 ], [ 135.322839636999987, 34.431777892 ], [ 135.322836005, 34.431796468 ], [ 135.322837834000012, 34.431812802 ], [ 135.322808716, 34.431807586 ], [ 135.322784864, 34.431808865 ], [ 135.322766304, 34.431817198 ], [ 135.322750506, 34.431831198 ], [ 135.322742088000012, 34.431854252 ], [ 135.322741608, 34.431885802 ], [ 135.322729222, 34.431894613 ], [ 135.322708975000012, 34.431885333 ], [ 135.322694721, 34.431882441 ], [ 135.322672309000012, 34.431883865 ], [ 135.322649727999988, 34.431891081 ], [ 135.322638755000014, 34.431904532 ], [ 135.322626861, 34.431924613 ], [ 135.322625253000012, 34.431942775 ], [ 135.322628249, 34.431951802 ], [ 135.322633191, 34.431960135 ], [ 135.322620804, 34.431967973 ], [ 135.322557134, 34.431906333 ], [ 135.322354034, 34.431698135 ], [ 135.321511777000012, 34.432265802 ], [ 135.321580195, 34.432336333 ], [ 135.322319274, 34.431837694 ], [ 135.322352360999986, 34.431836613 ], [ 135.322523554000014, 34.432019027 ], [ 135.322520026, 34.432016279 ], [ 135.322510026, 34.432010892 ], [ 135.322499053, 34.432006865 ], [ 135.322487367, 34.432004559 ], [ 135.322475357, 34.432003919 ], [ 135.322463411, 34.432004973 ], [ 135.322451828999988, 34.432007613 ], [ 135.322441051, 34.432012054 ], [ 135.322431310000013, 34.432017748 ], [ 135.322422996, 34.432024892 ], [ 135.322416278, 34.432033162 ], [ 135.32241144, 34.432042162 ], [ 135.322408638000013, 34.432051721 ], [ 135.322407808, 34.432061441 ], [ 135.322409105, 34.432071306 ], [ 135.322412387000014, 34.432080775 ], [ 135.322417782, 34.432089532 ], [ 135.32242489, 34.432097613 ], [ 135.322413359, 34.432088532 ], [ 135.322403165, 34.432083252 ], [ 135.322392087999987, 34.432079667 ], [ 135.322380337, 34.432077495 ], [ 135.322368275, 34.432077135 ], [ 135.32235642, 34.432078495 ], [ 135.322344942, 34.432081387 ], [ 135.322334254, 34.432086108 ], [ 135.322324837999986, 34.432092108 ], [ 135.322316744, 34.432099387 ], [ 135.322310363000014, 34.432107802 ], [ 135.322305811, 34.432116802 ], [ 135.322303217000012, 34.432126495 ], [ 135.322302724, 34.432136225 ], [ 135.322304384, 34.432146081 ], [ 135.322308145, 34.432155414 ], [ 135.322313722, 34.432164162 ], [ 135.322321050999989, 34.432171973 ], [ 135.322310389, 34.432162748 ], [ 135.322300532000014, 34.432157054 ], [ 135.322289559000012, 34.432152919 ], [ 135.322277834, 34.432150441 ], [ 135.322265863000013, 34.432149559 ], [ 135.322253773999989, 34.432150468 ], [ 135.322242114, 34.432152946 ], [ 135.322231193, 34.432157252 ], [ 135.322221336000013, 34.432162802 ], [ 135.322212802, 34.432169802 ], [ 135.322205914, 34.432177946 ], [ 135.322200830000014, 34.432186946 ], [ 135.322197691000014, 34.432196495 ], [ 135.322196744, 34.43220636 ], [ 135.322197717, 34.432216225 ], [ 135.322200947, 34.432225667 ], [ 135.322206083, 34.432234721 ], [ 135.322212996, 34.432242775 ], [ 135.322209416, 34.432239667 ], [ 135.322199883, 34.432233 ], [ 135.322189052999988, 34.432227865 ], [ 135.322177224, 34.432224279 ], [ 135.32216496800001, 34.432222387 ], [ 135.322152335, 34.432222306 ], [ 135.32214, 34.432224054 ], [ 135.322128106, 34.432227532 ], [ 135.322117198, 34.432232667 ], [ 135.322107588, 34.432239252 ], [ 135.322099468, 34.432247081 ], [ 135.322093087000013, 34.432255919 ], [ 135.32208875500001, 34.43226564 ], [ 135.322086498, 34.432275748 ], [ 135.322086524000014, 34.432286027 ], [ 135.322088638, 34.432296198 ], [ 135.322092801999986, 34.432305802 ], [ 135.322099001, 34.432314694 ], [ 135.32208939, 34.432306468 ], [ 135.322079248, 34.43230064 ], [ 135.322068054, 34.432296225 ], [ 135.322056083, 34.432293468 ], [ 135.322043721999989, 34.432292414 ], [ 135.32203131, 34.432293333 ], [ 135.3220193, 34.432295802 ], [ 135.322007977, 34.432299973 ], [ 135.321997808, 34.432305694 ], [ 135.321988911, 34.432312829 ], [ 135.321981699, 34.432321081 ], [ 135.321976278, 34.43233036 ], [ 135.321973061, 34.432340054 ], [ 135.321971776999987, 34.432350333 ], [ 135.321972749999986, 34.432360333 ], [ 135.321975863, 34.432370225 ], [ 135.321980973, 34.432379559 ], [ 135.321988003, 34.432387892 ], [ 135.321979559, 34.43238164 ], [ 135.321968911, 34.432376108 ], [ 135.321957223999988, 34.432372225 ], [ 135.321944838, 34.432369919 ], [ 135.321932088000011, 34.432369414 ], [ 135.321919584999989, 34.432370748 ], [ 135.321907497000012, 34.432374054 ], [ 135.321896226, 34.432378802 ], [ 135.3218862, 34.432385225 ], [ 135.321877639, 34.432392775 ], [ 135.321870804000014, 34.432401613 ], [ 135.321866057, 34.432411162 ], [ 135.321863256, 34.432421306 ], [ 135.321862724, 34.432431586 ], [ 135.321864384, 34.432441865 ], [ 135.321868223, 34.432451892 ], [ 135.321874137, 34.432461081 ], [ 135.32186333300001, 34.432451865 ], [ 135.321853554, 34.432446468 ], [ 135.321842827000012, 34.432442441 ], [ 135.321831414, 34.432440135 ], [ 135.32181978, 34.43243936 ], [ 135.321808054, 34.432440306 ], [ 135.321796719, 34.432442892 ], [ 135.321786108999987, 34.432447054 ], [ 135.321776641000014, 34.43245264 ], [ 135.321768418, 34.432459495 ], [ 135.321761673, 34.432467495 ], [ 135.321756835, 34.43247636 ], [ 135.321753917, 34.43248564 ], [ 135.321753087, 34.432495198 ], [ 135.321754188999989, 34.432504775 ], [ 135.321757393000013, 34.432514108 ], [ 135.321762477, 34.432522721 ], [ 135.3217693, 34.432530495 ], [ 135.321765447, 34.432526973 ], [ 135.321756783000012, 34.432520721 ], [ 135.321746913, 34.432515865 ], [ 135.321736329, 34.432512306 ], [ 135.321725006, 34.432510532 ], [ 135.321713606, 34.432510198 ], [ 135.321702166, 34.432511694 ], [ 135.321691245000011, 34.432514721 ], [ 135.321681167, 34.432519162 ], [ 135.321672218, 34.432525027 ], [ 135.321664553, 34.432532198 ], [ 135.321658612, 34.432540198 ], [ 135.321654423000012, 34.432548892 ], [ 135.32165214, 34.432558162 ], [ 135.321651829, 34.432567613 ], [ 135.321653645, 34.432576919 ], [ 135.321657276, 34.432585802 ], [ 135.321662438, 34.432593586 ], [ 135.321658832999987, 34.432590333 ], [ 135.321649754, 34.432584495 ], [ 135.321639585000014, 34.432579946 ], [ 135.32162847, 34.432577054 ], [ 135.321616978, 34.432575586 ], [ 135.321605447, 34.432575946 ], [ 135.321593995, 34.432577865 ], [ 135.321583165, 34.432581306 ], [ 135.321573359000013, 34.432586468 ], [ 135.321564720999987, 34.432592748 ], [ 135.321557471, 34.432600198 ], [ 135.321552049, 34.432608613 ], [ 135.321548418, 34.432617748 ], [ 135.321546719, 34.432627027 ], [ 135.321547082, 34.432636468 ], [ 135.32154949400001, 34.432645919 ], [ 135.321553774, 34.432654694 ], [ 135.321559831, 34.432662775 ], [ 135.321552555000011, 34.432657775 ], [ 135.321542555, 34.432652946 ], [ 135.321531920000012, 34.432649775 ], [ 135.321520636, 34.432648162 ], [ 135.321509196, 34.432648081 ], [ 135.321498002999988, 34.432649721 ], [ 135.321487173, 34.432652919 ], [ 135.321477367, 34.43265764 ], [ 135.321468521000014, 34.432663495 ], [ 135.321461167, 34.432670802 ], [ 135.321455447, 34.432678802 ], [ 135.32145153, 34.43268764 ], [ 135.321449494, 34.432696775 ], [ 135.321448521, 34.432713829 ], [ 135.321454280000012, 34.43272836 ], [ 135.321460245999987, 34.432739532 ], [ 135.321464060000011, 34.432744613 ], [ 135.321458781, 34.432748252 ], [ 135.321447197999987, 34.432740586 ], [ 135.321445668, 34.432739441 ], [ 135.321436719, 34.432733054 ], [ 135.321426498, 34.432729333 ], [ 135.321410531999987, 34.432729252 ], [ 135.321397327999989, 34.432731586 ], [ 135.321376278, 34.432739054 ], [ 135.321372918, 34.432740586 ], [ 135.321362724000011, 34.432748135 ], [ 135.321353502, 34.43275836 ], [ 135.32134786, 34.43276836 ], [ 135.321344915999987, 34.432781865 ], [ 135.321345357000013, 34.432795532 ], [ 135.321349637, 34.432807108 ], [ 135.321357782, 34.432818 ], [ 135.321353722, 34.43282064 ], [ 135.321342283, 34.432812973 ], [ 135.321330584, 34.432807559 ], [ 135.321313191, 34.432803919 ], [ 135.321296225999987, 34.432804135 ], [ 135.321281505, 34.432807 ], [ 135.321267977, 34.432812973 ], [ 135.321257665, 34.432820532 ], [ 135.321248444, 34.432830919 ], [ 135.321242944, 34.432840748 ], [ 135.321239974, 34.432854387 ], [ 135.321240337, 34.432867919 ], [ 135.321244695, 34.432879775 ], [ 135.321252776, 34.432890495 ], [ 135.32124780800001, 34.432893865 ], [ 135.321236355, 34.432886198 ], [ 135.321224669, 34.43288064 ], [ 135.321207134, 34.432877162 ], [ 135.321190195000014, 34.432877225 ], [ 135.321175577, 34.432880225 ], [ 135.321162049, 34.432886198 ], [ 135.321151751, 34.432893748 ], [ 135.321142529000014, 34.432904 ], [ 135.321137029999988, 34.432913946 ], [ 135.321133968999987, 34.432927468 ], [ 135.321134423, 34.432941135 ], [ 135.321138781, 34.432952865 ], [ 135.321146860999988, 34.432963586 ], [ 135.321140921, 34.432967802 ], [ 135.321135642, 34.432963667 ], [ 135.321126109, 34.432957694 ], [ 135.321118638, 34.432954135 ], [ 135.321109299999989, 34.432951279 ], [ 135.321098223, 34.432948946 ], [ 135.321086109, 34.432949162 ], [ 135.321075551, 34.432950667 ], [ 135.321065642, 34.432953 ], [ 135.321055694, 34.432957162 ], [ 135.32104511, 34.432963892 ], [ 135.321036887, 34.432971586 ], [ 135.321031167, 34.432980414 ], [ 135.321026278, 34.432991667 ], [ 135.321024967999989, 34.433004333 ], [ 135.321027808, 34.433018162 ], [ 135.321033476, 34.433030306 ], [ 135.321042192, 34.433040775 ], [ 135.321051608, 34.433047441 ], [ 135.321063307, 34.433053279 ], [ 135.321073165, 34.433056306 ], [ 135.321087082, 34.43305836 ], [ 135.321097977, 34.433057694 ], [ 135.321106135, 34.433056468 ], [ 135.321111971, 34.433062306 ], [ 135.32109153, 34.433076414 ], [ 135.321085720000013, 34.433082559 ], [ 135.321078340000014, 34.433092532 ], [ 135.321075616, 34.433105892 ], [ 135.321075525, 34.433117162 ], [ 135.321079000999987, 34.433128721 ], [ 135.321084163, 34.433137775 ], [ 135.321090311, 34.433145279 ], [ 135.321099585000013, 34.433153081 ], [ 135.321111946, 34.43315964 ], [ 135.321126083, 34.433162802 ], [ 135.321143721999988, 34.433163613 ], [ 135.321160337, 34.433161586 ], [ 135.321167562, 34.433158532 ], [ 135.321175227, 34.433155333 ], [ 135.321350532, 34.433333333 ], [ 135.322535888, 34.434537 ], [ 135.32489983100001, 34.436937279 ], [ 135.325, 34.436867775 ], [ 135.328874578000011, 34.434178919 ], [ 135.329049909, 34.43432691 ], [ 135.329121232, 34.434387108 ], [ 135.329367886, 34.434595306 ], [ 135.329250194999986, 34.434740387 ], [ 135.329252529, 34.434761775 ], [ 135.329270947, 34.434770694 ], [ 135.329295836999989, 34.434762081 ], [ 135.329428664, 34.434627135 ], [ 135.329573722, 34.434719441 ], [ 135.330195888, 34.435238252 ], [ 135.330522387, 34.435284667 ], [ 135.331014837999987, 34.435096613 ], [ 135.330971193000011, 34.435014333 ], [ 135.330509637, 34.435192829 ], [ 135.330251284000013, 34.435158135 ], [ 135.3298093, 34.434788802 ], [ 135.330242335, 34.434272414 ], [ 135.330336589000012, 34.434326225 ], [ 135.3305193, 34.43442964 ], [ 135.330649274, 34.434285198 ], [ 135.330441699, 34.434159919 ], [ 135.330944448999986, 34.433810162 ], [ 135.330983696, 34.433843586 ], [ 135.330864942, 34.433929108 ], [ 135.330879533, 34.433943081 ], [ 135.33099647200001, 34.433863108 ], [ 135.331093333000013, 34.433958306 ], [ 135.331538716000011, 34.434403468 ], [ 135.331716109000013, 34.434576829 ], [ 135.331523554, 34.434709027 ], [ 135.331421479, 34.434793387 ], [ 135.331432996, 34.434821306 ], [ 135.331503917, 34.434880198 ], [ 135.331533307, 34.43489036 ], [ 135.331566329, 34.434870162 ], [ 135.331673891, 34.43481136 ], [ 135.331893774, 34.434661 ], [ 135.331928807, 34.434634532 ], [ 135.331966913, 34.434602892 ], [ 135.332029248, 34.434565829 ], [ 135.332114942, 34.434609748 ], [ 135.332216667000012, 34.43468 ], [ 135.332311634, 34.434766694 ], [ 135.332411479, 34.434867135 ], [ 135.332495058, 34.434961613 ], [ 135.332577328000013, 34.435081532 ], [ 135.332644384, 34.435201973 ], [ 135.332728171000014, 34.435338108 ], [ 135.332802308999987, 34.435456333 ], [ 135.332860389, 34.435542306 ], [ 135.332928366, 34.435657162 ], [ 135.332999804999986, 34.435771532 ], [ 135.333072944, 34.435893532 ], [ 135.333157562, 34.43603436 ], [ 135.333239637, 34.436166613 ], [ 135.333305279, 34.436287694 ], [ 135.333333333000013, 34.436350333 ], [ 135.333361193, 34.436412495 ], [ 135.333426304, 34.436528892 ], [ 135.333496913, 34.436625802 ], [ 135.333595032, 34.436753387 ], [ 135.333667419, 34.436861135 ], [ 135.333746420000011, 34.436982919 ], [ 135.33384406, 34.437117162 ], [ 135.333919052999988, 34.437236387 ], [ 135.333991751000013, 34.437370667 ], [ 135.334076719, 34.437498054 ], [ 135.334156834999987, 34.437631387 ], [ 135.334218560000011, 34.437749 ], [ 135.334312049, 34.437870414 ], [ 135.334391829, 34.43799164 ], [ 135.334464578, 34.438121694 ], [ 135.334561829, 34.438247802 ], [ 135.334645305, 34.438384559 ], [ 135.334725772000013, 34.438512306 ], [ 135.334815473, 34.438632333 ], [ 135.33488345, 34.438746667 ], [ 135.334951894, 34.438871532 ], [ 135.335021192999989, 34.438996054 ], [ 135.335064475, 34.439110054 ], [ 135.335109585, 34.439224892 ], [ 135.335152580999988, 34.439361802 ], [ 135.335192023, 34.439503279 ], [ 135.335226809, 34.439619946 ], [ 135.335251608, 34.439704108 ], [ 135.335277977, 34.439807919 ], [ 135.33528511, 34.439897946 ], [ 135.335292503, 34.439993 ], [ 135.335321478999987, 34.440101333 ], [ 135.335362802, 34.440199559 ], [ 135.335405162, 34.440304198 ], [ 135.335443865, 34.440394829 ], [ 135.335498054, 34.440504198 ], [ 135.33554791200001, 34.440595613 ], [ 135.335604358000012, 34.44069464 ], [ 135.335661219, 34.440797279 ], [ 135.335716783, 34.440902973 ], [ 135.335783191, 34.441020081 ], [ 135.335842581, 34.441118667 ], [ 135.335899883, 34.441219495 ], [ 135.335954228, 34.441312027 ], [ 135.336003799999986, 34.441399279 ], [ 135.336046835, 34.441476973 ], [ 135.336082866, 34.441531333 ], [ 135.336090558, 34.441549495 ], [ 135.336094253999988, 34.441561694 ], [ 135.336094163000013, 34.441575306 ], [ 135.336092192, 34.441587387 ], [ 135.336086005, 34.441600135 ], [ 135.336075161999986, 34.44160964 ], [ 135.336063502, 34.441613802 ], [ 135.335899533, 34.441666667 ], [ 135.334128002999989, 34.442237694 ], [ 135.334117690999989, 34.442233586 ], [ 135.334106835, 34.442230468 ], [ 135.334093359, 34.442227865 ], [ 135.334078248999987, 34.442228135 ], [ 135.334068975, 34.442231613 ], [ 135.334060117, 34.442237865 ], [ 135.334053722, 34.442247586 ], [ 135.334050999, 34.44225936 ], [ 135.334050921, 34.442269559 ], [ 135.33405345, 34.442280667 ], [ 135.334057523000013, 34.44228736 ], [ 135.334065966, 34.442295054 ], [ 135.334077224, 34.442301694 ], [ 135.33408939, 34.442306 ], [ 135.334100363, 34.442307054 ], [ 135.334109196000014, 34.442306108 ], [ 135.334120117, 34.442300946 ], [ 135.334128223, 34.442293333 ], [ 135.334135473, 34.442282919 ], [ 135.334139689000011, 34.442272748 ], [ 135.334142308999986, 34.442259865 ], [ 135.335981089, 34.441666667 ], [ 135.336080726, 34.441634532 ], [ 135.337283307, 34.441246559 ], [ 135.337290778000011, 34.441279054 ], [ 135.337297445, 34.441300387 ], [ 135.337311218999986, 34.441321198 ], [ 135.337325615999987, 34.441331721 ], [ 135.337344034000012, 34.441341027 ], [ 135.337418197, 34.441359441 ], [ 135.337550895, 34.441397135 ], [ 135.3376562, 34.441419802 ], [ 135.337678664, 34.441449829 ], [ 135.337665227, 34.441483667 ], [ 135.337716252, 34.441499802 ], [ 135.337764060000012, 34.44156336 ], [ 135.33785358, 34.441666667 ], [ 135.337856693, 34.441670252 ], [ 135.337910661, 34.441734387 ], [ 135.337955005999987, 34.441787081 ], [ 135.338051439999987, 34.441892162 ], [ 135.338123061, 34.441962586 ], [ 135.338116523999986, 34.441973946 ], [ 135.338082944, 34.442037946 ], [ 135.338070415, 34.442085414 ], [ 135.338060311, 34.442123721 ], [ 135.338063891, 34.442204802 ], [ 135.338089222, 34.442264081 ], [ 135.33815133600001, 34.442335721 ], [ 135.338206160999988, 34.44239236 ], [ 135.338271829, 34.442456919 ], [ 135.338336278000014, 34.442522802 ], [ 135.338390726, 34.442585586 ], [ 135.33844869, 34.442657387 ], [ 135.338488586000011, 34.442706919 ], [ 135.338530973, 34.442752667 ], [ 135.338559728, 34.442733081 ], [ 135.338563139, 34.442730586 ], [ 135.338571556, 34.442742162 ], [ 135.338595305000013, 34.442765919 ], [ 135.33860572, 34.442779333 ], [ 135.338624915999986, 34.442804027 ], [ 135.338025863000013, 34.443223613 ], [ 135.337094423, 34.443875946 ], [ 135.336411051, 34.444352586 ], [ 135.337155227000011, 34.445763919 ], [ 135.337253113, 34.445827559 ], [ 135.337282049, 34.445848613 ], [ 135.337351555999987, 34.445899198 ], [ 135.337380661, 34.445920387 ], [ 135.338028664, 34.446353198 ], [ 135.341136498, 34.448428892 ], [ 135.341666667, 34.448782946 ], [ 135.342335694000013, 34.449229748 ], [ 135.343368171, 34.449919252 ], [ 135.343399753999989, 34.449954468 ], [ 135.343440584, 34.45 ], [ 135.343446355, 34.450006468 ], [ 135.343494086, 34.450059667 ], [ 135.343521362, 34.450090108 ], [ 135.343566304, 34.450049225 ], [ 135.343631971, 34.45 ], [ 135.343870078, 34.449821532 ], [ 135.343880052, 34.449826333 ], [ 135.344093695999987, 34.449668973 ], [ 135.344151751, 34.449626198 ], [ 135.344179416, 34.449605802 ], [ 135.345600972999989, 34.448645 ], [ 135.345655136, 34.448608387 ], [ 135.345687367000011, 34.448586613 ], [ 135.34571011700001, 34.448571225 ], [ 135.346232412, 34.448218198 ], [ 135.346502386999987, 34.448035694 ], [ 135.346527471, 34.448058279 ], [ 135.346599027, 34.448124919 ], [ 135.346742555, 34.448256279 ], [ 135.346736329, 34.448349613 ], [ 135.346998807, 34.448616333 ], [ 135.34702968900001, 34.448647694 ], [ 135.348085136, 34.449719559 ], [ 135.348361336000011, 34.45 ], [ 135.348417173, 34.450056694 ], [ 135.348890219999987, 34.450537135 ], [ 135.34933834, 34.450992162 ], [ 135.349902944, 34.451565468 ], [ 135.35, 34.451664027 ], [ 135.350217496999988, 34.451884865 ], [ 135.350250921, 34.452002225 ], [ 135.35029572, 34.452159613 ], [ 135.350434617, 34.452647 ], [ 135.350637497, 34.453359387 ], [ 135.350693217000014, 34.453555054 ], [ 135.350740584, 34.453721162 ], [ 135.350778494999986, 34.45384336 ], [ 135.350826278, 34.453997414 ], [ 135.351702633, 34.456819892 ], [ 135.352042724, 34.457915081 ], [ 135.352032724, 34.457987865 ], [ 135.351985383, 34.458333333 ], [ 135.351763917, 34.459949613 ], [ 135.351364254, 34.462779468 ], [ 135.351509559, 34.462792694 ], [ 135.351529363999987, 34.462669279 ], [ 135.351478586000013, 34.46266236 ], [ 135.351502892000013, 34.462458559 ], [ 135.351506978, 34.462424865 ], [ 135.351491634000013, 34.462423162 ], [ 135.35149511, 34.462397306 ], [ 135.351511089000013, 34.462398198 ], [ 135.351782477, 34.460422946 ], [ 135.351799973999988, 34.460424108 ], [ 135.351809196, 34.460358441 ], [ 135.351791698999989, 34.460356802 ], [ 135.351847082, 34.459950054 ], [ 135.352075305, 34.458333333 ], [ 135.352137691, 34.457891495 ], [ 135.353268469999989, 34.457251081 ], [ 135.353149882999986, 34.456827559 ], [ 135.351780467, 34.451935162 ], [ 135.353444188999987, 34.450844198 ], [ 135.353543307, 34.450962 ], [ 135.353727419, 34.451206306 ], [ 135.353465304999986, 34.451353865 ], [ 135.35511642, 34.453444667 ], [ 135.355192529, 34.453538108 ], [ 135.356566913, 34.455261414 ], [ 135.356039144, 34.455564892 ], [ 135.356934747, 34.456687225 ], [ 135.357170661, 34.456972252 ], [ 135.35739477300001, 34.457270414 ], [ 135.358245188000012, 34.458333333 ], [ 135.358333333, 34.458443495 ], [ 135.359418003, 34.459799225 ], [ 135.359445577, 34.459833694 ], [ 135.359571245000012, 34.459990775 ], [ 135.360804863999988, 34.461546865 ], [ 135.358897977, 34.462580414 ], [ 135.358333333, 34.461872613 ], [ 135.357582361, 34.460931198 ], [ 135.353996524, 34.462895468 ], [ 135.353086354999988, 34.462389775 ], [ 135.353095694, 34.462378279 ], [ 135.353045966, 34.462349252 ], [ 135.353035863, 34.46236164 ], [ 135.352990117, 34.462336252 ], [ 135.352911219, 34.462433829 ], [ 135.353033995, 34.462503532 ], [ 135.353063774, 34.46246764 ], [ 135.353941362, 34.462953694 ], [ 135.356181414, 34.464194306 ], [ 135.356277756, 34.464323441 ], [ 135.358144034, 34.466666667 ], [ 135.358333333, 34.466904333 ], [ 135.36111144, 34.470392414 ], [ 135.362659831, 34.472336279 ], [ 135.363939857, 34.47071936 ], [ 135.364507056, 34.470410108 ], [ 135.364952802, 34.470167027 ], [ 135.364838494999987, 34.470021748 ], [ 135.364785162, 34.470053108 ], [ 135.364861776999987, 34.470153946 ], [ 135.364385772, 34.470409495 ], [ 135.36391710800001, 34.470661108 ], [ 135.363713645, 34.470406 ], [ 135.363338612, 34.469935775 ], [ 135.364286355, 34.469424054 ], [ 135.364567588, 34.469777829 ], [ 135.364618521000011, 34.469746532 ], [ 135.3643207, 34.46937536 ], [ 135.363322218, 34.469915694 ], [ 135.362117055999988, 34.468403468 ], [ 135.363060169, 34.467885775 ], [ 135.364104773, 34.46919764 ], [ 135.364157807999987, 34.469165721 ], [ 135.364148223, 34.469153333 ], [ 135.36441033700001, 34.468996559 ], [ 135.3642238, 34.468760279 ], [ 135.364199079, 34.468774027 ], [ 135.364377977, 34.468997387 ], [ 135.364134501, 34.469136946 ], [ 135.363103113, 34.467845613 ], [ 135.363069274, 34.467803252 ], [ 135.363313839, 34.467665775 ], [ 135.363561089, 34.467974387 ], [ 135.363586005, 34.467959559 ], [ 135.363213995, 34.467494495 ], [ 135.363191582000013, 34.467508721 ], [ 135.363298949000011, 34.467647387 ], [ 135.363055279, 34.467784865 ], [ 135.362161025, 34.466666667 ], [ 135.362092166, 34.466580559 ], [ 135.363540246000014, 34.465786721 ], [ 135.364120752, 34.466514829 ], [ 135.363843385, 34.466666667 ], [ 135.36334, 34.466942252 ], [ 135.36328046700001, 34.466870532 ], [ 135.36324061, 34.466887198 ], [ 135.36332642, 34.466998162 ], [ 135.363932387, 34.466666667 ], [ 135.364147834, 34.466548802 ], [ 135.364241803, 34.466666667 ], [ 135.365492633, 34.468235252 ], [ 135.365041776999988, 34.468492081 ], [ 135.365073839, 34.468528495 ], [ 135.365490142999988, 34.468291865 ], [ 135.365619196000011, 34.46844036 ], [ 135.365655940000011, 34.468418468 ], [ 135.365534720999989, 34.46826836 ], [ 135.365577366999986, 34.468245775 ], [ 135.365503139, 34.468142613 ], [ 135.365730921, 34.468134694 ], [ 135.365732581, 34.468202495 ], [ 135.365643645, 34.468216748 ], [ 135.365650337, 34.468241198 ], [ 135.365764968, 34.468223865 ], [ 135.365765939999989, 34.468122441 ], [ 135.365804838, 34.468119586 ], [ 135.366583256000013, 34.468060946 ], [ 135.366583528, 34.468052946 ], [ 135.366645135999988, 34.468050802 ], [ 135.366666667, 34.468449802 ], [ 135.366759533, 34.470170919 ], [ 135.366666667, 34.470287532 ], [ 135.366600078, 34.470371135 ], [ 135.366588807, 34.470364946 ], [ 135.366581219000011, 34.47037436 ], [ 135.366586977999987, 34.470377468 ], [ 135.366579494, 34.470386892 ], [ 135.366573748, 34.470383802 ], [ 135.366566278, 34.470393135 ], [ 135.366577665, 34.470399414 ], [ 135.36656061, 34.470420775 ], [ 135.366376005, 34.470652694 ], [ 135.366403333, 34.471125054 ], [ 135.36666061, 34.471263054 ], [ 135.366666667, 34.471255108 ], [ 135.367095772, 34.470692919 ], [ 135.366666667, 34.470458946 ], [ 135.366663112999987, 34.470457 ], [ 135.366666304, 34.470453054 ], [ 135.36664808, 34.470443865 ], [ 135.366665668, 34.470421333 ], [ 135.366666667, 34.470420054 ], [ 135.366674669, 34.470409829 ], [ 135.366687588, 34.470416667 ], [ 135.366696472, 34.470421468 ], [ 135.366697665, 34.470422108 ], [ 135.366698106, 34.470421495 ], [ 135.366706809, 34.47040836 ], [ 135.36668666700001, 34.470394748 ], [ 135.366852580999989, 34.470189333 ], [ 135.366741608000012, 34.468047252 ], [ 135.366766667, 34.468044414 ], [ 135.366798300999989, 34.468022054 ], [ 135.366806472, 34.468007027 ], [ 135.36679808, 34.467890495 ], [ 135.366881608, 34.467885441 ], [ 135.366912776, 34.468474108 ], [ 135.366980726, 34.468471225 ], [ 135.366987224000013, 34.468619027 ], [ 135.367185966, 34.468607532 ], [ 135.367179001000011, 34.468462892 ], [ 135.367268196999987, 34.468459108 ], [ 135.367250532000014, 34.468015559 ], [ 135.367250246, 34.468007162 ], [ 135.367014227999988, 34.467853135 ], [ 135.36721939, 34.467655495 ], [ 135.367223450000012, 34.46765164 ], [ 135.36760131, 34.467545495 ], [ 135.36773070000001, 34.46757736 ], [ 135.367864475, 34.467693559 ], [ 135.367905863, 34.467660667 ], [ 135.367965331, 34.467699919 ], [ 135.368013696, 34.467724162 ], [ 135.368152672, 34.467771667 ], [ 135.368219079, 34.467784802 ], [ 135.368273476000013, 34.467789946 ], [ 135.368337886, 34.467794252 ], [ 135.368414916, 34.467798441 ], [ 135.368474332, 34.467798919 ], [ 135.368538197, 34.467788802 ], [ 135.368628029, 34.467772225 ], [ 135.368651167, 34.467765306 ], [ 135.368693696, 34.46775264 ], [ 135.368760466999987, 34.467731532 ], [ 135.368817004, 34.467699441 ], [ 135.368874086, 34.467665225 ], [ 135.369018638, 34.467576892 ], [ 135.369096082999988, 34.467528252 ], [ 135.369114306, 34.467548279 ], [ 135.369131699, 34.46753736 ], [ 135.369124695000011, 34.467529748 ], [ 135.369168339999987, 34.467503027 ], [ 135.369199883, 34.467489108 ], [ 135.36924878100001, 34.467470721 ], [ 135.369297302, 34.467460333 ], [ 135.369300052, 34.467469162 ], [ 135.369321115, 34.467464694 ], [ 135.369317912000014, 34.467454225 ], [ 135.369361751000014, 34.467444532 ], [ 135.369409805, 34.467437829 ], [ 135.369462529, 34.467434135 ], [ 135.369504968, 34.46743364 ], [ 135.369505135999987, 34.467439748 ], [ 135.369526912999987, 34.467439495 ], [ 135.369526744000012, 34.467434198 ], [ 135.369570169000013, 34.467435135 ], [ 135.369672165999987, 34.467449721 ], [ 135.369710078, 34.467458306 ], [ 135.36970786, 34.467464973 ], [ 135.369728833000011, 34.467469748 ], [ 135.369730272, 34.46746536 ], [ 135.369787523000014, 34.467482252 ], [ 135.369836278, 34.46749736 ], [ 135.369871725, 34.467515225 ], [ 135.369900143, 34.467532135 ], [ 135.369895422000013, 34.467537694 ], [ 135.369913086999986, 34.467548162 ], [ 135.369919001, 34.467541252 ], [ 135.369964137000011, 34.467573468 ], [ 135.37001775600001, 34.467609279 ], [ 135.37006, 34.467650532 ], [ 135.370052114, 34.467657333 ], [ 135.370064358, 34.467667225 ], [ 135.370076861, 34.467655387 ], [ 135.370123969, 34.467698162 ], [ 135.370169274, 34.467753135 ], [ 135.370208975, 34.467817694 ], [ 135.370256861, 34.467905225 ], [ 135.370292309, 34.467984829 ], [ 135.370312698, 34.468037225 ], [ 135.370329831, 34.468116721 ], [ 135.370341362, 34.468204054 ], [ 135.370343528, 34.468280694 ], [ 135.370339274, 34.468481721 ], [ 135.370338197, 34.468597667 ], [ 135.370336861, 34.468732162 ], [ 135.370343553999987, 34.468871027 ], [ 135.370359533, 34.469002829 ], [ 135.37039725, 34.469171414 ], [ 135.37043, 34.469274721 ], [ 135.370464643, 34.469373 ], [ 135.3705038, 34.469460559 ], [ 135.370545966, 34.469543 ], [ 135.37058786, 34.469620279 ], [ 135.370563385, 34.469630081 ], [ 135.370570584, 34.469642279 ], [ 135.370593748, 34.469632946 ], [ 135.370665525, 34.46975636 ], [ 135.370649144, 34.469764865 ], [ 135.370656472, 34.469775333 ], [ 135.370674578, 34.469767694 ], [ 135.370760921, 34.469883333 ], [ 135.370741556000013, 34.469893694 ], [ 135.370750311, 34.469905108 ], [ 135.370782529, 34.469887775 ], [ 135.371218664, 34.470444829 ], [ 135.371279390000012, 34.470522414 ], [ 135.371310947000012, 34.470508946 ], [ 135.372223995000013, 34.471673387 ], [ 135.371311556, 34.471936532 ], [ 135.37077355400001, 34.471838414 ], [ 135.370743217000012, 34.471834441 ], [ 135.37054233500001, 34.471798333 ], [ 135.370526329, 34.471795468 ], [ 135.37028632900001, 34.471750802 ], [ 135.370318637999986, 34.471622775 ], [ 135.370344916, 34.471626306 ], [ 135.370353838999989, 34.471584108 ], [ 135.370266498, 34.471568054 ], [ 135.370251115, 34.471608225 ], [ 135.370279053, 34.471615892 ], [ 135.370239196, 34.471742027 ], [ 135.370007367, 34.471702279 ], [ 135.369991387999988, 34.471699387 ], [ 135.369953554, 34.471692613 ], [ 135.369937562, 34.471689748 ], [ 135.369750363, 34.471656135 ], [ 135.369734384, 34.471653252 ], [ 135.369554137, 34.471620865 ], [ 135.369538170999988, 34.471618 ], [ 135.368816329, 34.471488333 ], [ 135.368640999, 34.471456865 ], [ 135.368623385, 34.471453694 ], [ 135.36848511, 34.471428829 ], [ 135.367783968999987, 34.471064306 ], [ 135.367345473, 34.471633532 ], [ 135.367894669, 34.471918108 ], [ 135.367190803999989, 34.472854468 ], [ 135.36737847, 34.472956162 ], [ 135.366921141, 34.473551865 ], [ 135.366821413999986, 34.473681613 ], [ 135.366813502000014, 34.473691946 ], [ 135.366666667, 34.473883108 ], [ 135.365808859, 34.475 ], [ 135.365752437999987, 34.475073441 ], [ 135.364211894, 34.477088108 ], [ 135.36380435800001, 34.477615108 ], [ 135.365422114000012, 34.479749919 ], [ 135.365473333000011, 34.479817495 ], [ 135.365156445999986, 34.479990586 ], [ 135.365216809, 34.480065586 ], [ 135.365534578, 34.479898333 ], [ 135.365714254000011, 34.480135441 ], [ 135.366143696, 34.480702198 ], [ 135.366624773000012, 34.480444162 ], [ 135.366666667, 34.480421297 ], [ 135.366814137, 34.480340775 ], [ 135.367652918, 34.479896108 ], [ 135.367706589, 34.479883414 ], [ 135.367748444, 34.479861441 ], [ 135.367740363, 34.479850054 ], [ 135.367780856, 34.47982836 ], [ 135.368563450000011, 34.479409225 ], [ 135.369139948, 34.479100441 ], [ 135.369579585, 34.478864 ], [ 135.371055278999989, 34.478077892 ], [ 135.371545006, 34.47775036 ], [ 135.371575473, 34.477729973 ], [ 135.372097004000011, 34.477381135 ], [ 135.37431856, 34.475884162 ], [ 135.374348911, 34.475914973 ], [ 135.373988833, 34.476158162 ], [ 135.374000052000014, 34.476172198 ], [ 135.37445978, 34.475866865 ], [ 135.374580920999989, 34.475883 ], [ 135.37458725, 34.475850946 ], [ 135.374532581000011, 34.475838027 ], [ 135.373836809000011, 34.475 ], [ 135.373541089000014, 34.474643829 ], [ 135.375, 34.47380764 ], [ 135.375109728000012, 34.473744748 ], [ 135.375419053, 34.474116135 ], [ 135.375457665, 34.474088919 ], [ 135.375149338999989, 34.473719865 ], [ 135.375092672, 34.473652054 ], [ 135.375195422, 34.47359436 ], [ 135.375216304, 34.473582559 ], [ 135.375417223999989, 34.473469802 ], [ 135.375883333, 34.473208135 ], [ 135.375930921, 34.473220721 ], [ 135.376095862999989, 34.473598946 ], [ 135.376222802, 34.473889802 ], [ 135.375907691, 34.473986559 ], [ 135.375932192, 34.474030946 ], [ 135.37624022, 34.473936054 ], [ 135.37638105100001, 34.474260613 ], [ 135.376137301999989, 34.474336802 ], [ 135.37635263300001, 34.474624946 ], [ 135.376332023, 34.474630252 ], [ 135.376087173, 34.474693198 ], [ 135.375975278999988, 34.474721919 ], [ 135.375979728, 34.474736721 ], [ 135.376097523, 34.474706495 ], [ 135.376342387, 34.474643559 ], [ 135.376452218, 34.47461536 ], [ 135.37650204900001, 34.474751027 ], [ 135.376437691, 34.474767279 ], [ 135.376194578, 34.474828613 ], [ 135.376030441000012, 34.474870054 ], [ 135.376119364, 34.474976333 ], [ 135.376076472, 34.475 ], [ 135.375153281, 34.47550936 ], [ 135.375062944, 34.475402054 ], [ 135.37501978, 34.475424468 ], [ 135.375204059999987, 34.475634387 ], [ 135.376335746, 34.475007559 ], [ 135.37634939, 34.475 ], [ 135.376535252999986, 34.474897054 ], [ 135.376689831, 34.474811387 ], [ 135.376712892, 34.474828919 ], [ 135.376737445, 34.474832919 ], [ 135.376877613, 34.475 ], [ 135.376900817, 34.475027667 ], [ 135.377064189, 34.475222414 ], [ 135.377092477, 34.475298279 ], [ 135.376908222999987, 34.475452333 ], [ 135.376724527, 34.475605802 ], [ 135.376590558, 34.475717829 ], [ 135.376546719, 34.475682532 ], [ 135.37652875500001, 34.475696775 ], [ 135.376570947, 34.475732135 ], [ 135.376453528000013, 34.475829 ], [ 135.376408755, 34.47579236 ], [ 135.376393721999989, 34.47580464 ], [ 135.376436783, 34.475841892 ], [ 135.376327004, 34.475935 ], [ 135.376283191, 34.47589936 ], [ 135.376267639, 34.475912 ], [ 135.376310661, 34.475949973 ], [ 135.376217665000013, 34.476028108 ], [ 135.376215837, 34.476039748 ], [ 135.376143061, 34.476063721 ], [ 135.375965279000013, 34.475832 ], [ 135.375923411, 34.475853532 ], [ 135.37598655, 34.475939306 ], [ 135.375997977, 34.475956333 ], [ 135.376099079, 34.476093135 ], [ 135.376136615, 34.476214333 ], [ 135.376878949, 34.478630802 ], [ 135.376174254, 34.47899736 ], [ 135.375, 34.479609946 ], [ 135.374597588, 34.479819892 ], [ 135.37216783400001, 34.481093721 ], [ 135.371797977, 34.481284306 ], [ 135.371880389000012, 34.481559694 ], [ 135.37190153, 34.481632919 ], [ 135.372176226, 34.482545495 ], [ 135.372193839, 34.482606 ], [ 135.372412802000014, 34.483333333 ], [ 135.372424773, 34.483373054 ], [ 135.372473165, 34.48336564 ], [ 135.37257917, 34.483333333 ], [ 135.375, 34.482595613 ], [ 135.375813865, 34.482347613 ], [ 135.375822477000014, 34.482362333 ], [ 135.375835446999986, 34.482375027 ], [ 135.375853865000011, 34.482384946 ], [ 135.375875616, 34.482389919 ], [ 135.375887367, 34.482390252 ], [ 135.375870921, 34.482404865 ], [ 135.375866108999986, 34.482421613 ], [ 135.375863138999989, 34.482441694 ], [ 135.37587939, 34.482466027 ], [ 135.375897912, 34.482479027 ], [ 135.375926394, 34.482487279 ], [ 135.375938106, 34.482490775 ], [ 135.37624083, 34.483333333 ], [ 135.37647847, 34.483994748 ], [ 135.376773606, 34.484816279 ], [ 135.376924968, 34.485237441 ], [ 135.376776057, 34.485275802 ], [ 135.376819559000012, 34.485401441 ], [ 135.376969533, 34.485365333 ], [ 135.377137276000013, 34.485820198 ], [ 135.3771631, 34.485892982 ], [ 135.377188911, 34.485965775 ], [ 135.37711116700001, 34.486010919 ], [ 135.3771793, 34.486202468 ], [ 135.377169728000013, 34.486218108 ], [ 135.377222309, 34.486365892 ], [ 135.377314668999986, 34.486345694 ], [ 135.377372114, 34.486511613 ], [ 135.377058521, 34.486674441 ], [ 135.377008249, 34.486539333 ], [ 135.376999689, 34.486536387 ], [ 135.376991025, 34.486544919 ], [ 135.377035616, 34.486668919 ], [ 135.376150117, 34.487122108 ], [ 135.375913333, 34.487234054 ], [ 135.375879274, 34.487189495 ], [ 135.375860117, 34.487203667 ], [ 135.375837808, 34.487230586 ], [ 135.375836278, 34.487262667 ], [ 135.375850246, 34.48728664 ], [ 135.375869663, 34.487308279 ], [ 135.375821673, 34.487335279 ], [ 135.375741725000012, 34.487375 ], [ 135.375688054, 34.487401667 ], [ 135.375611971000012, 34.487439586 ], [ 135.375599274, 34.487419495 ], [ 135.375576304, 34.487402081 ], [ 135.375548755000011, 34.487391468 ], [ 135.375494941999989, 34.487391198 ], [ 135.375480751999987, 34.487399162 ], [ 135.375526329, 34.487459802 ], [ 135.375, 34.487732532 ], [ 135.373963022, 34.488269829 ], [ 135.373718586, 34.487470721 ], [ 135.373683917, 34.487475973 ], [ 135.373931051, 34.488294198 ], [ 135.370277562000012, 34.490189 ], [ 135.369857808, 34.490072081 ], [ 135.369864721, 34.49005336 ], [ 135.369760311, 34.490023613 ], [ 135.369748106, 34.490021027 ], [ 135.369707562, 34.49011836 ], [ 135.36982869, 34.490152 ], [ 135.369835525000013, 34.490140306 ], [ 135.370258223, 34.490255162 ], [ 135.370563191, 34.490833198 ], [ 135.371006913, 34.491666667 ], [ 135.372443061000013, 34.494364225 ], [ 135.371658274999987, 34.495006775 ], [ 135.371646782999989, 34.49501664 ], [ 135.370898145000012, 34.495628775 ], [ 135.370888611999987, 34.496870613 ], [ 135.370884280000013, 34.497489027 ], [ 135.370876251999988, 34.498644559 ], [ 135.370874864, 34.499410333 ], [ 135.370874475, 34.499617892 ], [ 135.370873773999989, 34.5 ], [ 135.370873034999988, 34.500399586 ], [ 135.370873034999988, 34.500399946 ], [ 135.370872633, 34.500617892 ], [ 135.370864643, 34.502728613 ], [ 135.370845772, 34.502728865 ], [ 135.37084345, 34.502751946 ], [ 135.370852776, 34.50277064 ], [ 135.370878029000011, 34.502770225 ], [ 135.371378106, 34.503507721 ], [ 135.37122406, 34.503588252 ], [ 135.37274457800001, 34.505815919 ], [ 135.373746355, 34.507274387 ], [ 135.375, 34.506511946 ], [ 135.375618054, 34.506136054 ], [ 135.375837120999989, 34.506000775 ], [ 135.377209105, 34.507270423 ], [ 135.37783, 34.507845 ], [ 135.378357691, 34.508333333 ], [ 135.378581102, 34.508540072 ], [ 135.377505447, 34.509340802 ], [ 135.378646861, 34.510885162 ], [ 135.378613917, 34.510909775 ], [ 135.378425330999988, 34.511050532 ], [ 135.378106524, 34.511288559 ], [ 135.378076978, 34.511263333 ], [ 135.377549533, 34.511644414 ], [ 135.377182309, 34.511921225 ], [ 135.377200246, 34.511938973 ], [ 135.376631167, 34.512383054 ], [ 135.376568781, 34.512306198 ], [ 135.37659131, 34.512294775 ], [ 135.375949104999989, 34.511469306 ], [ 135.375932827000014, 34.511474973 ], [ 135.375599533000013, 34.511036135 ], [ 135.375469754, 34.510865252 ], [ 135.375245888, 34.511034333 ], [ 135.375112244, 34.511135252 ], [ 135.375, 34.51122 ], [ 135.374386978, 34.511682892 ], [ 135.373084942, 34.512659252 ], [ 135.372756589, 34.512907198 ], [ 135.371792113999987, 34.513626613 ], [ 135.371378781, 34.513933279 ], [ 135.371072049, 34.514141748 ], [ 135.36828594, 34.516209946 ], [ 135.36767061, 34.516666667 ], [ 135.367161388, 34.51704464 ], [ 135.368268444, 34.518526748 ], [ 135.371285616, 34.522565802 ], [ 135.371292387000011, 34.522569703 ], [ 135.3712969, 34.522572297 ], [ 135.371455239999989, 34.522782405 ], [ 135.371506109, 34.522756315 ], [ 135.372837366999988, 34.524544865 ], [ 135.373161466, 34.525 ], [ 135.373237249999988, 34.525106423 ], [ 135.374989261, 34.527448009 ], [ 135.375, 34.527463063 ], [ 135.375159961, 34.527687459 ], [ 135.377318366, 34.530584604 ], [ 135.377252075, 34.530613838 ], [ 135.37823856, 34.53193555 ], [ 135.378353645, 34.532079901 ], [ 135.378991297, 34.532937802 ], [ 135.379048327, 34.53291109 ], [ 135.378413904000013, 34.532052288 ], [ 135.378435422, 34.532040712 ], [ 135.378334825, 34.531893063 ], [ 135.379546485, 34.531025405 ], [ 135.379547288999987, 34.531025342 ], [ 135.380783476, 34.530144946 ], [ 135.380819831, 34.530029279 ], [ 135.380805383, 34.530025775 ], [ 135.380851725000014, 34.529886279 ], [ 135.380839144, 34.529881414 ], [ 135.380856783000013, 34.529823721 ], [ 135.380873528, 34.529826694 ], [ 135.381565253, 34.527717946 ], [ 135.381811556, 34.527024198 ], [ 135.381789922, 34.527018865 ], [ 135.382454501000012, 34.525 ], [ 135.382587976999986, 34.524594559 ], [ 135.383333333, 34.522330108 ], [ 135.384483112999987, 34.518836973 ], [ 135.384489831, 34.518816613 ], [ 135.38450144, 34.518804495 ], [ 135.384509974, 34.518797027 ], [ 135.384558249, 34.518754387 ], [ 135.385144163, 34.518237586 ], [ 135.38523939000001, 34.518153586 ], [ 135.386019922, 34.517465081 ], [ 135.385428171, 34.516666667 ], [ 135.384735772, 34.515732414 ], [ 135.384598807, 34.515547613 ], [ 135.38360418900001, 34.514205532 ], [ 135.383333333, 34.513838135 ], [ 135.383236135, 34.513706306 ], [ 135.381743113, 34.511680865 ], [ 135.382564721, 34.511071532 ], [ 135.383333333, 34.510501468 ], [ 135.384182165999988, 34.509871919 ], [ 135.38508275, 34.511084225 ], [ 135.385348911, 34.511442532 ], [ 135.385490804, 34.511633532 ], [ 135.386413217000012, 34.512875135 ], [ 135.386540532, 34.513046495 ], [ 135.387240725999987, 34.513988973 ], [ 135.387408029, 34.514224586 ], [ 135.387524578000011, 34.514369054 ], [ 135.387679533000011, 34.514257135 ], [ 135.387725811, 34.514226162 ], [ 135.388322283, 34.513784252 ], [ 135.388700752, 34.513501441 ], [ 135.389063411, 34.513234162 ], [ 135.389540337, 34.512876829 ], [ 135.389336615, 34.512600667 ], [ 135.389167082, 34.51237236 ], [ 135.388971699, 34.512104 ], [ 135.388548586000013, 34.511535081 ], [ 135.38823061, 34.511100027 ], [ 135.388122555, 34.510952198 ], [ 135.387679754, 34.510354613 ], [ 135.387271245, 34.509802721 ], [ 135.386216057000013, 34.508363613 ], [ 135.386256718999988, 34.508333333 ], [ 135.387287613000012, 34.507565559 ], [ 135.388021608, 34.507016775 ], [ 135.388672140000011, 34.506534748 ], [ 135.388869948, 34.506387973 ], [ 135.3900893, 34.505483162 ], [ 135.390146641, 34.505536081 ], [ 135.391146498000012, 34.506458829 ], [ 135.391180506000012, 34.506489973 ], [ 135.391319442, 34.506617306 ], [ 135.39166666700001, 34.506935441 ], [ 135.391676472, 34.506944441 ], [ 135.392242049, 34.50746364 ], [ 135.39241192, 34.507617387 ], [ 135.39166666700001, 34.508177829 ], [ 135.391472283000013, 34.508324027 ], [ 135.391459805000011, 34.508333333 ], [ 135.390859637, 34.508781721 ], [ 135.390393502, 34.509128667 ], [ 135.390756524000011, 34.509615775 ], [ 135.391470336999987, 34.510584865 ], [ 135.39166666700001, 34.51084964 ], [ 135.391865771999989, 34.511118198 ], [ 135.392270467, 34.511664 ], [ 135.392693943000012, 34.512216667 ], [ 135.392927276, 34.512044108 ], [ 135.395075862999988, 34.512944306 ], [ 135.395880272, 34.513276973 ], [ 135.396242529, 34.512928441 ], [ 135.396230311000011, 34.512917468 ], [ 135.3962238, 34.512913027 ], [ 135.39620192000001, 34.512897306 ], [ 135.395861115, 34.513231532 ], [ 135.395823774, 34.513215387 ], [ 135.395798144999986, 34.513204279 ], [ 135.395461894, 34.513058919 ], [ 135.395439533, 34.513049252 ], [ 135.395112503, 34.512907892 ], [ 135.395088638, 34.512897495 ], [ 135.394713528000011, 34.512735333 ], [ 135.394687886000014, 34.512724306 ], [ 135.394311025, 34.512561775 ], [ 135.394290078000012, 34.512552748 ], [ 135.393909001, 34.512388495 ], [ 135.3938838, 34.512377 ], [ 135.393865577000014, 34.512369802 ], [ 135.393841361999989, 34.512359414 ], [ 135.393146939, 34.512058 ], [ 135.393263917000013, 34.511969135 ], [ 135.394043528, 34.511378559 ], [ 135.394137445000013, 34.511461495 ], [ 135.394162827, 34.511444865 ], [ 135.394010752000014, 34.511301865 ], [ 135.394230142999987, 34.511129946 ], [ 135.394355772000011, 34.511031468 ], [ 135.394366135000013, 34.511026306 ], [ 135.394449831, 34.510960441 ], [ 135.39454572, 34.511042694 ], [ 135.394640778, 34.511122333 ], [ 135.394651855, 34.511132027 ], [ 135.394733307, 34.511203279 ], [ 135.394818807, 34.511277559 ], [ 135.394841777000011, 34.511294532 ], [ 135.394888885, 34.511329559 ], [ 135.394912283, 34.511347892 ], [ 135.395008755, 34.511413279 ], [ 135.395157302, 34.511502441 ], [ 135.395340921000013, 34.511608387 ], [ 135.395363696, 34.511621387 ], [ 135.395724578, 34.511837108 ], [ 135.395744527, 34.511850441 ], [ 135.396073748, 34.512062414 ], [ 135.396096083, 34.512079387 ], [ 135.396180726000011, 34.512134613 ], [ 135.396351971, 34.512265081 ], [ 135.39637625200001, 34.512281802 ], [ 135.396456809, 34.512347919 ], [ 135.396467951, 34.512358252 ], [ 135.396537588, 34.512411532 ], [ 135.396554942, 34.512425468 ], [ 135.396632335, 34.512487613 ], [ 135.396427082, 34.512693865 ], [ 135.396443891, 34.512705054 ], [ 135.396450052, 34.512709225 ], [ 135.396466550000014, 34.512718306 ], [ 135.39668572, 34.512500333 ], [ 135.39668858600001, 34.512497721 ], [ 135.396858171, 34.512327919 ], [ 135.397210726, 34.511976775 ], [ 135.397378029, 34.511810279 ], [ 135.39712822300001, 34.511413108 ], [ 135.396960557999989, 34.511143441 ], [ 135.396827198000011, 34.510928946 ], [ 135.396734358, 34.510781892 ], [ 135.396593411, 34.510557802 ], [ 135.396075616, 34.509722946 ], [ 135.397015772, 34.509029279 ], [ 135.397205058, 34.509105667 ], [ 135.399107056, 34.509867532 ], [ 135.4, 34.510495 ], [ 135.400352776, 34.510742919 ], [ 135.400423619, 34.510780982 ], [ 135.400494474999988, 34.510819054 ], [ 135.40023345, 34.511074441 ], [ 135.4, 34.511302919 ], [ 135.3993762, 34.511913441 ], [ 135.398724695, 34.512550225 ], [ 135.398704189, 34.512570225 ], [ 135.398565888, 34.512705495 ], [ 135.398556783, 34.512714306 ], [ 135.398412775999986, 34.512855108 ], [ 135.398399274000013, 34.512868306 ], [ 135.397761479, 34.513491802 ], [ 135.397312723999988, 34.513937027 ], [ 135.397374086000013, 34.514112225 ], [ 135.397778716, 34.514276135 ], [ 135.398519585, 34.514585775 ], [ 135.398358664, 34.514850108 ], [ 135.39828939, 34.514821279 ], [ 135.398203191, 34.514785333 ], [ 135.39816625200001, 34.514845919 ], [ 135.398321751, 34.514910775 ], [ 135.398262140000014, 34.515008865 ], [ 135.398253645000011, 34.515022775 ], [ 135.398243839, 34.515038865 ], [ 135.398197782000011, 34.515114721 ], [ 135.399442438, 34.515644829 ], [ 135.399412866, 34.515696892 ], [ 135.399339196, 34.515826892 ], [ 135.4, 34.516105333 ], [ 135.400592166, 34.516354829 ], [ 135.400556783000013, 34.516415694 ], [ 135.400680921, 34.516465162 ], [ 135.400653670999986, 34.516512198 ], [ 135.400529416000012, 34.516462613 ], [ 135.400486744, 34.516535694 ], [ 135.40079939, 34.516666667 ], [ 135.401005279, 34.516752919 ], [ 135.401028833, 34.516762667 ], [ 135.401485305, 34.517568973 ], [ 135.401514669, 34.517621667 ], [ 135.401526161, 34.517642468 ], [ 135.401594773, 34.517765775 ], [ 135.401608755000012, 34.517790919 ], [ 135.40167939, 34.517917748 ], [ 135.40168703, 34.517931559 ], [ 135.40170834, 34.517969802 ], [ 135.401954163, 34.518411667 ], [ 135.402041167, 34.518566162 ], [ 135.403242503, 34.517379495 ], [ 135.402838755, 34.516666667 ], [ 135.401495110000013, 34.514294306 ], [ 135.401408638, 34.51414136 ], [ 135.401897173, 34.513658721 ], [ 135.402603061, 34.51296764 ], [ 135.402985811, 34.513651162 ], [ 135.403123838999988, 34.513890829 ], [ 135.403350584, 34.514303387 ], [ 135.404438392, 34.516216892 ], [ 135.405648301000014, 34.515056198 ], [ 135.405221829, 34.514312532 ], [ 135.40482985700001, 34.51362364 ], [ 135.404278145, 34.512642802 ], [ 135.40380214000001, 34.511795748 ], [ 135.404428884999987, 34.511180081 ], [ 135.405271336, 34.510352532 ], [ 135.40645678300001, 34.511189946 ], [ 135.406468223, 34.511198027 ], [ 135.406567082, 34.511267748 ], [ 135.407073217, 34.511624694 ], [ 135.407701777, 34.512067414 ], [ 135.408204721, 34.512419279 ], [ 135.408333333, 34.512509667 ], [ 135.409029882999988, 34.512999252 ], [ 135.409897302, 34.513607802 ], [ 135.409915084, 34.513620279 ], [ 135.409202633, 34.514307667 ], [ 135.409177756, 34.51433164 ], [ 135.409019416, 34.514481586 ], [ 135.408854747, 34.514643667 ], [ 135.40878849500001, 34.514708892 ], [ 135.408333333, 34.515156919 ], [ 135.407997134, 34.515487865 ], [ 135.407930973, 34.515552973 ], [ 135.407589883000014, 34.515888721 ], [ 135.407520557999987, 34.515956973 ], [ 135.406799533, 34.516666667 ], [ 135.406745422, 34.516719919 ], [ 135.406659079, 34.516804892 ], [ 135.406579754, 34.516882973 ], [ 135.406566497999989, 34.516896027 ], [ 135.406475304999987, 34.516985775 ], [ 135.406520558000011, 34.517054973 ], [ 135.40703258100001, 34.517836919 ], [ 135.407116108999986, 34.517964532 ], [ 135.407138612000011, 34.517998892 ], [ 135.40731406, 34.518266775 ], [ 135.407367497, 34.518348441 ], [ 135.407419299999987, 34.518427586 ], [ 135.407430311000013, 34.518444306 ], [ 135.40796572, 34.519262081 ], [ 135.407977808, 34.519280532 ], [ 135.408170246, 34.519574559 ], [ 135.408299883000012, 34.519772414 ], [ 135.408333333, 34.519823495 ], [ 135.408413774, 34.519946333 ], [ 135.408974838, 34.520810721 ], [ 135.409085966, 34.520986892 ], [ 135.409380336999988, 34.521444306 ], [ 135.409389611, 34.521457775 ], [ 135.40946978, 34.521579532 ], [ 135.409472943999987, 34.521607829 ], [ 135.409499689, 34.52164664 ], [ 135.409511219, 34.521663468 ], [ 135.409531505, 34.521692973 ], [ 135.409486005, 34.521719252 ], [ 135.409467522999989, 34.521729973 ], [ 135.409634137000012, 34.521983198 ], [ 135.409654890000013, 34.521973748 ], [ 135.409713139, 34.521947162 ], [ 135.4097262, 34.521947225 ], [ 135.409735422000011, 34.521953054 ], [ 135.409743385000013, 34.521965333 ], [ 135.409745746, 34.521985279 ], [ 135.409791504999987, 34.522048892 ], [ 135.409855693999987, 34.522148892 ], [ 135.409873502000011, 34.522172865 ], [ 135.410364332, 34.522912495 ], [ 135.410412244000014, 34.522914441 ], [ 135.411358975000013, 34.522485829 ], [ 135.41137022, 34.522511946 ], [ 135.411776809, 34.52233 ], [ 135.411805331000011, 34.522316892 ], [ 135.411808949, 34.522315414 ], [ 135.411825642, 34.522308694 ], [ 135.411837471000013, 34.522301802 ], [ 135.412129196, 34.522172306 ], [ 135.412147665, 34.522163919 ], [ 135.412746005, 34.521897333 ], [ 135.413609442, 34.521505973 ], [ 135.414462607, 34.521118 ], [ 135.41450131, 34.521101054 ], [ 135.414921505, 34.520915 ], [ 135.414980415, 34.520886613 ], [ 135.415172166, 34.520800279 ], [ 135.415208003, 34.520787279 ], [ 135.415974942, 34.520438721 ], [ 135.415991673, 34.520427973 ], [ 135.416556472, 34.520178279 ], [ 135.416563191, 34.520175306 ], [ 135.416575136, 34.520167532 ], [ 135.416666666999987, 34.520128162 ], [ 135.416792088, 34.520074252 ], [ 135.416804578000011, 34.520062414 ], [ 135.416813281, 34.520058495 ], [ 135.417327977000014, 34.519826054 ], [ 135.417357691, 34.519812162 ], [ 135.417549105, 34.519727721 ], [ 135.417566887, 34.519721865 ], [ 135.417575226999986, 34.519718027 ], [ 135.418360532, 34.519356108 ], [ 135.418439533, 34.519329586 ], [ 135.418511582, 34.519305441 ], [ 135.418631699, 34.519265135 ], [ 135.418837432, 34.519447829 ], [ 135.418876174, 34.519482234 ], [ 135.419043165, 34.519630532 ], [ 135.419218418000014, 34.519804721 ], [ 135.419972944, 34.520554694 ], [ 135.421112088, 34.521663027 ], [ 135.424048975, 34.524602802 ], [ 135.424236693000012, 34.524797973 ], [ 135.424261167, 34.524823414 ], [ 135.424325525, 34.52489036 ], [ 135.424389663, 34.524957198 ], [ 135.42443083, 34.525 ], [ 135.424525279, 34.525098198 ], [ 135.42469280200001, 34.525241775 ], [ 135.424888028999987, 34.525429054 ], [ 135.424968197, 34.525541108 ], [ 135.425, 34.52557364 ], [ 135.425272244000013, 34.525851775 ], [ 135.425964449, 34.526538586 ], [ 135.426009222, 34.526585108 ], [ 135.426101193, 34.526675802 ], [ 135.426133645, 34.526707721 ], [ 135.426231479, 34.526804027 ], [ 135.426245005999988, 34.52681736 ], [ 135.426347029999988, 34.526917775 ], [ 135.426382607, 34.526952802 ], [ 135.42648839200001, 34.527063108 ], [ 135.426530467, 34.527105946 ], [ 135.426673554, 34.527242225 ], [ 135.4266807, 34.527262441 ], [ 135.427352724, 34.527940829 ], [ 135.428092088, 34.528666775 ], [ 135.428521997, 34.529089162 ], [ 135.429141582, 34.529697532 ], [ 135.429149689000013, 34.529705775 ], [ 135.429158885, 34.529714919 ], [ 135.429193502, 34.529749721 ], [ 135.429197703999989, 34.52975527 ], [ 135.42919869, 34.529756586 ], [ 135.429203281000014, 34.529761306 ], [ 135.429278949, 34.52983936 ], [ 135.429286303999987, 34.529846775 ], [ 135.429359442, 34.529920694 ], [ 135.429359533, 34.529920784 ], [ 135.429366913, 34.529928225 ], [ 135.429443437, 34.530005532 ], [ 135.429445357, 34.530007468 ], [ 135.429452852999987, 34.530014991 ], [ 135.429454553, 34.530016694 ], [ 135.429527963999988, 34.530090883 ], [ 135.429529831, 34.530092775 ], [ 135.429532568000013, 34.530095568 ], [ 135.429534617, 34.530097667 ], [ 135.429636978, 34.530201009 ], [ 135.429639857000012, 34.530203919 ], [ 135.429642464000011, 34.530206541 ], [ 135.429645058, 34.530209162 ], [ 135.429704553, 34.530269306 ], [ 135.429716887000012, 34.530281802 ], [ 135.429754331999987, 34.530319586 ], [ 135.429773476, 34.530338865 ], [ 135.429804034, 34.531052306 ], [ 135.429842555, 34.531056 ], [ 135.429855473, 34.531047748 ], [ 135.429851946000014, 34.530921207 ], [ 135.429851894, 34.530919279 ], [ 135.429853048000012, 34.530914306 ], [ 135.429854812, 34.530906829 ], [ 135.429844721, 34.530722973 ], [ 135.429844449, 34.530714775 ], [ 135.429843721999987, 34.530697505 ], [ 135.429843411, 34.53069 ], [ 135.429839857, 34.530604865 ], [ 135.429839572, 34.530597955 ], [ 135.42983406, 34.530465802 ], [ 135.429864034, 34.530465135 ], [ 135.43027594, 34.530456054 ], [ 135.430275357, 34.530430559 ], [ 135.42991180300001, 34.530436252 ], [ 135.429901828999988, 34.53019036 ], [ 135.42990128400001, 34.530176829 ], [ 135.42989316500001, 34.529975667 ], [ 135.430200752, 34.529823027 ], [ 135.430209921999989, 34.529818468 ], [ 135.430495746, 34.529676721 ], [ 135.430696719, 34.529951559 ], [ 135.430791414, 34.53009 ], [ 135.430907756000011, 34.530028613 ], [ 135.431211829, 34.530419946 ], [ 135.431253917, 34.530399054 ], [ 135.43128834, 34.530414162 ], [ 135.43159227000001, 34.530788919 ], [ 135.43123856, 34.53098509 ], [ 135.431232231, 34.530988595 ], [ 135.430973916999989, 34.531131865 ], [ 135.430965435, 34.531136568 ], [ 135.430864838, 34.53119236 ], [ 135.430856627999987, 34.53119691 ], [ 135.430717781999988, 34.531273919 ], [ 135.43074454, 34.53130827 ], [ 135.430756329, 34.531323405 ], [ 135.430697393, 34.531356667 ], [ 135.430687173, 34.531352928 ], [ 135.430332711, 34.531223432 ], [ 135.430322348, 34.531243135 ], [ 135.430687004, 34.531378982 ], [ 135.43069406, 34.531381631 ], [ 135.430853502, 34.531293315 ], [ 135.431703658, 34.530822405 ], [ 135.431703813000013, 34.530822468 ], [ 135.431727445, 34.530832721 ], [ 135.431753332999989, 34.530854387 ], [ 135.43177297, 34.53088 ], [ 135.431784306, 34.530897721 ], [ 135.431793086999988, 34.530921387 ], [ 135.431775759, 34.530931216 ], [ 135.431762672, 34.53093864 ], [ 135.431782218, 34.530962252 ], [ 135.431798859, 34.530952775 ], [ 135.431807056, 34.530962829 ], [ 135.431862555, 34.531004 ], [ 135.431943333, 34.531091559 ], [ 135.432027717000011, 34.531193387 ], [ 135.432057639, 34.531233279 ], [ 135.432072022999989, 34.53126436 ], [ 135.432112438, 34.531374613 ], [ 135.432138638, 34.531445495 ], [ 135.432149144, 34.531473946 ], [ 135.432131427, 34.531483342 ], [ 135.431798703, 34.531681387 ], [ 135.431950999, 34.531872685 ], [ 135.431963735000011, 34.531872739 ], [ 135.431962815, 34.531967901 ], [ 135.43164987, 34.532134162 ], [ 135.431673294, 34.532164387 ], [ 135.431681608, 34.532175153 ], [ 135.431963787, 34.53202618 ], [ 135.431964189000013, 34.531968126 ], [ 135.431964825, 34.531872748 ], [ 135.431972996000013, 34.531872784 ], [ 135.431973178, 34.531863676 ], [ 135.431992451000013, 34.531863856 ], [ 135.431992387, 34.531872964 ], [ 135.432008184000011, 34.531873126 ], [ 135.432009001000011, 34.531993577 ], [ 135.432127601, 34.532168477 ], [ 135.431995304999987, 34.532244586 ], [ 135.431952387, 34.532278387 ], [ 135.43193978, 34.532305559 ], [ 135.431942114, 34.532332135 ], [ 135.432130947, 34.532614027 ], [ 135.432442672, 34.533086252 ], [ 135.432606226, 34.533333333 ], [ 135.432754423, 34.533557225 ], [ 135.433068638, 34.53402964 ], [ 135.433333333, 34.534430559 ], [ 135.433383645, 34.534506748 ], [ 135.433509689, 34.534696694 ], [ 135.433697108, 34.534979054 ], [ 135.433999053, 34.535437721 ], [ 135.43429939, 34.535889613 ], [ 135.4346038, 34.536352414 ], [ 135.434927886, 34.536837667 ], [ 135.435350726, 34.537476919 ], [ 135.435774358, 34.538130495 ], [ 135.435933891, 34.538375468 ], [ 135.436073021999988, 34.538589135 ], [ 135.43637428, 34.53904164 ], [ 135.43684345, 34.53975936 ], [ 135.437302996, 34.540455198 ], [ 135.437696757, 34.541060486 ], [ 135.437817224000014, 34.540964162 ], [ 135.437888612, 34.540934721 ], [ 135.438048885, 34.540890279 ], [ 135.438215279, 34.540816667 ], [ 135.438411388, 34.540747775 ], [ 135.438625551, 34.540654441 ], [ 135.439166394000011, 34.540463613 ], [ 135.439082503, 34.540321387 ], [ 135.439005837, 34.540191108 ], [ 135.438904721, 34.540014162 ], [ 135.438762218, 34.539835 ], [ 135.438643332999987, 34.539613892 ], [ 135.438619442, 34.53954 ], [ 135.439005837, 34.539525279 ], [ 135.439273332999988, 34.539495829 ], [ 135.439681388, 34.539506667 ], [ 135.439825837, 34.539510559 ], [ 135.440491388, 34.539525279 ], [ 135.440844163, 34.539532495 ], [ 135.441471946, 34.539545 ], [ 135.441666667, 34.539562721 ], [ 135.441691673, 34.539565 ], [ 135.442226667, 34.539476387 ], [ 135.442351388, 34.539441946 ], [ 135.442422776, 34.539402495 ], [ 135.442565279, 34.539304162 ], [ 135.442725837000012, 34.539151667 ], [ 135.442850558, 34.539068333 ], [ 135.442995551, 34.538922495 ], [ 135.443009728, 34.538908054 ], [ 135.44315360600001, 34.538763333 ], [ 135.443236667, 34.53867 ], [ 135.443373333000011, 34.538560829 ], [ 135.443489728, 34.538480279 ], [ 135.443587224, 34.538413054 ], [ 135.443700272, 34.538280279 ], [ 135.44383083, 34.538162495 ], [ 135.444003333000012, 34.538039441 ], [ 135.44408639400001, 34.537985279 ], [ 135.444175551, 34.537946108 ], [ 135.44436, 34.537896946 ], [ 135.444520272, 34.537867225 ], [ 135.444726667, 34.537740829 ], [ 135.44497194600001, 34.537591108 ], [ 135.44511472100001, 34.537507495 ], [ 135.445304721000014, 34.537340559 ], [ 135.445435551, 34.537261667 ], [ 135.445553891, 34.537197225 ], [ 135.445661388, 34.537138892 ], [ 135.445815837, 34.537065 ], [ 135.445958612, 34.536957775 ], [ 135.44608917, 34.536879162 ], [ 135.446065551, 34.536839721 ], [ 135.446035837000011, 34.536766108 ], [ 135.445978340000011, 34.536644162 ], [ 135.445940830000012, 34.536564441 ], [ 135.445875279, 34.536426667 ], [ 135.445693060999986, 34.536232225 ], [ 135.445601946000011, 34.536134721 ], [ 135.445483061, 34.536031387 ], [ 135.445334449, 34.535758892 ], [ 135.445144449, 34.535449162 ], [ 135.445067224000013, 34.535331108 ], [ 135.445205550999987, 34.535277495 ], [ 135.445334449, 34.535228054 ], [ 135.44546, 34.535185279 ], [ 135.445515668000013, 34.535166387 ], [ 135.445667224, 34.535115 ], [ 135.44581, 34.5354 ], [ 135.44594, 34.535482775 ], [ 135.446034721, 34.535543333 ], [ 135.446095279, 34.535581946 ], [ 135.446148612, 34.535842495 ], [ 135.446202218, 34.536049162 ], [ 135.446237782, 34.536122775 ], [ 135.44639834, 34.536093333 ], [ 135.446303333, 34.535680279 ], [ 135.446267497, 34.535557225 ], [ 135.446202218, 34.535213333 ], [ 135.446374449, 34.535173892 ], [ 135.446398054000014, 34.535257775 ], [ 135.446416109000012, 34.535321387 ], [ 135.446475551, 34.535596667 ], [ 135.446564720999987, 34.536053892 ], [ 135.446743061, 34.536034162 ], [ 135.446713333, 34.535737225 ], [ 135.446677497, 34.535466667 ], [ 135.446618339999986, 34.535171946 ], [ 135.446576666999988, 34.535004721 ], [ 135.446583061000013, 34.534942775 ], [ 135.446592775999989, 34.534851387 ], [ 135.446634448999987, 34.534450279 ], [ 135.446641946, 34.534379162 ], [ 135.446624163, 34.534172775 ], [ 135.44663, 34.534123613 ], [ 135.446636667, 34.534122225 ], [ 135.447087782000011, 34.534025279 ], [ 135.447224449, 34.533995829 ], [ 135.447396394, 34.533936667 ], [ 135.447586667, 34.533907225 ], [ 135.447681673, 34.533907225 ], [ 135.447705551000013, 34.534005559 ], [ 135.448038340000011, 34.533931667 ], [ 135.447937223999986, 34.5335 ], [ 135.447889728, 34.533342775 ], [ 135.447887197999989, 34.533333333 ], [ 135.447830272, 34.533119721 ], [ 135.447711387999988, 34.532803054 ], [ 135.44762834, 34.532748892 ], [ 135.447497782, 34.532665279 ], [ 135.447366939, 34.532532495 ], [ 135.447254163, 34.532432225 ], [ 135.44717083, 34.532309162 ], [ 135.447092503, 34.532191387 ], [ 135.447022218, 34.532086108 ], [ 135.446921388, 34.531992495 ], [ 135.446790558, 34.531899162 ], [ 135.446648054, 34.53185 ], [ 135.446576666999988, 34.531820559 ], [ 135.446463606, 34.531741667 ], [ 135.446291388, 34.531531387 ], [ 135.446202218, 34.531152495 ], [ 135.446184448999986, 34.531073892 ], [ 135.44622, 34.531005 ], [ 135.44630917, 34.530896946 ], [ 135.446428054, 34.530823054 ], [ 135.446588612, 34.53078 ], [ 135.446755005999989, 34.530745559 ], [ 135.446885551, 34.530706108 ], [ 135.447141115, 34.530681387 ], [ 135.447408612, 34.530642495 ], [ 135.447557224, 34.530647495 ], [ 135.447741388, 34.530696667 ], [ 135.44802639400001, 34.530593333 ], [ 135.448228612, 34.530544162 ], [ 135.44844834, 34.530509721 ], [ 135.448596939, 34.530465279 ], [ 135.448834721, 34.530426108 ], [ 135.449006938999986, 34.530406387 ], [ 135.449185279, 34.530406387 ], [ 135.449416939, 34.530416108 ], [ 135.449666667, 34.530376946 ], [ 135.449886666999987, 34.530303054 ], [ 135.45, 34.530282495 ], [ 135.450076667, 34.530268613 ], [ 135.450302502999989, 34.530249162 ], [ 135.450421115000012, 34.530267225 ], [ 135.450583061, 34.530291667 ], [ 135.450754163, 34.530317775 ], [ 135.450944449, 34.530431108 ], [ 135.451075279, 34.530475279 ], [ 135.451164162999987, 34.530475279 ], [ 135.451214163, 34.530463333 ], [ 135.451247224000014, 34.530455559 ], [ 135.451318612, 34.530406387 ], [ 135.45134834000001, 34.530298333 ], [ 135.451324449, 34.529891108 ], [ 135.451282776, 34.529723892 ], [ 135.451128612, 34.529591108 ], [ 135.450896938999989, 34.529473054 ], [ 135.450629442, 34.529340279 ], [ 135.45043917000001, 34.529269441 ], [ 135.450195551, 34.52923 ], [ 135.45002917, 34.529235 ], [ 135.45, 34.529235667 ], [ 135.449809442, 34.52924 ], [ 135.449666667, 34.529259721 ], [ 135.449387497, 34.529284162 ], [ 135.449179442, 34.529284162 ], [ 135.448953606, 34.529298892 ], [ 135.448787224, 34.529323613 ], [ 135.448614721000013, 34.529362775 ], [ 135.448430558000013, 34.529416946 ], [ 135.448228612, 34.529480829 ], [ 135.448228612, 34.529416946 ], [ 135.448228885, 34.529072775 ], [ 135.448074163, 34.528905559 ], [ 135.448032776, 34.528836667 ], [ 135.448008885, 34.528738333 ], [ 135.447996939, 34.528600559 ], [ 135.447937497, 34.528453054 ], [ 135.447783061, 34.528354721 ], [ 135.44765834, 34.528290829 ], [ 135.447539442, 34.528217225 ], [ 135.447331388, 34.528143613 ], [ 135.447147224, 34.528061946 ], [ 135.446784721, 34.527973333 ], [ 135.446600272000012, 34.527909441 ], [ 135.44635083, 34.527840559 ], [ 135.446142775999988, 34.527761946 ], [ 135.446107224, 34.527698054 ], [ 135.446142775999988, 34.527609441 ], [ 135.446196394, 34.527443333 ], [ 135.446214163, 34.52735 ], [ 135.446206667000013, 34.527208892 ], [ 135.446202218, 34.527126667 ], [ 135.446172503000014, 34.526890559 ], [ 135.446107224, 34.526728333 ], [ 135.446011946, 34.526610279 ], [ 135.445934720999986, 34.526544441 ], [ 135.445815837, 34.526446108 ], [ 135.445685279, 34.526268892 ], [ 135.445667224, 34.526150829 ], [ 135.445673333, 34.526077225 ], [ 135.445738612000014, 34.526003333 ], [ 135.445881388, 34.525959162 ], [ 135.446035837000011, 34.525939441 ], [ 135.446178339999989, 34.525973892 ], [ 135.446356667, 34.526023054 ], [ 135.446546939, 34.526047775 ], [ 135.446760829999988, 34.525968892 ], [ 135.446818611999987, 34.525961387 ], [ 135.446909442, 34.525949441 ], [ 135.446998054, 34.525952775 ], [ 135.447176939, 34.525959162 ], [ 135.447320558, 34.525991108 ], [ 135.447428885, 34.526015279 ], [ 135.447575006, 34.526047775 ], [ 135.448179728000014, 34.525916667 ], [ 135.448187224, 34.525915 ], [ 135.448258611999989, 34.525738054 ], [ 135.448335837, 34.525513054 ], [ 135.448425006, 34.525350559 ], [ 135.448603061, 34.525232495 ], [ 135.448811115000012, 34.525144162 ], [ 135.448906394, 34.525129441 ], [ 135.449054448999988, 34.525129441 ], [ 135.449232776, 34.525159721 ], [ 135.44939917, 34.525199162 ], [ 135.449577497, 34.525243333 ], [ 135.449773606, 34.525228613 ], [ 135.45, 34.525205748 ], [ 135.450552218000013, 34.52515 ], [ 135.45096834, 34.525208892 ], [ 135.451146394, 34.525248333 ], [ 135.451348612, 34.525253333 ], [ 135.451538612, 34.525213892 ], [ 135.451687224000011, 34.525199162 ], [ 135.451871673, 34.525159721 ], [ 135.452103061, 34.525081108 ], [ 135.452323060999987, 34.525007495 ], [ 135.452342244, 34.525 ], [ 135.452536939, 34.524923892 ], [ 135.452691388, 34.524874721 ], [ 135.45286333300001, 34.524812225 ], [ 135.453043333000011, 34.524746667 ], [ 135.453232218000011, 34.524677775 ], [ 135.453260558000011, 34.52471 ], [ 135.453343891, 34.524805559 ], [ 135.453471115000013, 34.524950559 ], [ 135.453514423, 34.525 ], [ 135.453576938999987, 34.525071387 ], [ 135.453766939, 34.525091108 ], [ 135.453963061, 34.525081108 ], [ 135.454129728, 34.525041946 ], [ 135.454241673000013, 34.525 ], [ 135.45424834, 34.524997495 ], [ 135.454385279, 34.524928613 ], [ 135.454474162999986, 34.524845 ], [ 135.454527782000014, 34.524736946 ], [ 135.454587224, 34.524584441 ], [ 135.45459917, 34.524442225 ], [ 135.454611115, 34.524220829 ], [ 135.454628885, 34.524098892 ], [ 135.454676393999989, 34.524059441 ], [ 135.454797782000014, 34.524068054 ], [ 135.454955551000012, 34.524079162 ], [ 135.455401115, 34.524118613 ], [ 135.455532503, 34.524125829 ], [ 135.455757782, 34.524138333 ], [ 135.455811114999989, 34.524177495 ], [ 135.45584083, 34.524275829 ], [ 135.455841673, 34.524281667 ], [ 135.455858611999986, 34.524398892 ], [ 135.455870557999987, 34.524556108 ], [ 135.456043061, 34.524502225 ], [ 135.456191673, 34.524428333 ], [ 135.456173606, 34.524241387 ], [ 135.456114163, 34.524103892 ], [ 135.456054720999987, 34.523985829 ], [ 135.455965837, 34.523803892 ], [ 135.45590639400001, 34.523613054 ], [ 135.455870557999987, 34.523337495 ], [ 135.455894449, 34.523140829 ], [ 135.455918054, 34.523003333 ], [ 135.455953891, 34.52289 ], [ 135.456185551, 34.522521387 ], [ 135.456375837, 34.522558892 ], [ 135.456809728, 34.522644162 ], [ 135.456958054000012, 34.522698333 ], [ 135.457267224, 34.522339721 ], [ 135.457398054, 34.522230559 ], [ 135.45763555100001, 34.522191108 ], [ 135.457559143999987, 34.52194964 ], [ 135.458305837000012, 34.521843252 ], [ 135.457417056, 34.520934802 ], [ 135.457825837, 34.520693333 ], [ 135.458105279, 34.520530829 ], [ 135.458313061000013, 34.520412775 ], [ 135.458333333000013, 34.520411387 ], [ 135.45859834, 34.520393333 ], [ 135.458705551, 34.520368613 ], [ 135.458848053999986, 34.520314721 ], [ 135.459008612, 34.520221387 ], [ 135.459165551000012, 34.520120279 ], [ 135.459174721000011, 34.520114162 ], [ 135.459317223999989, 34.519986387 ], [ 135.459501388, 34.519878054 ], [ 135.459661946000011, 34.519642225 ], [ 135.45963805400001, 34.519494441 ], [ 135.45963805400001, 34.519356946 ], [ 135.459685837, 34.519258613 ], [ 135.459733333, 34.519125829 ], [ 135.459806394, 34.519029441 ], [ 135.459809442, 34.519025559 ], [ 135.459974721, 34.518807775 ], [ 135.459982776, 34.518797225 ], [ 135.459965006, 34.518620279 ], [ 135.459935279, 34.518472775 ], [ 135.459774163, 34.518378054 ], [ 135.45967527900001, 34.51832 ], [ 135.459483606, 34.518207225 ], [ 135.459258054, 34.518211946 ], [ 135.459073891, 34.518290829 ], [ 135.458628054, 34.518482495 ], [ 135.458568612, 34.518477495 ], [ 135.458485551, 34.518443054 ], [ 135.458426108999987, 34.51834 ], [ 135.458372503, 34.518187495 ], [ 135.458333333000013, 34.518082829 ], [ 135.458325006, 34.518060559 ], [ 135.458235836999989, 34.517937495 ], [ 135.458128885, 34.517839162 ], [ 135.457967223999987, 34.517758054 ], [ 135.457912218, 34.517730559 ], [ 135.457825837, 34.517687225 ], [ 135.457754449, 34.517608333 ], [ 135.457701115, 34.517524721 ], [ 135.457647497000011, 34.517406946 ], [ 135.45759416300001, 34.517257225 ], [ 135.457481115, 34.517098054 ], [ 135.457308885, 34.516906108 ], [ 135.457201946, 34.516812775 ], [ 135.457154163000013, 34.516743892 ], [ 135.457130557999989, 34.516689721 ], [ 135.457125330999986, 34.516666667 ], [ 135.457112776, 34.516611108 ], [ 135.457124449, 34.516383054 ], [ 135.45714834, 34.516274721 ], [ 135.45714834, 34.516117495 ], [ 135.457095006, 34.515984721 ], [ 135.457005837, 34.515881387 ], [ 135.456910558, 34.515841946 ], [ 135.456809728, 34.515837225 ], [ 135.456726393999986, 34.515856667 ], [ 135.456649442000014, 34.515910829 ], [ 135.456566109, 34.516028892 ], [ 135.456495550999989, 34.516240279 ], [ 135.45630917, 34.516172495 ], [ 135.456011115, 34.516116946 ], [ 135.455146394, 34.516345279 ], [ 135.454975006000012, 34.516376108 ], [ 135.454810830000014, 34.516425279 ], [ 135.454363605999987, 34.516530279 ], [ 135.454378612, 34.516338892 ], [ 135.45443083, 34.516036667 ], [ 135.45443834, 34.515802495 ], [ 135.45428917000001, 34.515783892 ], [ 135.454393606, 34.515423613 ], [ 135.454444449, 34.515303892 ], [ 135.454490271999987, 34.515195559 ], [ 135.454654449, 34.51514 ], [ 135.455161388, 34.515173333 ], [ 135.455541388, 34.515154721 ], [ 135.455817223999986, 34.515166946 ], [ 135.45604083, 34.515228892 ], [ 135.456324163, 34.515376667 ], [ 135.456473333, 34.515401387 ], [ 135.456637224, 34.515376667 ], [ 135.456882775999986, 34.515247225 ], [ 135.457031946, 34.515136108 ], [ 135.45721083, 34.51497 ], [ 135.457397224, 34.514840559 ], [ 135.457464449000014, 34.514748054 ], [ 135.457531388, 34.514587495 ], [ 135.457531388, 34.514433333 ], [ 135.457546394, 34.514266946 ], [ 135.457658054, 34.514032495 ], [ 135.457732776, 34.513889441 ], [ 135.457851946, 34.513741387 ], [ 135.457993606, 34.513574721 ], [ 135.458083061, 34.513500829 ], [ 135.45815, 34.513315559 ], [ 135.458172502999986, 34.513044162 ], [ 135.458172502999986, 34.512637495 ], [ 135.458185279, 34.512521946 ], [ 135.458192503, 34.512454162 ], [ 135.458200272, 34.512384721 ], [ 135.458209728000014, 34.512298333 ], [ 135.458239442, 34.511987225 ], [ 135.458239442, 34.511772775 ], [ 135.458202218, 34.511569162 ], [ 135.45815, 34.511390279 ], [ 135.458157497, 34.511180559 ], [ 135.458259728, 34.510963613 ], [ 135.458261946, 34.510958613 ], [ 135.458333333000013, 34.510960748 ], [ 135.459074449000013, 34.510983054 ], [ 135.459075006, 34.510992775 ], [ 135.459081946, 34.511100279 ], [ 135.459059442000012, 34.511266946 ], [ 135.459066939, 34.511421108 ], [ 135.459134162999987, 34.511538333 ], [ 135.459201115000013, 34.511655559 ], [ 135.459261672999986, 34.511752225 ], [ 135.459402503, 34.511976387 ], [ 135.459447224, 34.512198333 ], [ 135.459514163, 34.512432775 ], [ 135.459536667, 34.512512775 ], [ 135.459708054, 34.512469721 ], [ 135.459753891, 34.512449441 ], [ 135.459916666999987, 34.512377225 ], [ 135.460073333, 34.512340279 ], [ 135.460229728, 34.512340279 ], [ 135.460363605999987, 34.512327775 ], [ 135.460527782000014, 34.512247775 ], [ 135.46069917, 34.512105829 ], [ 135.460811115000013, 34.511920829 ], [ 135.461138885, 34.511458054 ], [ 135.461362503, 34.511199162 ], [ 135.461557782, 34.510909721 ], [ 135.461765006, 34.510602225 ], [ 135.461832218000012, 34.510441946 ], [ 135.461876939, 34.510244441 ], [ 135.461891946, 34.510032225 ], [ 135.46188, 34.509943613 ], [ 135.461862218, 34.509812775 ], [ 135.461854448999986, 34.509754721 ], [ 135.461787496999989, 34.509612775 ], [ 135.461706666999987, 34.509486387 ], [ 135.461587224, 34.5093 ], [ 135.461445837000014, 34.509078892 ], [ 135.46134834, 34.508926667 ], [ 135.461317782, 34.508878892 ], [ 135.461213606, 34.508630829 ], [ 135.461040856000011, 34.508333333 ], [ 135.461034721, 34.508322775 ], [ 135.460945278999986, 34.508205559 ], [ 135.460937782, 34.508076108 ], [ 135.460781387999987, 34.507755279 ], [ 135.460781387999987, 34.507613613 ], [ 135.460938054, 34.507619721 ], [ 135.461288054, 34.507668892 ], [ 135.46132917, 34.507670829 ], [ 135.461474449, 34.507677495 ], [ 135.461616394, 34.507824721 ], [ 135.461683061, 34.507893613 ], [ 135.461869442, 34.508158613 ], [ 135.461914162999989, 34.508269721 ], [ 135.461988885000011, 34.508254441 ], [ 135.462093061, 34.508232775 ], [ 135.462205006, 34.508140279 ], [ 135.462286939, 34.507986108 ], [ 135.462301946, 34.507844162 ], [ 135.46230917, 34.507659162 ], [ 135.46227944200001, 34.507523333 ], [ 135.462205006, 34.507369162 ], [ 135.462085551, 34.507128613 ], [ 135.462033606, 34.507036108 ], [ 135.461996109000012, 34.506857225 ], [ 135.461973891000014, 34.50666 ], [ 135.462003606, 34.506555 ], [ 135.462010271999986, 34.506544441 ], [ 135.462070829999988, 34.506450279 ], [ 135.462175006, 34.506400829 ], [ 135.462294449000012, 34.506406946 ], [ 135.46244333300001, 34.506536667 ], [ 135.462547782, 34.506666108 ], [ 135.462652217999988, 34.506746108 ], [ 135.462823606, 34.506715279 ], [ 135.463091946, 34.506635279 ], [ 135.463107782, 34.506631946 ], [ 135.46330083, 34.506591946 ], [ 135.463306939, 34.506552225 ], [ 135.463338054, 34.506345559 ], [ 135.463397496999988, 34.506160559 ], [ 135.46342, 34.505997775 ], [ 135.463315551, 34.50573 ], [ 135.46330083, 34.505575829 ], [ 135.463345551, 34.50544 ], [ 135.463412503, 34.505178613 ], [ 135.463427497, 34.505061387 ], [ 135.463427497, 34.50489 ], [ 135.463345551, 34.504735829 ], [ 135.46330083, 34.504630829 ], [ 135.463338054, 34.504186667 ], [ 135.46330083, 34.504001667 ], [ 135.463211115, 34.503804721 ], [ 135.463166394000012, 34.503675 ], [ 135.463114448999988, 34.503428333 ], [ 135.463056666999989, 34.503274721 ], [ 135.462777781999989, 34.502748892 ], [ 135.462746667, 34.502351387 ], [ 135.46273444900001, 34.502196946 ], [ 135.46265834, 34.501983613 ], [ 135.462297782, 34.501692495 ], [ 135.462267223999987, 34.501667775 ], [ 135.462112776, 34.501323054 ], [ 135.461960272, 34.501141387 ], [ 135.461636109000011, 34.501015 ], [ 135.461569442000012, 34.500912225 ], [ 135.461598054, 34.500817495 ], [ 135.461703061, 34.500683333 ], [ 135.461703061, 34.500580559 ], [ 135.461292776, 34.500391108 ], [ 135.461101946000014, 34.500178054 ], [ 135.461092503, 34.500083333 ], [ 135.461149728, 34.50002 ], [ 135.461388340000013, 34.500012225 ], [ 135.461396498, 34.5 ], [ 135.46143583700001, 34.499941108 ], [ 135.461178053999987, 34.498958333 ], [ 135.461054163, 34.497853054 ], [ 135.461025279000012, 34.497319441 ], [ 135.460939442000011, 34.497011387 ], [ 135.460958612000013, 34.496774721 ], [ 135.461082503, 34.496656108 ], [ 135.461273333, 34.496648333 ], [ 135.461445006, 34.496727225 ], [ 135.461607224, 34.496932495 ], [ 135.461721673, 34.497753892 ], [ 135.461730558, 34.497777495 ], [ 135.461838054, 34.49806 ], [ 135.461914449, 34.498125279 ], [ 135.462133606, 34.498312775 ], [ 135.462476667, 34.498518054 ], [ 135.462858054, 34.499615279 ], [ 135.463087224, 34.499883892 ], [ 135.463269559, 34.5 ], [ 135.463335006, 34.500041667 ], [ 135.463430558, 34.500033892 ], [ 135.463453256, 34.5 ], [ 135.463525837, 34.499891667 ], [ 135.463525837, 34.499741667 ], [ 135.46342083, 34.49926 ], [ 135.463525837, 34.498494162 ], [ 135.463611673, 34.498312775 ], [ 135.463773890999988, 34.498257495 ], [ 135.463888340000011, 34.498296946 ], [ 135.463983606, 34.498438892 ], [ 135.464021673, 34.498739162 ], [ 135.463965836999989, 34.499148054 ], [ 135.463964449, 34.499157495 ], [ 135.463964449, 34.499323054 ], [ 135.464145837, 34.499670559 ], [ 135.464164721, 34.499868054 ], [ 135.464143528, 34.5 ], [ 135.464126666999988, 34.500105 ], [ 135.464031388, 34.500412775 ], [ 135.464031388, 34.500633892 ], [ 135.464147497, 34.500971108 ], [ 135.464147497, 34.501176387 ], [ 135.46394693900001, 34.501776108 ], [ 135.463791115, 34.502395829 ], [ 135.463756394, 34.502534162 ], [ 135.463794449, 34.502984441 ], [ 135.46387, 34.503274721 ], [ 135.463859727999989, 34.503335829 ], [ 135.463911946, 34.503422225 ], [ 135.464012776, 34.503508613 ], [ 135.464120558, 34.503601108 ], [ 135.464344163, 34.503786108 ], [ 135.464418884999986, 34.503884721 ], [ 135.464418884999986, 34.504112775 ], [ 135.464441115, 34.504242225 ], [ 135.46463472100001, 34.504266946 ], [ 135.46479861200001, 34.504217495 ], [ 135.464925551, 34.504125279 ], [ 135.465029728, 34.503983613 ], [ 135.465149169999989, 34.503841667 ], [ 135.465305551, 34.503687495 ], [ 135.465476939000013, 34.503539441 ], [ 135.465626109, 34.503446946 ], [ 135.46579, 34.503354441 ], [ 135.465876394, 34.503314162 ], [ 135.465925006, 34.503291387 ], [ 135.466014721, 34.503274721 ], [ 135.465933891, 34.502859162 ], [ 135.46559917, 34.502285829 ], [ 135.464895279, 34.501225559 ], [ 135.464733891, 34.500757495 ], [ 135.464745551, 34.500193613 ], [ 135.464866394000012, 34.5 ], [ 135.465025551, 34.499744973 ], [ 135.465091388, 34.499639441 ], [ 135.465266109, 34.499212225 ], [ 135.465363606000011, 34.499048054 ], [ 135.465383605999989, 34.499014721 ], [ 135.46540083, 34.498985829 ], [ 135.46548, 34.498852495 ], [ 135.465505551, 34.498809721 ], [ 135.465635551, 34.498591108 ], [ 135.465889442, 34.496928892 ], [ 135.465889442, 34.496699721 ], [ 135.465577782, 34.49626 ], [ 135.46556834, 34.496158333 ], [ 135.46564917, 34.496072495 ], [ 135.465822218, 34.496024721 ], [ 135.466203060999987, 34.496110559 ], [ 135.466433891, 34.496091387 ], [ 135.466526109, 34.496024721 ], [ 135.466528054, 34.495965279 ], [ 135.466531115, 34.495883613 ], [ 135.466537497, 34.495699441 ], [ 135.466537781999989, 34.495690279 ], [ 135.466502776, 34.495518054 ], [ 135.466492218000013, 34.495465559 ], [ 135.466259442, 34.494319441 ], [ 135.466248885, 34.494235829 ], [ 135.466201388, 34.493858054 ], [ 135.466181388, 34.493700559 ], [ 135.466143891, 34.493402225 ], [ 135.466134449, 34.493318054 ], [ 135.466128340000012, 34.493262495 ], [ 135.466050272, 34.492566108 ], [ 135.46604, 34.492475279 ], [ 135.465936394000011, 34.492147225 ], [ 135.465890272, 34.491784162 ], [ 135.465930752, 34.491666667 ], [ 135.465936394000011, 34.491650279 ], [ 135.466051946, 34.491545279 ], [ 135.466201673, 34.491354162 ], [ 135.466199442, 34.491254162 ], [ 135.466195551, 34.491083892 ], [ 135.466190272, 34.490838054 ], [ 135.466167496999986, 34.490659162 ], [ 135.46614, 34.490442225 ], [ 135.46613, 34.490364441 ], [ 135.466046446, 34.489709252 ], [ 135.466034721, 34.489617775 ], [ 135.466025279, 34.489543054 ], [ 135.466027223999987, 34.489417495 ], [ 135.46604083, 34.488551108 ], [ 135.466071946, 34.488312775 ], [ 135.466171115, 34.487548892 ], [ 135.466184721, 34.487444721 ], [ 135.46624, 34.487019162 ], [ 135.466112503, 34.486591387 ], [ 135.466036394000014, 34.486336108 ], [ 135.465998612, 34.486033333 ], [ 135.466021115, 34.485780559 ], [ 135.466031388, 34.485665829 ], [ 135.466112218, 34.484759162 ], [ 135.466112218, 34.484205559 ], [ 135.466122503, 34.483730279 ], [ 135.466123891, 34.483675279 ], [ 135.46612944200001, 34.483419721 ], [ 135.46613, 34.483391108 ], [ 135.466131245000014, 34.483333333 ], [ 135.466136939, 34.483072225 ], [ 135.466200272, 34.483009441 ], [ 135.46641083, 34.483003892 ], [ 135.466561673, 34.482999441 ], [ 135.466666667, 34.482996586 ], [ 135.46713834, 34.482983333 ], [ 135.467223891, 34.482980829 ], [ 135.467432218, 34.482975 ], [ 135.467902503, 34.482961667 ], [ 135.468054449, 34.482957495 ], [ 135.468155551, 34.483260279 ], [ 135.469404449, 34.483239721 ], [ 135.46999083, 34.483275829 ], [ 135.470028054000011, 34.483166387 ], [ 135.470068054, 34.483049162 ], [ 135.470146938999989, 34.482818333 ], [ 135.470161115, 34.482696946 ], [ 135.470231115, 34.482092495 ], [ 135.47037, 34.481218054 ], [ 135.470375006000012, 34.481187495 ], [ 135.470607224, 34.481173892 ], [ 135.470867223999988, 34.481158054 ], [ 135.471419728, 34.480998892 ], [ 135.471768054, 34.480998892 ], [ 135.471793891, 34.480885 ], [ 135.472032503, 34.479835279 ], [ 135.471669780000013, 34.479776721 ], [ 135.471501388, 34.479749721 ], [ 135.471324163, 34.479721108 ], [ 135.471276109, 34.479551946 ], [ 135.471372218, 34.478816387 ], [ 135.471240271999989, 34.478627495 ], [ 135.471252217999989, 34.478418613 ], [ 135.471289727999988, 34.478115559 ], [ 135.471301114999989, 34.478024721 ], [ 135.471314449, 34.477916387 ], [ 135.47134834, 34.477642775 ], [ 135.471589169999987, 34.477000279 ], [ 135.471721115, 34.476729162 ], [ 135.471796667, 34.476574162 ], [ 135.471913333, 34.476334162 ], [ 135.472074721000013, 34.476109721 ], [ 135.472249442, 34.475866946 ], [ 135.472620830000011, 34.475410829 ], [ 135.472955253, 34.475 ], [ 135.473166666999987, 34.474740279 ], [ 135.473366667, 34.474494441 ], [ 135.473636667, 34.474212775 ], [ 135.473658054, 34.474190279 ], [ 135.47386666700001, 34.474096108 ], [ 135.474071388, 34.474003892 ], [ 135.474532776, 34.473795559 ], [ 135.474638885, 34.473747775 ], [ 135.474884449, 34.473636946 ], [ 135.474923061, 34.473619441 ], [ 135.475, 34.473584721 ], [ 135.475400830000012, 34.473403892 ], [ 135.475663891000011, 34.473285279 ], [ 135.476242776, 34.472713054 ], [ 135.476720558000011, 34.472241387 ], [ 135.477096394, 34.471898333 ], [ 135.477316667, 34.471655 ], [ 135.477370830000012, 34.471595279 ], [ 135.477453606000012, 34.471504162 ], [ 135.477514163, 34.471437225 ], [ 135.477636939, 34.471301667 ], [ 135.478201388, 34.470903892 ], [ 135.47748083, 34.470038892 ], [ 135.477235837, 34.469924162 ], [ 135.476940272, 34.469786108 ], [ 135.47684416300001, 34.469666667 ], [ 135.476716109, 34.469648333 ], [ 135.476568054000012, 34.469626946 ], [ 135.475871673, 34.469686667 ], [ 135.475799728, 34.469521667 ], [ 135.475772503, 34.46946 ], [ 135.475726394, 34.469354441 ], [ 135.475711946, 34.469321108 ], [ 135.475768612, 34.469071667 ], [ 135.475784162999986, 34.469002775 ], [ 135.475880272000012, 34.468844441 ], [ 135.476337224, 34.468092495 ], [ 135.476745005999987, 34.467421946 ], [ 135.477161167, 34.466666667 ], [ 135.477264163, 34.466479721 ], [ 135.47716834, 34.46642 ], [ 135.477432218, 34.465972495 ], [ 135.477825551, 34.465581667 ], [ 135.477963333, 34.465445 ], [ 135.478513333, 34.464898892 ], [ 135.478583332999989, 34.464872495 ], [ 135.47877749700001, 34.464799441 ], [ 135.479450272, 34.464610279 ], [ 135.47971917000001, 34.464485279 ], [ 135.480199728, 34.464087495 ], [ 135.480343891, 34.463978054 ], [ 135.481040272, 34.463838892 ], [ 135.481400558, 34.46364 ], [ 135.482337497, 34.462844721 ], [ 135.482544721000011, 34.462664162 ], [ 135.482551672999989, 34.462658054 ], [ 135.483333333, 34.461977 ], [ 135.484403332999989, 34.461044721 ], [ 135.484595551000012, 34.461024721 ], [ 135.485321946, 34.461219441 ], [ 135.485584163, 34.461250829 ], [ 135.486052218, 34.461306946 ], [ 135.486539442, 34.461289721 ], [ 135.487140272, 34.461101108 ], [ 135.487555006, 34.460843892 ], [ 135.488176394, 34.460346387 ], [ 135.488311114999988, 34.460329162 ], [ 135.489046939, 34.460517775 ], [ 135.489295836999986, 34.460492225 ], [ 135.489627224, 34.460346387 ], [ 135.490371505000013, 34.459668495 ], [ 135.490456394, 34.459591108 ], [ 135.490732775999987, 34.459132775 ], [ 135.490791115, 34.459036108 ], [ 135.49084, 34.458950559 ], [ 135.490961672999987, 34.458738892 ], [ 135.491091388, 34.458513054 ], [ 135.491256446, 34.458333333 ], [ 135.491288340000011, 34.458298613 ], [ 135.491568054, 34.458101108 ], [ 135.491666667, 34.458058495 ], [ 135.491842502999987, 34.457982495 ], [ 135.491971946, 34.457926387 ], [ 135.492024163, 34.457903892 ], [ 135.492099442000011, 34.457860279 ], [ 135.492925837, 34.457380559 ], [ 135.493236667, 34.457080279 ], [ 135.493373333, 34.456915829 ], [ 135.493671946, 34.456556946 ], [ 135.493869170000011, 34.456428892 ], [ 135.494200557999989, 34.456213613 ], [ 135.494515837, 34.455917495 ], [ 135.494774721, 34.455454162 ], [ 135.494900558000012, 34.455039441 ], [ 135.495014721, 34.454541667 ], [ 135.495159728, 34.454258613 ], [ 135.496144163, 34.453117775 ], [ 135.496964163, 34.45217 ], [ 135.497195551, 34.451689441 ], [ 135.497255279, 34.451574162 ], [ 135.497286108999987, 34.451241387 ], [ 135.49732917, 34.450835559 ], [ 135.497358053999989, 34.450457775 ], [ 135.497386939, 34.450183333 ], [ 135.497406809000012, 34.45 ], [ 135.497422776, 34.449852775 ], [ 135.497394163, 34.449643892 ], [ 135.497379728, 34.449444721 ], [ 135.497401387999986, 34.449200279 ], [ 135.497487782, 34.448842225 ], [ 135.497487782, 34.448716946 ], [ 135.497610272, 34.448189721 ], [ 135.497653332999988, 34.448014441 ], [ 135.497703890999986, 34.447853333 ], [ 135.497675006, 34.447698333 ], [ 135.497675006, 34.447465559 ], [ 135.497660558, 34.44735 ], [ 135.497675006, 34.447230559 ], [ 135.497725279, 34.447033613 ], [ 135.497790272, 34.446846387 ], [ 135.497919728, 34.446667495 ], [ 135.498027782, 34.446506387 ], [ 135.498157497, 34.446351387 ], [ 135.498337224000011, 34.446070559 ], [ 135.49838083, 34.446002775 ], [ 135.498412776, 34.445923054 ], [ 135.49843834, 34.445859721 ], [ 135.498431114999988, 34.445685559 ], [ 135.498395279, 34.445512495 ], [ 135.498344721, 34.445339721 ], [ 135.498193606, 34.445148892 ], [ 135.498150272, 34.445011667 ], [ 135.498128611999988, 34.444838613 ], [ 135.498114449000013, 34.444635829 ], [ 135.498215279, 34.444221946 ], [ 135.498265551, 34.444042775 ], [ 135.498330272, 34.443700559 ], [ 135.498395279, 34.443501108 ], [ 135.498395279, 34.44337 ], [ 135.498431114999988, 34.443202775 ], [ 135.498517497, 34.443071946 ], [ 135.498546667, 34.442961667 ], [ 135.49856083, 34.442908333 ], [ 135.498762503, 34.442524162 ], [ 135.498971388, 34.442154441 ], [ 135.499129728000014, 34.441818054 ], [ 135.499192633, 34.441666667 ], [ 135.499252218, 34.441523333 ], [ 135.499266667, 34.441403892 ], [ 135.499273891, 34.441201108 ], [ 135.499252218, 34.440870829 ], [ 135.49920917, 34.440546387 ], [ 135.499144163000011, 34.440227775 ], [ 135.499086667, 34.440048892 ], [ 135.498978612, 34.439855559 ], [ 135.498848885, 34.439670559 ], [ 135.498596939, 34.439408054 ], [ 135.498481672999986, 34.439268613 ], [ 135.498337497, 34.439128892 ], [ 135.498287224, 34.439057225 ], [ 135.49825834, 34.438967775 ], [ 135.498229442, 34.438794721 ], [ 135.49820083, 34.438517225 ], [ 135.498171946000014, 34.438361946 ], [ 135.498179169999986, 34.438188892 ], [ 135.498179169999986, 34.437848892 ], [ 135.498186393999987, 34.437753613 ], [ 135.498292114, 34.437622162 ], [ 135.498301672999986, 34.437610279 ], [ 135.498517497, 34.437383613 ], [ 135.498611388, 34.437234441 ], [ 135.49882, 34.437013892 ], [ 135.498942503, 34.436858613 ], [ 135.499065006, 34.436703613 ], [ 135.499258054, 34.436510559 ], [ 135.499401946, 34.436355559 ], [ 135.499531673, 34.436158613 ], [ 135.499639728, 34.435973613 ], [ 135.499704449, 34.435794721 ], [ 135.499740558000013, 34.435669441 ], [ 135.499733333, 34.435436667 ], [ 135.499740558000013, 34.435275559 ], [ 135.499726109, 34.435109721 ], [ 135.499704449, 34.434936946 ], [ 135.499697223999988, 34.434823613 ], [ 135.499726109, 34.434692225 ], [ 135.499742776, 34.43466 ], [ 135.499769442, 34.434608613 ], [ 135.499985551, 34.434448054 ], [ 135.5, 34.434434081 ], [ 135.500115005999987, 34.434322775 ], [ 135.500215837000013, 34.434143613 ], [ 135.500309442, 34.433976667 ], [ 135.500424721, 34.433851387 ], [ 135.500511115, 34.433779721 ], [ 135.500626394, 34.433743892 ], [ 135.500777782, 34.433678333 ], [ 135.500964721, 34.433702225 ], [ 135.501389728, 34.433785829 ], [ 135.50154083000001, 34.433791667 ], [ 135.501692217999988, 34.433791667 ], [ 135.501821673, 34.433797775 ], [ 135.501929728, 34.433779721 ], [ 135.502066667, 34.433791667 ], [ 135.502275551, 34.433815559 ], [ 135.502422503, 34.433839441 ], [ 135.502559170000012, 34.433869162 ], [ 135.502688885, 34.433887225 ], [ 135.502825836999989, 34.433869162 ], [ 135.502912218, 34.433845279 ], [ 135.503048885, 34.43375 ], [ 135.503179921999987, 34.433617027 ], [ 135.503272218, 34.433523333 ], [ 135.503473891, 34.433391946 ], [ 135.503596394, 34.433356108 ], [ 135.503754721, 34.433391946 ], [ 135.503891673, 34.433457495 ], [ 135.504042503, 34.433505279 ], [ 135.504222776, 34.433559162 ], [ 135.504381115, 34.433588892 ], [ 135.504559728, 34.433588892 ], [ 135.504840558000012, 34.433559162 ], [ 135.505042218, 34.433541108 ], [ 135.505135837000012, 34.433565 ], [ 135.505229442, 34.433654441 ], [ 135.50535917, 34.43375 ], [ 135.505604162999987, 34.433869162 ], [ 135.505748054, 34.433946946 ], [ 135.505906667, 34.434000559 ], [ 135.506000272, 34.434018333 ], [ 135.506110557999989, 34.434006387 ], [ 135.506315551, 34.433983892 ], [ 135.506668612, 34.433810829 ], [ 135.506737496999989, 34.433777495 ], [ 135.506841388, 34.433727225 ], [ 135.507028612, 34.433667495 ], [ 135.507266109, 34.433613892 ], [ 135.507431673000013, 34.433560279 ], [ 135.507597224, 34.433476667 ], [ 135.507726939, 34.433387225 ], [ 135.507849442, 34.433357495 ], [ 135.507900441, 34.433333333 ], [ 135.508051115, 34.433261946 ], [ 135.508202218, 34.433244162 ], [ 135.508333333, 34.433235108 ], [ 135.508375279, 34.433232225 ], [ 135.508526394, 34.433160559 ], [ 135.508670558, 34.433041387 ], [ 135.508743891, 34.432899441 ], [ 135.508808885, 34.43284 ], [ 135.508931115, 34.432780279 ], [ 135.509054449, 34.43275 ], [ 135.509197224, 34.432714721 ], [ 135.509197782, 34.432714721 ], [ 135.509370558, 34.432678892 ], [ 135.509543333000011, 34.432648892 ], [ 135.50971610900001, 34.432613054 ], [ 135.509905006, 34.432572495 ], [ 135.509991388, 34.432525 ], [ 135.510063333, 34.432441387 ], [ 135.510164163000013, 34.432328054 ], [ 135.510250558, 34.432244441 ], [ 135.510336939000013, 34.432184721 ], [ 135.51048083, 34.432077495 ], [ 135.510625006, 34.431958054 ], [ 135.510761673, 34.431820829 ], [ 135.510934721000012, 34.431641946 ], [ 135.511064162999986, 34.431534721 ], [ 135.511143333, 34.431486946 ], [ 135.511294721000013, 34.431433054 ], [ 135.51148917, 34.431421108 ], [ 135.511685006, 34.431433054 ], [ 135.511836394, 34.431421108 ], [ 135.511944449, 34.431391387 ], [ 135.512059442, 34.431331667 ], [ 135.512174721, 34.431307775 ], [ 135.512333332999987, 34.431278054 ], [ 135.512506108999986, 34.431325829 ], [ 135.512678885000014, 34.431343613 ], [ 135.512873332999987, 34.431349721 ], [ 135.513060558, 34.431307775 ], [ 135.513183061, 34.431301946 ], [ 135.513501388, 34.431301946 ], [ 135.513695551000012, 34.431272225 ], [ 135.513875551000012, 34.431242225 ], [ 135.514048612000011, 34.431158892 ], [ 135.514201115, 34.431057495 ], [ 135.514388612, 34.430962225 ], [ 135.514561388, 34.430902495 ], [ 135.514691115, 34.430872775 ], [ 135.514791946, 34.430872775 ], [ 135.514986394, 34.430944162 ], [ 135.515173606, 34.431003892 ], [ 135.515389728, 34.431087495 ], [ 135.51551917, 34.431099441 ], [ 135.515634449, 34.431105279 ], [ 135.515836109, 34.431099441 ], [ 135.515980272, 34.431069441 ], [ 135.516220921000013, 34.431017162 ], [ 135.516253891, 34.43101 ], [ 135.516521673, 34.430932225 ], [ 135.51666666700001, 34.430877027 ], [ 135.516709170000013, 34.430860829 ], [ 135.516852776, 34.430765279 ], [ 135.516996939, 34.430729441 ], [ 135.517162503, 34.430651946 ], [ 135.517325279, 34.43056 ], [ 135.517598885000012, 34.430470559 ], [ 135.517815006, 34.430375279 ], [ 135.518088612000014, 34.430243892 ], [ 135.518270272, 34.430178333 ], [ 135.518428612, 34.430148333 ], [ 135.518529441999988, 34.430160279 ], [ 135.518637496999986, 34.430226108 ], [ 135.518723891, 34.430243892 ], [ 135.51891834, 34.430214162 ], [ 135.51894, 34.430261946 ], [ 135.518903891, 34.430351946 ], [ 135.518875279000014, 34.430422775 ], [ 135.518817496999986, 34.430506387 ], [ 135.518932776000014, 34.430619721 ], [ 135.519035006, 34.430711667 ], [ 135.519114449, 34.430765279 ], [ 135.51928, 34.430854721 ], [ 135.519388054, 34.430944162 ], [ 135.519496108999988, 34.431033892 ], [ 135.519589728, 34.431170829 ], [ 135.519676108999988, 34.431105279 ], [ 135.519775551, 34.431020279 ], [ 135.519891946, 34.430920279 ], [ 135.520105006, 34.430795 ], [ 135.520313891, 34.430693613 ], [ 135.520443605999986, 34.430586387 ], [ 135.520623605999987, 34.430496946 ], [ 135.521158054000011, 34.430276108 ], [ 135.521510830000011, 34.430156946 ], [ 135.521712503, 34.430085279 ], [ 135.521849442, 34.430067225 ], [ 135.521926109, 34.430080829 ], [ 135.52211834, 34.430196387 ], [ 135.52221, 34.430225279 ], [ 135.522336394, 34.430236387 ], [ 135.522649441999988, 34.430265829 ], [ 135.522823061, 34.430282225 ], [ 135.522986939, 34.430279721 ], [ 135.523104448999987, 34.430254441 ], [ 135.523283891, 34.430174721 ], [ 135.523525837, 34.430035 ], [ 135.523741946, 34.429838333 ], [ 135.523871673, 34.429742775 ], [ 135.524066108999989, 34.429587775 ], [ 135.524336667, 34.429475829 ], [ 135.524423332999987, 34.429416108 ], [ 135.524516939, 34.429308892 ], [ 135.52463917, 34.429095279 ], [ 135.524754449, 34.428808892 ], [ 135.524970558, 34.42821 ], [ 135.525, 34.428139468 ], [ 135.525030272, 34.428066946 ], [ 135.525173061, 34.427725829 ], [ 135.52533083, 34.427348613 ], [ 135.525417224, 34.427128054 ], [ 135.52553917, 34.426855559 ], [ 135.525617224, 34.426681667 ], [ 135.525754162999988, 34.426544721 ], [ 135.525991946, 34.426329721 ], [ 135.526042217999986, 34.426192495 ], [ 135.526056667, 34.426025559 ], [ 135.526031115, 34.425897225 ], [ 135.526031115, 34.425896946 ], [ 135.526006394, 34.425772495 ], [ 135.526013606, 34.425671108 ], [ 135.52607834, 34.425516108 ], [ 135.526186394, 34.425406387 ], [ 135.526225278999988, 34.425372495 ], [ 135.526330272, 34.425281108 ], [ 135.526503333, 34.425137775 ], [ 135.526531946, 34.425007775 ], [ 135.526532412, 34.425 ], [ 135.52653917, 34.424888892 ], [ 135.526510558000012, 34.424787495 ], [ 135.526402503000014, 34.424596387 ], [ 135.526315837, 34.424436667 ], [ 135.526215006, 34.424168054 ], [ 135.526150272, 34.424036946 ], [ 135.526114162999988, 34.423893613 ], [ 135.526121388, 34.423804162 ], [ 135.526157497000014, 34.423714721 ], [ 135.526208054, 34.423643054 ], [ 135.526301673, 34.423535829 ], [ 135.526351946, 34.423452225 ], [ 135.526337496999986, 34.423280559 ], [ 135.526265551, 34.423137225 ], [ 135.526186394, 34.423018054 ], [ 135.526056667, 34.422910559 ], [ 135.525934162999988, 34.422815279 ], [ 135.525754162999988, 34.422701946 ], [ 135.525288885, 34.422278333 ], [ 135.525216938999989, 34.422218892 ], [ 135.525180830000011, 34.422117495 ], [ 135.525195279, 34.422033892 ], [ 135.525231388, 34.421950559 ], [ 135.525297497, 34.421846667 ], [ 135.52539834000001, 34.421721387 ], [ 135.525542503, 34.42162 ], [ 135.525650558, 34.421494721 ], [ 135.525794448999989, 34.421369441 ], [ 135.525909727999988, 34.421268054 ], [ 135.525953061, 34.421160559 ], [ 135.525981673, 34.421029441 ], [ 135.526025006, 34.420886108 ], [ 135.526017782, 34.420731108 ], [ 135.525960272, 34.420534162 ], [ 135.525895279, 34.420438613 ], [ 135.525931388, 34.420295559 ], [ 135.525960272, 34.420134441 ], [ 135.526003333, 34.420033054 ], [ 135.526056394, 34.419951387 ], [ 135.526024449, 34.419089162 ], [ 135.52587834, 34.418596387 ], [ 135.52573888500001, 34.418249441 ], [ 135.525752503, 34.417967495 ], [ 135.525834163000013, 34.417511108 ], [ 135.52584083, 34.417229441 ], [ 135.52581583700001, 34.416766946 ], [ 135.525794475, 34.416666667 ], [ 135.525718612, 34.416310559 ], [ 135.52570500600001, 34.416085279 ], [ 135.525718612, 34.415933054 ], [ 135.525763606, 34.415731108 ], [ 135.52588834, 34.415487775 ], [ 135.526133061, 34.415127225 ], [ 135.526228054, 34.414980559 ], [ 135.526663061, 34.414721387 ], [ 135.526724163000011, 34.414636667 ], [ 135.526798885, 34.414546667 ], [ 135.526866939, 34.414439441 ], [ 135.526900829999988, 34.414349441 ], [ 135.526921388, 34.414197225 ], [ 135.526956939, 34.413928892 ], [ 135.526914449, 34.413718054 ], [ 135.526839728, 34.413599721 ], [ 135.526690272, 34.413441946 ], [ 135.526540829999988, 34.413312495 ], [ 135.526323891, 34.413123892 ], [ 135.526262218, 34.412968613 ], [ 135.526241672999987, 34.412884162 ], [ 135.526180558, 34.412748892 ], [ 135.526126393999988, 34.412686667 ], [ 135.525883333, 34.412522775 ], [ 135.525705550999987, 34.412308333 ], [ 135.52546722400001, 34.412207775 ], [ 135.525351672999989, 34.412134441 ], [ 135.525276939, 34.412049721 ], [ 135.525208885000012, 34.411891946 ], [ 135.525203606, 34.411846108 ], [ 135.525202218, 34.411835559 ], [ 135.525188612, 34.411801667 ], [ 135.525175006000012, 34.411706108 ], [ 135.525079728, 34.411294441 ], [ 135.525, 34.410871495 ], [ 135.524977782, 34.410753613 ], [ 135.524937224000013, 34.410274441 ], [ 135.524896394, 34.409970279 ], [ 135.524876109, 34.409874441 ], [ 135.524862503, 34.409705279 ], [ 135.525, 34.409389414 ], [ 135.525039170000014, 34.409299441 ], [ 135.525113891, 34.409130279 ], [ 135.525215837, 34.408769441 ], [ 135.525367224, 34.408516946 ], [ 135.525367224, 34.40843 ], [ 135.525193943, 34.408333333 ], [ 135.525168054, 34.408318892 ], [ 135.525106939000011, 34.408285 ], [ 135.525, 34.408203946 ], [ 135.52495083, 34.408166667 ], [ 135.524821673, 34.408042775 ], [ 135.524746939000011, 34.407958054 ], [ 135.524549728000011, 34.407569162 ], [ 135.524407223999987, 34.407219721 ], [ 135.524346109, 34.407022495 ], [ 135.524333332999987, 34.406723054 ], [ 135.524284720999987, 34.406582775 ], [ 135.524115005999988, 34.406481387 ], [ 135.523734721000011, 34.406250279 ], [ 135.523272776, 34.405985279 ], [ 135.52317083, 34.405765559 ], [ 135.523150272, 34.405675559 ], [ 135.523150272, 34.405523333 ], [ 135.523408612, 34.405083613 ], [ 135.523462776, 34.405010279 ], [ 135.523646109, 34.404598892 ], [ 135.523847224, 34.404320829 ], [ 135.524046938999987, 34.404238054 ], [ 135.524169441999987, 34.404091667 ], [ 135.524273891, 34.40393 ], [ 135.524366394, 34.403787225 ], [ 135.52422834, 34.403556108 ], [ 135.52397917, 34.403494441 ], [ 135.523911115, 34.403471946 ], [ 135.52376834, 34.403404162 ], [ 135.523700558, 34.403297225 ], [ 135.52368, 34.403218054 ], [ 135.523673333, 34.403071667 ], [ 135.523557782000012, 34.402660279 ], [ 135.523177224, 34.402231667 ], [ 135.522851115, 34.401808892 ], [ 135.522721946, 34.40164 ], [ 135.522667496999986, 34.401532775 ], [ 135.522654163, 34.401481946 ], [ 135.522503333, 34.401170829 ], [ 135.52248, 34.401060829 ], [ 135.522463891, 34.400935279 ], [ 135.522497781999988, 34.400811387 ], [ 135.522552217999987, 34.400687225 ], [ 135.522701673, 34.400433892 ], [ 135.522737497, 34.400213333 ], [ 135.522690829999988, 34.400070829 ], [ 135.522609494, 34.4 ], [ 135.522531673, 34.399932225 ], [ 135.522355006, 34.399875829 ], [ 135.522110558, 34.399819441 ], [ 135.521981388, 34.399802495 ], [ 135.521342503, 34.399802495 ], [ 135.521227497000012, 34.399757495 ], [ 135.521173061000013, 34.399718054 ], [ 135.521030272, 34.399560279 ], [ 135.520962503, 34.399447495 ], [ 135.520843061, 34.399320559 ], [ 135.520602218, 34.399064162 ], [ 135.520276109, 34.398731667 ], [ 135.520194449, 34.398601946 ], [ 135.520092503, 34.398156667 ], [ 135.520085837000011, 34.397914162 ], [ 135.520038340000013, 34.397835279 ], [ 135.519956667, 34.397778892 ], [ 135.519813891000013, 34.397694721 ], [ 135.51971834, 34.397472775 ], [ 135.519686939, 34.397343333 ], [ 135.519650829999989, 34.397232495 ], [ 135.519488884999987, 34.396925 ], [ 135.519487497, 34.396922495 ], [ 135.519392503, 34.396764721 ], [ 135.519311945999988, 34.396592495 ], [ 135.519327497, 34.39645 ], [ 135.519569170000011, 34.396381387 ], [ 135.519650558, 34.396364441 ], [ 135.51984083, 34.396302495 ], [ 135.52005834, 34.396212225 ], [ 135.520233333, 34.396100559 ], [ 135.520295837, 34.395984162 ], [ 135.520316667, 34.395772495 ], [ 135.520296108999986, 34.395626108 ], [ 135.52022138800001, 34.395383613 ], [ 135.520166939, 34.395276667 ], [ 135.519888611999988, 34.394848613 ], [ 135.519806939, 34.394656946 ], [ 135.51973888500001, 34.394341108 ], [ 135.519670558, 34.394113892 ], [ 135.519460272, 34.393918333 ], [ 135.51932444900001, 34.3938 ], [ 135.519304162999987, 34.393704162 ], [ 135.51932444900001, 34.393681667 ], [ 135.519365279, 34.393630829 ], [ 135.519487497, 34.393546387 ], [ 135.519779728, 34.393388892 ], [ 135.519969728, 34.393298333 ], [ 135.520091946, 34.393135 ], [ 135.520119169999987, 34.393056108 ], [ 135.520139728, 34.392999721 ], [ 135.520146394, 34.392791108 ], [ 135.520132776, 34.392746108 ], [ 135.520071673, 34.392306387 ], [ 135.520051388000013, 34.392165279 ], [ 135.520044449000011, 34.391951108 ], [ 135.52006500600001, 34.391753892 ], [ 135.52006500600001, 34.391666667 ], [ 135.52006500600001, 34.391286387 ], [ 135.520112503, 34.391083333 ], [ 135.520132776, 34.390903054 ], [ 135.520132776, 34.390728333 ], [ 135.520061387999988, 34.390536667 ], [ 135.51988834, 34.390316946 ], [ 135.519745551, 34.390074441 ], [ 135.51968444900001, 34.389944721 ], [ 135.519636666999986, 34.389775829 ], [ 135.519686667, 34.389552775 ], [ 135.519820272, 34.389285279 ], [ 135.519808885, 34.389066108 ], [ 135.519806667000012, 34.389020279 ], [ 135.519779441999987, 34.388901946 ], [ 135.519704448999988, 34.388749721 ], [ 135.519701115, 34.38855 ], [ 135.519711388, 34.388343892 ], [ 135.51969083, 34.388276387 ], [ 135.519595837, 34.388197495 ], [ 135.519351115, 34.388073333 ], [ 135.519256109, 34.388 ], [ 135.519138885, 34.387773333 ], [ 135.51894333300001, 34.387583054 ], [ 135.518705551000011, 34.387419441 ], [ 135.518501673, 34.387306946 ], [ 135.518406667, 34.387239441 ], [ 135.518280272, 34.387061387 ], [ 135.51823, 34.386811108 ], [ 135.518216394, 34.386788613 ], [ 135.51793111500001, 34.386427775 ], [ 135.517695837, 34.386148613 ], [ 135.517543606, 34.385954162 ], [ 135.51721083000001, 34.385818892 ], [ 135.517068054, 34.385745829 ], [ 135.516993332999988, 34.385644162 ], [ 135.51696664100001, 34.385569829 ], [ 135.516823333, 34.385170829 ], [ 135.516816667, 34.385103054 ], [ 135.516673891000011, 34.384657775 ], [ 135.51666666700001, 34.384648613 ], [ 135.516573606, 34.384530559 ], [ 135.516259442, 34.384421108 ], [ 135.516082776, 34.384347775 ], [ 135.51598083, 34.384313892 ], [ 135.515858611999988, 34.384296946 ], [ 135.51559360600001, 34.384296946 ], [ 135.515449170000011, 34.384271667 ], [ 135.515213061, 34.384099721 ], [ 135.51505, 34.383970279 ], [ 135.514730558, 34.383733333 ], [ 135.514322776, 34.383366946 ], [ 135.514278002999987, 34.383333333 ], [ 135.514180272, 34.38326 ], [ 135.51382, 34.383023054 ], [ 135.513439442, 34.382752495 ], [ 135.513181115, 34.382544441 ], [ 135.512977497, 34.382380559 ], [ 135.512508612, 34.382081946 ], [ 135.512196109, 34.381867775 ], [ 135.512012503, 34.381755 ], [ 135.511792503, 34.381611946 ], [ 135.511536939, 34.381574441 ], [ 135.511265006, 34.381602775 ], [ 135.511244721, 34.381613892 ], [ 135.511101946, 34.381642225 ], [ 135.510966109, 34.381676108 ], [ 135.510864163, 34.381692775 ], [ 135.510699442, 34.381689721 ], [ 135.510543332999987, 34.381650829 ], [ 135.510286667, 34.381529441 ], [ 135.510041946, 34.381495559 ], [ 135.50966834, 34.381495559 ], [ 135.509172218, 34.381636667 ], [ 135.50888, 34.381636667 ], [ 135.50856083, 34.381518054 ], [ 135.508333333, 34.381453946 ], [ 135.507861115, 34.381320829 ], [ 135.507691388000012, 34.381309721 ], [ 135.507331115, 34.381298333 ], [ 135.506855551, 34.381315279 ], [ 135.506434163, 34.381332225 ], [ 135.506318612, 34.381349162 ], [ 135.506073332999989, 34.381546946 ], [ 135.505748054, 34.381709721 ], [ 135.505435551, 34.381861946 ], [ 135.505265837, 34.381912775 ], [ 135.505129727999986, 34.381929721 ], [ 135.504647497, 34.381901387 ], [ 135.504545551, 34.381907225 ], [ 135.504301115, 34.381895829 ], [ 135.504269883, 34.381890027 ], [ 135.504090272000013, 34.381856667 ], [ 135.503824721, 34.381675559 ], [ 135.503668612000013, 34.381585 ], [ 135.503608054000011, 34.38149 ], [ 135.503567224, 34.381349162 ], [ 135.503499442, 34.381174441 ], [ 135.503456109000012, 34.381102775 ], [ 135.503445006, 34.381084162 ], [ 135.503329442, 34.380999721 ], [ 135.503178053999989, 34.380831946 ], [ 135.503115551, 34.380728333 ], [ 135.50310527900001, 34.380588054 ], [ 135.503111946, 34.380452775 ], [ 135.503227497000012, 34.380041387 ], [ 135.503318611999987, 34.379873892 ], [ 135.503318611999987, 34.379783333 ], [ 135.503281945999987, 34.379630279 ], [ 135.50310527900001, 34.379500559 ], [ 135.502772218, 34.379314441 ], [ 135.502504721, 34.379134162 ], [ 135.502323891, 34.378981946 ], [ 135.502310271999988, 34.378965 ], [ 135.502167496999988, 34.378750829 ], [ 135.502004449, 34.378536667 ], [ 135.501834449, 34.378068892 ], [ 135.501822672, 34.378049 ], [ 135.501630830000011, 34.377725 ], [ 135.501542503, 34.377629162 ], [ 135.501094163, 34.377251667 ], [ 135.500951388, 34.377099441 ], [ 135.500747782, 34.376817775 ], [ 135.500659727999988, 34.376580279 ], [ 135.500625279, 34.376400559 ], [ 135.500652503, 34.376231387 ], [ 135.500659442, 34.376039721 ], [ 135.500638885, 34.375881946 ], [ 135.500611673, 34.37582 ], [ 135.500575006, 34.375655829 ], [ 135.500529441999987, 34.375592775 ], [ 135.500469442, 34.37551 ], [ 135.500343332999989, 34.375376108 ], [ 135.500156667, 34.375284441 ], [ 135.5, 34.375219495 ], [ 135.499966394000012, 34.375205559 ], [ 135.499830558000014, 34.375171946 ], [ 135.499715006, 34.375171946 ], [ 135.499456394, 34.375245279 ], [ 135.499185006, 34.375352225 ], [ 135.499110272, 34.375391667 ], [ 135.498838611999986, 34.375459162 ], [ 135.498695837000014, 34.375465 ], [ 135.498600829999987, 34.375453613 ], [ 135.498426109, 34.375400559 ], [ 135.498138885, 34.375256667 ], [ 135.497814332, 34.375 ], [ 135.497805551, 34.374993054 ], [ 135.497697224, 34.374907225 ], [ 135.497531946, 34.374688613 ], [ 135.497384449, 34.374676946 ], [ 135.497277782, 34.374782775 ], [ 135.497194449, 34.374861946 ], [ 135.496787782000013, 34.374755279 ], [ 135.496320272, 34.37465 ], [ 135.495483891, 34.374482775 ], [ 135.494408612, 34.374216946 ], [ 135.493600272, 34.373912495 ], [ 135.492876667, 34.373601387 ], [ 135.492713839, 34.373542532 ], [ 135.492616109000011, 34.373507225 ], [ 135.492302503, 34.373385279 ], [ 135.491961673, 34.373318892 ], [ 135.491681115, 34.373274721 ], [ 135.491666667, 34.373273 ], [ 135.491260272, 34.373224721 ], [ 135.491013061, 34.373136108 ], [ 135.490785550999988, 34.372913333 ], [ 135.490712218, 34.372725 ], [ 135.490618612, 34.372403892 ], [ 135.490598612000014, 34.372215559 ], [ 135.490678339999988, 34.371721387 ], [ 135.490671673, 34.371450559 ], [ 135.490625005999988, 34.371256667 ], [ 135.490545006, 34.371073892 ], [ 135.49053834, 34.370957775 ], [ 135.490725551, 34.370387495 ], [ 135.490772217999989, 34.370242775 ], [ 135.490751945999989, 34.370115279 ], [ 135.490720272, 34.370036387 ], [ 135.490698611999989, 34.369982495 ], [ 135.490517782000012, 34.369792775 ], [ 135.490063606, 34.369333333 ], [ 135.489902218, 34.369009441 ], [ 135.489788612000012, 34.368666108 ], [ 135.489748612, 34.368366946 ], [ 135.489795006, 34.367870829 ], [ 135.489795006, 34.367732495 ], [ 135.489755006, 34.367433333 ], [ 135.48971, 34.367255559 ], [ 135.48964834, 34.367013054 ], [ 135.489616743999989, 34.366666667 ], [ 135.489615006, 34.366647495 ], [ 135.489595006, 34.366188054 ], [ 135.48948, 34.365789162 ], [ 135.489391673, 34.365618613 ], [ 135.489207782, 34.365441946 ], [ 135.489038612, 34.365307775 ], [ 135.488581946000011, 34.365019721 ], [ 135.488339442000012, 34.364916387 ], [ 135.487935005999987, 34.364788333 ], [ 135.48783917, 34.364708892 ], [ 135.48772167300001, 34.364587225 ], [ 135.48758917, 34.364446946 ], [ 135.487243606, 34.364160279 ], [ 135.486816939, 34.363782495 ], [ 135.486191115, 34.363348333 ], [ 135.485376108999986, 34.362832495 ], [ 135.484593061, 34.362267495 ], [ 135.483760272000012, 34.361516946 ], [ 135.483333333, 34.361112225 ], [ 135.483050272000014, 34.360843892 ], [ 135.482573061000011, 34.360550279 ], [ 135.481856109, 34.360146946 ], [ 135.481682503, 34.360074441 ], [ 135.48161, 34.36002 ], [ 135.481557497000011, 34.359873054 ], [ 135.481518054, 34.359349162 ], [ 135.481458885, 34.359251387 ], [ 135.481248612, 34.359104162 ], [ 135.480563891, 34.35864 ], [ 135.480282776, 34.358504721 ], [ 135.480235279, 34.358481946 ], [ 135.479784086, 34.358333333 ], [ 135.47943917, 34.358219721 ], [ 135.479288054, 34.358116108 ], [ 135.478642775999987, 34.35725 ], [ 135.478187497, 34.356417495 ], [ 135.478143891, 34.356338054 ], [ 135.477877224, 34.355992775 ], [ 135.477565006, 34.355723613 ], [ 135.477352503, 34.355526667 ], [ 135.477258612000014, 34.355428333 ], [ 135.477246394, 34.355360829 ], [ 135.477246394, 34.355246946 ], [ 135.477358885, 34.354791387 ], [ 135.477502503000011, 34.354542775 ], [ 135.47775, 34.354172775 ], [ 135.477791673000013, 34.353896387 ], [ 135.477770558, 34.353741387 ], [ 135.477739727999989, 34.353553892 ], [ 135.477662503, 34.353434721 ], [ 135.477477497, 34.353285559 ], [ 135.477101673, 34.353147775 ], [ 135.476762218, 34.353075559 ], [ 135.475638885, 34.353057225 ], [ 135.475325966000014, 34.352983802 ], [ 135.475, 34.35290736 ], [ 135.47486917, 34.352876667 ], [ 135.47465834, 34.352861108 ], [ 135.47434834, 34.352902225 ], [ 135.474091945999987, 34.352984721 ], [ 135.473508885, 34.353251946 ], [ 135.47336, 34.353282775 ], [ 135.473236109, 34.353272495 ], [ 135.47256, 34.352979441 ], [ 135.472230272, 34.352813892 ], [ 135.471827224, 34.352546667 ], [ 135.471635006000014, 34.352305 ], [ 135.471569728, 34.352118892 ], [ 135.471523333, 34.351986387 ], [ 135.471448054, 34.351763892 ], [ 135.471317782, 34.351599441 ], [ 135.470964449, 34.351306387 ], [ 135.47071, 34.351116387 ], [ 135.470423061, 34.350873613 ], [ 135.470236938999989, 34.350606387 ], [ 135.470094163, 34.350472775 ], [ 135.46963555100001, 34.350303054 ], [ 135.468989169999986, 34.350188892 ], [ 135.468275837, 34.350147775 ], [ 135.46794083, 34.350050279 ], [ 135.467832412, 34.35 ], [ 135.46773, 34.349952495 ], [ 135.467589364, 34.349871973 ], [ 135.467349727999988, 34.349734721 ], [ 135.467114163, 34.349534162 ], [ 135.466940558, 34.349293054 ], [ 135.466865551000012, 34.349126667 ], [ 135.466666667, 34.348523919 ], [ 135.466592502999987, 34.348299162 ], [ 135.466483333000014, 34.348002225 ], [ 135.46643083, 34.347859162 ], [ 135.466313061, 34.34771 ], [ 135.465916109, 34.347427225 ], [ 135.465705006, 34.347334721 ], [ 135.46554389100001, 34.347319441 ], [ 135.465407497, 34.347355279 ], [ 135.464941388, 34.347571946 ], [ 135.464438339999987, 34.347896387 ], [ 135.463895551, 34.348098054 ], [ 135.463843061, 34.348117495 ], [ 135.463489442, 34.348251108 ], [ 135.463241388, 34.348281946 ], [ 135.462999442000012, 34.348281946 ], [ 135.462801115, 34.348230559 ], [ 135.462602503, 34.348066108 ], [ 135.462438885000012, 34.347895559 ], [ 135.462327224, 34.347808054 ], [ 135.462184721, 34.347761946 ], [ 135.461930271999989, 34.347751667 ], [ 135.461539728, 34.347777225 ], [ 135.46083083, 34.347839162 ], [ 135.46053917, 34.347808333 ], [ 135.460011946, 34.347602775 ], [ 135.45928, 34.347530829 ], [ 135.458333333000013, 34.34735936 ], [ 135.458198885, 34.347335 ], [ 135.45790138800001, 34.347309441 ], [ 135.457746939, 34.347321946 ], [ 135.457585005999988, 34.347335 ], [ 135.457001946, 34.347489441 ], [ 135.456069442, 34.347695279 ], [ 135.455846109, 34.347803054 ], [ 135.455573333, 34.348049721 ], [ 135.455263061000011, 34.348496946 ], [ 135.455200272000013, 34.348641946 ], [ 135.455125837, 34.348976108 ], [ 135.455045278999989, 34.349053333 ], [ 135.454747497, 34.349238333 ], [ 135.45448083, 34.349413054 ], [ 135.454438054, 34.349434441 ], [ 135.453921673, 34.349691667 ], [ 135.453605278999987, 34.349804721 ], [ 135.453419169999989, 34.349861108 ], [ 135.453127782, 34.349861108 ], [ 135.453034721, 34.349830279 ], [ 135.452816939, 34.349686667 ], [ 135.452525551, 34.349419162 ], [ 135.452265006, 34.349275279 ], [ 135.451921115, 34.349125829 ], [ 135.451815837, 34.349105279 ], [ 135.451685551, 34.349115559 ], [ 135.451536667, 34.349146387 ], [ 135.451319442, 34.349213333 ], [ 135.450984721, 34.349398333 ], [ 135.45078, 34.349521667 ], [ 135.450612503, 34.349547495 ], [ 135.450358054, 34.349542225 ], [ 135.450042218, 34.349480559 ], [ 135.45, 34.34947 ], [ 135.448972776, 34.349213613 ], [ 135.448791946, 34.349187775 ], [ 135.448649442, 34.349187775 ], [ 135.448500558, 34.349234162 ], [ 135.448159442, 34.349342225 ], [ 135.447954721, 34.349393613 ], [ 135.447762503, 34.349424441 ], [ 135.447626109, 34.349424441 ], [ 135.447625550999987, 34.349424333 ], [ 135.447533333, 34.349403892 ], [ 135.447322218000011, 34.349275279 ], [ 135.447092218, 34.348986946 ], [ 135.446974163, 34.348843054 ], [ 135.446825550999989, 34.348719721 ], [ 135.446360272, 34.348478333 ], [ 135.445912502999988, 34.348287225 ], [ 135.444913332999988, 34.347926946 ], [ 135.444478339999989, 34.347782495 ], [ 135.44415917, 34.347711946 ], [ 135.442525837, 34.347520829 ], [ 135.442383891, 34.347504162 ], [ 135.441752218, 34.347377495 ], [ 135.441666667, 34.347374721 ], [ 135.44148, 34.347368613 ], [ 135.441295551, 34.347424441 ], [ 135.441160558, 34.347519162 ], [ 135.44099472100001, 34.347734162 ], [ 135.440756109, 34.347863054 ], [ 135.44056917, 34.347914721 ], [ 135.440071388, 34.347863054 ], [ 135.439583606000014, 34.34776 ], [ 135.439261945999988, 34.347708333 ], [ 135.438923891, 34.347731946 ], [ 135.438573606, 34.347791387 ], [ 135.438124448999986, 34.347962495 ], [ 135.437881946, 34.348029721 ], [ 135.437639442, 34.348059162 ], [ 135.437415279, 34.348036667 ], [ 135.436956939, 34.348029441 ], [ 135.436786394, 34.348066667 ], [ 135.436649442, 34.348169721 ], [ 135.436546666999988, 34.348240559 ], [ 135.436409728, 34.348403892 ], [ 135.436221388, 34.348588333 ], [ 135.435955837, 34.348652225 ], [ 135.435947497, 34.348653054 ], [ 135.43563917, 34.348687495 ], [ 135.43545083, 34.348673333 ], [ 135.435074163, 34.348538613 ], [ 135.434894721, 34.348432225 ], [ 135.434562503, 34.348406667 ], [ 135.434406939000013, 34.348323054 ], [ 135.434396666999987, 34.348314441 ], [ 135.434290272, 34.348226387 ], [ 135.434251388, 34.348136108 ], [ 135.43411917, 34.347988054 ], [ 135.433971388, 34.347865559 ], [ 135.433333333, 34.347689306 ], [ 135.43324834, 34.347665829 ], [ 135.432401115, 34.347459441 ], [ 135.431622503, 34.347349721 ], [ 135.431226939, 34.347209162 ], [ 135.430633891000014, 34.346963613 ], [ 135.430485551, 34.346887495 ], [ 135.430365551, 34.346799721 ], [ 135.430224163, 34.346577495 ], [ 135.430139442000012, 34.346454441 ], [ 135.430019442, 34.346302495 ], [ 135.429864449, 34.346226387 ], [ 135.429297782, 34.345973054 ], [ 135.428874162999989, 34.345721387 ], [ 135.428696939, 34.345562495 ], [ 135.428534449000011, 34.345228892 ], [ 135.428393333, 34.344918892 ], [ 135.428294449, 34.344784162 ], [ 135.428081946, 34.344578054 ], [ 135.428011387999987, 34.344402495 ], [ 135.428039442, 34.344133613 ], [ 135.42811, 34.343911108 ], [ 135.428279728, 34.343657495 ], [ 135.428307782, 34.343552225 ], [ 135.428307782, 34.343487775 ], [ 135.428237223999986, 34.343323892 ], [ 135.427968885000013, 34.342966946 ], [ 135.427855551, 34.342813892 ], [ 135.427665006000012, 34.342415829 ], [ 135.427615279, 34.342357775 ], [ 135.42754444900001, 34.342274441 ], [ 135.427368054, 34.342151387 ], [ 135.427241114999987, 34.342034441 ], [ 135.427092776, 34.341864721 ], [ 135.427035837, 34.341699441 ], [ 135.427027055999986, 34.341666667 ], [ 135.426979442, 34.341488892 ], [ 135.42695834, 34.341254721 ], [ 135.426944163, 34.34112 ], [ 135.426894721, 34.341008892 ], [ 135.426823332999987, 34.340931667 ], [ 135.426661115, 34.340838054 ], [ 135.426531388, 34.340795559 ], [ 135.426124449000014, 34.340662495 ], [ 135.425904721, 34.340573613 ], [ 135.425353890999986, 34.340216667 ], [ 135.425113606, 34.340058613 ], [ 135.425, 34.340014892 ], [ 135.424915836999986, 34.339982495 ], [ 135.424786667, 34.339970279 ], [ 135.424518054, 34.340046387 ], [ 135.424016666999989, 34.340268892 ], [ 135.42374834, 34.340338892 ], [ 135.423501388, 34.340350829 ], [ 135.423141115, 34.340286387 ], [ 135.422851673, 34.340163333 ], [ 135.422265278999987, 34.339952225 ], [ 135.421861388, 34.339806667 ], [ 135.421668885, 34.339764162 ], [ 135.421495551, 34.339769441 ], [ 135.421245551, 34.339828054 ], [ 135.420623333, 34.340061946 ], [ 135.420443891, 34.340125829 ], [ 135.420245005999988, 34.340146946 ], [ 135.419640272, 34.340146946 ], [ 135.419409441999989, 34.340163054 ], [ 135.418877224, 34.340290559 ], [ 135.418561946000011, 34.340311946 ], [ 135.418532503, 34.340308613 ], [ 135.418151673000011, 34.340263892 ], [ 135.417899728, 34.340162225 ], [ 135.417405837, 34.339896387 ], [ 135.41722, 34.339843333 ], [ 135.41684834, 34.339785 ], [ 135.416666666999987, 34.339785 ], [ 135.416578885, 34.339785 ], [ 135.416263606, 34.339822775 ], [ 135.416136109, 34.339838054 ], [ 135.415640272, 34.339902775 ], [ 135.415423890999989, 34.339960279 ], [ 135.415183891, 34.340114162 ], [ 135.415005837, 34.340313054 ], [ 135.414674163, 34.34052 ], [ 135.41454, 34.340657495 ], [ 135.414374163, 34.340895559 ], [ 135.414278612, 34.341006667 ], [ 135.414068054000012, 34.34116 ], [ 135.413831388, 34.341292495 ], [ 135.413217224, 34.341529441 ], [ 135.412949442000013, 34.341650279 ], [ 135.412925357, 34.341666667 ], [ 135.412806667000012, 34.341747495 ], [ 135.412706667, 34.341815279 ], [ 135.412429442, 34.341947775 ], [ 135.411989442, 34.342008613 ], [ 135.41193671900001, 34.342010721 ], [ 135.411131946000012, 34.342042775 ], [ 135.410369728, 34.342026946 ], [ 135.409637497, 34.341956946 ], [ 135.409221388, 34.341938054 ], [ 135.40913834, 34.341908333 ], [ 135.408974449, 34.341842775 ], [ 135.408827691, 34.341666667 ], [ 135.408798053999988, 34.341631108 ], [ 135.408693333, 34.341423333 ], [ 135.40861416300001, 34.340863613 ], [ 135.408541115, 34.340536108 ], [ 135.408333333, 34.340128721 ], [ 135.408321672999989, 34.340105829 ], [ 135.408047782000011, 34.339833613 ], [ 135.407427224, 34.339309162 ], [ 135.407072776, 34.339 ], [ 135.406993605999986, 34.338894162 ], [ 135.406932776, 34.338773054 ], [ 135.406920558, 34.338561387 ], [ 135.406987496999989, 34.337772775 ], [ 135.407036108999989, 34.337243333 ], [ 135.407061387999988, 34.336626108 ], [ 135.406931777000011, 34.336276532 ], [ 135.406903605999986, 34.336200559 ], [ 135.406767224, 34.335475 ], [ 135.406585006, 34.335278613 ], [ 135.406038612, 34.334961108 ], [ 135.405893061, 34.334817775 ], [ 135.405801115, 34.334315559 ], [ 135.40571, 34.334028333 ], [ 135.405573333, 34.333877225 ], [ 135.405427497, 34.333854441 ], [ 135.40519083, 34.333952775 ], [ 135.40478083, 34.334066108 ], [ 135.404407497, 34.334103892 ], [ 135.404106939, 34.334096387 ], [ 135.40325083, 34.333892225 ], [ 135.402877497, 34.333733613 ], [ 135.402595279, 34.333476667 ], [ 135.402556744, 34.333333333 ], [ 135.40248917, 34.333081946 ], [ 135.402447497, 34.333062495 ], [ 135.402279728, 34.332983613 ], [ 135.401924449, 34.332719162 ], [ 135.401739728, 34.332685865 ], [ 135.401715005999989, 34.332681387 ], [ 135.401450829999987, 34.332779721 ], [ 135.401050272, 34.332862775 ], [ 135.400776939, 34.332832495 ], [ 135.400303606, 34.332568054 ], [ 135.4, 34.332602081 ], [ 135.399629442, 34.332643613 ], [ 135.399137497, 34.3325 ], [ 135.398821672999986, 34.332336721 ], [ 135.398655006000013, 34.332250559 ], [ 135.398217781999989, 34.331827495 ], [ 135.397853333, 34.331404441 ], [ 135.397647224, 34.330874441 ], [ 135.397410558, 34.330527225 ], [ 135.397046109, 34.330391108 ], [ 135.39670917, 34.330368613 ], [ 135.396326667000011, 34.330504441 ], [ 135.396105837, 34.330694162 ], [ 135.395748612, 34.330872495 ], [ 135.395434163, 34.330851946 ], [ 135.39506972800001, 34.330927495 ], [ 135.394851945999989, 34.330941667 ], [ 135.394675551, 34.330899441 ], [ 135.394448612, 34.330811108 ], [ 135.39374917, 34.331199441 ], [ 135.393576109, 34.331388333 ], [ 135.393348339999989, 34.331668054 ], [ 135.392984163, 34.331758613 ], [ 135.392578054000012, 34.33191 ], [ 135.392095551000011, 34.332386108 ], [ 135.39166666700001, 34.332574387 ], [ 135.391631115, 34.33259 ], [ 135.39113, 34.333005559 ], [ 135.390820272000013, 34.332960279 ], [ 135.389836667, 34.33259 ], [ 135.389712503, 34.332578892 ], [ 135.388743891, 34.332491667 ], [ 135.388243061, 34.332416108 ], [ 135.388133528, 34.332329946 ], [ 135.38806083, 34.332272775 ], [ 135.387714163, 34.331226946 ], [ 135.386943605999988, 34.329298613 ], [ 135.386779728, 34.329124721 ], [ 135.385868885, 34.329283333 ], [ 135.384930558, 34.329343892 ], [ 135.38402917, 34.329495 ], [ 135.38348250300001, 34.329404441 ], [ 135.383333333, 34.329414414 ], [ 135.382917782, 34.329442225 ], [ 135.382721673, 34.329418892 ], [ 135.381651115000011, 34.329108054 ], [ 135.381446667, 34.329048613 ], [ 135.380626939, 34.328572775 ], [ 135.380344721, 34.328444162 ], [ 135.380035006000014, 34.328489441 ], [ 135.379588612, 34.328708613 ], [ 135.379251946000011, 34.328950559 ], [ 135.378668885, 34.329532225 ], [ 135.37819527900001, 34.329819441 ], [ 135.37790834, 34.330041667 ], [ 135.377580271999989, 34.330139441 ], [ 135.376742775999986, 34.330184721 ], [ 135.376351115, 34.330366108 ], [ 135.376168885, 34.330502225 ], [ 135.375886394, 34.330865 ], [ 135.375776693, 34.33091264 ], [ 135.375503891, 34.331031108 ], [ 135.375, 34.331067775 ], [ 135.374984721, 34.331068892 ], [ 135.374707224, 34.331034162 ], [ 135.374138054000014, 34.330963054 ], [ 135.373709728, 34.330781946 ], [ 135.373597497, 34.330725829 ], [ 135.373136109, 34.330494721 ], [ 135.372208612, 34.330297775 ], [ 135.371359442, 34.330147225 ], [ 135.37053917, 34.330243333 ], [ 135.36939834, 34.330579162 ], [ 135.368796667, 34.330841387 ], [ 135.368560584, 34.331039414 ], [ 135.368458885, 34.331124721 ], [ 135.368218885, 34.331165 ], [ 135.367789442, 34.331105279 ], [ 135.367361115, 34.330979441 ], [ 135.366978053999986, 34.330705829 ], [ 135.366835278999986, 34.330195559 ], [ 135.366809442, 34.330037225 ], [ 135.366692776, 34.329885 ], [ 135.366666667, 34.329872919 ], [ 135.366309441999988, 34.329707495 ], [ 135.365435551, 34.329678054 ], [ 135.365206667, 34.329606667 ], [ 135.365007782, 34.329544721 ], [ 135.364731673, 34.329574441 ], [ 135.364370830000013, 34.329782495 ], [ 135.363925005999988, 34.329708613 ], [ 135.363479442, 34.329775 ], [ 135.363405836999988, 34.329703613 ], [ 135.363113891000012, 34.32942 ], [ 135.36273055800001, 34.328998333 ], [ 135.362534721, 34.328939162 ], [ 135.362240558, 34.329028054 ], [ 135.361705551, 34.329346108 ], [ 135.36134, 34.329982225 ], [ 135.36090333300001, 34.330485 ], [ 135.360626939000014, 34.330950829 ], [ 135.360350558, 34.331209721 ], [ 135.360296939, 34.331306108 ], [ 135.360250830000012, 34.331880559 ], [ 135.359882776, 34.332081946 ], [ 135.359738885000013, 34.332231387 ], [ 135.359557782, 34.332603333 ], [ 135.359306108999988, 34.332760559 ], [ 135.358977224, 34.333039721 ], [ 135.358333333, 34.333048694 ], [ 135.358298885000011, 34.333049162 ], [ 135.357945551, 34.333143613 ], [ 135.357633087000011, 34.333333333 ], [ 135.35758, 34.333365559 ], [ 135.357502335, 34.333333333 ], [ 135.357098611999987, 34.333165829 ], [ 135.356536939, 34.333010279 ], [ 135.356233890999988, 34.333025279 ], [ 135.35602, 34.333128613 ], [ 135.35597639400001, 34.333228054 ], [ 135.355930311, 34.333333333 ], [ 135.355913061, 34.333372775 ], [ 135.355734721, 34.333454162 ], [ 135.355538884999987, 34.333424721 ], [ 135.35544422800001, 34.333333333 ], [ 135.355155551, 34.333054721 ], [ 135.354602776, 34.332722225 ], [ 135.354174721, 34.332219162 ], [ 135.354033606, 34.332089721 ], [ 135.353871672999986, 34.331982495 ], [ 135.353702503, 34.33194 ], [ 135.353083606000013, 34.332095829 ], [ 135.352536939, 34.332233333 ], [ 135.352064721, 34.332203892 ], [ 135.350344162999988, 34.331663892 ], [ 135.35, 34.331612387 ], [ 135.349898612, 34.331597225 ], [ 135.349363606, 34.331752495 ], [ 135.348615005999989, 34.331501108 ], [ 135.348249442, 34.331071946 ], [ 135.348003606, 34.330961667 ], [ 135.347399728, 34.330833613 ], [ 135.347099442, 34.330920829 ], [ 135.346978611999987, 34.330902495 ], [ 135.346864449, 34.330856108 ], [ 135.346678340000011, 34.330706108 ], [ 135.346571388, 34.330682225 ], [ 135.346387224000011, 34.330641108 ], [ 135.346193891000013, 34.330503054 ], [ 135.3459, 34.330525279 ], [ 135.345596938999989, 34.330746946 ], [ 135.345356394, 34.331583054 ], [ 135.344865836999986, 34.332282495 ], [ 135.344442218000012, 34.332543333 ], [ 135.344240558, 34.332689441 ], [ 135.344054721, 34.332985829 ], [ 135.34375875500001, 34.333333333 ], [ 135.34346444900001, 34.333678892 ], [ 135.343270558, 34.333983892 ], [ 135.342877781999988, 34.334456667 ], [ 135.342743891, 34.334540279 ], [ 135.342713333, 34.334559162 ], [ 135.342527497, 34.334675279 ], [ 135.342199442, 34.335110559 ], [ 135.342013891, 34.335215279 ], [ 135.341666667, 34.335278414 ], [ 135.341384449, 34.335329721 ], [ 135.340800558000012, 34.335267775 ], [ 135.340204721, 34.335294162 ], [ 135.339458470000011, 34.335045721 ], [ 135.339206109, 34.334961667 ], [ 135.338894163, 34.334961667 ], [ 135.338828611999986, 34.334985829 ], [ 135.338653606, 34.33505 ], [ 135.338406939, 34.335271667 ], [ 135.338238053999987, 34.335278054 ], [ 135.337605837000012, 34.335045279 ], [ 135.337528885000012, 34.334970559 ], [ 135.337543891, 34.334898333 ], [ 135.338298611999988, 34.334417775 ], [ 135.338717497, 34.334040559 ], [ 135.338895837, 34.333633892 ], [ 135.338945616, 34.333333333 ], [ 135.339056394000011, 34.332664721 ], [ 135.339443061, 34.332090279 ], [ 135.339485006, 34.331957495 ], [ 135.339208612, 34.331269721 ], [ 135.339137224000012, 34.330737225 ], [ 135.33927472100001, 34.329825279 ], [ 135.339262217999988, 34.329686946 ], [ 135.339135551, 34.329429721 ], [ 135.338056939000012, 34.328534721 ], [ 135.337768885, 34.328273892 ], [ 135.337165836999986, 34.327728333 ], [ 135.336381115, 34.327476946 ], [ 135.336301115, 34.327366108 ], [ 135.336033606, 34.327195829 ], [ 135.335744162999987, 34.327 ], [ 135.335575006, 34.326475 ], [ 135.335494721, 34.326341667 ], [ 135.334941945999987, 34.326127225 ], [ 135.33471917, 34.325801667 ], [ 135.334579728, 34.325679441 ], [ 135.334442776, 34.325609441 ], [ 135.334227223999989, 34.325555279 ], [ 135.334051115, 34.325584162 ], [ 135.333787782, 34.325726946 ], [ 135.333644721000013, 34.325780829 ], [ 135.333499442, 34.325776667 ], [ 135.333333333000013, 34.32571836 ], [ 135.333205005999986, 34.325673333 ], [ 135.333016394, 34.325646387 ], [ 135.332646109, 34.325735279 ], [ 135.33188834, 34.325624162 ], [ 135.331166109, 34.325424441 ], [ 135.330247781999987, 34.325254441 ], [ 135.329864449000013, 34.325099162 ], [ 135.329787198, 34.325 ], [ 135.329445551, 34.324561387 ], [ 135.32895, 34.324333892 ], [ 135.328527224, 34.324139721 ], [ 135.328028053999986, 34.324028613 ], [ 135.327903061, 34.323747495 ], [ 135.327905006, 34.323723054 ], [ 135.327907782000011, 34.323685559 ], [ 135.327912503, 34.323627495 ], [ 135.327956667, 34.323059721 ], [ 135.328368054, 34.322234162 ], [ 135.328537497000013, 34.321435279 ], [ 135.328671115, 34.321257775 ], [ 135.328983061, 34.321161387 ], [ 135.329705279, 34.320436946 ], [ 135.329990558, 34.319996667 ], [ 135.33038250300001, 34.319708054 ], [ 135.33049834, 34.319538054 ], [ 135.330355837000013, 34.319234721 ], [ 135.330132502999987, 34.318388613 ], [ 135.330176939000012, 34.317885559 ], [ 135.330542503, 34.317020279 ], [ 135.330506939, 34.316746387 ], [ 135.330408885, 34.316701946 ], [ 135.330020921, 34.316992198 ], [ 135.329775837, 34.317175559 ], [ 135.329444449, 34.317704162 ], [ 135.328927497, 34.318162775 ], [ 135.328098612, 34.318613892 ], [ 135.327354163, 34.318747775 ], [ 135.326676666999987, 34.319013892 ], [ 135.325936939, 34.319154162 ], [ 135.325179170000013, 34.319080279 ], [ 135.325, 34.319089721 ], [ 135.324198612, 34.319131946 ], [ 135.323606394, 34.318864162 ], [ 135.322905837, 34.318547775 ], [ 135.322643606000014, 34.318329721 ], [ 135.322376394, 34.317908054 ], [ 135.322171387999987, 34.317752495 ], [ 135.321574163, 34.317678613 ], [ 135.320776667, 34.317388613 ], [ 135.320188054, 34.317078054 ], [ 135.319777108000011, 34.316666667 ], [ 135.319671115, 34.316560559 ], [ 135.319350558, 34.316464441 ], [ 135.318494721, 34.316345829 ], [ 135.318138054, 34.316205279 ], [ 135.317959728, 34.315998333 ], [ 135.317688339999989, 34.315787495 ], [ 135.317251672999987, 34.315661667 ], [ 135.316666667, 34.315463081 ], [ 135.316663333, 34.315461946 ], [ 135.316378054000012, 34.315439721 ], [ 135.315887782, 34.315587775 ], [ 135.314916109, 34.315180829 ], [ 135.314443606, 34.315077225 ], [ 135.314183891, 34.315077225 ], [ 135.314096393999989, 34.315077225 ], [ 135.313918054, 34.314781387 ], [ 135.313748612000012, 34.314648333 ], [ 135.313445551, 34.314478054 ], [ 135.313338612, 34.314226667 ], [ 135.313160272, 34.314093613 ], [ 135.312768054, 34.31399 ], [ 135.312307497, 34.314004721 ], [ 135.311924162999986, 34.313945559 ], [ 135.311603333, 34.313701387 ], [ 135.31135389100001, 34.313575559 ], [ 135.310890272, 34.31362 ], [ 135.310176939, 34.313501667 ], [ 135.30983834, 34.313287225 ], [ 135.309642218, 34.313257495 ], [ 135.309152218, 34.313324162 ], [ 135.30884917, 34.313420279 ], [ 135.308572776, 34.313819721 ], [ 135.308333333, 34.313974586 ], [ 135.307600830000013, 34.314448333 ], [ 135.30739083, 34.314450279 ], [ 135.307292503000014, 34.314451387 ], [ 135.307007223999989, 34.314454162 ], [ 135.304729442, 34.3139 ], [ 135.303967497, 34.313714721 ], [ 135.303905006, 34.313159721 ], [ 135.303913891, 34.312612495 ], [ 135.304057782, 34.312125829 ], [ 135.304369728000012, 34.311645 ], [ 135.304479105000013, 34.311416667 ], [ 135.304592776, 34.311179441 ], [ 135.304610558, 34.310639441 ], [ 135.304494721, 34.309929162 ], [ 135.304127224000013, 34.309191946 ], [ 135.30394, 34.308585279 ], [ 135.303800363, 34.308333333 ], [ 135.303261946, 34.307361946 ], [ 135.303065837, 34.306629441 ], [ 135.303018885, 34.306560279 ], [ 135.302943645, 34.306530225 ], [ 135.302766109, 34.306459441 ], [ 135.302676666999986, 34.305820559 ], [ 135.302637224, 34.305538892 ], [ 135.302643606, 34.304878054 ], [ 135.302536667, 34.304663892 ], [ 135.302305006000012, 34.304552775 ], [ 135.301743333, 34.304545559 ], [ 135.301547223999989, 34.304464162 ], [ 135.301484721, 34.304271667 ], [ 135.301582776, 34.303909162 ], [ 135.301466939, 34.303650279 ], [ 135.300894449, 34.303314441 ], [ 135.300832218000011, 34.303129441 ], [ 135.300876667000011, 34.302841108 ], [ 135.300841115, 34.302619162 ], [ 135.30062722400001, 34.302515559 ], [ 135.300341946, 34.302478613 ], [ 135.3, 34.302526495 ], [ 135.29891583700001, 34.302678333 ], [ 135.298568053999986, 34.302700559 ], [ 135.298425279000014, 34.302515559 ], [ 135.298229170000013, 34.301457775 ], [ 135.297953060999987, 34.301063613 ], [ 135.29786639400001, 34.301002775 ], [ 135.297596109000011, 34.300813333 ], [ 135.297551946, 34.300782495 ], [ 135.297155551, 34.300886667 ], [ 135.296661388, 34.301088333 ], [ 135.296098054, 34.301318613 ], [ 135.295996667, 34.30136 ], [ 135.295925551000011, 34.301167775 ], [ 135.29577389100001, 34.300295279 ], [ 135.29556, 34.300191667 ], [ 135.295131946, 34.300235829 ], [ 135.294775279, 34.300495 ], [ 135.294427782000014, 34.300088054 ], [ 135.29381277600001, 34.300043613 ], [ 135.29372358, 34.3 ], [ 135.293486109000014, 34.299883892 ], [ 135.293432503, 34.299371387 ], [ 135.293373061000011, 34.299292775 ], [ 135.292913606000013, 34.299243892 ], [ 135.29203917000001, 34.299520829 ], [ 135.291790558, 34.299537495 ], [ 135.291666666999987, 34.299545946 ], [ 135.291635551000013, 34.299548054 ], [ 135.291383333, 34.299761946 ], [ 135.291236394, 34.299958892 ], [ 135.291214188999987, 34.3 ], [ 135.290893606, 34.300593613 ], [ 135.290487782000014, 34.3011 ], [ 135.289831673, 34.301698333 ], [ 135.289654721, 34.301945559 ], [ 135.289627223999986, 34.302032495 ], [ 135.28934888500001, 34.302908613 ], [ 135.289236939, 34.303145829 ], [ 135.288526939, 34.303918054 ], [ 135.287882503, 34.304902225 ], [ 135.287760272000014, 34.305237495 ], [ 135.287742477, 34.305543694 ], [ 135.287741673, 34.305557495 ], [ 135.287896109, 34.305874441 ], [ 135.287833333, 34.306056387 ], [ 135.287704721000011, 34.306330559 ], [ 135.287557224000011, 34.306437225 ], [ 135.287421673000011, 34.306455 ], [ 135.28728834, 34.306472775 ], [ 135.287110829999989, 34.306584721 ], [ 135.286982218, 34.306752225 ], [ 135.286822776, 34.307476946 ], [ 135.286626939, 34.307817495 ], [ 135.286559442, 34.30798 ], [ 135.286539053000013, 34.308333333 ], [ 135.286516667, 34.308721387 ], [ 135.28644917, 34.309400279 ], [ 135.286161388000011, 34.309761108 ], [ 135.285996109, 34.310035279 ], [ 135.28598138800001, 34.310113333 ], [ 135.285927781999987, 34.310398054 ], [ 135.28636666700001, 34.311323054 ], [ 135.286420973, 34.311538694 ], [ 135.286499442, 34.311850279 ], [ 135.286608885, 34.312284441 ], [ 135.286602776, 34.312576387 ], [ 135.28630834, 34.313365559 ], [ 135.285774449, 34.314002775 ], [ 135.285474449, 34.314556387 ], [ 135.284984721, 34.315623333 ], [ 135.284616938999989, 34.316170279 ], [ 135.284090142999986, 34.316666667 ], [ 135.283496109, 34.317226387 ], [ 135.283333333, 34.317439495 ], [ 135.283176394, 34.317645 ], [ 135.282812218, 34.31791 ], [ 135.282552218, 34.317875559 ], [ 135.282540272, 34.317857225 ], [ 135.282469170000013, 34.317748613 ], [ 135.282244163, 34.317385829 ], [ 135.281906394, 34.317045 ], [ 135.281309585, 34.316666667 ], [ 135.281244721, 34.316625559 ], [ 135.28090360600001, 34.316402225 ], [ 135.280479442, 34.316316108 ], [ 135.280071115, 34.316361108 ], [ 135.27992, 34.316310559 ], [ 135.279583333, 34.315993892 ], [ 135.279534163, 34.315947775 ], [ 135.279161115, 34.315809162 ], [ 135.278955279, 34.315798333 ], [ 135.278624721, 34.315950279 ], [ 135.278295551000014, 34.315844721 ], [ 135.277427782, 34.315622495 ], [ 135.277203891, 34.315513333 ], [ 135.277208339999987, 34.315234721 ], [ 135.276917497, 34.314594721 ], [ 135.276764136999986, 34.314463613 ], [ 135.276486667, 34.314226387 ], [ 135.276017223999986, 34.314007495 ], [ 135.275135837, 34.313839441 ], [ 135.275, 34.313749919 ], [ 135.274593061, 34.313481667 ], [ 135.273748612, 34.313254721 ], [ 135.27344083, 34.312955 ], [ 135.272736667, 34.312207495 ], [ 135.272626667, 34.312153333 ], [ 135.272282503000014, 34.311983613 ], [ 135.2721, 34.312060279 ], [ 135.27185917, 34.312359162 ], [ 135.271625836999988, 34.312425279 ], [ 135.271041387999986, 34.312465829 ], [ 135.270461388, 34.312451108 ], [ 135.27006500600001, 34.312441108 ], [ 135.269262218, 34.312421108 ], [ 135.268637782000013, 34.312405279 ], [ 135.267586939000012, 34.312515559 ], [ 135.26666666700001, 34.312611892 ], [ 135.266485550999988, 34.312630829 ], [ 135.266048885, 34.312641108 ], [ 135.265876939, 34.312645279 ], [ 135.265587497000013, 34.312780829 ], [ 135.265345006, 34.312894441 ], [ 135.265, 34.31297 ], [ 135.264543890999988, 34.313185279 ], [ 135.264313333, 34.313208613 ], [ 135.264053061, 34.313135559 ], [ 135.263854721, 34.313122225 ], [ 135.263322776, 34.313149441 ], [ 135.263115006, 34.313152775 ], [ 135.262385005999988, 34.312803613 ], [ 135.261903061, 34.312522775 ], [ 135.26166583700001, 34.312540829 ], [ 135.261627134, 34.312581054 ], [ 135.260766667000013, 34.313475559 ], [ 135.260198054, 34.314036946 ], [ 135.259982503, 34.314127775 ], [ 135.259595551, 34.314290559 ], [ 135.259287224, 34.314655279 ], [ 135.258990829999988, 34.314884441 ], [ 135.258582217999987, 34.315101667 ], [ 135.258333333, 34.315343586 ], [ 135.258165837, 34.315506387 ], [ 135.257924449, 34.315678613 ], [ 135.257627224, 34.315700279 ], [ 135.256853060999987, 34.315578892 ], [ 135.256625279, 34.315593613 ], [ 135.256593061, 34.315605829 ], [ 135.256033333, 34.31582 ], [ 135.255820558000011, 34.315835 ], [ 135.255475006000012, 34.315704162 ], [ 135.255096394, 34.315689721 ], [ 135.254518053999988, 34.315766667 ], [ 135.254236394, 34.315753333 ], [ 135.253772503, 34.315501387 ], [ 135.253440558, 34.315329162 ], [ 135.252865279, 34.315196667 ], [ 135.252598612000014, 34.314939721 ], [ 135.252447497, 34.314842775 ], [ 135.252284721, 34.314834441 ], [ 135.25191917, 34.314880829 ], [ 135.2515, 34.314884721 ], [ 135.250552503, 34.314644721 ], [ 135.250144162999987, 34.314613892 ], [ 135.25, 34.314549559 ], [ 135.24977, 34.314446946 ], [ 135.248959442, 34.314372775 ], [ 135.248768612, 34.314201667 ], [ 135.248445006, 34.313374721 ], [ 135.248211672999986, 34.31305 ], [ 135.247961673, 34.313006667 ], [ 135.247553606, 34.31305 ], [ 135.247220272, 34.313215279 ], [ 135.246708885, 34.313325279 ], [ 135.246595837, 34.313286108 ], [ 135.246571388, 34.313225 ], [ 135.246567497, 34.313215559 ], [ 135.246548612, 34.313098333 ], [ 135.246501388000013, 34.312879162 ], [ 135.246425837, 34.312597225 ], [ 135.246264449, 34.31229 ], [ 135.246066667, 34.311992495 ], [ 135.245925006, 34.311812495 ], [ 135.245406108999987, 34.311515 ], [ 135.24509389100001, 34.311333333 ], [ 135.244725837, 34.311106387 ], [ 135.244650557999989, 34.311012495 ], [ 135.244518340000013, 34.310808892 ], [ 135.244414449, 34.310738333 ], [ 135.244131388, 34.31059 ], [ 135.24403722400001, 34.310503892 ], [ 135.243927496999987, 34.310321946 ], [ 135.243903891, 34.310282495 ], [ 135.24374360600001, 34.310063333 ], [ 135.243583333, 34.309977225 ], [ 135.243432218, 34.309938054 ], [ 135.243243606, 34.309922495 ], [ 135.242979442, 34.309922495 ], [ 135.242818885, 34.309859721 ], [ 135.242630272000014, 34.309687495 ], [ 135.242445279, 34.309387225 ], [ 135.242262776, 34.309095559 ], [ 135.242132776, 34.309041946 ], [ 135.241905006, 34.309019441 ], [ 135.241713890999989, 34.308956108 ], [ 135.241666667, 34.308902162 ], [ 135.241612218, 34.30884 ], [ 135.241408611999987, 34.308396387 ], [ 135.241321946, 34.308333333 ], [ 135.241306667, 34.308322225 ], [ 135.241051946, 34.308301108 ], [ 135.240873891, 34.308301108 ], [ 135.240771946, 34.308269441 ], [ 135.240542776000012, 34.308153333 ], [ 135.240275279, 34.307941946 ], [ 135.239765837, 34.307773054 ], [ 135.239371115000012, 34.307519721 ], [ 135.238798054, 34.307086667 ], [ 135.238543333, 34.306822495 ], [ 135.238496394, 34.306673613 ], [ 135.238356667, 34.306514162 ], [ 135.238199442, 34.306449162 ], [ 135.237972503, 34.306376946 ], [ 135.237771946, 34.306116387 ], [ 135.237553606, 34.305964162 ], [ 135.237318054000013, 34.305899162 ], [ 135.23703, 34.305776108 ], [ 135.236628884999988, 34.305580559 ], [ 135.236279728, 34.305479162 ], [ 135.236225837, 34.305416667 ], [ 135.236043891, 34.304863892 ], [ 135.236023061, 34.304800829 ], [ 135.235698885, 34.304128333 ], [ 135.235523333, 34.303904162 ], [ 135.235482776, 34.303848333 ], [ 135.235563891, 34.303725279 ], [ 135.235525279, 34.30364 ], [ 135.235523333, 34.303635559 ], [ 135.235253061, 34.303545829 ], [ 135.233600558, 34.303115559 ], [ 135.233333333, 34.303036441 ], [ 135.232215422, 34.302705441 ], [ 135.23185834, 34.302599721 ], [ 135.231169442, 34.302498892 ], [ 135.230061673, 34.302185 ], [ 135.227733605999987, 34.301567495 ], [ 135.226669883, 34.301324135 ], [ 135.226542607, 34.301294279 ], [ 135.225815551000011, 34.301096946 ], [ 135.22500555100001, 34.300861387 ], [ 135.225, 34.300861694 ], [ 135.224802776, 34.300872495 ], [ 135.22477583700001, 34.300962225 ], [ 135.224735278999987, 34.301197495 ], [ 135.22464083, 34.301477775 ], [ 135.224478612000013, 34.301679441 ], [ 135.224085006, 34.302007495 ], [ 135.223112891999989, 34.302894279 ], [ 135.223004449, 34.302993333 ], [ 135.222055006, 34.303702495 ], [ 135.221811946, 34.303848054 ], [ 135.221738197, 34.303865802 ], [ 135.221393060999986, 34.303948892 ], [ 135.221073061, 34.304089441 ], [ 135.220825279, 34.304246946 ], [ 135.220644721000014, 34.304441108 ], [ 135.220326394000011, 34.304643613 ], [ 135.219826667, 34.304867495 ], [ 135.219661115, 34.304956667 ], [ 135.219433891, 34.305014441 ], [ 135.219083606, 34.305058054 ], [ 135.219031115, 34.305071387 ], [ 135.218675837, 34.305162225 ], [ 135.217887497, 34.305143892 ], [ 135.217703333, 34.305139441 ], [ 135.217245279, 34.305121946 ], [ 135.216666667, 34.305086081 ], [ 135.216568612, 34.30508 ], [ 135.215947224, 34.305046387 ], [ 135.215778054, 34.305050279 ], [ 135.215609728, 34.305102225 ], [ 135.215298053999987, 34.305259441 ], [ 135.214471673, 34.305632495 ], [ 135.214235006, 34.305742495 ], [ 135.21364778200001, 34.305912225 ], [ 135.213542776, 34.305955279 ], [ 135.213153061000014, 34.306193333 ], [ 135.212914721, 34.306279721 ], [ 135.212713606, 34.306327775 ], [ 135.212340272, 34.306396387 ], [ 135.211717224000012, 34.306425 ], [ 135.211434163, 34.306445279 ], [ 135.211242218, 34.306510829 ], [ 135.211033332999989, 34.306609162 ], [ 135.210813605999988, 34.306750279 ], [ 135.210323606, 34.307098892 ], [ 135.210122776, 34.30729 ], [ 135.209817496999989, 34.307604721 ], [ 135.209391673, 34.307960829 ], [ 135.209275279, 34.308033892 ], [ 135.209095551, 34.308083613 ], [ 135.208382776, 34.308106667 ], [ 135.208333333000013, 34.308110559 ], [ 135.208177224, 34.308122775 ], [ 135.208043061000012, 34.308202495 ], [ 135.208139442, 34.308055559 ], [ 135.208216394, 34.307937775 ], [ 135.208333333000013, 34.307683892 ], [ 135.208336667, 34.307676667 ], [ 135.208429169999988, 34.307361667 ], [ 135.208456939, 34.30719 ], [ 135.208456939, 34.306714162 ], [ 135.208410558, 34.306437495 ], [ 135.208333333000013, 34.306264333 ], [ 135.208225006, 34.306021387 ], [ 135.208206394, 34.305775559 ], [ 135.208206394, 34.305537495 ], [ 135.208281115, 34.305020559 ], [ 135.208308885, 34.304521667 ], [ 135.208333333000013, 34.304444892 ], [ 135.208549442, 34.303766108 ], [ 135.208623606, 34.303451108 ], [ 135.208558885, 34.303090279 ], [ 135.208466109, 34.302821667 ], [ 135.208333333000013, 34.302653559 ], [ 135.208271946, 34.302575829 ], [ 135.208031115000011, 34.302391667 ], [ 135.20793, 34.302237225 ], [ 135.2077262, 34.30205236 ], [ 135.207445837, 34.301798054 ], [ 135.207232218, 34.30163 ], [ 135.20657917, 34.301041387 ], [ 135.206317782000013, 34.300833333 ], [ 135.206058885, 34.300702495 ], [ 135.205597224, 34.300609162 ], [ 135.205366667, 34.300539721 ], [ 135.205349442, 34.300534441 ], [ 135.20521444900001, 34.300385 ], [ 135.205090558, 34.300132775 ], [ 135.205042477, 34.3 ], [ 135.20498917, 34.299852775 ], [ 135.204865551000012, 34.299308613 ], [ 135.204730272, 34.299056667 ], [ 135.204471115, 34.298418333 ], [ 135.204313606, 34.297941946 ], [ 135.204313606, 34.297811108 ], [ 135.204336109, 34.297708333 ], [ 135.204426109, 34.297503054 ], [ 135.204482503, 34.297204162 ], [ 135.204775837, 34.296537225 ], [ 135.204877224, 34.296247775 ], [ 135.204910829999989, 34.296145 ], [ 135.20488834, 34.295948892 ], [ 135.204809442, 34.295517225 ], [ 135.204809442, 34.295218333 ], [ 135.204843333000014, 34.294900829 ], [ 135.204786939, 34.294648613 ], [ 135.204753061, 34.294171946 ], [ 135.204753891, 34.294167495 ], [ 135.204831946000013, 34.293789162 ], [ 135.204809442, 34.293611667 ], [ 135.204741946000013, 34.293243054 ], [ 135.204696939, 34.292972225 ], [ 135.204663061, 34.292551946 ], [ 135.204685551000011, 34.292243613 ], [ 135.204705550999989, 34.291784721 ], [ 135.204710661, 34.291666667 ], [ 135.204718612, 34.291483613 ], [ 135.204639727999989, 34.29125 ], [ 135.20447083, 34.290960559 ], [ 135.204414721, 34.290792225 ], [ 135.20435834, 34.290549441 ], [ 135.204448612, 34.290213054 ], [ 135.204866394, 34.289602495 ], [ 135.205238054, 34.288627225 ], [ 135.205226667, 34.288448892 ], [ 135.205181388, 34.288345559 ], [ 135.205079727999987, 34.288260829 ], [ 135.204649728, 34.288073054 ], [ 135.204525006000011, 34.288054162 ], [ 135.204298612, 34.288054162 ], [ 135.203958885, 34.288101387 ], [ 135.20372834, 34.288129162 ], [ 135.203377497, 34.288063333 ], [ 135.203185006000012, 34.287913054 ], [ 135.203049170000014, 34.287772225 ], [ 135.202845279, 34.287621946 ], [ 135.202766109, 34.287603054 ], [ 135.202652776, 34.287621946 ], [ 135.202505551, 34.287715829 ], [ 135.202188611999986, 34.287950559 ], [ 135.201736109, 34.288213613 ], [ 135.201566109, 34.288251108 ], [ 135.2006, 34.287762495 ], [ 135.20015834, 34.287584162 ], [ 135.2, 34.287533279 ], [ 135.199807497, 34.287471387 ], [ 135.199615005999988, 34.287471387 ], [ 135.199465006, 34.28755 ], [ 135.1994, 34.287584162 ], [ 135.19904917, 34.288015829 ], [ 135.198890557999988, 34.288072225 ], [ 135.198709442, 34.288062775 ], [ 135.198505837, 34.287996946 ], [ 135.198324449000012, 34.287818613 ], [ 135.19781389100001, 34.287291108 ], [ 135.197632776, 34.287028054 ], [ 135.197417782, 34.286699162 ], [ 135.197236667, 34.286586667 ], [ 135.196889728, 34.28643 ], [ 135.196642218, 34.286210559 ], [ 135.196369442, 34.286019441 ], [ 135.196224449, 34.286005559 ], [ 135.19579834000001, 34.286026667 ], [ 135.195576394, 34.286132775 ], [ 135.195142218, 34.286432495 ], [ 135.19470917000001, 34.286802495 ], [ 135.194512218, 34.286911387 ], [ 135.194144720999986, 34.286933054 ], [ 135.193921388, 34.286998613 ], [ 135.193645837, 34.287020279 ], [ 135.193409441999989, 34.286987495 ], [ 135.192398884999989, 34.286802495 ], [ 135.191795279, 34.286595559 ], [ 135.191666667, 34.286504252 ], [ 135.191611388000013, 34.286465 ], [ 135.191426939, 34.286024721 ], [ 135.191198054000012, 34.285563613 ], [ 135.191175006, 34.285517225 ], [ 135.190757224, 34.284923892 ], [ 135.190698884999989, 34.284687775 ], [ 135.190662218, 34.284380279 ], [ 135.190279728, 34.283777225 ], [ 135.190015811, 34.283333333 ], [ 135.189854449, 34.283061946 ], [ 135.189670557999989, 34.282833054 ], [ 135.189578612, 34.282775829 ], [ 135.189371673000011, 34.282775829 ], [ 135.188773891000011, 34.282966667 ], [ 135.188176109000011, 34.283233613 ], [ 135.187969442, 34.283281108 ], [ 135.187808612, 34.283224162 ], [ 135.187438885, 34.282973333 ], [ 135.186898612, 34.282515559 ], [ 135.186599728, 34.282238892 ], [ 135.186450272, 34.282048333 ], [ 135.186195551, 34.281788892 ], [ 135.185839442, 34.281464721 ], [ 135.185586394000012, 34.281350279 ], [ 135.18529917, 34.281311946 ], [ 135.18502306100001, 34.281245279 ], [ 135.184885279000014, 34.281121387 ], [ 135.184816109, 34.28094 ], [ 135.184827782000013, 34.280692225 ], [ 135.184796939, 34.280062495 ], [ 135.184793061, 34.279983613 ], [ 135.184724163, 34.279573613 ], [ 135.184608884999989, 34.279134162 ], [ 135.184539728, 34.278905279 ], [ 135.184321673, 34.278828892 ], [ 135.183673333, 34.278772225 ], [ 135.183408885, 34.278772225 ], [ 135.183333333, 34.278788748 ], [ 135.183190558, 34.27882 ], [ 135.182972218, 34.279048892 ], [ 135.182753606, 34.279182225 ], [ 135.182454721, 34.279306108 ], [ 135.181592776, 34.279458613 ], [ 135.180937497, 34.279754162 ], [ 135.180661673, 34.279887775 ], [ 135.180339728, 34.279897225 ], [ 135.180061946, 34.27982 ], [ 135.179797782, 34.279552775 ], [ 135.179671115, 34.279343054 ], [ 135.179533606, 34.279114162 ], [ 135.179441673000014, 34.279038054 ], [ 135.179345746, 34.279003387 ], [ 135.179177224, 34.278942495 ], [ 135.178912776, 34.278885279 ], [ 135.178625278999988, 34.278885279 ], [ 135.17836917, 34.278954162 ], [ 135.178047224000011, 34.279058892 ], [ 135.177909441999986, 34.279154441 ], [ 135.177415006, 34.279516667 ], [ 135.176932218, 34.279716946 ], [ 135.176403606, 34.279831387 ], [ 135.17623917, 34.279855279 ], [ 135.175874721000014, 34.279907775 ], [ 135.175621946, 34.279888613 ], [ 135.175334449, 34.279850559 ], [ 135.175011946000012, 34.279830559 ], [ 135.175, 34.279835279 ], [ 135.17477083, 34.279926108 ], [ 135.173881115, 34.280041108 ], [ 135.173248885, 34.280231667 ], [ 135.172915279, 34.280250829 ], [ 135.172731387999988, 34.280231667 ], [ 135.172570558, 34.280288892 ], [ 135.172306109, 34.280479721 ], [ 135.172030272, 34.280584721 ], [ 135.171777497, 34.280613333 ], [ 135.171524449, 34.280594162 ], [ 135.17065083, 34.280193613 ], [ 135.170156939, 34.279907495 ], [ 135.17003749700001, 34.279908613 ], [ 135.169899442, 34.279956387 ], [ 135.169773061, 34.280108892 ], [ 135.169755162, 34.280119775 ], [ 135.16960083, 34.280213892 ], [ 135.169497224, 34.280232775 ], [ 135.169060558000012, 34.280137495 ], [ 135.168301673, 34.280051667 ], [ 135.167336109, 34.279975279 ], [ 135.166853333, 34.279927775 ], [ 135.166666666999987, 34.279858865 ], [ 135.166439442000012, 34.279775 ], [ 135.166343061, 34.279694721 ], [ 135.166324721, 34.279679721 ], [ 135.166207224, 34.279523333 ], [ 135.166121673, 34.279381387 ], [ 135.165862503, 34.278951108 ], [ 135.165690272, 34.278817495 ], [ 135.165495005999986, 34.278750829 ], [ 135.164828054, 34.278684162 ], [ 135.163841388, 34.278642225 ], [ 135.163701673, 34.278636387 ], [ 135.16328333300001, 34.278606108 ], [ 135.163092776000013, 34.278496946 ], [ 135.162800557999986, 34.278329441 ], [ 135.162581945999989, 34.278157775 ], [ 135.162455551, 34.27811 ], [ 135.162018612, 34.278014721 ], [ 135.16144917, 34.277854721 ], [ 135.161292503, 34.277714721 ], [ 135.161027224, 34.277494441 ], [ 135.160942776000013, 34.277454441 ], [ 135.160870558, 34.277494441 ], [ 135.160508612, 34.277854721 ], [ 135.160376109, 34.277934721 ], [ 135.160279728, 34.277944721 ], [ 135.160135006, 34.277924721 ], [ 135.15996610900001, 34.277824721 ], [ 135.159531945999987, 34.277434441 ], [ 135.159215550999988, 34.277234162 ], [ 135.158697224, 34.277024162 ], [ 135.158492218, 34.277004162 ], [ 135.158333333, 34.277052 ], [ 135.158231115, 34.277082775 ], [ 135.15800027200001, 34.277128892 ], [ 135.157684163, 34.277134162 ], [ 135.157406667, 34.277084162 ], [ 135.156900272, 34.276833892 ], [ 135.156730829999987, 34.276736667 ], [ 135.156586939, 34.276653892 ], [ 135.156273333, 34.276383892 ], [ 135.156046939, 34.276078892 ], [ 135.155920558, 34.275837225 ], [ 135.15580917, 34.275681108 ], [ 135.155351115, 34.275344162 ], [ 135.154936666999987, 34.275 ], [ 135.15483834, 34.274918333 ], [ 135.1545, 34.274681108 ], [ 135.154101115, 34.274407775 ], [ 135.15378917000001, 34.274278333 ], [ 135.15359834, 34.274256667 ], [ 135.153303333, 34.274306946 ], [ 135.152869728000013, 34.274446108 ], [ 135.152355279, 34.274489721 ], [ 135.152313333, 34.274541946 ], [ 135.152313606, 34.274701946 ], [ 135.15245, 34.274971946 ], [ 135.152472581000012, 34.275 ], [ 135.152555279000012, 34.275102775 ], [ 135.152628612, 34.275146108 ], [ 135.152754721, 34.275146108 ], [ 135.15309083, 34.275172495 ], [ 135.153227224, 34.275233333 ], [ 135.153290272, 34.275355279 ], [ 135.153384721, 34.275520829 ], [ 135.153678885, 34.276156946 ], [ 135.153857497, 34.276334441 ], [ 135.154004721, 34.276569721 ], [ 135.154004721, 34.276752495 ], [ 135.153931115, 34.277048613 ], [ 135.153805006, 34.277597495 ], [ 135.153586394, 34.278118054 ], [ 135.153353061, 34.278673892 ], [ 135.153353061, 34.279005 ], [ 135.153416109, 34.279318613 ], [ 135.153521115, 34.279484162 ], [ 135.15393083, 34.279754441 ], [ 135.154245837, 34.280033054 ], [ 135.154603060999989, 34.280445559 ], [ 135.154823606, 34.280881108 ], [ 135.154802503000013, 34.281038054 ], [ 135.154721946, 34.281127225 ], [ 135.154246109000013, 34.281216946 ], [ 135.153888884999986, 34.281308054 ], [ 135.153773333, 34.281403892 ], [ 135.153699728, 34.281894721 ], [ 135.153573606, 34.282095 ], [ 135.153374163, 34.282330279 ], [ 135.153245836999986, 34.282398054 ], [ 135.15308, 34.282380279 ], [ 135.152677497000013, 34.282279721 ], [ 135.152341115000013, 34.28213 ], [ 135.152225550999987, 34.282112495 ], [ 135.152036394, 34.282112495 ], [ 135.151752776, 34.282304162 ], [ 135.151606109, 34.282347775 ], [ 135.151354163, 34.282286667 ], [ 135.150902503, 34.282260559 ], [ 135.150635279, 34.282331946 ], [ 135.150182218, 34.282541108 ], [ 135.15, 34.282599081 ], [ 135.149181387999988, 34.282859441 ], [ 135.149137782, 34.282873333 ], [ 135.148909728, 34.282967775 ], [ 135.148897497, 34.282972775 ], [ 135.148626939, 34.283333333 ], [ 135.148616939, 34.283346667 ], [ 135.148455279, 34.283560559 ], [ 135.148216939, 34.283736946 ], [ 135.147961673, 34.283857225 ], [ 135.147639442000013, 34.283857225 ], [ 135.147316109, 34.283791387 ], [ 135.146764721000011, 34.283807775 ], [ 135.146629170000011, 34.283736946 ], [ 135.146482217999989, 34.283648333 ], [ 135.146322218, 34.283393613 ], [ 135.146275525, 34.283333333 ], [ 135.145961946, 34.282928613 ], [ 135.145681115, 34.282504162 ], [ 135.145387497, 34.282194162 ], [ 135.145093890999988, 34.281895279 ], [ 135.14484027200001, 34.281707225 ], [ 135.144353891, 34.281452495 ], [ 135.143993606, 34.281164441 ], [ 135.14372666700001, 34.280755279 ], [ 135.143539728, 34.280489441 ], [ 135.143379728000014, 34.280411946 ], [ 135.143193061, 34.280389721 ], [ 135.142939442, 34.280423054 ], [ 135.142192218, 34.280931946 ], [ 135.14166666700001, 34.281346775 ], [ 135.141645006, 34.281363892 ], [ 135.141392776, 34.281655559 ], [ 135.141204721, 34.281873054 ], [ 135.141031115, 34.282006108 ], [ 135.140808885000013, 34.281997495 ], [ 135.140331673, 34.281904441 ], [ 135.139910558, 34.281939162 ], [ 135.139643606, 34.281892775 ], [ 135.139573606, 34.281799441 ], [ 135.13941917, 34.281448613 ], [ 135.139313606, 34.281337495 ], [ 135.139208612, 34.281227225 ], [ 135.139152503, 34.281110829 ], [ 135.139054163, 34.280633333 ], [ 135.139096109, 34.280528613 ], [ 135.139250557999986, 34.280458613 ], [ 135.139545551, 34.280237225 ], [ 135.139545551, 34.280004441 ], [ 135.139488612, 34.279720829 ], [ 135.139404449000011, 34.279383054 ], [ 135.138758612, 34.278859162 ], [ 135.138576109000013, 34.278614441 ], [ 135.138534163, 34.278463054 ], [ 135.138534163, 34.278253333 ], [ 135.138562218, 34.278055279 ], [ 135.138639727999987, 34.277856108 ], [ 135.138543606000013, 34.277513054 ], [ 135.138418612, 34.277249441 ], [ 135.138389728, 34.277001946 ], [ 135.138322218000013, 34.276810559 ], [ 135.138080558000013, 34.276528613 ], [ 135.137859170000013, 34.276337225 ], [ 135.137734163, 34.276249441 ], [ 135.137715006, 34.276145559 ], [ 135.137705278999988, 34.275850279 ], [ 135.137686108999986, 34.275562775 ], [ 135.137531673000012, 34.275311667 ], [ 135.137503061, 34.275265279 ], [ 135.137493606, 34.275137495 ], [ 135.137576161, 34.275 ], [ 135.13758, 34.274993613 ], [ 135.137830272, 34.274786108 ], [ 135.137926394, 34.274594721 ], [ 135.137763060999987, 34.274339162 ], [ 135.137657224, 34.274187495 ], [ 135.137474163, 34.274099721 ], [ 135.137195279, 34.274059721 ], [ 135.137041388, 34.27398 ], [ 135.136913606, 34.273761946 ], [ 135.13674083, 34.273594441 ], [ 135.136615551, 34.273506387 ], [ 135.13642333300001, 34.273482495 ], [ 135.136134449, 34.273482495 ], [ 135.135884449, 34.273490559 ], [ 135.13529749700001, 34.273338892 ], [ 135.135023606, 34.273243054 ], [ 135.134748885, 34.273147225 ], [ 135.134372776, 34.27293 ], [ 135.133952502999989, 34.272755559 ], [ 135.133611946, 34.272659162 ], [ 135.133537419, 34.272644387 ], [ 135.133333333, 34.272603919 ], [ 135.133278612, 34.272593054 ], [ 135.133109728, 34.272607225 ], [ 135.132971946, 34.272618892 ], [ 135.13276, 34.272596108 ], [ 135.13253, 34.272542495 ], [ 135.132308884999986, 34.272428054 ], [ 135.132087782000013, 34.272351667 ], [ 135.13184834, 34.272351667 ], [ 135.131590558, 34.272389721 ], [ 135.131201946, 34.272491108 ], [ 135.130585006, 34.272850279 ], [ 135.130318054000014, 34.273041108 ], [ 135.13006, 34.273660279 ], [ 135.129738339999989, 34.273856667 ], [ 135.12960917, 34.273935279 ], [ 135.12949083, 34.274131667 ], [ 135.129405551, 34.274355 ], [ 135.129263891, 34.274531387 ], [ 135.128994449, 34.27479 ], [ 135.128951946, 34.274907495 ], [ 135.128981802999988, 34.275 ], [ 135.129008885, 34.275083892 ], [ 135.129065551, 34.275483613 ], [ 135.129008885, 34.275695559 ], [ 135.128781946, 34.275977775 ], [ 135.128635279, 34.276090279 ], [ 135.12839917, 34.276271667 ], [ 135.128190558, 34.276381946 ], [ 135.127814449, 34.276417225 ], [ 135.127431673, 34.276534721 ], [ 135.127091673, 34.276558333 ], [ 135.126453606000013, 34.276699441 ], [ 135.126393670999988, 34.27673264 ], [ 135.126241388000011, 34.276816946 ], [ 135.126142218000012, 34.277005279 ], [ 135.125971946, 34.277393054 ], [ 135.125830272, 34.277451946 ], [ 135.125674163000014, 34.277451946 ], [ 135.125461673, 34.277393054 ], [ 135.125303333, 34.277212775 ], [ 135.125076394, 34.276989721 ], [ 135.125, 34.276926279 ], [ 135.124835551, 34.276789721 ], [ 135.124551946, 34.276731108 ], [ 135.124310830000013, 34.276707495 ], [ 135.123857224, 34.276519162 ], [ 135.123474721, 34.276272225 ], [ 135.123119728, 34.275834721 ], [ 135.122836667, 34.275423054 ], [ 135.122774449, 34.275193054 ], [ 135.122722087999989, 34.275 ], [ 135.122680558000013, 34.274846946 ], [ 135.122609727999986, 34.274788054 ], [ 135.122425551, 34.274741108 ], [ 135.122229728, 34.274715829 ], [ 135.121713333, 34.274926667 ], [ 135.121558612, 34.274939441 ], [ 135.121466109000011, 34.274888054 ], [ 135.121280558, 34.274362225 ], [ 135.121126108999988, 34.274182775 ], [ 135.120986939, 34.273913613 ], [ 135.120832218, 34.273798054 ] ] ], [ [ [ 135.091707302, 34.313019802 ], [ 135.09171172500001, 34.313042459 ], [ 135.0917207, 34.313066865 ], [ 135.091738534, 34.313095126 ], [ 135.091762983, 34.313125874 ], [ 135.091791140999987, 34.313154117 ], [ 135.091961829000013, 34.313304766 ], [ 135.091972127, 34.31329682 ], [ 135.091980467000013, 34.313279036 ], [ 135.091817314999986, 34.313135018 ], [ 135.091790973, 34.313108676 ], [ 135.091768573, 34.313080477 ], [ 135.091752969999987, 34.313055838 ], [ 135.091745694, 34.313035955 ], [ 135.091742296, 34.313018613 ], [ 135.09174524, 34.312987351 ], [ 135.091774929, 34.312832694 ], [ 135.091755409, 34.312820288 ], [ 135.09174249, 34.312818568 ], [ 135.091710726, 34.312983856 ], [ 135.091707302, 34.313019802 ] ] ], [ [ [ 135.091529883, 34.313291333 ], [ 135.091544747, 34.313300351 ], [ 135.091624708000012, 34.313234 ], [ 135.091563721999989, 34.313180009 ], [ 135.091479676, 34.313241865 ], [ 135.091485097, 34.313246369 ], [ 135.091298054, 34.31339145 ], [ 135.091310558, 34.313801721 ], [ 135.09132652400001, 34.313801495 ], [ 135.091329300000012, 34.313897613 ], [ 135.091406031, 34.313896027 ], [ 135.091403217, 34.313802054 ], [ 135.091383554, 34.313802441 ], [ 135.091369896, 34.313410577 ], [ 135.091529883, 34.313291333 ] ] ], [ [ [ 135.139048612000011, 34.322155775 ], [ 135.139088300999987, 34.322110532 ], [ 135.138019727999989, 34.321526748 ], [ 135.137989753999989, 34.321130027 ], [ 135.137932192, 34.321138279 ], [ 135.137938494999986, 34.321212252 ], [ 135.137869196, 34.321209414 ], [ 135.137900947, 34.32160036 ], [ 135.138929974, 34.322165108 ], [ 135.138971024999989, 34.322113829 ], [ 135.139048612000011, 34.322155775 ] ] ], [ [ [ 135.145034552999988, 34.322881532 ], [ 135.144966913, 34.322854802 ], [ 135.144697393, 34.323449919 ], [ 135.144303554, 34.324319586 ], [ 135.144186510999987, 34.324592649 ], [ 135.144553787, 34.325 ], [ 135.144711296999986, 34.325174703 ], [ 135.144771414, 34.325137559 ], [ 135.144647082, 34.325 ], [ 135.144268235999988, 34.324580865 ], [ 135.144373411, 34.32434136 ], [ 135.144776912999987, 34.323450468 ], [ 135.145034552999988, 34.322881532 ] ] ], [ [ [ 135.119630777999987, 34.324393586 ], [ 135.119638366, 34.324403649 ], [ 135.119627756, 34.324416225 ], [ 135.119618651, 34.32441245 ], [ 135.119500441000014, 34.324590991 ], [ 135.118692672, 34.324212027 ], [ 135.118809973999987, 34.324039351 ], [ 135.118926498, 34.323867234 ], [ 135.118896187, 34.323853261 ], [ 135.118926589000012, 34.323805541 ], [ 135.119106044, 34.323538405 ], [ 135.11915079100001, 34.32347327 ], [ 135.11930192, 34.323562919 ], [ 135.119335305, 34.323580829 ], [ 135.11936214, 34.323593306 ], [ 135.119381725000011, 34.323600829 ], [ 135.119402866, 34.323606468 ], [ 135.119444527000013, 34.323611468 ], [ 135.119499805, 34.323613946 ], [ 135.119552088, 34.323614306 ], [ 135.119615110000012, 34.323611973 ], [ 135.119698612, 34.323607162 ], [ 135.119747690999986, 34.323600748 ], [ 135.119764137, 34.323596802 ], [ 135.119775616, 34.323590775 ], [ 135.119783087, 34.323582694 ], [ 135.119784812, 34.323573892 ], [ 135.119783281, 34.323565667 ], [ 135.119778444, 34.323560946 ], [ 135.119767808, 34.323557441 ], [ 135.119749805, 34.323554613 ], [ 135.119718003, 34.323552306 ], [ 135.119514449, 34.323554892 ], [ 135.119448170999988, 34.323553081 ], [ 135.119408418, 34.323551441 ], [ 135.119389442, 34.323547333 ], [ 135.119357638999986, 34.323535559 ], [ 135.11932511, 34.323517667 ], [ 135.11926847, 34.323478468 ], [ 135.119200337, 34.323427054 ], [ 135.119129663, 34.323388135 ], [ 135.119112866, 34.323407135 ], [ 135.119085616, 34.323393694 ], [ 135.118962866, 34.323565081 ], [ 135.118804825000012, 34.32381191 ], [ 135.118849961, 34.32383482 ], [ 135.118578768, 34.324234955 ], [ 135.118809363999986, 34.324342036 ], [ 135.118950311, 34.324406162 ], [ 135.119220078000012, 34.324529387 ], [ 135.119527729999987, 34.324676495 ], [ 135.119721712, 34.324398622 ], [ 135.119648962000014, 34.324365928 ], [ 135.119630777999987, 34.324393586 ] ] ], [ [ [ 135.159267664999987, 34.331501108 ], [ 135.159269805, 34.331484441 ], [ 135.159249468000013, 34.331441748 ], [ 135.159222581, 34.331401721 ], [ 135.159201245, 34.331382748 ], [ 135.159183839, 34.331374495 ], [ 135.159165499000011, 34.331381946 ], [ 135.159156861000014, 34.331400198 ], [ 135.159168275000013, 34.331432559 ], [ 135.159193695999988, 34.331486081 ], [ 135.15921761300001, 34.331508892 ], [ 135.159235693999989, 34.331515414 ], [ 135.159254616999988, 34.331512919 ], [ 135.159267664999987, 34.331501108 ] ] ], [ [ [ 135.158815966, 34.331734748 ], [ 135.158836057, 34.331735973 ], [ 135.15884786, 34.331729027 ], [ 135.158851894, 34.331718252 ], [ 135.158846783, 34.331707468 ], [ 135.158831971000012, 34.331698721 ], [ 135.15881185500001, 34.331688946 ], [ 135.158785914, 34.331686946 ], [ 135.158812698, 34.33167064 ], [ 135.158817393, 34.331658225 ], [ 135.158812438000012, 34.331630775 ], [ 135.158793280999987, 34.331601532 ], [ 135.158765499, 34.33157764 ], [ 135.158731167000013, 34.331565586 ], [ 135.158695005999988, 34.331551802 ], [ 135.158654747000014, 34.331544054 ], [ 135.15860849500001, 34.331550135 ], [ 135.158575279, 34.33155964 ], [ 135.158547134, 34.331579387 ], [ 135.158524721, 34.331603468 ], [ 135.158518807, 34.331621198 ], [ 135.15853406, 34.331650414 ], [ 135.158567562, 34.331678054 ], [ 135.158593359, 34.331694919 ], [ 135.158634086, 34.33172 ], [ 135.158669689, 34.331734306 ], [ 135.158692476999988, 34.331739775 ], [ 135.15873192, 34.331749775 ], [ 135.158748249000013, 34.331747721 ], [ 135.158758716, 34.331742946 ], [ 135.158760777999987, 34.331734919 ], [ 135.158744578000011, 34.331723441 ], [ 135.158725357, 34.331709892 ], [ 135.158744721, 34.331708946 ], [ 135.158766005, 34.331721973 ], [ 135.158792633, 34.331731892 ], [ 135.158815966, 34.331734748 ] ] ], [ [ [ 135.169995422, 34.337627261 ], [ 135.169954267, 34.337691288 ], [ 135.170669428999986, 34.338009243 ], [ 135.171024448999987, 34.337712622 ], [ 135.170972995999989, 34.337676342 ], [ 135.170661712, 34.337923883 ], [ 135.169995422, 34.337627261 ] ] ], [ [ [ 135.193806329000012, 34.339190198 ], [ 135.193930895, 34.339189468 ], [ 135.194001633999989, 34.339179135 ], [ 135.194024086000013, 34.339162252 ], [ 135.194035357, 34.339142198 ], [ 135.194037691, 34.338897802 ], [ 135.194190389, 34.338682279 ], [ 135.194098521, 34.338571865 ], [ 135.194054112, 34.338543721 ], [ 135.193781505, 34.338478532 ], [ 135.193558833, 34.338444613 ], [ 135.193430661, 34.338436027 ], [ 135.193289274, 34.33844436 ], [ 135.192961803, 34.338468441 ], [ 135.192887108, 34.338585532 ], [ 135.192872802000011, 34.338604892 ], [ 135.192865863, 34.338613694 ], [ 135.192861946, 34.338625829 ], [ 135.192864449000012, 34.338659748 ], [ 135.192870169, 34.338675919 ], [ 135.192885913999987, 34.338709198 ], [ 135.192923554, 34.33878536 ], [ 135.193336226000014, 34.338979829 ], [ 135.193390505999986, 34.338896252 ], [ 135.193413671, 34.338860532 ], [ 135.19361917, 34.338544 ], [ 135.193811699, 34.338628748 ], [ 135.193707886, 34.338790532 ], [ 135.193574501, 34.338747802 ], [ 135.193484942, 34.338894892 ], [ 135.19346275, 34.338931081 ], [ 135.193413943, 34.339011279 ], [ 135.193732218, 34.339166532 ], [ 135.193806329000012, 34.339190198 ] ] ], [ [ [ 135.22703953300001, 34.353054 ], [ 135.227016252, 34.353067306 ], [ 135.227217782, 34.353293225 ], [ 135.227243333, 34.353277973 ], [ 135.22703953300001, 34.353054 ] ] ], [ [ [ 135.233004617, 34.358797468 ], [ 135.233060532, 34.358745892 ], [ 135.233039338999987, 34.358720495 ], [ 135.232977951, 34.358776559 ], [ 135.233004617, 34.358797468 ] ] ], [ [ [ 135.22597466900001, 34.41522036 ], [ 135.225, 34.416223694 ], [ 135.22494131, 34.416284108 ], [ 135.224567782, 34.416666667 ], [ 135.223376005, 34.417887198 ], [ 135.222656693, 34.418629387 ], [ 135.222572244, 34.418712775 ], [ 135.222414553, 34.418874054 ], [ 135.22166428, 34.419645225 ], [ 135.220593165, 34.420733586 ], [ 135.220387134, 34.420943135 ], [ 135.21912275, 34.422223721 ], [ 135.223173358999986, 34.424940748 ], [ 135.223261946, 34.425 ], [ 135.224952607, 34.426131054 ], [ 135.225, 34.426163 ], [ 135.225059001, 34.426202748 ], [ 135.225023333, 34.426211829 ], [ 135.22523, 34.426350829 ], [ 135.227484189, 34.42784936 ], [ 135.226850415, 34.428482135 ], [ 135.226944527, 34.428555108 ], [ 135.227576135, 34.427910468 ], [ 135.230462477, 34.429829225 ], [ 135.229425058, 34.430879721 ], [ 135.2288907, 34.430925721 ], [ 135.228654694999989, 34.430947973 ], [ 135.226203554, 34.429305027 ], [ 135.226847393000014, 34.428655748 ], [ 135.226750220000014, 34.428587802 ], [ 135.226113943, 34.429244973 ], [ 135.225899585, 34.429101279 ], [ 135.225, 34.430024495 ], [ 135.221775888, 34.433333333 ], [ 135.22162594, 34.433487225 ], [ 135.221394669, 34.433333333 ], [ 135.21691642, 34.430353586 ], [ 135.216666667, 34.430185135 ], [ 135.208978249000012, 34.425 ], [ 135.208333333000013, 34.424565054 ], [ 135.206170947, 34.423106721 ], [ 135.208333333000013, 34.42089264 ], [ 135.209079027, 34.420129108 ], [ 135.209012827, 34.420082252 ], [ 135.208333333000013, 34.420777495 ], [ 135.20609808, 34.423064559 ], [ 135.20419869, 34.425 ], [ 135.201164501, 34.428091802 ], [ 135.20483511, 34.430541387 ], [ 135.208100804, 34.431809919 ], [ 135.208333333000013, 34.431966198 ], [ 135.210367497, 34.433333333 ], [ 135.216666667, 34.437566919 ], [ 135.218048833000012, 34.438495865 ], [ 135.222782438, 34.441666667 ], [ 135.225, 34.443152081 ], [ 135.229325162, 34.446049306 ], [ 135.233333333, 34.448744252 ], [ 135.235200999, 34.45 ], [ 135.23577761300001, 34.450387694 ], [ 135.23793649800001, 34.452777919 ], [ 135.241582555, 34.455224414 ], [ 135.241666667, 34.455138586 ], [ 135.245459442, 34.451268775 ], [ 135.25, 34.451205865 ], [ 135.254213878, 34.45114018 ], [ 135.252514008, 34.45 ], [ 135.25064131, 34.448743892 ], [ 135.252415214, 34.446926811 ], [ 135.251868105999989, 34.446542 ], [ 135.250145694, 34.445377919 ], [ 135.25, 34.445279468 ], [ 135.24944856, 34.444906802 ], [ 135.244638418, 34.441666667 ], [ 135.24295153, 34.44053036 ], [ 135.241666667, 34.439671333 ], [ 135.239919558999986, 34.438503279 ], [ 135.233333333, 34.434091027 ], [ 135.232202309, 34.433333333 ], [ 135.232115966, 34.433275495 ], [ 135.232031946, 34.432639802 ], [ 135.233057497, 34.431594973 ], [ 135.233333333, 34.431779721 ], [ 135.234399169999989, 34.432493586 ], [ 135.234416939, 34.432479586 ], [ 135.235317198, 34.433085333 ], [ 135.235501284, 34.433207279 ], [ 135.235694773, 34.433333333 ], [ 135.235867418999987, 34.433445775 ], [ 135.236374163, 34.433786198 ], [ 135.2369562, 34.434179027 ], [ 135.237571245, 34.434591162 ], [ 135.238570947, 34.435266613 ], [ 135.239000078, 34.435552441 ], [ 135.239857977000014, 34.436125829 ], [ 135.240441219, 34.436518721 ], [ 135.240964811999987, 34.436869333 ], [ 135.241295966, 34.437091279 ], [ 135.241604241, 34.43730009 ], [ 135.241626939000014, 34.437315468 ], [ 135.241632866, 34.437319468 ], [ 135.241666667, 34.437342135 ], [ 135.242324306, 34.437783 ], [ 135.243292802000013, 34.438437027 ], [ 135.244405136000012, 34.439182054 ], [ 135.2451638, 34.439689441 ], [ 135.246329416, 34.440476 ], [ 135.247244942, 34.441088468 ], [ 135.248100778, 34.441666667 ], [ 135.248178054, 34.441718892 ], [ 135.248787471000014, 34.442125865 ], [ 135.249269883000011, 34.442451306 ], [ 135.25, 34.442944865 ], [ 135.25027214, 34.443128829 ], [ 135.251470636, 34.443927162 ], [ 135.251759001000011, 34.444122414 ], [ 135.251802555000012, 34.444119973 ], [ 135.251807418999988, 34.444149468 ], [ 135.251792724000012, 34.444161829 ], [ 135.252834423, 34.444863198 ], [ 135.253935525, 34.445602946 ], [ 135.25433153, 34.445872027 ], [ 135.254392672, 34.445909198 ], [ 135.254455162, 34.44594464 ], [ 135.254519053, 34.445978387 ], [ 135.254584279999989, 34.446010414 ], [ 135.254650726, 34.446040667 ], [ 135.254718274999988, 34.446069027 ], [ 135.254786913, 34.446095586 ], [ 135.25485655, 34.446120279 ], [ 135.254927198, 34.446143054 ], [ 135.254998715999989, 34.446163865 ], [ 135.255070947, 34.446182775 ], [ 135.255143917, 34.446199721 ], [ 135.255217445, 34.446214613 ], [ 135.255291556, 34.446227586 ], [ 135.255366226, 34.446238495 ], [ 135.255441219, 34.446247333 ], [ 135.255516589, 34.446254198 ], [ 135.255592049, 34.446259 ], [ 135.255667781999989, 34.446261694 ], [ 135.25574360600001, 34.446262441 ], [ 135.25581939, 34.446261 ], [ 135.255895032000012, 34.446257586 ], [ 135.255970506000011, 34.446252081 ], [ 135.256045746000012, 34.446244613 ], [ 135.256120610000011, 34.446235054 ], [ 135.256195032, 34.446223441 ], [ 135.256269053000011, 34.446209919 ], [ 135.256342412, 34.446194306 ], [ 135.256415162, 34.446176721 ], [ 135.256487276, 34.446157135 ], [ 135.256558418, 34.446135667 ], [ 135.256628690000014, 34.446112225 ], [ 135.256698029, 34.446086946 ], [ 135.25676639400001, 34.446059775 ], [ 135.25683358, 34.446030775 ], [ 135.256899585000014, 34.445999919 ], [ 135.256964384000014, 34.445967387 ], [ 135.257027808, 34.445933081 ], [ 135.257089831, 34.445897027 ], [ 135.257150441, 34.445859721 ], [ 135.257204863999988, 34.445824973 ], [ 135.257287082, 34.445766333 ], [ 135.257398249, 34.445675775 ], [ 135.257536161, 34.445546414 ], [ 135.257863865, 34.445210333 ], [ 135.257811141, 34.445169441 ], [ 135.257763839, 34.445214775 ], [ 135.257796252, 34.445240306 ], [ 135.257517951000011, 34.44552936 ], [ 135.257377951, 34.445658694 ], [ 135.257266808999987, 34.445745919 ], [ 135.257190778, 34.445804613 ], [ 135.257150752, 34.445826892 ], [ 135.257091634, 34.445866559 ], [ 135.257031141, 34.44590236 ], [ 135.256969248, 34.445936495 ], [ 135.256906057, 34.445969027 ], [ 135.256841699, 34.445999748 ], [ 135.256776030999987, 34.446028721 ], [ 135.25670939, 34.446056 ], [ 135.256641608, 34.44608136 ], [ 135.256572944, 34.446105027 ], [ 135.256503307, 34.446126694 ], [ 135.256432944000011, 34.446146559 ], [ 135.256361725, 34.446164414 ], [ 135.256289974, 34.446180468 ], [ 135.256217613, 34.446194441 ], [ 135.256144694999989, 34.44620664 ], [ 135.256071244999987, 34.446216748 ], [ 135.255997613, 34.446224865 ], [ 135.255923554, 34.446231081 ], [ 135.255849416, 34.446235225 ], [ 135.255775084, 34.446237387 ], [ 135.255700752, 34.446237559 ], [ 135.255626446, 34.446235667 ], [ 135.25555214, 34.446231775 ], [ 135.255478197, 34.446226027 ], [ 135.255404384, 34.446218162 ], [ 135.255330999, 34.44620836 ], [ 135.255257977000014, 34.446196559 ], [ 135.255185641999987, 34.446182865 ], [ 135.255113722, 34.446167081 ], [ 135.255042387, 34.446149532 ], [ 135.254971946000012, 34.44613 ], [ 135.254902166, 34.446108559 ], [ 135.254833359, 34.446085252 ], [ 135.254765473, 34.446060108 ], [ 135.25469856, 34.446033225 ], [ 135.254632776, 34.446004495 ], [ 135.254568170999988, 34.445974 ], [ 135.254504812, 34.445941775 ], [ 135.254442633, 34.445907865 ], [ 135.254382023, 34.445872333 ], [ 135.253962892, 34.445584279 ], [ 135.252852192, 34.444844081 ], [ 135.251832218, 34.444161532 ], [ 135.251832672, 34.444147279 ], [ 135.251852724, 34.444145613 ], [ 135.252057834, 34.444281 ], [ 135.252747691, 34.444739252 ], [ 135.252777716999987, 34.444714721 ], [ 135.252086861, 34.444258829 ], [ 135.252070558000014, 34.444269919 ], [ 135.251887886, 34.444142586 ], [ 135.25312167300001, 34.444033468 ], [ 135.253139339, 34.444139946 ], [ 135.253112335, 34.444143027 ], [ 135.253142581, 34.444325333 ], [ 135.253210026, 34.444317613 ], [ 135.253179754, 34.444135135 ], [ 135.253166031, 34.444136694 ], [ 135.253148470000014, 34.444031108 ], [ 135.253351025, 34.444013225 ], [ 135.253366394000011, 34.444121586 ], [ 135.253341673, 34.444123973 ], [ 135.253381698999988, 34.444406829 ], [ 135.253450973000014, 34.444400135 ], [ 135.253411140999987, 34.444119252 ], [ 135.25339, 34.444121279 ], [ 135.25337489, 34.444011108 ], [ 135.254077755999987, 34.443948892 ], [ 135.254094332, 34.444053829 ], [ 135.254034228, 34.444059495 ], [ 135.254097717, 34.444507306 ], [ 135.254271971, 34.44449036 ], [ 135.254208690000013, 34.444043802 ], [ 135.254150751999987, 34.444049387 ], [ 135.254136472, 34.443943748 ], [ 135.254842387, 34.443881252 ], [ 135.254868781, 34.443997973 ], [ 135.254762776, 34.444009306 ], [ 135.25481978, 34.444368387 ], [ 135.255089637, 34.444344135 ], [ 135.25504358, 34.443980108 ], [ 135.254944812, 34.443989495 ], [ 135.254927445, 34.443873721 ], [ 135.25621786, 34.443759532 ], [ 135.256232555, 34.443918559 ], [ 135.256451894, 34.443899973 ], [ 135.25644978, 34.443866135 ], [ 135.256613554000012, 34.443853162 ], [ 135.256620584, 34.443885027 ], [ 135.256688003, 34.443877495 ], [ 135.256665524999988, 34.443723027 ], [ 135.257170078, 34.443680559 ], [ 135.257388859, 34.443662054 ], [ 135.258025253, 34.443608198 ], [ 135.258333333, 34.443582108 ], [ 135.259420078, 34.443490108 ], [ 135.259416445999989, 34.443458 ], [ 135.259486472, 34.443450946 ], [ 135.259503306999989, 34.443467532 ], [ 135.259537639, 34.443462054 ], [ 135.259593747999986, 34.443453027 ], [ 135.25963786, 34.443400279 ], [ 135.259636978, 34.443387748 ], [ 135.259681556, 34.443342225 ], [ 135.259699831, 34.443343135 ], [ 135.259731582, 34.443310613 ], [ 135.259728638000013, 34.443297973 ], [ 135.259761479, 34.443262829 ], [ 135.259781725000011, 34.443264667 ], [ 135.25982061, 34.443222081 ], [ 135.259818145, 34.443205667 ], [ 135.259851970999989, 34.443169694 ], [ 135.259876394, 34.443165694 ], [ 135.259907172999988, 34.443130559 ], [ 135.259903281, 34.443115468 ], [ 135.259936978000013, 34.443081252 ], [ 135.259960389000014, 34.443078865 ], [ 135.259999274, 34.443037892 ], [ 135.259993359, 34.443019387 ], [ 135.260024617, 34.442989721 ], [ 135.260049001, 34.442989865 ], [ 135.260080752, 34.442954802 ], [ 135.260076887, 34.442937946 ], [ 135.26010861200001, 34.442904495 ], [ 135.260132023000011, 34.442902198 ], [ 135.260170947, 34.442857919 ], [ 135.260165006, 34.442842721 ], [ 135.260203385000011, 34.44280636 ], [ 135.260229728000013, 34.442806495 ], [ 135.260257445, 34.442773946 ], [ 135.260253580000011, 34.442753748 ], [ 135.26028939, 34.442717892 ], [ 135.2603107, 34.44271964 ], [ 135.26035275000001, 34.442677081 ], [ 135.260347782, 34.442660279 ], [ 135.260380051999988, 34.442628919 ], [ 135.260402361, 34.442628252 ], [ 135.260433165, 34.442591468 ], [ 135.260429222, 34.442580532 ], [ 135.260468106, 34.442540387 ], [ 135.260485383, 34.442542198 ], [ 135.26053153, 34.442492892 ], [ 135.260526524, 34.442480252 ], [ 135.260559805000014, 34.442444748 ], [ 135.260581140999989, 34.442444865 ], [ 135.260612892000012, 34.442409802 ], [ 135.260609001, 34.442393829 ], [ 135.260645888, 34.442356198 ], [ 135.260666135, 34.442357225 ], [ 135.260706109000012, 34.442315441 ], [ 135.26070131, 34.442293495 ], [ 135.260731505, 34.442261414 ], [ 135.260755863000014, 34.442262387 ], [ 135.26078664100001, 34.442227306 ], [ 135.260786809, 34.44220964 ], [ 135.260823554000012, 34.442174532 ], [ 135.260844889999987, 34.442175559 ], [ 135.26088489, 34.44213036 ], [ 135.260881971, 34.442116108 ], [ 135.26091022, 34.442084802 ], [ 135.260931556, 34.442083225 ], [ 135.260960246, 34.442048973 ], [ 135.260956252, 34.442036306 ], [ 135.260988106000013, 34.442001252 ], [ 135.261008339999989, 34.442001387 ], [ 135.261059611, 34.441951198 ], [ 135.261059196, 34.441934892 ], [ 135.261089973999987, 34.44190064 ], [ 135.261112309, 34.441898252 ], [ 135.261139001, 34.441869 ], [ 135.261136109, 34.441852135 ], [ 135.261168833, 34.441817892 ], [ 135.261192244, 34.441815495 ], [ 135.261236226, 34.441778 ], [ 135.26123131, 34.441755252 ], [ 135.261264553, 34.441722279 ], [ 135.261288949, 34.441721613 ], [ 135.261319727999989, 34.441686468 ], [ 135.261314747, 34.441668865 ], [ 135.261316641, 34.441666667 ], [ 135.261348612, 34.441629586 ], [ 135.261371997, 34.441630532 ], [ 135.261407808, 34.441595387 ], [ 135.26140489, 34.441580333 ], [ 135.261446355, 34.441539829 ], [ 135.261465642, 34.441538225 ], [ 135.261496419999986, 34.441502279 ], [ 135.261492529, 34.441488802 ], [ 135.261524254, 34.441457081 ], [ 135.261549611, 34.441455532 ], [ 135.261585551, 34.441413829 ], [ 135.261583191, 34.441398225 ], [ 135.261614942, 34.441363973 ], [ 135.261632139999989, 34.441364054 ], [ 135.261675188, 34.441317279 ], [ 135.261673280999986, 34.441303027 ], [ 135.261699948, 34.441275414 ], [ 135.261722244, 34.44127636 ], [ 135.261763191, 34.441234667 ], [ 135.261758781, 34.441217333 ], [ 135.261790636, 34.441183108 ], [ 135.261811894, 34.441180694 ], [ 135.261842672, 34.441144829 ], [ 135.261839754, 34.441129667 ], [ 135.261871608, 34.441095414 ], [ 135.261893917, 34.44109636 ], [ 135.261935863, 34.441052081 ], [ 135.261934059999987, 34.441035306 ], [ 135.261967328, 34.441000613 ], [ 135.261992698, 34.441001586 ], [ 135.262022476999988, 34.440967306 ], [ 135.262017523, 34.440948802 ], [ 135.262048275000012, 34.440915441 ], [ 135.262077665, 34.440913919 ], [ 135.262122827000013, 34.440864613 ], [ 135.262118832999988, 34.440849441 ], [ 135.262146057, 34.440820667 ], [ 135.262175473000013, 34.440818306 ], [ 135.262205253, 34.440785694 ], [ 135.262202335000012, 34.440770613 ], [ 135.262233113, 34.44073636 ], [ 135.262255447, 34.440733054 ], [ 135.262300466999989, 34.440684667 ], [ 135.262298638, 34.440670306 ], [ 135.262334968, 34.440634829 ], [ 135.262357275999989, 34.440634135 ], [ 135.262383995, 34.440602387 ], [ 135.262381115000011, 34.440584721 ], [ 135.262410778, 34.440552973 ], [ 135.262432088, 34.440553919 ], [ 135.262465966, 34.440513 ], [ 135.262463061, 34.440497829 ], [ 135.262496304, 34.440464865 ], [ 135.262519728, 34.440463306 ], [ 135.262548418, 34.440429027 ], [ 135.262547471, 34.440413892 ], [ 135.262584358, 34.440375532 ], [ 135.262605694, 34.440374748 ], [ 135.262641634, 34.440335468 ], [ 135.262637639, 34.440319495 ], [ 135.262676589, 34.440283586 ], [ 135.262697912, 34.440283694 ], [ 135.262729105, 34.440251613 ], [ 135.262727276, 34.440234748 ], [ 135.262760052, 34.44019636 ], [ 135.2627793, 34.440197279 ], [ 135.262818275, 34.440157225 ], [ 135.262814423, 34.440140333 ], [ 135.262853256, 34.440103613 ], [ 135.26287763900001, 34.440102946 ], [ 135.262905772000011, 34.440069946 ], [ 135.262902996, 34.440050559 ], [ 135.262929689, 34.440023667 ], [ 135.262951089000012, 34.440002162 ], [ 135.262969805000012, 34.440003532 ], [ 135.262971115, 34.44000236 ], [ 135.263000117, 34.439972162 ], [ 135.26299917, 34.439954586 ], [ 135.263039663, 34.439915694 ], [ 135.263057976999988, 34.439913279 ], [ 135.263087665, 34.439878198 ], [ 135.263081672999988, 34.439865559 ], [ 135.26311856, 34.439829613 ], [ 135.263143891, 34.439831468 ], [ 135.263178807, 34.439794721 ], [ 135.263176913, 34.439774532 ], [ 135.26321022, 34.439737414 ], [ 135.263241699, 34.439735892 ], [ 135.263264357999986, 34.43970664 ], [ 135.263261479, 34.439686414 ], [ 135.263294228, 34.439652162 ], [ 135.263320661, 34.439652333 ], [ 135.263359584999989, 34.439605495 ], [ 135.263357639, 34.439591252 ], [ 135.263396031000013, 34.439555775 ], [ 135.263412361, 34.439554973 ], [ 135.263448197, 34.439514081 ], [ 135.263447328000012, 34.439501468 ], [ 135.263480052, 34.439467225 ], [ 135.26349625200001, 34.439469829 ], [ 135.263534279999988, 34.439427252 ], [ 135.263531388, 34.439408748 ], [ 135.263567173000013, 34.439372802 ], [ 135.263595136, 34.439371721 ], [ 135.263628974999989, 34.439337468 ], [ 135.263621946, 34.439318973 ], [ 135.263649611, 34.439290559 ], [ 135.26367192, 34.439291495 ], [ 135.263706887000012, 34.439248892 ], [ 135.263702918, 34.439231198 ], [ 135.26373978, 34.439196973 ], [ 135.263763165, 34.439198829 ], [ 135.263794332, 34.43916664 ], [ 135.263788392, 34.439148946 ], [ 135.263826304, 34.439107162 ], [ 135.26384869, 34.439110721 ], [ 135.263890636000014, 34.439067252 ], [ 135.263883722, 34.439050441 ], [ 135.263919533, 34.439011162 ], [ 135.263945447, 34.439010054 ], [ 135.263975227, 34.438974892 ], [ 135.263971245, 34.438958108 ], [ 135.264002995999988, 34.438924667 ], [ 135.264026355, 34.438925613 ], [ 135.264063281, 34.43888636 ], [ 135.264056394, 34.438866225 ], [ 135.264090052, 34.438836108 ], [ 135.264115499000013, 34.438837081 ], [ 135.264150752, 34.438799973 ], [ 135.264143839000013, 34.438783081 ], [ 135.26417153, 34.438753027 ], [ 135.26419489, 34.438754802 ], [ 135.264242023, 34.438703892 ], [ 135.264237082, 34.438684559 ], [ 135.264266835, 34.438656162 ], [ 135.264288145, 34.438656279 ], [ 135.264325473000014, 34.438619919 ], [ 135.264319533, 34.438601387 ], [ 135.264352335000012, 34.438570586 ], [ 135.264372555, 34.438571495 ], [ 135.264419663000012, 34.438523027 ], [ 135.264411725, 34.438511252 ], [ 135.264447497, 34.438477027 ], [ 135.264471855000011, 34.438478 ], [ 135.264506226, 34.438442495 ], [ 135.264500311, 34.438424775 ], [ 135.264527859999987, 34.438396468 ], [ 135.264552218, 34.438398225 ], [ 135.264596278, 34.438348919 ], [ 135.264592477, 34.438324559 ], [ 135.264626278, 34.438292027 ], [ 135.264648560000012, 34.438294694 ], [ 135.264684890000012, 34.438256694 ], [ 135.264678003, 34.438237252 ], [ 135.264709689, 34.438208054 ], [ 135.264730999, 34.438209892 ], [ 135.264771997, 34.438163892 ], [ 135.264768106, 34.438148802 ], [ 135.264798832999986, 34.438118802 ], [ 135.264819079, 34.438118919 ], [ 135.264861699, 34.438074198 ], [ 135.264854643, 34.438058198 ], [ 135.264878249, 34.438034 ], [ 135.264899559000014, 34.43803664 ], [ 135.264949754000014, 34.437982306 ], [ 135.264946861, 34.437966333 ], [ 135.26497396900001, 34.437938387 ], [ 135.264993256, 34.437936775 ], [ 135.265031141, 34.437897532 ], [ 135.265029274, 34.437884081 ], [ 135.265061971, 34.437854081 ], [ 135.265074163, 34.437854135 ], [ 135.265132529, 34.437799054 ], [ 135.265139753999989, 34.437733919 ], [ 135.265127665, 34.437721306 ], [ 135.265132048999988, 34.437680946 ], [ 135.26514834, 34.437670946 ], [ 135.265149728000011, 34.437625613 ], [ 135.265135577, 34.437611279 ], [ 135.265140532, 34.437570559 ], [ 135.265156809, 34.437562279 ], [ 135.265161414, 34.437508468 ], [ 135.265134423, 34.437458721 ], [ 135.265080856, 34.437423162 ], [ 135.265053411, 34.437427135 ], [ 135.265022724, 34.437403081 ], [ 135.265022918, 34.437382892 ], [ 135.264991634000012, 34.437360865 ], [ 135.264964189000011, 34.437364054 ], [ 135.264922776, 34.437336919 ], [ 135.264922969999986, 34.437312586 ], [ 135.264863061, 34.437272468 ], [ 135.264638249, 34.437124162 ], [ 135.264494449000011, 34.43702936 ], [ 135.264428470000013, 34.436983613 ], [ 135.264402088, 34.436990135 ], [ 135.264367808, 34.436965586 ], [ 135.264368029, 34.436941252 ], [ 135.264332633, 34.436920027 ], [ 135.264303217, 34.436924 ], [ 135.264271894, 34.436898667 ], [ 135.264273165, 34.436876865 ], [ 135.264220661, 34.436844532 ], [ 135.264147108, 34.436834441 ], [ 135.264083113, 34.436849198 ], [ 135.264072698, 34.436868414 ], [ 135.264026913, 34.436878252 ], [ 135.264006783000013, 34.436867225 ], [ 135.263954864, 34.436880333 ], [ 135.263943579999989, 34.436900468 ], [ 135.263903891000012, 34.436910333 ], [ 135.263884617, 34.436900919 ], [ 135.263814501000013, 34.436918162 ], [ 135.263761284, 34.436969973 ], [ 135.263763554, 34.436993865 ], [ 135.263741051000011, 34.437016441 ], [ 135.263717665, 34.437014586 ], [ 135.263682892, 34.437048829 ], [ 135.263688807, 34.437069865 ], [ 135.263663191, 34.437096586 ], [ 135.263639831, 34.437095613 ], [ 135.263592724, 34.437143225 ], [ 135.263597665, 34.437162613 ], [ 135.263563865, 34.437196865 ], [ 135.263540025999987, 34.437197081 ], [ 135.263508301, 34.437227162 ], [ 135.263513112999988, 34.437249919 ], [ 135.263480415, 34.437279919 ], [ 135.263460117, 34.437275559 ], [ 135.26345192, 34.437278946 ], [ 135.263446744, 34.437298198 ], [ 135.263415253, 34.437305586 ], [ 135.263398029, 34.437297108 ], [ 135.263327808000014, 34.437311829 ], [ 135.26332061, 34.437326829 ], [ 135.263273865, 34.437335829 ], [ 135.263238417999986, 34.437318775 ], [ 135.263236641, 34.437297748 ], [ 135.263210363000013, 34.437280829 ], [ 135.263184942, 34.437285721 ], [ 135.263143645000014, 34.437256892 ], [ 135.26314083, 34.43723 ], [ 135.263090272, 34.437199414 ], [ 135.263060895, 34.437201748 ], [ 135.263026472, 34.437178919 ], [ 135.263026252, 34.437154946 ], [ 135.262992944, 34.437132027 ], [ 135.262962477, 34.437133559 ], [ 135.262926134999987, 34.437106468 ], [ 135.262926304, 34.437088 ], [ 135.262878885, 34.437059135 ], [ 135.26285243800001, 34.437060667 ], [ 135.262812114000013, 34.437032667 ], [ 135.262811309999989, 34.437011667 ], [ 135.262773969, 34.436989613 ], [ 135.262745005999989, 34.436991532 ], [ 135.262704668999987, 34.436964414 ], [ 135.262706809, 34.436941694 ], [ 135.262656394, 34.436909468 ], [ 135.262631997, 34.436912667 ], [ 135.262591673, 34.436883027 ], [ 135.262596835000011, 34.436864586 ], [ 135.262563605999986, 34.436844279 ], [ 135.262537134000013, 34.436847441 ], [ 135.262492775999988, 34.436817802 ], [ 135.262492944, 34.436800135 ], [ 135.262432776, 34.436760721 ], [ 135.262411555999989, 34.436763135 ], [ 135.262373165000014, 34.436735946 ], [ 135.262375383, 34.436718387 ], [ 135.26234, 34.436695441 ], [ 135.262311582, 34.436696973 ], [ 135.262275253000013, 34.436671532 ], [ 135.262275447, 34.436650532 ], [ 135.262225006, 34.436618306 ], [ 135.262198106, 34.436621108 ], [ 135.262158715999988, 34.43659564 ], [ 135.262158911, 34.436575441 ], [ 135.262117445, 34.436550027 ], [ 135.262092048999989, 34.436554027 ], [ 135.2620538, 34.436526108 ], [ 135.262053995, 34.436502586 ], [ 135.261999468, 34.436467829 ], [ 135.261972023, 34.436471 ], [ 135.261935668, 34.436446441 ], [ 135.261937886, 34.436427973 ], [ 135.261896031, 34.436402108 ], [ 135.261867470999988, 34.436405279 ], [ 135.261834279999988, 34.436381559 ], [ 135.261834475, 34.436360532 ], [ 135.261780921, 34.436326586 ], [ 135.261758586000013, 34.436328973 ], [ 135.261719222000011, 34.436301054 ], [ 135.261720363, 34.436281694 ], [ 135.261679027000014, 34.436256279 ], [ 135.261655616000013, 34.436257775 ], [ 135.261621336, 34.436233225 ], [ 135.26162204900001, 34.436215198 ], [ 135.261566523999988, 34.436181225 ], [ 135.261542166, 34.436181081 ], [ 135.261505811, 34.436155613 ], [ 135.26150194600001, 34.436138027 ], [ 135.261463553999988, 34.436111721 ], [ 135.261438197, 34.436111586 ], [ 135.261406939000011, 34.436089468 ], [ 135.261407082, 34.436072721 ], [ 135.261343022, 34.436033306 ], [ 135.261318663999987, 34.436033135 ], [ 135.261281245, 34.436005973 ], [ 135.261283475999988, 34.435988387 ], [ 135.261246135, 34.43596464 ], [ 135.261224773, 34.435967027 ], [ 135.261189559, 34.435940775 ], [ 135.261191673000013, 34.435923108 ], [ 135.261128144999986, 34.435884054 ], [ 135.261096109, 34.435888559 ], [ 135.261060778, 34.435859748 ], [ 135.261063022, 34.435840468 ], [ 135.261029689, 34.435819279 ], [ 135.260999196, 34.435821532 ], [ 135.260963943, 34.435796162 ], [ 135.260963087, 34.435771802 ], [ 135.260910583999987, 34.435739586 ], [ 135.260885188, 34.435744387 ], [ 135.260846913, 34.435716468 ], [ 135.260849052999987, 34.435698 ], [ 135.260812244, 34.435675495 ], [ 135.260784838, 34.435676162 ], [ 135.260746446000013, 34.435649054 ], [ 135.260745641999989, 34.435628865 ], [ 135.260693139000011, 34.43559664 ], [ 135.260668755000012, 34.435599 ], [ 135.26063642, 34.435575279 ], [ 135.260635668, 34.435551748 ], [ 135.26059834, 34.43552636 ], [ 135.260565811, 34.435525279 ], [ 135.260528494999988, 34.435499 ], [ 135.260525226999988, 34.435477613 ], [ 135.260476743999988, 34.435446198 ], [ 135.260448340000011, 34.435446865 ], [ 135.260414059999988, 34.435423108 ], [ 135.260413164999989, 34.435401279 ], [ 135.260390947, 34.435390252 ], [ 135.260365576999988, 34.435391802 ], [ 135.260333256, 34.435369694 ], [ 135.260331505000011, 34.435347054 ], [ 135.260235083999987, 34.435285532 ], [ 135.260218716, 34.435288775 ], [ 135.260172243999989, 34.435265865 ], [ 135.260170415, 34.435250694 ], [ 135.260116719, 34.435231892 ], [ 135.260095331, 34.435239333 ], [ 135.26005297, 34.435219694 ], [ 135.260051997, 34.435205441 ], [ 135.259989364, 34.435179027 ], [ 135.259966939, 34.435188973 ], [ 135.259918418000012, 34.435166865 ], [ 135.259918559999988, 34.435150919 ], [ 135.259872023000014, 34.435132162 ], [ 135.259850117000013, 34.435139135 ], [ 135.259805668000013, 34.435119495 ], [ 135.259802775999987, 34.435101 ], [ 135.259747173, 34.435078829 ], [ 135.259724694999989, 34.435085468 ], [ 135.259670169, 34.435062414 ], [ 135.2596662, 34.435043919 ], [ 135.259622697999987, 34.435027694 ], [ 135.259598249, 34.435035108 ], [ 135.259549779999986, 34.435016333 ], [ 135.259546913, 34.434996946 ], [ 135.259485084, 34.434974748 ], [ 135.259463281, 34.434978387 ], [ 135.259416808999987, 34.434957919 ], [ 135.259413916999989, 34.434939414 ], [ 135.259378444, 34.434924973 ], [ 135.25935, 34.43493236 ], [ 135.259299468, 34.434910252 ], [ 135.25929758800001, 34.434892559 ], [ 135.259234889999988, 34.434868667 ], [ 135.259215447, 34.434877721 ], [ 135.259161855, 34.434858108 ], [ 135.259162022999988, 34.434840441 ], [ 135.259114942, 34.434822946 ], [ 135.259093554, 34.434829586 ], [ 135.259050116999987, 34.434810027 ], [ 135.259048301, 34.434792333 ], [ 135.258984553, 34.434766694 ], [ 135.258965227, 34.434774162 ], [ 135.258912529000014, 34.434752829 ], [ 135.258912697999989, 34.434735162 ], [ 135.258869221999987, 34.434718135 ], [ 135.258851971000013, 34.434724802 ], [ 135.258797328000014, 34.434701748 ], [ 135.258793476, 34.434681532 ], [ 135.258745863, 34.434665279 ], [ 135.258721414, 34.434671892 ], [ 135.258666355, 34.434649306 ], [ 135.258665551, 34.434629081 ], [ 135.258617951, 34.434612027 ], [ 135.258595551000013, 34.434621081 ], [ 135.258542944, 34.434600667 ], [ 135.258537056, 34.434577108 ], [ 135.25848642, 34.434557414 ], [ 135.258456978, 34.434565721 ], [ 135.258414475, 34.434549414 ], [ 135.258407639000012, 34.434523414 ], [ 135.258363061000011, 34.434505468 ], [ 135.258337639, 34.434513694 ], [ 135.258333333, 34.434512 ], [ 135.25828808, 34.434494108 ], [ 135.258286226, 34.43447136 ], [ 135.258232114, 34.434450468 ], [ 135.258206667, 34.434461252 ], [ 135.258164163, 34.434443306 ], [ 135.25815939, 34.434418946 ], [ 135.258114812, 34.434403532 ], [ 135.258092412, 34.434410973 ], [ 135.258046887, 34.434391387 ], [ 135.258043061, 34.434369468 ], [ 135.257987418999988, 34.434349829 ], [ 135.257963943, 34.434359775 ], [ 135.257912361, 34.434336748 ], [ 135.257908495, 34.434315721 ], [ 135.25786144, 34.434298225 ], [ 135.257833943, 34.434308162 ], [ 135.257792555, 34.434288613 ], [ 135.257785668, 34.434265865 ], [ 135.257737082, 34.434247892 ], [ 135.257716667000011, 34.434256225 ], [ 135.257668223, 34.434234027 ], [ 135.257667301999987, 34.434216441 ], [ 135.257608638, 34.434194198 ], [ 135.257589274, 34.43420336 ], [ 135.257546783, 34.434186225 ], [ 135.257539883, 34.434165198 ], [ 135.257472114, 34.434139613 ], [ 135.257451699, 34.434147892 ], [ 135.25740725, 34.434129135 ], [ 135.257403307, 34.434107306 ], [ 135.25735275, 34.434090135 ], [ 135.257330363, 34.434100081 ], [ 135.257294941999987, 34.434083919 ], [ 135.257289027000013, 34.434061162 ], [ 135.257255084, 34.434049414 ], [ 135.257220169, 34.434037027 ], [ 135.257201802999987, 34.434045306 ], [ 135.257155305, 34.434024919 ], [ 135.257153411, 34.434006414 ], [ 135.257104916, 34.43398936 ], [ 135.257082555000011, 34.433997613 ], [ 135.257034086, 34.433978829 ], [ 135.25702214, 34.433950279 ], [ 135.256965525, 34.433929721 ], [ 135.256937056, 34.433937946 ], [ 135.256890636, 34.433919198 ], [ 135.256886667, 34.433900775 ], [ 135.256852335, 34.433883694 ], [ 135.25682800300001, 34.433892027 ], [ 135.256781479000011, 34.433873279 ], [ 135.256771582, 34.433849667 ], [ 135.25670083, 34.433825721 ], [ 135.256662192, 34.433840613 ], [ 135.256636977999989, 34.433826225 ], [ 135.256576304, 34.433795667 ], [ 135.256517886000012, 34.433758333 ], [ 135.255884384000012, 34.433333333 ], [ 135.254517004, 34.432415946 ], [ 135.254422802, 34.432349748 ], [ 135.25324297, 34.431562441 ], [ 135.252249637, 34.43089836 ], [ 135.252139883000012, 34.429952775 ], [ 135.252042866000011, 34.429884892 ], [ 135.251999909, 34.429854829 ], [ 135.251924941999988, 34.42980236 ], [ 135.250791582, 34.429908919 ], [ 135.250783696000013, 34.429902306 ], [ 135.250791725, 34.429894054 ], [ 135.25, 34.429362865 ], [ 135.247051634, 34.427384748 ], [ 135.247041582, 34.42739136 ], [ 135.245127691, 34.426109027 ], [ 135.244323554, 34.425567027 ], [ 135.244333645000012, 34.425558802 ], [ 135.243498716, 34.425 ], [ 135.242448833, 34.424297333 ], [ 135.2424407, 34.424305586 ], [ 135.241666667, 34.423785973 ], [ 135.241560999, 34.423715054 ], [ 135.240377108, 34.422919694 ], [ 135.240340038999989, 34.422894784 ], [ 135.237601025, 34.421054532 ], [ 135.235638612, 34.419744333 ], [ 135.235795746, 34.419584586 ], [ 135.235844721, 34.419534775 ], [ 135.235710636, 34.419445586 ], [ 135.235688885, 34.419469694 ], [ 135.235625473, 34.419539802 ], [ 135.235517327999986, 34.419659748 ], [ 135.235035305, 34.419334532 ], [ 135.234248975000014, 34.418799946 ], [ 135.234106497999989, 34.418701532 ], [ 135.233817859999988, 34.418512559 ], [ 135.233778392, 34.418485802 ], [ 135.233333333, 34.418021865 ], [ 135.232033307, 34.416666667 ], [ 135.231517951, 34.416129441 ], [ 135.231340856, 34.415947586 ], [ 135.23129834, 34.415901775 ], [ 135.231272749999988, 34.415880252 ], [ 135.228547523, 34.414054532 ], [ 135.227914838, 34.413630613 ], [ 135.227687173, 34.413475829 ], [ 135.226505863, 34.414674414 ], [ 135.226004501, 34.415191892 ], [ 135.22597466900001, 34.41522036 ] ] ], [ [ [ 135.313571336, 34.421245135 ], [ 135.313534331999989, 34.42120564 ], [ 135.312870778, 34.421698054 ], [ 135.312740947, 34.421586748 ], [ 135.312726497999989, 34.42159736 ], [ 135.312221414, 34.421285333 ], [ 135.312227782, 34.421278613 ], [ 135.312046251999988, 34.421166865 ], [ 135.31198233500001, 34.421238495 ], [ 135.31264083, 34.421643775 ], [ 135.313007419, 34.421954054 ], [ 135.313092387000012, 34.421884532 ], [ 135.312909780000012, 34.42173236 ], [ 135.313571336, 34.421245135 ] ] ], [ [ [ 135.314512996, 34.423295198 ], [ 135.314565136, 34.423256198 ], [ 135.314490920999987, 34.423191532 ], [ 135.313670052, 34.422475441 ], [ 135.313616524, 34.422515559 ], [ 135.314512996, 34.423295198 ] ] ], [ [ [ 135.3252338, 34.430277946 ], [ 135.325243113, 34.430274054 ], [ 135.325251414, 34.430268892 ], [ 135.325258521, 34.430262721 ], [ 135.325264254, 34.430255441 ], [ 135.32526834, 34.430247586 ], [ 135.325270804000013, 34.430239135 ], [ 135.325271414000014, 34.430230559 ], [ 135.32527144, 34.430228865 ], [ 135.325270311, 34.430220252 ], [ 135.325267445, 34.430212081 ], [ 135.325262918, 34.430204306 ], [ 135.325256782999986, 34.43019736 ], [ 135.32524933900001, 34.430191414 ], [ 135.325240752000013, 34.430186721 ], [ 135.325231193, 34.430183135 ], [ 135.325221193, 34.430181108 ], [ 135.325210778000013, 34.430180468 ], [ 135.325200532, 34.430181414 ], [ 135.325190532, 34.430183748 ], [ 135.325181219, 34.430187495 ], [ 135.325172826999989, 34.430192532 ], [ 135.325165668000011, 34.430198829 ], [ 135.325159883, 34.430205829 ], [ 135.325155642, 34.430213721 ], [ 135.325152387, 34.430227225 ], [ 135.32515214, 34.430233414 ], [ 135.325153385, 34.430242027 ], [ 135.325156394, 34.430250198 ], [ 135.325160999, 34.430257973 ], [ 135.325167224000012, 34.430264919 ], [ 135.325174772999986, 34.430270721 ], [ 135.325183476, 34.430275559 ], [ 135.325192996, 34.430278865 ], [ 135.325203087, 34.430280892 ], [ 135.325213475999988, 34.430281495 ], [ 135.3252238, 34.430280414 ], [ 135.3252338, 34.430277946 ] ] ], [ [ [ 135.316666667, 34.434814721 ], [ 135.317783333, 34.435944748 ], [ 135.317885668, 34.435881919 ], [ 135.317797886, 34.435785225 ], [ 135.317766524, 34.435803919 ], [ 135.316666667, 34.434689414 ], [ 135.315400441, 34.433406333 ], [ 135.315448833, 34.433333333 ], [ 135.315863113, 34.432708387 ], [ 135.316063722, 34.432431027 ], [ 135.316666667, 34.431511495 ], [ 135.316868521, 34.431203667 ], [ 135.316884280000011, 34.431209667 ], [ 135.316936719000012, 34.431126694 ], [ 135.316837977, 34.431082198 ], [ 135.31683489, 34.431086135 ], [ 135.316666667, 34.431341198 ], [ 135.315765422, 34.432707829 ], [ 135.315334669, 34.433333333 ], [ 135.315280506, 34.433411973 ], [ 135.316666667, 34.434814721 ] ] ], [ [ [ 135.335039922, 34.441439586 ], [ 135.334543086999986, 34.440393973 ], [ 135.334242088, 34.439777775 ], [ 135.334179728, 34.439791586 ], [ 135.334617471, 34.440674748 ], [ 135.334987224, 34.441457333 ], [ 135.335039922, 34.441439586 ] ] ], [ [ [ 135.333912555000012, 34.441894667 ], [ 135.333965162, 34.441997721 ], [ 135.334002166, 34.441984775 ], [ 135.333949559, 34.441881613 ], [ 135.333912555000012, 34.441894667 ] ] ], [ [ [ 135.258916809, 34.444090279 ], [ 135.258892438, 34.444078306 ], [ 135.258855305, 34.444118667 ], [ 135.258903968999988, 34.444152667 ], [ 135.259562529, 34.443476279 ], [ 135.259537639, 34.443462081 ], [ 135.258916809, 34.444090279 ] ] ], [ [ [ 135.329956614999986, 34.452331027 ], [ 135.329977496999987, 34.452359162 ], [ 135.330782244, 34.453443802 ], [ 135.331300389, 34.454142162 ], [ 135.331322023000013, 34.454171387 ], [ 135.331443165, 34.454334613 ], [ 135.331861051, 34.454897748 ], [ 135.332411219, 34.455637198 ], [ 135.332560804, 34.455837586 ], [ 135.332583385, 34.455868027 ], [ 135.332751608, 34.456094414 ], [ 135.333215837000012, 34.456720468 ], [ 135.333333333000013, 34.456878946 ], [ 135.333814747, 34.457528162 ], [ 135.333835863, 34.457556586 ], [ 135.334411803, 34.458333333 ], [ 135.3354807, 34.459774829 ], [ 135.33550297, 34.459804802 ], [ 135.335527004, 34.459837225 ], [ 135.335545837000012, 34.45986264 ], [ 135.338433138999989, 34.463755892 ], [ 135.338455227, 34.463785667 ], [ 135.338581362000014, 34.463955721 ], [ 135.338597613, 34.46397764 ], [ 135.33863489, 34.464027892 ], [ 135.340592023, 34.466666667 ], [ 135.340760894999988, 34.466894333 ], [ 135.340786719, 34.466929162 ], [ 135.340671219, 34.467082441 ], [ 135.340647808, 34.467070775 ], [ 135.338974695, 34.46927464 ], [ 135.33896489, 34.47027464 ], [ 135.338950219999987, 34.471770829 ], [ 135.338949663, 34.471828892 ], [ 135.338922309, 34.473393162 ], [ 135.33891297, 34.475 ], [ 135.338909559, 34.475590495 ], [ 135.339012309, 34.475593667 ], [ 135.339016887000014, 34.475 ], [ 135.3390293, 34.473393748 ], [ 135.33905406, 34.471830802 ], [ 135.339054254, 34.471806306 ], [ 135.339066718999987, 34.470275198 ], [ 135.339074669000013, 34.469298333 ], [ 135.340960311, 34.466821198 ], [ 135.341080428, 34.466666667 ], [ 135.341666667, 34.465912486 ], [ 135.342155032, 34.465284225 ], [ 135.342843022000011, 34.464386027 ], [ 135.343237497, 34.463871748 ], [ 135.344076615, 34.462770532 ], [ 135.346267562, 34.45992036 ], [ 135.346948884999989, 34.459025865 ], [ 135.347207755999989, 34.458686027 ], [ 135.347098495000012, 34.458333333 ], [ 135.346957834, 34.457879252 ], [ 135.346621309999989, 34.456792829 ], [ 135.345968664, 34.454685973 ], [ 135.345869559, 34.454584468 ], [ 135.345845914, 34.454560279 ], [ 135.345826472, 34.454540333 ], [ 135.345827523, 34.454532973 ], [ 135.34577083, 34.454472973 ], [ 135.345195837, 34.453891306 ], [ 135.34477786, 34.453468495 ], [ 135.344154137, 34.452839586 ], [ 135.343235136, 34.451910748 ], [ 135.342467056, 34.451128333 ], [ 135.342437690999986, 34.451100865 ], [ 135.342387471, 34.451053919 ], [ 135.342339974, 34.451009468 ], [ 135.342310051999988, 34.450981495 ], [ 135.342300583999986, 34.45097264 ], [ 135.342126912999987, 34.450844135 ], [ 135.341666667, 34.450537081 ], [ 135.340861608000012, 34.45 ], [ 135.336346472, 34.446987775 ], [ 135.336316083000014, 34.446967441 ], [ 135.336238470000012, 34.446915559 ], [ 135.336208105999987, 34.446895252 ], [ 135.335400271999987, 34.446351829 ], [ 135.335380999, 34.446338829 ], [ 135.334453671, 34.445715081 ], [ 135.334429533, 34.445697279 ], [ 135.334433671, 34.445670892 ], [ 135.334420195, 34.445653414 ], [ 135.334057108, 34.445413252 ], [ 135.333418781, 34.444971532 ], [ 135.333333333000013, 34.444920414 ], [ 135.333239105, 34.444864081 ], [ 135.333170636, 34.444812054 ], [ 135.333092633, 34.444767973 ], [ 135.333008949, 34.444726694 ], [ 135.332885888, 34.444696441 ], [ 135.332743891, 34.444693495 ], [ 135.332607808, 34.444703054 ], [ 135.332467471, 34.444737892 ], [ 135.33233808, 34.444778468 ], [ 135.332208911, 34.444846919 ], [ 135.332110467, 34.444922748 ], [ 135.332045188, 34.444989802 ], [ 135.332035694000012, 34.445019865 ], [ 135.33203128400001, 34.44505564 ], [ 135.332035032, 34.445079 ], [ 135.332049883, 34.445110559 ], [ 135.332067691, 34.445130135 ], [ 135.332096135, 34.44515336 ], [ 135.332119754, 34.445164667 ], [ 135.332151582, 34.445172135 ], [ 135.332185305, 34.445175829 ], [ 135.332216978, 34.445174468 ], [ 135.332251633999988, 34.445164865 ], [ 135.332288807, 34.445145586 ], [ 135.332368145, 34.445090198 ], [ 135.332433995, 34.445047027 ], [ 135.332460143, 34.445042306 ], [ 135.332491167, 34.445043721 ], [ 135.332513943, 34.445050333 ], [ 135.332549105, 34.445063333 ], [ 135.332596887, 34.445088387 ], [ 135.332628586, 34.445112279 ], [ 135.33269275, 34.445173387 ], [ 135.332731803, 34.445216495 ], [ 135.33271005200001, 34.445226387 ], [ 135.332750052, 34.445275946 ], [ 135.332774721, 34.445305198 ], [ 135.332803359, 34.445343667 ], [ 135.332819948, 34.445382414 ], [ 135.332801582, 34.445392252 ], [ 135.33264978, 34.445460198 ], [ 135.332663696, 34.445486252 ], [ 135.332816304, 34.445415748 ], [ 135.33283275, 34.445413613 ], [ 135.332845642, 34.445420532 ], [ 135.332853256, 34.445436054 ], [ 135.332854254000011, 34.445447081 ], [ 135.332854553, 34.445475829 ], [ 135.332850337, 34.445541721 ], [ 135.332834163, 34.445618694 ], [ 135.332815305, 34.445676667 ], [ 135.332783502000012, 34.445721108 ], [ 135.332771193000013, 34.445765306 ], [ 135.332752335, 34.445822802 ], [ 135.332705811000011, 34.445869892 ], [ 135.332667082, 34.445964441 ], [ 135.332616693, 34.44606036 ], [ 135.332544475, 34.446180387 ], [ 135.332456329, 34.446302802 ], [ 135.332443645000012, 34.446322829 ], [ 135.332381608, 34.446421027 ], [ 135.332305551, 34.446512667 ], [ 135.332256394000012, 34.446551252 ], [ 135.332225693999987, 34.446552532 ], [ 135.332183891, 34.446556279 ], [ 135.332167911999989, 34.44656764 ], [ 135.332136524, 34.446598108 ], [ 135.332038716, 34.446690973 ], [ 135.331930506, 34.446793613 ], [ 135.331848470000011, 34.446871414 ], [ 135.331774475, 34.446941694 ], [ 135.33176144, 34.446977495 ], [ 135.331780195, 34.447001027 ], [ 135.331706693, 34.44707636 ], [ 135.331617756000014, 34.447161892 ], [ 135.331531504999987, 34.447250495 ], [ 135.331420441, 34.447339054 ], [ 135.331307665, 34.447425865 ], [ 135.331183528, 34.447505333 ], [ 135.331032387, 34.447582586 ], [ 135.33088192, 34.447634333 ], [ 135.330721284, 34.447678252 ], [ 135.330585746, 34.447707973 ], [ 135.330446109, 34.447723532 ], [ 135.330326004999989, 34.447734054 ], [ 135.330164059999987, 34.447747694 ], [ 135.330007004, 34.447750414 ], [ 135.329881672999988, 34.447747829 ], [ 135.329791089, 34.447754198 ], [ 135.329533217, 34.447501613 ], [ 135.329793359, 34.446949865 ], [ 135.329799637, 34.446927198 ], [ 135.329799805, 34.446905279 ], [ 135.329795913999988, 34.446889306 ], [ 135.329788859, 34.446872387 ], [ 135.329779831, 34.446858108 ], [ 135.329763748, 34.446841162 ], [ 135.329745551, 34.446830973 ], [ 135.329724332000012, 34.446819027 ], [ 135.329703061, 34.446813054 ], [ 135.329680752, 34.446809613 ], [ 135.329651284, 34.446808532 ], [ 135.329621777, 34.446810892 ], [ 135.329587224, 34.446815748 ], [ 135.3295607, 34.446826613 ], [ 135.329540363, 34.446838225 ], [ 135.329516809000012, 34.446858279 ], [ 135.329506589, 34.446871748 ], [ 135.329371388, 34.447108306 ], [ 135.329286394, 34.447256946 ], [ 135.329260921000014, 34.447231027 ], [ 135.329232776, 34.447199748 ], [ 135.329193554, 34.447148162 ], [ 135.329155772, 34.447164802 ], [ 135.329183554, 34.447216081 ], [ 135.330389079000014, 34.448405414 ], [ 135.330332387, 34.448461279 ], [ 135.330232438, 34.448534198 ], [ 135.330022283, 34.448685946 ], [ 135.329792438, 34.448849946 ], [ 135.329717639, 34.448908468 ], [ 135.329633890999986, 34.448971306 ], [ 135.329554863999988, 34.449028387 ], [ 135.329468365999986, 34.449081027 ], [ 135.329393995, 34.449124694 ], [ 135.329294254, 34.449174559 ], [ 135.329186588999988, 34.449234892 ], [ 135.329097445, 34.449290667 ], [ 135.329044449, 34.449331387 ], [ 135.329002361, 34.449351802 ], [ 135.328940558, 34.449377532 ], [ 135.328933476, 34.44938164 ], [ 135.328917717, 34.449390919 ], [ 135.328889274, 34.44940764 ], [ 135.328847613, 34.449448865 ], [ 135.328796913, 34.449514495 ], [ 135.328743865, 34.449573613 ], [ 135.328698638, 34.44963764 ], [ 135.328602918, 34.449699586 ], [ 135.328525719999988, 34.449757946 ], [ 135.328469001, 34.449800721 ], [ 135.328386667, 34.449863198 ], [ 135.328322114, 34.449907198 ], [ 135.32828061, 34.449937162 ], [ 135.327186887000011, 34.448459946 ], [ 135.328648638, 34.447440865 ], [ 135.328618418, 34.447410775 ], [ 135.328584162999988, 34.447376613 ], [ 135.328528366, 34.447415333 ], [ 135.327072892, 34.448426135 ], [ 135.328072802, 34.449794225 ], [ 135.32822572, 34.45 ], [ 135.32899710800001, 34.451038 ], [ 135.329454747, 34.451654414 ], [ 135.329956614999986, 34.452331027 ] ] ], [ [ [ 135.363766199999986, 34.468228892 ], [ 135.364005032, 34.468528081 ], [ 135.364030921, 34.468513973 ], [ 135.363790142999989, 34.468215135 ], [ 135.363766199999986, 34.468228892 ] ] ], [ [ [ 135.350706394000014, 34.468852045 ], [ 135.350795409, 34.468868748 ], [ 135.350899702, 34.468882459 ], [ 135.350976329, 34.468881604 ], [ 135.351066005, 34.46887036 ], [ 135.351262944000013, 34.468810919 ], [ 135.351382801999989, 34.468782342 ], [ 135.351465862999987, 34.468781523 ], [ 135.351480751999986, 34.468783405 ], [ 135.351514488, 34.468799721 ], [ 135.351554553, 34.468826613 ], [ 135.35161083, 34.468896063 ], [ 135.351633268, 34.468951081 ], [ 135.351636563, 34.469004018 ], [ 135.351637562, 34.469029 ], [ 135.351636899999988, 34.469044144 ], [ 135.351635759, 34.469052162 ], [ 135.351633398, 34.469060441 ], [ 135.351617211, 34.469098667 ], [ 135.351609092, 34.469150468 ], [ 135.351603424, 34.469207324 ], [ 135.351600947, 34.469245712 ], [ 135.351621193, 34.469429459 ], [ 135.351624851, 34.469463018 ], [ 135.351619857, 34.469503468 ], [ 135.351614851, 34.46954582 ], [ 135.351613658, 34.469558342 ], [ 135.351614786, 34.46956736 ], [ 135.351616368, 34.469574045 ], [ 135.351622542, 34.469591748 ], [ 135.351623904, 34.469598423 ], [ 135.351622996, 34.469604099 ], [ 135.351620778000012, 34.469608505 ], [ 135.351611362, 34.469616297 ], [ 135.351598898, 34.469622901 ], [ 135.351583528, 34.469626523 ], [ 135.351547276, 34.469626144 ], [ 135.351532036, 34.469626784 ], [ 135.351515266, 34.469628234 ], [ 135.351507185, 34.469631072 ], [ 135.351499546000014, 34.469633739 ], [ 135.351483256, 34.469642396 ], [ 135.351461608, 34.469655081 ], [ 135.351422568, 34.469691748 ], [ 135.351334799, 34.469837063 ], [ 135.351270934000013, 34.469959775 ], [ 135.351250986, 34.470005378 ], [ 135.351211712, 34.47005782 ], [ 135.351148664, 34.470131054 ], [ 135.351031051, 34.470279541 ], [ 135.351011803, 34.470289892 ], [ 135.350990427999989, 34.470294919 ], [ 135.350960623, 34.470292874 ], [ 135.350922309, 34.470292396 ], [ 135.350851582, 34.47031627 ], [ 135.350816251999987, 34.470338171 ], [ 135.350804332, 34.470345685 ], [ 135.350732776, 34.470420577 ], [ 135.350688833, 34.470501396 ], [ 135.350653372000011, 34.470581802 ], [ 135.350616874, 34.470725856 ], [ 135.350588846, 34.470873288 ], [ 135.350589559000014, 34.470951 ], [ 135.35057179, 34.470996432 ], [ 135.350541673, 34.471018991 ], [ 135.350458042000014, 34.471051541 ], [ 135.350430169, 34.471065369 ], [ 135.350386783, 34.47110264 ], [ 135.35034144, 34.471152252 ], [ 135.350302737, 34.471229225 ], [ 135.350273773999987, 34.471329045 ], [ 135.350264747000011, 34.471383811 ], [ 135.35026489, 34.471407613 ], [ 135.350268301, 34.471431432 ], [ 135.350268534, 34.471457847 ], [ 135.350266667, 34.471487856 ], [ 135.350265927, 34.471526712 ], [ 135.350266186999988, 34.471548622 ], [ 135.350267562, 34.471582072 ], [ 135.350291842, 34.471679838 ], [ 135.350309533, 34.471756378 ], [ 135.350322594, 34.471786288 ], [ 135.350349611000013, 34.471824928 ], [ 135.350370039000012, 34.471857405 ], [ 135.350387289, 34.471879405 ], [ 135.350405629, 34.471901315 ], [ 135.350428275000013, 34.471941739 ], [ 135.350474655999989, 34.472011946 ], [ 135.350491893999987, 34.472034847 ], [ 135.350523009, 34.472065477 ], [ 135.350541297, 34.472078559 ], [ 135.350566977999989, 34.472094288 ], [ 135.350591492, 34.472105604 ], [ 135.350620402, 34.472126577 ], [ 135.350669844, 34.472180126 ], [ 135.350691348999987, 34.472200252 ], [ 135.350711686000011, 34.472215955 ], [ 135.350741621, 34.472230811 ], [ 135.350768314, 34.472242135 ], [ 135.35081738, 34.472259432 ], [ 135.350888016, 34.472288477 ], [ 135.350906239000011, 34.472297135 ], [ 135.350938275, 34.472306685 ], [ 135.350956381, 34.472316243 ], [ 135.35098, 34.472331153 ], [ 135.350998197, 34.472342613 ], [ 135.351020363, 34.472348135 ], [ 135.35104268500001, 34.472347982 ], [ 135.351067173, 34.472347847 ], [ 135.351126873999988, 34.472355468 ], [ 135.351149209, 34.472353514 ], [ 135.351183139, 34.472344495 ], [ 135.35120751, 34.472332 ], [ 135.351229624000013, 34.472301919 ], [ 135.351244384000012, 34.472278919 ], [ 135.351305409, 34.47220009 ], [ 135.351344397, 34.472156658 ], [ 135.351380311000014, 34.472129081 ], [ 135.351429144, 34.472077955 ], [ 135.351520427999986, 34.471971243 ], [ 135.351537004, 34.471954207 ], [ 135.351547691, 34.471950568 ], [ 135.351560506, 34.471954964 ], [ 135.351561621, 34.471965514 ], [ 135.351542685, 34.47199291 ], [ 135.351494423, 34.472054144 ], [ 135.351446926, 34.472116 ], [ 135.351342853, 34.472228865 ], [ 135.351278573, 34.472306054 ], [ 135.351272374, 34.47231927 ], [ 135.351270467, 34.472341351 ], [ 135.35127262, 34.472357225 ], [ 135.35129118, 34.472407721 ], [ 135.351304099, 34.472425279 ], [ 135.351332088, 34.472451577 ], [ 135.351370804, 34.472499018 ], [ 135.351452464, 34.472581405 ], [ 135.351549079, 34.472672613 ], [ 135.351583333, 34.472691811 ], [ 135.351600518999987, 34.472707595 ], [ 135.351613359, 34.472721631 ], [ 135.351615707, 34.472742739 ], [ 135.35161616100001, 34.472795757 ], [ 135.351590921, 34.472836459 ], [ 135.351535863, 34.472875568 ], [ 135.351525318, 34.472888036 ], [ 135.351512789, 34.472916279 ], [ 135.351508859, 34.472946369 ], [ 135.351506913, 34.472972865 ], [ 135.351485824, 34.47299764 ], [ 135.351424527, 34.473054468 ], [ 135.351407769, 34.473082865 ], [ 135.351416433, 34.473102207 ], [ 135.351425305, 34.473137414 ], [ 135.35142556400001, 34.473174468 ], [ 135.351375447, 34.473221982 ], [ 135.351363113, 34.473267982 ], [ 135.351361699, 34.473352721 ], [ 135.351364617, 34.473439288 ], [ 135.351388586000013, 34.473508018 ], [ 135.351427613, 34.473585396 ], [ 135.351509559, 34.473699694 ], [ 135.351591426999988, 34.473798126 ], [ 135.351643243000012, 34.473882514 ], [ 135.351709805000013, 34.474016559 ], [ 135.35173917, 34.474077658 ], [ 135.351750195, 34.474101793 ], [ 135.351761556000014, 34.474125018 ], [ 135.351772827, 34.47414555 ], [ 135.351783696000012, 34.474161739 ], [ 135.351812776, 34.474201198 ], [ 135.351825292, 34.474216324 ], [ 135.351844734, 34.474236081 ], [ 135.351870881999986, 34.474260559 ], [ 135.351903865, 34.474289676 ], [ 135.351937406, 34.474330604 ], [ 135.351956472000012, 34.474355946 ], [ 135.351961738, 34.474365712 ], [ 135.351965564000011, 34.47437745 ], [ 135.351967964000011, 34.474391162 ], [ 135.351968922999987, 34.474406946 ], [ 135.351968132, 34.474424342 ], [ 135.351968067, 34.47442482 ], [ 135.35173262, 34.474301045 ], [ 135.351196757, 34.475 ], [ 135.350563760999989, 34.475825658 ], [ 135.352123969, 34.47777873 ], [ 135.351991414, 34.477944063 ], [ 135.352018431, 34.477993072 ], [ 135.352104643, 34.478081505 ], [ 135.353052231, 34.479236243 ], [ 135.352536304000012, 34.479686775 ], [ 135.352499676, 34.479648757 ], [ 135.352316978, 34.479385577 ], [ 135.352244915999989, 34.479344018 ], [ 135.352171569, 34.479331234 ], [ 135.351635863000013, 34.478664279 ], [ 135.35, 34.476608306 ], [ 135.348717665, 34.475 ], [ 135.348290752, 34.474464559 ], [ 135.348267367, 34.474476613 ], [ 135.348260246, 34.474467721 ], [ 135.347450532000011, 34.473449468 ], [ 135.346842503, 34.472685225 ], [ 135.345851777, 34.471447 ], [ 135.345836887, 34.471455027 ], [ 135.345817198, 34.471429333 ], [ 135.345828106, 34.471423441 ], [ 135.345699222, 34.471257225 ], [ 135.345719663000011, 34.471246162 ], [ 135.34564360600001, 34.471144495 ], [ 135.345551218999987, 34.471196387 ], [ 135.34559430600001, 34.471252532 ], [ 135.346841504999986, 34.472815775 ], [ 135.34691297, 34.472905306 ], [ 135.347348755000013, 34.473448919 ], [ 135.348203061, 34.474515225 ], [ 135.348589533, 34.475 ], [ 135.35, 34.476769198 ], [ 135.35100642, 34.478031586 ], [ 135.353320700000012, 34.480933162 ], [ 135.354743410999987, 34.482712198 ], [ 135.354738911, 34.483333333 ], [ 135.354734942, 34.483881892 ], [ 135.354726693, 34.485008198 ], [ 135.354715357, 34.48665264 ], [ 135.354711946, 34.487010865 ], [ 135.354727082000011, 34.488748559 ], [ 135.354726641000013, 34.489001892 ], [ 135.354856743999989, 34.489002586 ], [ 135.354859728, 34.488886108 ], [ 135.354805422, 34.488884027 ], [ 135.354807198, 34.488749892 ], [ 135.354807392999987, 34.488741054 ], [ 135.354807886, 34.488704919 ], [ 135.354780117, 34.488703865 ], [ 135.354780467000012, 34.488658865 ], [ 135.354807134, 34.488659 ], [ 135.35479131, 34.487011306 ], [ 135.354795161999988, 34.486410441 ], [ 135.354816057, 34.483882306 ], [ 135.354816109000012, 34.483875081 ], [ 135.354825331, 34.483333333 ], [ 135.35483600500001, 34.482708532 ], [ 135.355595032, 34.482703279 ], [ 135.355941803, 34.482702829 ], [ 135.355941803, 34.482633775 ], [ 135.354923359, 34.482640495 ], [ 135.354812503, 34.482641387 ], [ 135.353760104, 34.481304405 ], [ 135.353813126, 34.481272018 ], [ 135.353767315, 34.481217712 ], [ 135.353769363999987, 34.481189586 ], [ 135.352945188, 34.480166108 ], [ 135.353778987999988, 34.479439523 ], [ 135.355847652, 34.477497703 ], [ 135.35829786, 34.475 ], [ 135.358333333, 34.474963838 ], [ 135.359570882000014, 34.473702306 ], [ 135.359629559000012, 34.473686324 ], [ 135.36007297, 34.474183892 ], [ 135.360513450000013, 34.474739081 ], [ 135.360472892, 34.474759802 ], [ 135.360642049, 34.475 ], [ 135.36065489, 34.475018225 ], [ 135.360845422000011, 34.47531636 ], [ 135.360960117, 34.475578865 ], [ 135.361070078000012, 34.475891441 ], [ 135.36112978, 34.476172054 ], [ 135.361145473, 34.476455387 ], [ 135.361142438, 34.476752694 ], [ 135.361136523999988, 34.477086495 ], [ 135.361109585, 34.477462667 ], [ 135.36112655, 34.477623865 ], [ 135.361074863999988, 34.477748441 ], [ 135.360862866, 34.47758491 ], [ 135.36075725, 34.477569568 ], [ 135.360508197, 34.477686955 ], [ 135.360304539999987, 34.477788387 ], [ 135.360283606, 34.477808721 ], [ 135.360440182, 34.477743757 ], [ 135.360747237, 34.477606396 ], [ 135.360847121, 34.477619973 ], [ 135.361038911, 34.477804883 ], [ 135.361028664, 34.478166252 ], [ 135.360993865000012, 34.478754081 ], [ 135.360778923, 34.478878288 ], [ 135.360745564000013, 34.478880333 ], [ 135.360729507, 34.478861928 ], [ 135.360709741, 34.47888545 ], [ 135.360677613, 34.47889364 ], [ 135.360650441, 34.478886477 ], [ 135.360625733, 34.478910009 ], [ 135.360622023, 34.478950928 ], [ 135.360607523, 34.478995991 ], [ 135.360693684000012, 34.479016703 ], [ 135.360682567999987, 34.479221559 ], [ 135.360699248, 34.479315928 ], [ 135.360838223, 34.479820009 ], [ 135.360871569000011, 34.479967315 ], [ 135.360896589, 34.480105423 ], [ 135.360082815, 34.480416423 ], [ 135.360127899, 34.478715126 ], [ 135.360169273999986, 34.478344838 ], [ 135.360167419, 34.478118649 ], [ 135.360093294, 34.478110982 ], [ 135.360028444, 34.478123252 ], [ 135.36001965, 34.478726297 ], [ 135.35994383900001, 34.480469108 ], [ 135.359950636, 34.48052282 ], [ 135.359980895, 34.480539694 ], [ 135.360690895, 34.480227126 ], [ 135.360874345000013, 34.480168432 ], [ 135.360971025, 34.480186 ], [ 135.36098192, 34.480214919 ], [ 135.361022049000013, 34.480349919 ], [ 135.36102167300001, 34.480387054 ], [ 135.361011088999987, 34.480460468 ], [ 135.360841025000013, 34.481360306 ], [ 135.360764501, 34.481486468 ], [ 135.360743139, 34.481489495 ], [ 135.360688495, 34.481743559 ], [ 135.36060083000001, 34.482107027 ], [ 135.36052856, 34.482490721 ], [ 135.360440584, 34.482846973 ], [ 135.360354838, 34.48317 ], [ 135.360302944000011, 34.483333333 ], [ 135.360250635999989, 34.483497973 ], [ 135.360074747, 34.483903027 ], [ 135.360070895, 34.483909946 ], [ 135.359795162000012, 34.484402532 ], [ 135.359684475, 34.484556829 ], [ 135.359527224, 34.484701613 ], [ 135.359245642, 34.484580135 ], [ 135.359231920000013, 34.484650748 ], [ 135.359213022, 34.484688135 ], [ 135.359189468000011, 34.484721919 ], [ 135.359124189, 34.484800468 ], [ 135.359049663, 34.484891306 ], [ 135.358997691000013, 34.484982 ], [ 135.358966783, 34.48507 ], [ 135.358934332, 34.485152694 ], [ 135.358884475, 34.485223468 ], [ 135.358871777, 34.485232775 ], [ 135.358855616, 34.485239721 ], [ 135.358840389, 34.485239108 ], [ 135.358778003, 34.485207865 ], [ 135.358751971, 34.485225306 ], [ 135.359019728, 34.485391414 ], [ 135.358875473000012, 34.485617748 ], [ 135.358777444999987, 34.485722613 ], [ 135.358687419, 34.485821135 ], [ 135.358584254, 34.485916252 ], [ 135.358438197, 34.486034748 ], [ 135.358333333, 34.486110613 ], [ 135.358260272, 34.486163468 ], [ 135.358108275, 34.486253162 ], [ 135.35794642, 34.486345 ], [ 135.357802672, 34.486422694 ], [ 135.357634189, 34.486500054 ], [ 135.357489689, 34.486558973 ], [ 135.357350921, 34.48660864 ], [ 135.357217173, 34.486644279 ], [ 135.357181699, 34.486668495 ], [ 135.357226135, 34.486752495 ], [ 135.357512049, 34.486652468 ], [ 135.357703476000012, 34.486578586 ], [ 135.357890143, 34.486499586 ], [ 135.358105136, 34.486389748 ], [ 135.358129027, 34.486414387 ], [ 135.358144227999986, 34.486376973 ], [ 135.358101997, 34.486345721 ], [ 135.358267082, 34.486243919 ], [ 135.358333333, 34.486197468 ], [ 135.358488521, 34.486088667 ], [ 135.358626641, 34.485979946 ], [ 135.358746835, 34.485882946 ], [ 135.358785863, 34.485904054 ], [ 135.358847134, 34.485849748 ], [ 135.358954383999986, 34.485750252 ], [ 135.359031699000013, 34.485664279 ], [ 135.359096498000014, 34.48557364 ], [ 135.359153891, 34.485487586 ], [ 135.359182049, 34.485405892 ], [ 135.35920786, 34.485363 ], [ 135.359275279, 34.485273468 ], [ 135.359340804, 34.485204586 ], [ 135.359405837, 34.485128559 ], [ 135.359470026, 34.485034865 ], [ 135.359505668, 34.48498764 ], [ 135.359550636, 34.484957306 ], [ 135.359607419000014, 34.484865306 ], [ 135.35966319100001, 34.484776252 ], [ 135.35965786, 34.48474764 ], [ 135.359726226, 34.484691387 ], [ 135.35979869, 34.484611973 ], [ 135.359913165, 34.484448225 ], [ 135.35999192, 34.484316667 ], [ 135.360069728000013, 34.484178054 ], [ 135.360139831, 34.484050829 ], [ 135.360217756, 34.483910694 ], [ 135.360223165, 34.483900919 ], [ 135.360280272000011, 34.483792748 ], [ 135.360336394, 34.483660775 ], [ 135.360382218000012, 34.483531027 ], [ 135.360437082, 34.483362279 ], [ 135.360446978, 34.483333333 ], [ 135.360472503000011, 34.483258613 ], [ 135.360519053, 34.483105865 ], [ 135.360574383999989, 34.482932694 ], [ 135.360607302, 34.482784829 ], [ 135.36064131, 34.482635559 ], [ 135.360668223, 34.482463306 ], [ 135.360677977, 34.482338865 ], [ 135.360714358, 34.482178748 ], [ 135.360751166999989, 34.482037946 ], [ 135.360790973, 34.481898162 ], [ 135.360834189, 34.481743414 ], [ 135.360856743999989, 34.481624252 ], [ 135.360859442, 34.481558441 ], [ 135.360913411000013, 34.481558829 ], [ 135.360936861, 34.481499162 ], [ 135.361042827, 34.481063027 ], [ 135.361105110000011, 34.480677865 ], [ 135.361148638, 34.480423667 ], [ 135.361162581, 34.480152108 ], [ 135.361097445000013, 34.480141694 ], [ 135.361125577, 34.479779333 ], [ 135.361134060000012, 34.479496559 ], [ 135.361137834, 34.479200892 ], [ 135.361150052, 34.478894775 ], [ 135.361162826999987, 34.478617279 ], [ 135.361163476, 34.478336252 ], [ 135.361167276, 34.478063829 ], [ 135.361172283, 34.477821279 ], [ 135.361235227, 34.477819333 ], [ 135.361257004, 34.477535387 ], [ 135.361267419, 34.477266865 ], [ 135.361272724, 34.476941973 ], [ 135.36127719800001, 34.476697414 ], [ 135.361279001000014, 34.476434 ], [ 135.361265914, 34.476222532 ], [ 135.361230337, 34.476003162 ], [ 135.361191556, 34.475807802 ], [ 135.361122607, 34.47559964 ], [ 135.361041115, 34.475436748 ], [ 135.360946589, 34.475270108 ], [ 135.360856472, 34.475122694 ], [ 135.360766809000012, 34.475 ], [ 135.360710272, 34.474922667 ], [ 135.360678911, 34.474867613 ], [ 135.36065869, 34.474819919 ], [ 135.360663644999988, 34.474815973 ], [ 135.360616498000013, 34.474743333 ], [ 135.360676446000014, 34.474691441 ], [ 135.360645811000012, 34.474640162 ], [ 135.360515330999988, 34.474461892 ], [ 135.360305720000014, 34.474185559 ], [ 135.360148755000012, 34.473983054 ], [ 135.359989533, 34.473794162 ], [ 135.359846304, 34.473619414 ], [ 135.359764358, 34.473514586 ], [ 135.359707224, 34.47344136 ], [ 135.359573891, 34.473268198 ], [ 135.359431894000011, 34.473103198 ], [ 135.359290077999987, 34.472928081 ], [ 135.359026524, 34.472602775 ], [ 135.358525641999989, 34.471992892 ], [ 135.358333333, 34.471745162 ], [ 135.358087471, 34.471428468 ], [ 135.35766489, 34.470901748 ], [ 135.35724703, 34.470372162 ], [ 135.357030895, 34.470098306 ], [ 135.356383087000012, 34.469290279 ], [ 135.355841336, 34.468621279 ], [ 135.355267004000012, 34.46790236 ], [ 135.35486666700001, 34.467421252 ], [ 135.354731556, 34.467592198 ], [ 135.35471214, 34.467597586 ], [ 135.353900532000011, 34.467176162 ], [ 135.352926615, 34.466666667 ], [ 135.352397613, 34.466389919 ], [ 135.351087639000013, 34.465696802 ], [ 135.351064189, 34.465631252 ], [ 135.350679027000012, 34.465777667 ], [ 135.350089922, 34.466539135 ], [ 135.35, 34.466657162 ], [ 135.349992776, 34.466666667 ], [ 135.349132088, 34.467796559 ], [ 135.348327224, 34.468833613 ], [ 135.347803113, 34.469519225 ], [ 135.347931219, 34.469588333 ], [ 135.349101776999987, 34.468067919 ], [ 135.349738898, 34.468403622 ], [ 135.35, 34.468533532 ], [ 135.350097497, 34.468582045 ], [ 135.350346654, 34.468708414 ], [ 135.350473411, 34.468771829 ], [ 135.350583411, 34.468820649 ], [ 135.350706394000014, 34.468852045 ] ] ], [ [ [ 135.366841556, 34.49223964 ], [ 135.366820077999989, 34.492243135 ], [ 135.366853891, 34.492351586 ], [ 135.36697722400001, 34.492327694 ], [ 135.366973800000011, 34.492317135 ], [ 135.366942865999988, 34.492219775 ], [ 135.366918975, 34.49222436 ], [ 135.366754112, 34.491666667 ], [ 135.366666667, 34.491370865 ], [ 135.365655305, 34.487949613 ], [ 135.365379026999989, 34.487066748 ], [ 135.364424112, 34.483932667 ], [ 135.364347082, 34.483679829 ], [ 135.364346667, 34.483565135 ], [ 135.36437693900001, 34.483333333 ], [ 135.364671141, 34.481010108 ], [ 135.364772671999987, 34.480160532 ], [ 135.364696057, 34.480148721 ], [ 135.364290921, 34.483333333 ], [ 135.364262244, 34.483555973 ], [ 135.364264643000013, 34.483683 ], [ 135.36434083, 34.483932225 ], [ 135.365299105, 34.487066333 ], [ 135.365653138999988, 34.488235919 ], [ 135.366666667, 34.491650441 ], [ 135.366671479, 34.491666667 ], [ 135.366841556, 34.49223964 ] ] ], [ [ [ 135.367078664, 34.47148836 ], [ 135.367518716, 34.470918892 ], [ 135.367369494, 34.470843108 ], [ 135.366930337000014, 34.471408973 ], [ 135.367078664, 34.47148836 ] ] ], [ [ [ 135.369002918, 34.479327387 ], [ 135.369517639, 34.479051279 ], [ 135.369502218, 34.479029468 ], [ 135.368986978, 34.479305667 ], [ 135.369002918, 34.479327387 ] ] ], [ [ [ 135.372514254, 34.483637468 ], [ 135.373019416, 34.485308694 ], [ 135.373061089, 34.485300892 ], [ 135.372662283000011, 34.483975225 ], [ 135.372557562, 34.483626865 ], [ 135.372514254, 34.483637468 ] ] ], [ [ [ 135.373590830000012, 34.487211892 ], [ 135.373638911, 34.487203468 ], [ 135.373609585, 34.487109108 ], [ 135.373140584, 34.485559054 ], [ 135.373098755, 34.485576694 ], [ 135.373562217999989, 34.487108865 ], [ 135.373590830000012, 34.487211892 ] ] ], [ [ [ 135.387171777, 34.524757721 ], [ 135.387161920000011, 34.524764892 ], [ 135.387084189, 34.524830387 ], [ 135.387079611, 34.524834252 ], [ 135.387160752, 34.524923279 ], [ 135.387169533, 34.524930892 ], [ 135.387568781, 34.524619613 ], [ 135.388309389999989, 34.524042198 ], [ 135.388357393, 34.524004865 ], [ 135.388813969000012, 34.524625865 ], [ 135.389089079, 34.525 ], [ 135.389995811, 34.526233162 ], [ 135.391122827, 34.527765865 ], [ 135.391525253, 34.528288865 ], [ 135.39166666700001, 34.528479495 ], [ 135.392586304, 34.529719081 ], [ 135.393485642, 34.530949559 ], [ 135.393822023000013, 34.531397946 ], [ 135.393845292, 34.531428955 ], [ 135.394642283, 34.532491306 ], [ 135.395118171, 34.532482586 ], [ 135.396473891, 34.532462865 ], [ 135.396925642000014, 34.531936081 ], [ 135.396978599, 34.53187418 ], [ 135.397009520000012, 34.531894063 ], [ 135.397161946000011, 34.531724099 ], [ 135.39719227, 34.531743342 ], [ 135.397369715, 34.531526054 ], [ 135.397531141, 34.531612973 ], [ 135.397829533, 34.531259072 ], [ 135.399595227, 34.529165207 ], [ 135.399999662999988, 34.528707739 ], [ 135.4, 34.52870736 ], [ 135.400137808000011, 34.528550532 ], [ 135.400741505000013, 34.527851667 ], [ 135.40077302200001, 34.527813586 ], [ 135.401108859, 34.527420288 ], [ 135.402694942000011, 34.525562694 ], [ 135.402518586000014, 34.525 ], [ 135.402422412, 34.524693198 ], [ 135.401117523000011, 34.520529586 ], [ 135.400695525, 34.519790802 ], [ 135.400560636, 34.519554748 ], [ 135.40052063600001, 34.519484667 ], [ 135.4004793, 34.51941236 ], [ 135.400429831, 34.519325829 ], [ 135.400388612, 34.519295775 ], [ 135.40030703, 34.519236252 ], [ 135.400268223000012, 34.519207946 ], [ 135.400180856, 34.519144225 ], [ 135.400142283, 34.519116081 ], [ 135.400075162, 34.519071306 ], [ 135.4, 34.519021108 ], [ 135.399799948, 34.518887468 ], [ 135.399676978, 34.518798532 ], [ 135.399665227000014, 34.518809667 ], [ 135.399772503, 34.518887252 ], [ 135.399741815999988, 34.518917036 ], [ 135.399681077, 34.518874874 ], [ 135.399520843, 34.519036991 ], [ 135.399428755, 34.518971045 ], [ 135.399405914, 34.518974721 ], [ 135.399199364, 34.518828108 ], [ 135.399188275, 34.518838775 ], [ 135.399381725000012, 34.518976027 ], [ 135.399395188, 34.518993054 ], [ 135.399519857, 34.519077333 ], [ 135.399495499000011, 34.519087946 ], [ 135.399470078, 34.519108802 ], [ 135.399435278999988, 34.519146694 ], [ 135.399409754, 34.519182721 ], [ 135.399391479, 34.519224559 ], [ 135.399049389999988, 34.518993135 ], [ 135.39889847, 34.519047748 ], [ 135.39857201, 34.518918937 ], [ 135.398638158000011, 34.518797586 ], [ 135.398333891, 34.518667441 ], [ 135.398153385, 34.518591252 ], [ 135.398073722, 34.518715919 ], [ 135.397850208, 34.518642126 ], [ 135.397913022000012, 34.518399477 ], [ 135.397490441, 34.51817564 ], [ 135.397268366, 34.51847736 ], [ 135.395043256, 34.517322586 ], [ 135.394408418000012, 34.517950054 ], [ 135.393861193, 34.518492495 ], [ 135.39378725, 34.518565694 ], [ 135.39324642, 34.519100946 ], [ 135.393282166, 34.519125667 ], [ 135.395494163, 34.52065264 ], [ 135.396502360999989, 34.521347 ], [ 135.395313943, 34.522517 ], [ 135.392117445, 34.520305829 ], [ 135.392055965999987, 34.520263333 ], [ 135.39166666700001, 34.520646613 ], [ 135.390651414, 34.521646108 ], [ 135.39071275, 34.521688613 ], [ 135.39166666700001, 34.522349748 ], [ 135.393908911000011, 34.523903775 ], [ 135.393156161, 34.524647495 ], [ 135.39279939, 34.525 ], [ 135.392715914, 34.525082468 ], [ 135.392597328, 34.525 ], [ 135.392082724, 34.524642162 ], [ 135.39166666700001, 34.524352829 ], [ 135.39001788600001, 34.523206279 ], [ 135.389491829, 34.522840441 ], [ 135.389456719, 34.522816 ], [ 135.388621750999988, 34.523646198 ], [ 135.388342607, 34.523923829 ], [ 135.388329248, 34.523934225 ], [ 135.387450895, 34.524619027 ], [ 135.387219390000013, 34.524799532 ], [ 135.387171777, 34.524757721 ] ] ], [ [ [ 135.405275837, 34.547229441 ], [ 135.40541944200001, 34.547183054 ], [ 135.40562, 34.547118054 ], [ 135.405675837, 34.5471 ], [ 135.406713061, 34.546686946 ], [ 135.40687917, 34.546620829 ], [ 135.406885837, 34.546618333 ], [ 135.407256667000013, 34.546470829 ], [ 135.407601387999989, 34.546357495 ], [ 135.408189728, 34.546146108 ], [ 135.408333333, 34.546087441 ], [ 135.408379442000012, 34.546068613 ], [ 135.408672776, 34.545949162 ], [ 135.408971388, 34.545827225 ], [ 135.409211946, 34.545729162 ], [ 135.409158612, 34.545566946 ], [ 135.409087224, 34.545443892 ], [ 135.408980272, 34.545326946 ], [ 135.408748339999988, 34.544884162 ], [ 135.408742503000013, 34.544828333 ], [ 135.408796109, 34.544813613 ], [ 135.408950557999987, 34.544779162 ], [ 135.409105006, 34.54473 ], [ 135.409301115, 34.544621667 ], [ 135.409859727999986, 34.544410559 ], [ 135.410026109, 34.544371108 ], [ 135.410471946, 34.544198333 ], [ 135.410533061, 34.544174721 ], [ 135.410728885, 34.544098892 ], [ 135.410762776000013, 34.544085829 ], [ 135.410931946, 34.544022495 ], [ 135.411259441999988, 34.543899721 ], [ 135.411497497, 34.543810559 ], [ 135.411604163, 34.543770559 ], [ 135.41170834, 34.543731387 ], [ 135.411862503, 34.543673613 ], [ 135.411903891, 34.543658054 ], [ 135.411946394000012, 34.543640279 ], [ 135.412169728, 34.543546667 ], [ 135.412199351, 34.543534234 ], [ 135.412149883000012, 34.543446306 ], [ 135.411945707, 34.543083234 ], [ 135.411945279, 34.543082468 ], [ 135.411935525, 34.54306564 ], [ 135.411931724999988, 34.543059081 ], [ 135.411666304, 34.542594892 ], [ 135.41132535700001, 34.541998586 ], [ 135.411347224, 34.541988613 ], [ 135.41138428, 34.541971721 ], [ 135.411671608, 34.541839532 ], [ 135.412047912, 34.541666667 ], [ 135.412227523000013, 34.541584162 ], [ 135.41224939, 34.541573279 ], [ 135.412668586, 34.541393973 ], [ 135.413525642, 34.541015306 ], [ 135.413597393, 34.540986721 ], [ 135.414595798, 34.540538243 ], [ 135.414616861000013, 34.540528775 ], [ 135.414632996, 34.540522279 ], [ 135.414696394, 34.540496748 ], [ 135.414715279, 34.540489135 ], [ 135.415009196, 34.540354865 ], [ 135.415290272, 34.540226829 ], [ 135.415703761, 34.540038495 ], [ 135.415724305999987, 34.540029135 ], [ 135.415795785, 34.539997928 ], [ 135.415813359, 34.539990252 ], [ 135.415895006, 34.539952865 ], [ 135.416156744, 34.539833225 ], [ 135.416356329, 34.539741946 ], [ 135.416410558, 34.539717559 ], [ 135.416666666999987, 34.539602279 ], [ 135.417119922000012, 34.539398288 ], [ 135.417141842, 34.539388423 ], [ 135.417160246, 34.539380135 ], [ 135.417691505, 34.539139117 ], [ 135.417707367, 34.539131919 ], [ 135.417709882999986, 34.539130775 ], [ 135.41772572, 34.539123559 ], [ 135.418449922, 34.538791441 ], [ 135.418466200000012, 34.538814892 ], [ 135.418557782, 34.538946135 ], [ 135.419127224, 34.538682 ], [ 135.419043476000013, 34.538551135 ], [ 135.419029468, 34.538529162 ], [ 135.419532529, 34.538298613 ], [ 135.420231672999989, 34.537978198 ], [ 135.420246641, 34.538000973 ], [ 135.420248171, 34.538003333 ], [ 135.420446109000011, 34.538302946 ], [ 135.421403839, 34.539752441 ], [ 135.421407004, 34.539758369 ], [ 135.421415227000011, 34.539773694 ], [ 135.421781997000011, 34.540330775 ], [ 135.421783799999986, 34.540333811 ], [ 135.421795642, 34.540353667 ], [ 135.421797613, 34.540356973 ], [ 135.421896913000012, 34.540509279 ], [ 135.421900558, 34.540514676 ], [ 135.421913022000012, 34.540533216 ], [ 135.421914812000011, 34.540535865 ], [ 135.422276939, 34.541088054 ], [ 135.422279287, 34.541092279 ], [ 135.42229061, 34.54111264 ], [ 135.422291038, 34.541113279 ], [ 135.422350505999987, 34.541201279 ], [ 135.422351971000012, 34.541203441 ], [ 135.422366031, 34.541223874 ], [ 135.422372802000012, 34.541233721 ], [ 135.422519857, 34.541440973 ], [ 135.422669663, 34.541666667 ], [ 135.42278489, 34.541840252 ], [ 135.422785979, 34.541841802 ], [ 135.422853943, 34.541937946 ], [ 135.42285505800001, 34.54193964 ], [ 135.423391114999987, 34.542750946 ], [ 135.423430700000011, 34.542811802 ], [ 135.423489780000011, 34.542899532 ], [ 135.423494928999986, 34.542907991 ], [ 135.423555279, 34.543007225 ], [ 135.423555875, 34.543008117 ], [ 135.424171115, 34.543933108 ], [ 135.424171647, 34.543933955 ], [ 135.424231284, 34.544027495 ], [ 135.424231738, 34.544028198 ], [ 135.424407056, 34.544289946 ], [ 135.42443834, 34.54433436 ], [ 135.424844838000013, 34.544952919 ], [ 135.424845811000012, 34.544954523 ], [ 135.424887834, 34.545023532 ], [ 135.424888625, 34.545024712 ], [ 135.425, 34.545191865 ], [ 135.425083865, 34.545317721 ], [ 135.425147886, 34.545418721 ], [ 135.425383113, 34.545771252 ], [ 135.425390182, 34.545782459 ], [ 135.42540358, 34.545803721 ], [ 135.42540441, 34.545804973 ], [ 135.425691777, 34.546244559 ], [ 135.425697289, 34.546253595 ], [ 135.425719144, 34.546289414 ], [ 135.425720506, 34.546291486 ], [ 135.425982166000011, 34.546686414 ], [ 135.425986939000012, 34.546694991 ], [ 135.426001219, 34.546720667 ], [ 135.426001881, 34.546721658 ], [ 135.426247523, 34.547090459 ], [ 135.426256394, 34.547086387 ], [ 135.426401672999987, 34.54702 ], [ 135.426478885, 34.546990279 ], [ 135.426532503, 34.546965559 ], [ 135.426657497, 34.546907775 ], [ 135.42668083, 34.546896946 ], [ 135.426883061000012, 34.546813333 ], [ 135.427114721, 34.546724721 ], [ 135.427251388, 34.546646108 ], [ 135.427792218, 34.546406108 ], [ 135.427958612, 34.546332495 ], [ 135.428172503000013, 34.546258613 ], [ 135.428380557999986, 34.546150559 ], [ 135.429075551000011, 34.545839721 ], [ 135.429283606000013, 34.545761108 ], [ 135.429479728, 34.545662495 ], [ 135.430002776, 34.545441387 ], [ 135.430163061, 34.545372495 ], [ 135.430365279, 34.545288892 ], [ 135.430573333000012, 34.545185829 ], [ 135.431369728, 34.544842495 ], [ 135.432375837, 34.54439 ], [ 135.432542776, 34.544340279 ], [ 135.432546108999986, 34.544339162 ], [ 135.432671387999989, 34.544262225 ], [ 135.433187782, 34.544024441 ], [ 135.433333333, 34.543960892 ], [ 135.433615837, 34.543837495 ], [ 135.434267224, 34.543539721 ], [ 135.434911387999989, 34.543264441 ], [ 135.435397497, 34.543047225 ], [ 135.435571114999988, 34.542969441 ], [ 135.435795279, 34.542878333 ], [ 135.435799728, 34.542876667 ], [ 135.436016394, 34.542788333 ], [ 135.436271946, 34.542655559 ], [ 135.436363502, 34.542583162 ], [ 135.43635869, 34.542575856 ], [ 135.435759663, 34.541666667 ], [ 135.435654981, 34.541507775 ], [ 135.435252892, 34.540897495 ], [ 135.43451944200001, 34.539788198 ], [ 135.433587536, 34.538364604 ], [ 135.433485901000012, 34.538209333 ], [ 135.433333333, 34.537976279 ], [ 135.433076693, 34.537584225 ], [ 135.431937756, 34.535858441 ], [ 135.431354137, 34.534965027 ], [ 135.431324254, 34.534924775 ], [ 135.431349196000014, 34.53492236 ], [ 135.431398249000011, 34.534965135 ], [ 135.431398521, 34.534927198 ], [ 135.431332192000013, 34.534876829 ], [ 135.431247276, 34.534805775 ], [ 135.431201777000012, 34.534752081 ], [ 135.431179105000012, 34.534703667 ], [ 135.431134527000012, 34.534531081 ], [ 135.431113554, 34.534537829 ], [ 135.431119442000011, 34.534569775 ], [ 135.431097588, 34.534580333 ], [ 135.430963891, 34.534391 ], [ 135.430836524, 34.534202081 ], [ 135.430765966, 34.534117919 ], [ 135.430669247999987, 34.534003252 ], [ 135.42999834, 34.533333333 ], [ 135.428776057, 34.532112919 ], [ 135.428191414, 34.531520225 ], [ 135.426471894, 34.529820252 ], [ 135.426258781, 34.52959236 ], [ 135.426111141, 34.529434532 ], [ 135.425549416, 34.528888441 ], [ 135.425531439999986, 34.528874198 ], [ 135.425327108, 34.528677613 ], [ 135.425295447, 34.528642559 ], [ 135.425231608, 34.528578441 ], [ 135.425198029, 34.528545586 ], [ 135.425195577000011, 34.528543198 ], [ 135.425084578, 34.528434586 ], [ 135.425073917, 34.528423919 ], [ 135.425, 34.528351748 ], [ 135.42496374800001, 34.528316387 ], [ 135.424933722, 34.528287027 ], [ 135.424837419, 34.528194892 ], [ 135.424800311000013, 34.528156387 ], [ 135.424597444999989, 34.527941586 ], [ 135.424584358, 34.527927829 ], [ 135.424582192, 34.527925829 ], [ 135.424550246, 34.527896108 ], [ 135.424543022, 34.527888225 ], [ 135.42439022, 34.527741 ], [ 135.424375279, 34.527726532 ], [ 135.424316887, 34.527666108 ], [ 135.424293943, 34.527641586 ], [ 135.423813191, 34.527160694 ], [ 135.423798366, 34.52714736 ], [ 135.423655422, 34.527008468 ], [ 135.423654266999989, 34.527007288 ], [ 135.423560143, 34.526909946 ], [ 135.423559014, 34.526908829 ], [ 135.42330924800001, 34.526660027 ], [ 135.423296809, 34.526646892 ], [ 135.422933449999988, 34.526281694 ], [ 135.422922723999989, 34.526271 ], [ 135.422916835, 34.526265126 ], [ 135.422908145, 34.526256459 ], [ 135.422554358000014, 34.525903495 ], [ 135.422552802000013, 34.525901351 ], [ 135.422540661, 34.525884613 ], [ 135.422538859000014, 34.525882793 ], [ 135.421837638999989, 34.525175748 ], [ 135.42191011700001, 34.525122973 ], [ 135.421784863999989, 34.525 ], [ 135.421692218, 34.524909 ], [ 135.42161847, 34.524956721 ], [ 135.421468586, 34.524814 ], [ 135.421434189, 34.524812225 ], [ 135.421233307, 34.524783775 ], [ 135.421208911, 34.524780333 ], [ 135.420655227, 34.524690252 ], [ 135.420492698, 34.524661721 ], [ 135.419837328, 34.524557721 ], [ 135.419759105, 34.524544721 ], [ 135.419317613, 34.524471225 ], [ 135.419312283000011, 34.524500333 ], [ 135.419211854999986, 34.524483441 ], [ 135.418953891, 34.524440027 ], [ 135.418938846, 34.524436432 ], [ 135.418932244, 34.524434865 ], [ 135.418917056, 34.524432523 ], [ 135.418413891, 34.524355135 ], [ 135.417714501, 34.524241919 ], [ 135.417695642000012, 34.524250333 ], [ 135.417442672, 34.524363225 ], [ 135.417427134, 34.524370802 ], [ 135.416666666999987, 34.524714306 ], [ 135.416562088, 34.524761559 ], [ 135.416347003999988, 34.524858694 ], [ 135.416303086999989, 34.524877532 ], [ 135.416243748, 34.524902919 ], [ 135.416041283999988, 34.525 ], [ 135.416030752000012, 34.525005054 ], [ 135.416018611999988, 34.525010946 ], [ 135.415874656, 34.525076369 ], [ 135.415790869, 34.525114459 ], [ 135.415643359, 34.525181495 ], [ 135.415630169, 34.525186946 ], [ 135.415615874999986, 34.525192279 ], [ 135.415609196, 34.525194775 ], [ 135.415599039999989, 34.525199468 ], [ 135.415226161, 34.52537164 ], [ 135.415216445999988, 34.525376081 ], [ 135.415142698000011, 34.525405748 ], [ 135.415123554, 34.525414369 ], [ 135.415108392, 34.525421198 ], [ 135.415081193, 34.525433333 ], [ 135.415073865000011, 34.525436613 ], [ 135.415066239, 34.525440009 ], [ 135.414130895, 34.52585636 ], [ 135.414113332999989, 34.525866 ], [ 135.414101245000012, 34.52587264 ], [ 135.41407786, 34.525885532 ], [ 135.414062632999986, 34.525893892 ], [ 135.414044655999987, 34.525902829 ], [ 135.413984500999987, 34.525932748 ], [ 135.413733774, 34.526036829 ], [ 135.413715733, 34.526045658 ], [ 135.41363847, 34.526083441 ], [ 135.413620208, 34.526091964 ], [ 135.413442477, 34.526174829 ], [ 135.41308277600001, 34.526336613 ], [ 135.41306834, 34.526344 ], [ 135.413057977, 34.526349306 ], [ 135.413056680000011, 34.526349865 ], [ 135.412789299999986, 34.526466387 ], [ 135.412741634000014, 34.526489225 ], [ 135.412023385, 34.526812586 ], [ 135.412015305000011, 34.526816604 ], [ 135.412002191999989, 34.526823108 ], [ 135.412001284000013, 34.526823523 ], [ 135.411776524, 34.526924279 ], [ 135.411728781, 34.526945667 ], [ 135.411691505, 34.526963441 ], [ 135.410968664, 34.527287198 ], [ 135.410963423999988, 34.527289342 ], [ 135.410949974, 34.527294865 ], [ 135.410948872, 34.52729536 ], [ 135.410679636999987, 34.527416532 ], [ 135.410641387999988, 34.527432586 ], [ 135.410206161, 34.52762636 ], [ 135.41018725, 34.527635027 ], [ 135.409666978, 34.527856802 ], [ 135.408922827, 34.528184252 ], [ 135.408717134, 34.528283495 ], [ 135.408694643, 34.528292333 ], [ 135.408603385, 34.528332802 ], [ 135.408584591, 34.528340613 ], [ 135.408565810999988, 34.528348414 ], [ 135.408547315, 34.52835664 ], [ 135.408333333, 34.528451775 ], [ 135.408272412, 34.528478892 ], [ 135.408254112, 34.52848736 ], [ 135.408252607, 34.528488054 ], [ 135.408234228, 34.528496387 ], [ 135.407544578, 34.528808919 ], [ 135.407526174, 34.528817216 ], [ 135.407485344, 34.528835622 ], [ 135.406723995, 34.529178802 ], [ 135.406705550999988, 34.52918709 ], [ 135.40665932600001, 34.529207856 ], [ 135.405991388, 34.529507892 ], [ 135.405973009, 34.529516225 ], [ 135.405940298, 34.529531072 ], [ 135.405283113, 34.529829279 ], [ 135.40526463, 34.529837405 ], [ 135.405226226, 34.529854315 ], [ 135.405194812, 34.529868135 ], [ 135.405149468, 34.529887946 ], [ 135.40510642000001, 34.529906748 ], [ 135.404598586, 34.530136414 ], [ 135.404839947999989, 34.530552306 ], [ 135.404832191999986, 34.530555495 ], [ 135.405400272, 34.531552306 ], [ 135.406414643, 34.533333333 ], [ 135.407385642, 34.535038225 ], [ 135.407333021999989, 34.535058441 ], [ 135.406643476, 34.535323468 ], [ 135.406624228, 34.535331018 ], [ 135.406615214, 34.535334559 ], [ 135.405677445, 34.535702468 ], [ 135.405547393, 34.535750712 ], [ 135.405475253, 34.535777468 ], [ 135.405456445999988, 34.535784919 ], [ 135.405197328000014, 34.535887559 ], [ 135.405032917999989, 34.535951387 ], [ 135.40490083, 34.53600336 ], [ 135.40475119300001, 34.536059468 ], [ 135.40438642, 34.536202468 ], [ 135.403387471, 34.535614586 ], [ 135.403294942, 34.535560108 ], [ 135.402516031, 34.535101495 ], [ 135.402443670999986, 34.535058865 ], [ 135.401251608, 34.534351198 ], [ 135.401093890999988, 34.534258 ], [ 135.4, 34.535524081 ], [ 135.399165863, 34.536489559 ], [ 135.4, 34.537959135 ], [ 135.400139494, 34.538204892 ], [ 135.401920169, 34.541341919 ], [ 135.402105084, 34.541666667 ], [ 135.40302358, 34.543279919 ], [ 135.403960246, 34.544927586 ], [ 135.404900336999987, 34.546591252 ], [ 135.405261907000011, 34.547233937 ], [ 135.405275837, 34.547229441 ] ] ] ] } }
]
}
