{
"type": "FeatureCollection",
"name": "大阪MK",
"crs": { "type": "name", "properties": { "name": "urn:ogc:def:crs:EPSG::6668" } },
"features": [
{ "type": "Feature", "properties": { "base_fare": 500, "base_distance_m": 969, "add_fare": 100, "add_distance_m": 231, "name": "大阪MK" }, "geometry": { "type": "MultiPolygon", "coordinates": [ [ [ [ 135.426672866, 34.547728225 ], [ 135.42703275, 34.548272135 ], [ 135.427053449999988, 34.548302387 ], [ 135.427080817, 34.548346541 ], [ 135.427110778000014, 34.548394865 ], [ 135.42726725, 34.548631892 ], [ 135.427325577, 34.548722333 ], [ 135.427402049, 34.548833919 ], [ 135.427409339, 34.548845198 ], [ 135.427416991, 34.548856757 ], [ 135.427637366999988, 34.549189333 ], [ 135.427686446, 34.549263468 ], [ 135.427945005999987, 34.54966236 ], [ 135.428113022, 34.549914333 ], [ 135.42816988300001, 34.55 ], [ 135.428919001, 34.551142721 ], [ 135.428948975, 34.551186135 ], [ 135.429221582, 34.551602829 ], [ 135.429237639, 34.551630225 ], [ 135.429393139000013, 34.551867946 ], [ 135.429547418999988, 34.552098441 ], [ 135.429951971, 34.552718441 ], [ 135.43031725, 34.553276919 ], [ 135.430535772000013, 34.55363136 ], [ 135.430662891999987, 34.553816108 ], [ 135.430675746, 34.55381636 ], [ 135.430713333, 34.55381736 ], [ 135.432042088, 34.553458775 ], [ 135.432122633, 34.553437973 ], [ 135.433011751, 34.553202027 ], [ 135.433033139, 34.553197081 ], [ 135.433333333, 34.553117829 ], [ 135.433384942, 34.553104198 ], [ 135.434928106, 34.552696775 ], [ 135.435513773999986, 34.553585946 ], [ 135.435401284, 34.553643865 ], [ 135.435414552999987, 34.553660586 ], [ 135.435531829000013, 34.553607225 ], [ 135.436459001, 34.555028775 ], [ 135.436791140999986, 34.555532027 ], [ 135.437362724, 34.555377532 ], [ 135.43738061, 34.555421865 ], [ 135.437473942999986, 34.555623892 ], [ 135.437388029, 34.555647198 ], [ 135.43740741900001, 34.555697865 ], [ 135.43766930000001, 34.555625586 ], [ 135.437651829, 34.555583135 ], [ 135.437543139000013, 34.555607054 ], [ 135.437471505, 34.555405973 ], [ 135.437455123, 34.55536018 ], [ 135.43862607, 34.555053108 ], [ 135.43862869, 34.555052396 ], [ 135.438652789, 34.555098396 ], [ 135.43874096, 34.555338784 ], [ 135.43866978, 34.555358829 ], [ 135.438688262, 34.555398135 ], [ 135.438942218, 34.555339712 ], [ 135.43892570700001, 34.555298793 ], [ 135.438886212999989, 34.555306009 ], [ 135.438864591, 34.555296892 ], [ 135.438824112, 34.55530491 ], [ 135.438806433, 34.555292568 ], [ 135.438725447, 34.555086108 ], [ 135.438702983000013, 34.555039036 ], [ 135.438700636, 34.555032532 ], [ 135.438731738, 34.555024288 ], [ 135.440753554, 34.554493288 ], [ 135.44075131, 34.554259604 ], [ 135.440958677, 34.554258568 ], [ 135.440884149999988, 34.551921117 ], [ 135.440883113000012, 34.551888477 ], [ 135.440882698, 34.551867919 ], [ 135.440852114, 34.550643495 ], [ 135.440851751, 34.550629613 ], [ 135.440851439999989, 34.550612495 ], [ 135.440844903, 34.550351198 ], [ 135.440844384, 34.550331631 ], [ 135.440836083, 34.55 ], [ 135.440825888, 34.549593649 ], [ 135.440813969, 34.549257775 ], [ 135.440615875, 34.549258856 ], [ 135.440611206, 34.549126757 ], [ 135.440609935, 34.549089162 ], [ 135.440594994, 34.548830081 ], [ 135.44059393, 34.548811234 ], [ 135.440589714999987, 34.548737901 ], [ 135.440622996, 34.548732306 ], [ 135.440699689000013, 34.548718414 ], [ 135.440758988, 34.548708396 ], [ 135.440751388, 34.548681207 ], [ 135.44070799, 34.548521955 ], [ 135.440687755999988, 34.548439775 ], [ 135.440650376, 34.548287892 ], [ 135.440649637, 34.548285 ], [ 135.440650311000013, 34.548265892 ], [ 135.440648599000014, 34.548245595 ], [ 135.44014987, 34.548330586 ], [ 135.440142451000014, 34.548316306 ], [ 135.44013096, 34.54829155 ], [ 135.440074008000011, 34.54820564 ], [ 135.440046109, 34.54815764 ], [ 135.440021738000013, 34.548119486 ], [ 135.440007043, 34.548101748 ], [ 135.438951051, 34.546508604 ], [ 135.436363502, 34.542583162 ], [ 135.436271946, 34.542655559 ], [ 135.436016394, 34.542788333 ], [ 135.435799728, 34.542876667 ], [ 135.435795279, 34.542878333 ], [ 135.435571114999988, 34.542969441 ], [ 135.435397497, 34.543047225 ], [ 135.434911387999989, 34.543264441 ], [ 135.434267224, 34.543539721 ], [ 135.433615837, 34.543837495 ], [ 135.433333333, 34.543960892 ], [ 135.433187782, 34.544024441 ], [ 135.432671387999989, 34.544262225 ], [ 135.432546108999986, 34.544339162 ], [ 135.432542776, 34.544340279 ], [ 135.432375837, 34.54439 ], [ 135.431369728, 34.544842495 ], [ 135.430573333000012, 34.545185829 ], [ 135.430365279, 34.545288892 ], [ 135.430163061, 34.545372495 ], [ 135.430002776, 34.545441387 ], [ 135.429479728, 34.545662495 ], [ 135.429283606000013, 34.545761108 ], [ 135.429075551000011, 34.545839721 ], [ 135.428380557999986, 34.546150559 ], [ 135.428172503000013, 34.546258613 ], [ 135.427958612, 34.546332495 ], [ 135.427792218, 34.546406108 ], [ 135.427251388, 34.546646108 ], [ 135.427114721, 34.546724721 ], [ 135.426883061000012, 34.546813333 ], [ 135.42668083, 34.546896946 ], [ 135.426657497, 34.546907775 ], [ 135.426532503, 34.546965559 ], [ 135.426478885, 34.546990279 ], [ 135.426401672999987, 34.54702 ], [ 135.426256394, 34.547086387 ], [ 135.426247523, 34.547090459 ], [ 135.426262892000011, 34.547113532 ], [ 135.426505913999989, 34.547478333 ], [ 135.426516355, 34.547494685 ], [ 135.426580636000011, 34.547595333 ], [ 135.426657224, 34.547705685 ], [ 135.426672866, 34.547728225 ] ] ], [ [ [ 135.405355914000012, 34.547401027 ], [ 135.405855188, 34.548265162 ], [ 135.405884527000012, 34.548320532 ], [ 135.405938885000012, 34.548416027 ], [ 135.405987950999986, 34.548502162 ], [ 135.406432438, 34.549292279 ], [ 135.40683455300001, 34.55 ], [ 135.407248911000011, 34.550729306 ], [ 135.407653281, 34.551452387 ], [ 135.407829442, 34.551765279 ], [ 135.408060337, 34.552175333 ], [ 135.408333333, 34.552663865 ], [ 135.40874489, 34.553400387 ], [ 135.409272763, 34.554340108 ], [ 135.409274501, 34.555043505 ], [ 135.409436589, 34.555045631 ], [ 135.409450104, 34.554433604 ], [ 135.410693995, 34.553579721 ], [ 135.41072406, 34.553556532 ], [ 135.410734721000011, 34.553548198 ], [ 135.411593359, 34.552957694 ], [ 135.411807004, 34.552810775 ], [ 135.412517756, 34.552315865 ], [ 135.412751141, 34.552155306 ], [ 135.412961894, 34.552003802 ], [ 135.41327097300001, 34.551791559 ], [ 135.41376489000001, 34.551451252 ], [ 135.41409489, 34.551223468 ], [ 135.414716524, 34.550786973 ], [ 135.415528145, 34.550229306 ], [ 135.415858275, 34.55 ], [ 135.415876524, 34.549987198 ], [ 135.41492489, 34.548318306 ], [ 135.414915576999988, 34.548302 ], [ 135.413240026000011, 34.545363414 ], [ 135.413209585, 34.545313387 ], [ 135.413139494, 34.545189225 ], [ 135.413136537000014, 34.545183144 ], [ 135.41312987, 34.545169441 ], [ 135.413127808000013, 34.545165198 ], [ 135.412768444, 34.544533108 ], [ 135.412763139, 34.54451236 ], [ 135.412386394, 34.543862279 ], [ 135.412371076999989, 34.543838369 ], [ 135.412365693999988, 34.543829973 ], [ 135.412199351, 34.543534234 ], [ 135.412169728, 34.543546667 ], [ 135.411946394000012, 34.543640279 ], [ 135.411903891, 34.543658054 ], [ 135.411862503, 34.543673613 ], [ 135.41170834, 34.543731387 ], [ 135.411604163, 34.543770559 ], [ 135.411497497, 34.543810559 ], [ 135.411259441999988, 34.543899721 ], [ 135.410931946, 34.544022495 ], [ 135.410762776000013, 34.544085829 ], [ 135.410728885, 34.544098892 ], [ 135.410533061, 34.544174721 ], [ 135.410471946, 34.544198333 ], [ 135.410026109, 34.544371108 ], [ 135.409859727999986, 34.544410559 ], [ 135.409301115, 34.544621667 ], [ 135.409105006, 34.54473 ], [ 135.408950557999987, 34.544779162 ], [ 135.408796109, 34.544813613 ], [ 135.408742503000013, 34.544828333 ], [ 135.408748339999988, 34.544884162 ], [ 135.408980272, 34.545326946 ], [ 135.409087224, 34.545443892 ], [ 135.409158612, 34.545566946 ], [ 135.409211946, 34.545729162 ], [ 135.408971388, 34.545827225 ], [ 135.408672776, 34.545949162 ], [ 135.408379442000012, 34.546068613 ], [ 135.408333333, 34.546087441 ], [ 135.408189728, 34.546146108 ], [ 135.407601387999989, 34.546357495 ], [ 135.407256667000013, 34.546470829 ], [ 135.406885837, 34.546618333 ], [ 135.40687917, 34.546620829 ], [ 135.406713061, 34.546686946 ], [ 135.405675837, 34.5471 ], [ 135.40562, 34.547118054 ], [ 135.40541944200001, 34.547183054 ], [ 135.405275837, 34.547229441 ], [ 135.405261907000011, 34.547233937 ], [ 135.405338067, 34.547369297 ], [ 135.405355914000012, 34.547401027 ] ] ], [ [ [ 135.438953671, 34.555322198 ], [ 135.438992166, 34.555317495 ], [ 135.438982555, 34.555289694 ], [ 135.438946978, 34.555295279 ], [ 135.438953671, 34.555322198 ] ] ], [ [ [ 135.438634501, 34.555404027 ], [ 135.438667108, 34.555398387 ], [ 135.43865642, 34.555368946 ], [ 135.438621829, 34.555374559 ], [ 135.438634501, 34.555404027 ] ] ], [ [ [ 135.43736214, 34.555704495 ], [ 135.43738978, 34.555696865 ], [ 135.43738153000001, 34.555673586 ], [ 135.437350856, 34.555681721 ], [ 135.43736214, 34.555704495 ] ] ], [ [ [ 135.412960973, 34.560587198 ], [ 135.412961167, 34.560591441 ], [ 135.412961505, 34.560605694 ], [ 135.412980363, 34.560605775 ], [ 135.413014253999989, 34.560603946 ], [ 135.413033113000012, 34.560602973 ], [ 135.413080415, 34.560600468 ], [ 135.413124474999989, 34.560599333 ], [ 135.413123969, 34.560593468 ], [ 135.413123165, 34.560582027 ], [ 135.413122671999986, 34.560575081 ], [ 135.413121698999987, 34.560560387 ], [ 135.412961115, 34.560567441 ], [ 135.412961051, 34.560576027 ], [ 135.412961051, 34.560577108 ], [ 135.412960973, 34.560587198 ] ] ], [ [ [ 135.395472166, 34.6 ], [ 135.395112477, 34.601686162 ], [ 135.39166666700001, 34.603302306 ], [ 135.387928663999986, 34.605067514 ], [ 135.387997536, 34.605174676 ], [ 135.388182607, 34.605088577 ], [ 135.38815847, 34.605046631 ], [ 135.39166666700001, 34.603392441 ], [ 135.39518786, 34.601741 ], [ 135.395561829, 34.6 ], [ 135.396474527, 34.595751135 ], [ 135.39653869, 34.595757027 ], [ 135.396568249000012, 34.595588865 ], [ 135.396416498, 34.595573333 ], [ 135.395472166, 34.6 ] ] ], [ [ [ 135.420857717, 34.602074829 ], [ 135.420807056, 34.602223414 ], [ 135.420771140999989, 34.602381775 ], [ 135.420752335, 34.602521162 ], [ 135.4207707, 34.602721775 ], [ 135.420801245, 34.602874919 ], [ 135.42085083, 34.603019135 ], [ 135.420951025, 34.603228081 ], [ 135.421051219, 34.60336864 ], [ 135.421240999, 34.603560919 ], [ 135.421379416, 34.60368064 ], [ 135.421547782, 34.603774694 ], [ 135.421808003, 34.603887775 ], [ 135.422027886, 34.603964135 ], [ 135.422251219, 34.604028027 ], [ 135.422582944, 34.604111441 ], [ 135.422641634, 34.603973306 ], [ 135.422311051, 34.603886667 ], [ 135.422084227999989, 34.603813532 ], [ 135.421834577999988, 34.603720225 ], [ 135.421649922, 34.603638225 ], [ 135.421541946, 34.603579279 ], [ 135.4214462, 34.603508613 ], [ 135.421325032, 34.603398441 ], [ 135.421193359, 34.603252829 ], [ 135.421106978000012, 34.603117802 ], [ 135.42104917, 34.602985468 ], [ 135.421005966, 34.602841973 ], [ 135.420982023, 34.602659586 ], [ 135.420988975, 34.602478198 ], [ 135.421024280000012, 34.602349973 ], [ 135.421132283, 34.602067613 ], [ 135.421267328, 34.601691559 ], [ 135.42133786, 34.601563829 ], [ 135.421445576999986, 34.60143236 ], [ 135.421596056999988, 34.601265532 ], [ 135.421820726, 34.601083441 ], [ 135.422007082, 34.600968919 ], [ 135.422117808, 34.60091564 ], [ 135.422320610000014, 34.600819162 ], [ 135.422452892, 34.600757973 ], [ 135.422362244, 34.600603865 ], [ 135.422226005, 34.600635081 ], [ 135.422058443999987, 34.600697306 ], [ 135.42188744500001, 34.600784946 ], [ 135.421752387, 34.600859892 ], [ 135.42165, 34.60092864 ], [ 135.421527588, 34.601022252 ], [ 135.421401141, 34.601155252 ], [ 135.421264332, 34.601300892 ], [ 135.421143554, 34.601445252 ], [ 135.421045811, 34.601598387 ], [ 135.420946641, 34.601828829 ], [ 135.420857717, 34.602074829 ] ] ], [ [ [ 135.392748807, 34.625911694 ], [ 135.392759637000012, 34.625918532 ], [ 135.393950415, 34.625 ], [ 135.397250415, 34.622454468 ], [ 135.398303191, 34.621639279 ], [ 135.399369533, 34.620819667 ], [ 135.399501115, 34.620718892 ], [ 135.399504086, 34.620687333 ], [ 135.399531336, 34.620687468 ], [ 135.39953144, 34.620673946 ], [ 135.399596887, 34.620672027 ], [ 135.399599494, 34.620685559 ], [ 135.4, 34.620683721 ], [ 135.402200467, 34.62067364 ], [ 135.402236083, 34.620649027 ], [ 135.402225279, 34.620635441 ], [ 135.40226358000001, 34.620617613 ], [ 135.402274449, 34.620622162 ], [ 135.403785772, 34.619723532 ], [ 135.403992996, 34.619720027 ], [ 135.403998521, 34.619708802 ], [ 135.404055772, 34.619709081 ], [ 135.404055694, 34.619722613 ], [ 135.404442802, 34.619722252 ], [ 135.404624034, 34.619542802 ], [ 135.404703113000011, 34.619540946 ], [ 135.404703256, 34.619520667 ], [ 135.404698223, 34.619462054 ], [ 135.404742113999987, 34.619421694 ], [ 135.40475572, 34.619424 ], [ 135.404761245, 34.619415027 ], [ 135.404753113, 34.619408225 ], [ 135.40480452700001, 34.619364387 ], [ 135.4048793, 34.619300667 ], [ 135.404971971, 34.619301108 ], [ 135.404974552999988, 34.619321414 ], [ 135.405001829000014, 34.619319279 ], [ 135.405001971, 34.619301252 ], [ 135.405187328000011, 34.619304414 ], [ 135.405187198, 34.619322441 ], [ 135.405217198, 34.619322586 ], [ 135.405217328, 34.619302306 ], [ 135.405247328, 34.619302441 ], [ 135.405247198000012, 34.619320468 ], [ 135.405277198, 34.61931836 ], [ 135.405277328000011, 34.619300333 ], [ 135.405410894999989, 34.619303252 ], [ 135.405410778, 34.619321279 ], [ 135.405438054, 34.619319162 ], [ 135.405435473000011, 34.619298865 ], [ 135.405539053000012, 34.61929936 ], [ 135.405605837, 34.619368306 ], [ 135.40570144, 34.619466946 ], [ 135.40570652400001, 34.619516559 ], [ 135.405706329, 34.619543586 ], [ 135.405777224, 34.619543946 ], [ 135.405969494, 34.619722919 ], [ 135.408275914, 34.619722865 ], [ 135.408333333, 34.61972264 ], [ 135.408537639, 34.619721892 ], [ 135.41003425400001, 34.61972236 ], [ 135.41112260700001, 34.619716775 ], [ 135.412062633, 34.619711973 ], [ 135.412329883000012, 34.619701973 ], [ 135.413055641999989, 34.619619829 ], [ 135.413726860999986, 34.619541919 ], [ 135.414777276, 34.619423 ], [ 135.414787782, 34.619481667 ], [ 135.414866913, 34.619470775 ], [ 135.414902335, 34.619475441 ], [ 135.415003307, 34.619462414 ], [ 135.41501897500001, 34.619559387 ], [ 135.414923476000013, 34.619572441 ], [ 135.414887912000012, 34.619588054 ], [ 135.414808781, 34.619596694 ], [ 135.41482978, 34.619714 ], [ 135.416458664, 34.619525721 ], [ 135.416666666999987, 34.619502162 ], [ 135.417050726000014, 34.619458694 ], [ 135.417081699, 34.619706748 ], [ 135.417689831, 34.619634027 ], [ 135.417932996, 34.619604892 ], [ 135.418121245, 34.619585495 ], [ 135.418429585000013, 34.619546387 ], [ 135.418464500999988, 34.619430279 ], [ 135.418878833, 34.618052108 ], [ 135.418926938999988, 34.617892252 ], [ 135.418947366999987, 34.617824198 ], [ 135.419199780000014, 34.61698536 ], [ 135.419295188, 34.616666667 ], [ 135.41955422800001, 34.615801559 ], [ 135.420232360999989, 34.613548748 ], [ 135.420427561999986, 34.61291636 ], [ 135.419161725, 34.612664667 ], [ 135.419159001, 34.611878081 ], [ 135.419159027, 34.611875829 ], [ 135.419160311000013, 34.611693279 ], [ 135.419160415, 34.610879667 ], [ 135.42068153, 34.61087564 ], [ 135.420684916, 34.610780973 ], [ 135.419079274000012, 34.610784613 ], [ 135.41903022, 34.610784387 ], [ 135.419027393, 34.610800135 ], [ 135.418975577, 34.610799892 ], [ 135.418975694000011, 34.610786387 ], [ 135.417612802, 34.610788892 ], [ 135.417612724, 34.610800162 ], [ 135.41755275, 34.610799892 ], [ 135.417552801999989, 34.610790865 ], [ 135.417517393, 34.610788441 ], [ 135.41733131, 34.611283387 ], [ 135.417081167, 34.611936694 ], [ 135.417059196, 34.611994279 ], [ 135.417078223, 34.612001135 ], [ 135.417058716000014, 34.61205964 ], [ 135.417036939000013, 34.612055027 ], [ 135.417023113, 34.612086495 ], [ 135.416666666999987, 34.612086387 ], [ 135.416510609999989, 34.612086306 ], [ 135.415518365999986, 34.612086081 ], [ 135.41458061, 34.612086081 ], [ 135.41358834, 34.612088081 ], [ 135.411333891, 34.612093 ], [ 135.411176446000013, 34.612092946 ], [ 135.408333333, 34.612091892 ], [ 135.408329857000012, 34.612091892 ], [ 135.40668616100001, 34.612092946 ], [ 135.403733943, 34.612087559 ], [ 135.402828911, 34.612089892 ], [ 135.402837302, 34.61206064 ], [ 135.401387393, 34.610874802 ], [ 135.401417587999987, 34.61084564 ], [ 135.401282114, 34.610730027 ], [ 135.401191555999986, 34.610815252 ], [ 135.402654864, 34.612030441 ], [ 135.402643671, 34.612070946 ], [ 135.402695383, 34.612080225 ], [ 135.40268153, 34.612113973 ], [ 135.402665187999986, 34.61211164 ], [ 135.402031971000014, 34.613742532 ], [ 135.402050999000011, 34.61374936 ], [ 135.402039882999986, 34.61377636 ], [ 135.402026278, 34.613774054 ], [ 135.401448585999987, 34.61527664 ], [ 135.401459442, 34.615285721 ], [ 135.401451114999986, 34.615305946 ], [ 135.401440220000012, 34.61530364 ], [ 135.400903502, 34.616666667 ], [ 135.400833774, 34.616843694 ], [ 135.400825084, 34.616868441 ], [ 135.400636031, 34.617350829 ], [ 135.400697717000014, 34.617367802 ], [ 135.400617198, 34.617573414 ], [ 135.400739364, 34.617612586 ], [ 135.400796523999986, 34.617626387 ], [ 135.400818171, 34.617651306 ], [ 135.40076885900001, 34.61768036 ], [ 135.401025642, 34.617988108 ], [ 135.401217588, 34.618214441 ], [ 135.401142502999988, 34.618421414 ], [ 135.400833799999987, 34.618507802 ], [ 135.400399416, 34.618636387 ], [ 135.400400169, 34.618638829 ], [ 135.400415422, 34.618686054 ], [ 135.400380584, 34.618692108 ], [ 135.400377198, 34.61869264 ], [ 135.400287393000013, 34.618671892 ], [ 135.400222088, 34.618653559 ], [ 135.400202581, 34.618712054 ], [ 135.400201362, 34.618714225 ], [ 135.400195058, 34.618729586 ], [ 135.400194254000013, 34.618732306 ], [ 135.4, 34.619230532 ], [ 135.399957056, 34.61934064 ], [ 135.399844306, 34.619629829 ], [ 135.399441607999989, 34.620655468 ], [ 135.399315525, 34.620749532 ], [ 135.397108638, 34.622453865 ], [ 135.393807523, 34.625 ], [ 135.39166666700001, 34.626651252 ], [ 135.38946455300001, 34.628349748 ], [ 135.38955394300001, 34.628426829 ], [ 135.3896993, 34.628312613 ], [ 135.389658664, 34.62827636 ], [ 135.389694423, 34.628249387 ], [ 135.389713256, 34.628267613 ], [ 135.39166666700001, 34.626761892 ], [ 135.392740441, 34.625934198 ], [ 135.392729585000012, 34.625927387 ], [ 135.392748807, 34.625911694 ] ] ], [ [ [ 135.343568495, 34.622024225 ], [ 135.343620856, 34.622175306 ], [ 135.343688949000011, 34.622322054 ], [ 135.343737108, 34.622407586 ], [ 135.343772218, 34.62246336 ], [ 135.343849364, 34.622571748 ], [ 135.343913502, 34.622650306 ], [ 135.343949196000011, 34.622689162 ], [ 135.343981725, 34.622725333 ], [ 135.346167885999989, 34.625 ], [ 135.35, 34.628987252 ], [ 135.354146304000011, 34.633333333 ], [ 135.35583762600001, 34.635106144 ], [ 135.355954047000012, 34.635001225 ], [ 135.354343087, 34.633333333 ], [ 135.353443878, 34.632402342 ], [ 135.353443943, 34.632395459 ], [ 135.353441479, 34.632381279 ], [ 135.353440311000014, 34.632365486 ], [ 135.353440920999986, 34.632356054 ], [ 135.353445537999988, 34.632346559 ], [ 135.353488042, 34.632297369 ], [ 135.353532049, 34.632247297 ], [ 135.353546926, 34.632242153 ], [ 135.353564604000013, 34.632242505 ], [ 135.353589754000012, 34.632238216 ], [ 135.353610973, 34.632229865 ], [ 135.35362668, 34.632219721 ], [ 135.353641855, 34.632205811 ], [ 135.353649689, 34.632191919 ], [ 135.353656446, 34.632179829 ], [ 135.353658573, 34.632169225 ], [ 135.353659585, 34.632156847 ], [ 135.353670726, 34.632156072 ], [ 135.353684773, 34.632153432 ], [ 135.353697095, 34.632147486 ], [ 135.353708651, 34.632134874 ], [ 135.353712476999988, 34.632128712 ], [ 135.353714903, 34.632116505 ], [ 135.35371511, 34.632104261 ], [ 135.353726524, 34.632103351 ], [ 135.353742165999989, 34.632099387 ], [ 135.353762905, 34.632090432 ], [ 135.353781518, 34.632077108 ], [ 135.353793217, 34.632062955 ], [ 135.353803449999987, 34.632044766 ], [ 135.353806420000012, 34.632030577 ], [ 135.353806926, 34.632016027 ], [ 135.353824955, 34.632017198 ], [ 135.353835266, 34.632016568 ], [ 135.353848586, 34.632009342 ], [ 135.35386323, 34.631998559 ], [ 135.353870687000011, 34.631988703 ], [ 135.353872853000013, 34.631976667 ], [ 135.353872529, 34.631968604 ], [ 135.353869274, 34.63196018 ], [ 135.353892815, 34.631958243 ], [ 135.353912075000011, 34.63195264 ], [ 135.353930298, 34.631942351 ], [ 135.353947562, 34.631927162 ], [ 135.353957523, 34.631911117 ], [ 135.353964838, 34.631895901 ], [ 135.353967549, 34.631881919 ], [ 135.353986588999987, 34.631868216 ], [ 135.354000739000014, 34.631856586 ], [ 135.354007717, 34.631842928 ], [ 135.354011633999988, 34.631828333 ], [ 135.354012335, 34.631811874 ], [ 135.354040687, 34.631806135 ], [ 135.354059896, 34.631796595 ], [ 135.354076666999987, 34.631785126 ], [ 135.354089273999989, 34.631768216 ], [ 135.354094903, 34.631754054 ], [ 135.354098431000011, 34.631740766 ], [ 135.354101816, 34.631725081 ], [ 135.354122542, 34.631723117 ], [ 135.354137185000013, 34.631718586 ], [ 135.354154371, 34.631707505 ], [ 135.354162983, 34.631695748 ], [ 135.354165383, 34.63168955 ], [ 135.354166187, 34.631679595 ], [ 135.354165538, 34.631669108 ], [ 135.35418631600001, 34.631666739 ], [ 135.35420503200001, 34.631662288 ], [ 135.35422297, 34.631651505 ], [ 135.354240182000012, 34.631637486 ], [ 135.354251479, 34.631620189 ], [ 135.354256342000014, 34.631606018 ], [ 135.354259079, 34.63159136 ], [ 135.354260376000013, 34.631580045 ], [ 135.354272399, 34.631581063 ], [ 135.35428369600001, 34.631581622 ], [ 135.354298664, 34.631580099 ], [ 135.354314643, 34.63157227 ], [ 135.354323204, 34.631562162 ], [ 135.354328145000011, 34.631552991 ], [ 135.354329572000012, 34.631543802 ], [ 135.354347873, 34.631542396 ], [ 135.354368093, 34.631535378 ], [ 135.354382853, 34.631526405 ], [ 135.354396952, 34.631517045 ], [ 135.354411401, 34.631501892 ], [ 135.354419650000011, 34.631486793 ], [ 135.354424371, 34.631472099 ], [ 135.354428029, 34.631458459 ], [ 135.354451258000012, 34.631448577 ], [ 135.354464981, 34.631441144 ], [ 135.354474786, 34.631430874 ], [ 135.354482931, 34.631415333 ], [ 135.35448725, 34.631402604 ], [ 135.354504903, 34.631400721 ], [ 135.354522581, 34.63139636 ], [ 135.354536693, 34.63139073 ], [ 135.35455446200001, 34.631378072 ], [ 135.354566926, 34.631365982 ], [ 135.354575616, 34.631353081 ], [ 135.354581582, 34.631340631 ], [ 135.354584125, 34.631327459 ], [ 135.354585396, 34.631316459 ], [ 135.354595512, 34.631316514 ], [ 135.35460751, 34.631316108 ], [ 135.354619624, 34.63131264 ], [ 135.354629455, 34.631304784 ], [ 135.354638586, 34.631293378 ], [ 135.354642218, 34.631283135 ], [ 135.354642750000011, 34.631273676 ], [ 135.354641894, 34.631264946 ], [ 135.354655435000012, 34.631263009 ], [ 135.354673671, 34.631259964 ], [ 135.354695733, 34.631251423 ], [ 135.354711453, 34.631240955 ], [ 135.354725746000014, 34.631225649 ], [ 135.354734254, 34.631209018 ], [ 135.354737457999988, 34.63119218 ], [ 135.354738637999986, 34.631178108 ], [ 135.354747549, 34.631179396 ], [ 135.354758807, 34.631180081 ], [ 135.354772918, 34.631177613 ], [ 135.354784812, 34.631170937 ], [ 135.354793256, 34.631161901 ], [ 135.354796887, 34.63115127 ], [ 135.354797327999989, 34.631140631 ], [ 135.354794981, 34.631133396 ], [ 135.354812594, 34.631132333 ], [ 135.354831881, 34.631128027 ], [ 135.354852062, 34.631119117 ], [ 135.354869377, 34.631105928 ], [ 135.354883424, 34.631088685 ], [ 135.354892036, 34.631068477 ], [ 135.354897951, 34.631052018 ], [ 135.35492249, 34.631039387 ], [ 135.354936251999987, 34.631030144 ], [ 135.354943917000014, 34.631022 ], [ 135.354951712, 34.631008351 ], [ 135.354959974, 34.630993982 ], [ 135.354986809, 34.630985459 ], [ 135.355004656, 34.630978252 ], [ 135.355023851999988, 34.630966234 ], [ 135.355037964, 34.630951676 ], [ 135.355046083, 34.630938144 ], [ 135.355051479, 34.630924477 ], [ 135.355053658, 34.630911802 ], [ 135.355053528000013, 34.630899234 ], [ 135.35506834, 34.630899459 ], [ 135.355079455, 34.630896757 ], [ 135.355093126000014, 34.630888324 ], [ 135.355102386999988, 34.630878577 ], [ 135.355105603, 34.630864586 ], [ 135.355105772, 34.630853189 ], [ 135.355102878999986, 34.630847153 ], [ 135.355112335, 34.630846324 ], [ 135.355125629000014, 34.630844306 ], [ 135.355145252999989, 34.630838261 ], [ 135.355163424000011, 34.630829225 ], [ 135.355179183, 34.630814468 ], [ 135.355191816, 34.630795315 ], [ 135.355197562, 34.630782712 ], [ 135.355199559, 34.630769126 ], [ 135.355199857, 34.630758802 ], [ 135.355215966, 34.630757712 ], [ 135.355229818, 34.630752045 ], [ 135.355240830000014, 34.63074418 ], [ 135.355250428, 34.63073355 ], [ 135.355254267, 34.63072373 ], [ 135.355253995, 34.63071382 ], [ 135.355250402, 34.630705874 ], [ 135.355268249, 34.630705351 ], [ 135.35528546, 34.630701892 ], [ 135.355304942, 34.630693595 ], [ 135.355323048, 34.630681721 ], [ 135.355335992, 34.630668207 ], [ 135.355346174, 34.630651279 ], [ 135.355348988, 34.630639595 ], [ 135.355350311, 34.630627054 ], [ 135.355350077999987, 34.630619333 ], [ 135.35535773, 34.630619414 ], [ 135.355370726, 34.630618477 ], [ 135.355383112999988, 34.630613757 ], [ 135.355394864, 34.630607 ], [ 135.355402879, 34.630597441 ], [ 135.355407237, 34.630584802 ], [ 135.355408067000013, 34.630575351 ], [ 135.3554069, 34.630567829 ], [ 135.355422802, 34.630566739 ], [ 135.355442685000014, 34.630562027 ], [ 135.355467159999989, 34.630550126 ], [ 135.355482036000012, 34.630537009 ], [ 135.355494811999989, 34.630517883 ], [ 135.355501659999987, 34.630502216 ], [ 135.35550393, 34.63048164 ], [ 135.355517004, 34.63047991 ], [ 135.35552952, 34.630475991 ], [ 135.355544603999988, 34.630469153 ], [ 135.355554047, 34.630459532 ], [ 135.355559183, 34.630448973 ], [ 135.355561153999986, 34.630434757 ], [ 135.355561245, 34.630427405 ], [ 135.355577133999986, 34.630426739 ], [ 135.355589598, 34.630424234 ], [ 135.355606887, 34.630418261 ], [ 135.355625188, 34.630407856 ], [ 135.35564144, 34.63039355 ], [ 135.355652127000013, 34.63038136 ], [ 135.355659494, 34.63036818 ], [ 135.355661997, 34.630354649 ], [ 135.355662918, 34.63034191 ], [ 135.355679079, 34.63033864 ], [ 135.35569415, 34.630333108 ], [ 135.355705473, 34.630325396 ], [ 135.355714553000013, 34.630314117 ], [ 135.355718521, 34.630305207 ], [ 135.355719313, 34.63029409 ], [ 135.355718223, 34.630288027 ], [ 135.355731244999987, 34.63028718 ], [ 135.355748807, 34.630283847 ], [ 135.355770156, 34.630275703 ], [ 135.355788029, 34.630264586 ], [ 135.355801996999986, 34.630249703 ], [ 135.355813619, 34.630231225 ], [ 135.355818508, 34.630215541 ], [ 135.355818262000014, 34.630201198 ], [ 135.35582917, 34.630201261 ], [ 135.355839844, 34.630199721 ], [ 135.355853087000014, 34.630193991 ], [ 135.355864358, 34.630185829 ], [ 135.355873605999989, 34.630174495 ], [ 135.35587716, 34.630163874 ], [ 135.355877873, 34.630150829 ], [ 135.355900324, 34.630148333 ], [ 135.355918781000014, 34.630142802 ], [ 135.355937497000014, 34.63013373 ], [ 135.355954929, 34.630118775 ], [ 135.355964825, 34.630106703 ], [ 135.355971777, 34.630091477 ], [ 135.355973670999987, 34.630078324 ], [ 135.355973528, 34.630063865 ], [ 135.355984345, 34.630063297 ], [ 135.355999000999986, 34.630060126 ], [ 135.356013696, 34.630052486 ], [ 135.356021946, 34.63004555 ], [ 135.356028184, 34.630034532 ], [ 135.356031128000012, 34.630023901 ], [ 135.356034060000013, 34.630011252 ], [ 135.356053243, 34.630008775 ], [ 135.356069170000012, 34.630004018 ], [ 135.356085019, 34.629996559 ], [ 135.356099183, 34.629986054 ], [ 135.356111672999987, 34.629972775 ], [ 135.35612054500001, 34.629958441 ], [ 135.356125305, 34.62994464 ], [ 135.356127302, 34.629933261 ], [ 135.356127418999989, 34.629921901 ], [ 135.356137937999989, 34.629921586 ], [ 135.356148833, 34.629919865 ], [ 135.35616042800001, 34.629915135 ], [ 135.356173217, 34.629905207 ], [ 135.356179741, 34.629896694 ], [ 135.356183606, 34.629887288 ], [ 135.356186304, 34.629878369 ], [ 135.356186900000012, 34.62986964 ], [ 135.356207095, 34.629867685 ], [ 135.356226887, 34.629862405 ], [ 135.356245214000012, 34.629851676 ], [ 135.356260558, 34.629838486 ], [ 135.356273061, 34.629822477 ], [ 135.35627904, 34.629808063 ], [ 135.356283126, 34.629794532 ], [ 135.356283087, 34.629781883 ], [ 135.356297678, 34.629781775 ], [ 135.356308898, 34.629779063 ], [ 135.35632097300001, 34.629772441 ], [ 135.35633162100001, 34.629763865 ], [ 135.35633655, 34.62975527 ], [ 135.356338067, 34.629745396 ], [ 135.356337795, 34.629735099 ], [ 135.356336537, 34.629730685 ], [ 135.35634463, 34.629729838 ], [ 135.356358599, 34.629728135 ], [ 135.356374838, 34.629724495 ], [ 135.356391816000013, 34.629718081 ], [ 135.356406848, 34.629706748 ], [ 135.356421128, 34.629692099 ], [ 135.356428703, 34.629680928 ], [ 135.356434423, 34.629666937 ], [ 135.356436783, 34.629654 ], [ 135.356436187000014, 34.629643198 ], [ 135.356449000999987, 34.62964245 ], [ 135.356463333, 34.629638946 ], [ 135.356475201, 34.629632586 ], [ 135.356484642999987, 34.629623739 ], [ 135.356490895, 34.629614396 ], [ 135.356494527, 34.629603946 ], [ 135.356495615999989, 34.629596946 ], [ 135.356493449999988, 34.629590036 ], [ 135.356506991, 34.629588162 ], [ 135.356520713, 34.629585838 ], [ 135.356540700000011, 34.629578793 ], [ 135.356556004999987, 34.629569559 ], [ 135.356568457, 34.629560667 ], [ 135.356579585, 34.629547739 ], [ 135.356588144999989, 34.629531757 ], [ 135.35659227, 34.629518027 ], [ 135.356592463999988, 34.629502045 ], [ 135.356608223, 34.629503495 ], [ 135.356619974000012, 34.629500991 ], [ 135.356632049000012, 34.629495766 ], [ 135.356640013, 34.629487937 ], [ 135.356644812000013, 34.629477874 ], [ 135.356647224, 34.629466982 ], [ 135.356647509999988, 34.629458495 ], [ 135.356644267, 34.629450928 ], [ 135.356656485, 34.629449973 ], [ 135.356673502, 34.629446568 ], [ 135.356694086, 34.629439432 ], [ 135.356710881999987, 34.629429225 ], [ 135.356727899, 34.629412766 ], [ 135.356737198, 34.629394505 ], [ 135.356741336, 34.629378162 ], [ 135.356742776, 34.629364135 ], [ 135.356756783, 34.629360604 ], [ 135.356774371, 34.629354189 ], [ 135.356787873, 34.629347072 ], [ 135.356798132, 34.629333757 ], [ 135.356802205, 34.629322892 ], [ 135.35680559, 34.629310135 ], [ 135.356820051999989, 34.629309306 ], [ 135.356840791, 34.629304748 ], [ 135.356856316, 34.629296658 ], [ 135.356873411, 34.629284802 ], [ 135.356886161, 34.62926891 ], [ 135.356895331, 34.629252694 ], [ 135.356898664, 34.629239937 ], [ 135.356899754000011, 34.629227568 ], [ 135.356916381, 34.629224234 ], [ 135.356931777, 34.629218784 ], [ 135.356941025, 34.629211378 ], [ 135.356949377, 34.629200153 ], [ 135.356952387, 34.629190351 ], [ 135.356954202, 34.629177568 ], [ 135.356956472, 34.62917027 ], [ 135.356967613, 34.629169468 ], [ 135.356984345, 34.629167369 ], [ 135.356999987, 34.629161865 ], [ 135.35701572, 34.629154027 ], [ 135.357031038, 34.629142486 ], [ 135.357044501, 34.629128153 ], [ 135.357050947, 34.629113928 ], [ 135.357054578, 34.629098865 ], [ 135.357055759, 34.629084405 ], [ 135.357067237, 34.629084333 ], [ 135.357082283000011, 34.629082099 ], [ 135.357096265, 34.629074459 ], [ 135.357106109, 34.629065378 ], [ 135.357111064, 34.629057054 ], [ 135.3571138, 34.629045243 ], [ 135.357115900999986, 34.629032802 ], [ 135.357128145, 34.629032306 ], [ 135.357140233, 34.62903 ], [ 135.357159351, 34.629022892 ], [ 135.357175563999988, 34.629012694 ], [ 135.357187587999988, 34.629003441 ], [ 135.357198742, 34.628990459 ], [ 135.357205668, 34.628978405 ], [ 135.357208910999987, 34.628967234 ], [ 135.357211012, 34.628955207 ], [ 135.357211089, 34.62894391 ], [ 135.357224008, 34.628943631 ], [ 135.357236654, 34.628942072 ], [ 135.357247056, 34.628937721 ], [ 135.357257056, 34.628930667 ], [ 135.357264241, 34.62892255 ], [ 135.357267575, 34.628912784 ], [ 135.357269844, 34.628902045 ], [ 135.357270052, 34.628893072 ], [ 135.357283294000013, 34.628892252 ], [ 135.357301076999988, 34.628888856 ], [ 135.357317834000014, 34.628881613 ], [ 135.357333476, 34.62887264 ], [ 135.357347056, 34.628860378 ], [ 135.357357275999988, 34.628848081 ], [ 135.357364047, 34.628833234 ], [ 135.357366861, 34.628821811 ], [ 135.357367043000011, 34.628806135 ], [ 135.35738, 34.628805793 ], [ 135.357394565, 34.628802315 ], [ 135.357407173000013, 34.628794108 ], [ 135.357415874999987, 34.628784252 ], [ 135.357421401000011, 34.628773766 ], [ 135.357422853, 34.628761541 ], [ 135.357424034, 34.628752288 ], [ 135.357441297, 34.628750396 ], [ 135.357458003, 34.628745144 ], [ 135.357474358, 34.628736892 ], [ 135.357486732000012, 34.628728964 ], [ 135.357499585, 34.628717153 ], [ 135.357510065000014, 34.628704045 ], [ 135.357515888, 34.628690144 ], [ 135.357519986999989, 34.628675063 ], [ 135.357521868, 34.628664423 ], [ 135.357533956, 34.628664459 ], [ 135.357546628, 34.628663099 ], [ 135.357558405, 34.628657901 ], [ 135.357566795999986, 34.628650378 ], [ 135.357571401, 34.628642532 ], [ 135.35757415, 34.628634441 ], [ 135.357575344, 34.628623063 ], [ 135.357574643, 34.628612414 ], [ 135.357585201, 34.628612387 ], [ 135.357600921, 34.628609865 ], [ 135.357617639000011, 34.628604748 ], [ 135.357629675999988, 34.628598459 ], [ 135.357641764, 34.628589378 ], [ 135.357653191, 34.628578054 ], [ 135.357662815, 34.628565658 ], [ 135.357669974, 34.628551054 ], [ 135.357671880999987, 34.62853882 ], [ 135.357672697999988, 34.628526351 ], [ 135.357680545, 34.628526036 ], [ 135.357689313, 34.628524243 ], [ 135.357701829, 34.628520495 ], [ 135.357714423, 34.628513054 ], [ 135.357722711, 34.628504189 ], [ 135.357726783, 34.628496468 ], [ 135.357729987, 34.628483748 ], [ 135.357732581, 34.628472586 ], [ 135.357743463, 34.628471892 ], [ 135.357756641, 34.62846964 ], [ 135.3577738, 34.628463955 ], [ 135.357792335, 34.628453847 ], [ 135.357805551000013, 34.62844282 ], [ 135.357816822, 34.628428225 ], [ 135.357824099, 34.628413378 ], [ 135.35782738, 34.628400577 ], [ 135.357828859, 34.628385613 ], [ 135.35784013, 34.62838573 ], [ 135.357852982999987, 34.628383288 ], [ 135.357864812, 34.628377739 ], [ 135.35787559, 34.628368027 ], [ 135.357881271, 34.628358631 ], [ 135.357883061, 34.628349144 ], [ 135.357882983, 34.628341018 ], [ 135.357879183, 34.628332919 ], [ 135.357890169, 34.628331973 ], [ 135.357904501, 34.628329676 ], [ 135.357920739, 34.628325369 ], [ 135.357937536, 34.628318505 ], [ 135.357952789, 34.628308081 ], [ 135.357964488, 34.628295198 ], [ 135.357974047, 34.628280811 ], [ 135.357979377, 34.628266018 ], [ 135.35798121900001, 34.628254297 ], [ 135.357980843, 34.62824309 ], [ 135.357991102, 34.628244027 ], [ 135.358004163, 34.628243856 ], [ 135.358014682, 34.628240901 ], [ 135.358026887, 34.628233928 ], [ 135.358034694999986, 34.628224685 ], [ 135.358038872, 34.628212108 ], [ 135.358040091, 34.628202973 ], [ 135.358040376, 34.628193874 ], [ 135.358053009, 34.628193937 ], [ 135.358063929999986, 34.628192216 ], [ 135.358082685, 34.628185847 ], [ 135.358096667000012, 34.628178459 ], [ 135.358110156, 34.62816845 ], [ 135.358124008, 34.628153559 ], [ 135.358131686, 34.628137721 ], [ 135.358136161, 34.628122568 ], [ 135.358137704, 34.628108207 ], [ 135.35815345, 34.628108351 ], [ 135.358166239000013, 34.628106288 ], [ 135.358179987, 34.62809927 ], [ 135.35819037600001, 34.628088937 ], [ 135.358194734, 34.628080856 ], [ 135.35819572, 34.628068919 ], [ 135.358193204, 34.628058234 ], [ 135.358212529000014, 34.628056505 ], [ 135.358232308999987, 34.628053234 ], [ 135.358250999, 34.628045757 ], [ 135.358271581999986, 34.628030667 ], [ 135.358284099, 34.628013793 ], [ 135.358291568999988, 34.627995847 ], [ 135.358293671000013, 34.627984631 ], [ 135.358292218, 34.627963559 ], [ 135.358284293, 34.627946658 ], [ 135.358276693, 34.62793482 ], [ 135.358267055999988, 34.627924063 ], [ 135.358256809000011, 34.627916315 ], [ 135.358333333, 34.627848432 ], [ 135.35856835300001, 34.627639964 ], [ 135.358643826, 34.627696856 ], [ 135.358725693999986, 34.62775855 ], [ 135.358707263000014, 34.627777351 ], [ 135.359184942000013, 34.628137568 ], [ 135.359343165000013, 34.628257784 ], [ 135.359461297, 34.628347523 ], [ 135.359829222, 34.628625928 ], [ 135.360242101000011, 34.628939784 ], [ 135.36062268500001, 34.629226162 ], [ 135.360773943, 34.629341622 ], [ 135.36096834, 34.62949 ], [ 135.360974942000013, 34.629489982 ], [ 135.361148275, 34.629622523 ], [ 135.361424864000014, 34.629832117 ], [ 135.361776666999987, 34.63010127 ], [ 135.361783411, 34.63010209 ], [ 135.361892762999986, 34.630185595 ], [ 135.362256718999987, 34.630461964 ], [ 135.362587147, 34.63071391 ], [ 135.362906291, 34.630960703 ], [ 135.362914021, 34.63096082 ], [ 135.363062789, 34.631075261 ], [ 135.363392788999988, 34.63132327 ], [ 135.363679157, 34.631540802 ], [ 135.363945123, 34.631741559 ], [ 135.36421546, 34.631946081 ], [ 135.364506756999987, 34.632167595 ], [ 135.36475818400001, 34.632358937 ], [ 135.365017626, 34.632553279 ], [ 135.36509192, 34.632485973 ], [ 135.364762983, 34.632237784 ], [ 135.364390441000012, 34.631953495 ], [ 135.363995214, 34.631655234 ], [ 135.363647367, 34.631393225 ], [ 135.363295798, 34.631126946 ], [ 135.362992166, 34.630897784 ], [ 135.362981413999989, 34.630893829 ], [ 135.362825953, 34.630772 ], [ 135.362507445, 34.63052827 ], [ 135.362184371000012, 34.630289712 ], [ 135.361818508, 34.630012306 ], [ 135.361438301, 34.629723622 ], [ 135.361138028999989, 34.629494243 ], [ 135.360775538000013, 34.629221748 ], [ 135.360389935, 34.628930676 ], [ 135.359937003999988, 34.628584937 ], [ 135.359534527, 34.628281117 ], [ 135.359149546, 34.627990099 ], [ 135.358773502, 34.627709604 ], [ 135.358617095, 34.627592838 ], [ 135.358384514, 34.627420658 ], [ 135.358333333, 34.627382009 ], [ 135.358004371, 34.627133595 ], [ 135.357727821, 34.626924225 ], [ 135.357365577, 34.626649441 ], [ 135.356994136999987, 34.626368658 ], [ 135.356664798999986, 34.626118144 ], [ 135.356328768, 34.625861694 ], [ 135.35603225700001, 34.625636378 ], [ 135.355729883, 34.625406432 ], [ 135.355417276, 34.625171613 ], [ 135.355189442000011, 34.625 ], [ 135.355104915999988, 34.624936333 ], [ 135.354740778, 34.624659009 ], [ 135.354320363, 34.624338901 ], [ 135.353663294, 34.62383964 ], [ 135.352996978, 34.623342072 ], [ 135.352128638000011, 34.622684108 ], [ 135.35105251600001, 34.621869306 ], [ 135.350144825, 34.621173937 ], [ 135.35, 34.621064243 ], [ 135.349045201, 34.620341018 ], [ 135.349348418, 34.620073847 ], [ 135.349314578, 34.620048243 ], [ 135.349388353, 34.619980405 ], [ 135.34941808, 34.620002559 ], [ 135.35, 34.619480369 ], [ 135.350072464, 34.619415342 ], [ 135.350346939, 34.619393541 ], [ 135.351298158, 34.619970459 ], [ 135.351334968, 34.619932396 ], [ 135.350364047, 34.619343342 ], [ 135.35004665400001, 34.619370216 ], [ 135.35, 34.619412514 ], [ 135.349306004999988, 34.620041757 ], [ 135.348390271999989, 34.619348532 ], [ 135.34802668, 34.619074144 ], [ 135.347113022, 34.618384631 ], [ 135.345711621, 34.617311333 ], [ 135.345673839, 34.617282405 ], [ 135.343704578, 34.620856468 ], [ 135.343646394, 34.620972667 ], [ 135.343587639, 34.621122135 ], [ 135.343568612000013, 34.621183027 ], [ 135.34354489, 34.621275279 ], [ 135.343532283, 34.621336694 ], [ 135.343522412, 34.621399667 ], [ 135.343512438, 34.62149364 ], [ 135.343508469999989, 34.621619333 ], [ 135.343518392, 34.621776306 ], [ 135.343538223, 34.621900973 ], [ 135.343568495, 34.622024225 ] ] ], [ [ [ 135.398509104999988, 34.635811775 ], [ 135.398510609999988, 34.635983081 ], [ 135.398506355, 34.638097099 ], [ 135.398476226000014, 34.638114973 ], [ 135.398446135, 34.638128351 ], [ 135.398402334999986, 34.638152928 ], [ 135.398311984, 34.638202063 ], [ 135.398257601000012, 34.638235892 ], [ 135.398236316, 34.63824891 ], [ 135.398160298, 34.638300009 ], [ 135.398035252999989, 34.638395117 ], [ 135.397964707999989, 34.638458892 ], [ 135.39792451400001, 34.638499054 ], [ 135.397853995, 34.638577991 ], [ 135.397701582, 34.638749333 ], [ 135.39779965, 34.638807604 ], [ 135.397880052, 34.638715414 ], [ 135.397843994999988, 34.638693874 ], [ 135.397916563, 34.638615081 ], [ 135.397980284999988, 34.638539532 ], [ 135.398020687000013, 34.638499135 ], [ 135.398087821, 34.638438432 ], [ 135.398208859, 34.638346378 ], [ 135.398281803, 34.63829736 ], [ 135.398381296999986, 34.638236505 ], [ 135.398434099000013, 34.63820627 ], [ 135.398440142999988, 34.638202694 ], [ 135.398511258000013, 34.638167505 ], [ 135.398560156, 34.638237108 ], [ 135.39867730200001, 34.638403874 ], [ 135.398782450999988, 34.638560928 ], [ 135.4, 34.638991333 ], [ 135.401717497, 34.639598495 ], [ 135.401811505000012, 34.639631775 ], [ 135.401922581, 34.639598586 ], [ 135.402104773, 34.639546667 ], [ 135.402194812, 34.639525468 ], [ 135.402298807, 34.639503081 ], [ 135.402482217999989, 34.639465387 ], [ 135.402605642, 34.639443198 ], [ 135.402745499, 34.639421613 ], [ 135.402871089, 34.639403279 ], [ 135.403019973999989, 34.639386081 ], [ 135.403150195, 34.639375 ], [ 135.403280271999989, 34.639365973 ], [ 135.403482555000011, 34.639357946 ], [ 135.403630467, 34.639355892 ], [ 135.403752192000013, 34.639357667 ], [ 135.403867588, 34.639360108 ], [ 135.403975616, 34.639367667 ], [ 135.404049416, 34.639374802 ], [ 135.404113281, 34.639383495 ], [ 135.404172192, 34.639393495 ], [ 135.404302244, 34.639418135 ], [ 135.40437, 34.639432892 ], [ 135.404451529999989, 34.639455198 ], [ 135.404595447, 34.639496279 ], [ 135.404676939000012, 34.639524081 ], [ 135.404767445, 34.639559414 ], [ 135.404830389000011, 34.639587667 ], [ 135.404878755, 34.639613333 ], [ 135.404950973000012, 34.639656667 ], [ 135.404989948, 34.639683108 ], [ 135.405045836999989, 34.639724667 ], [ 135.405083217, 34.639756225 ], [ 135.405130052, 34.639798919 ], [ 135.405179299999986, 34.639849 ], [ 135.405219442, 34.639898252 ], [ 135.405254668999987, 34.639945468 ], [ 135.405290920999988, 34.640001892 ], [ 135.405318171, 34.640048198 ], [ 135.40534330700001, 34.640102586 ], [ 135.405367302, 34.640163829 ], [ 135.40538917, 34.640232892 ], [ 135.405402697999989, 34.640293279 ], [ 135.405410921, 34.640362829 ], [ 135.405415084, 34.640405829 ], [ 135.405416446, 34.640462108 ], [ 135.405413696000011, 34.640509054 ], [ 135.405408054, 34.640565919 ], [ 135.405402555, 34.640602495 ], [ 135.405391025, 34.640646252 ], [ 135.405375746, 34.640693495 ], [ 135.405364279999986, 34.64072436 ], [ 135.405345863, 34.640769 ], [ 135.405330208, 34.640806423 ], [ 135.40530035, 34.640867459 ], [ 135.405672335, 34.640996414 ], [ 135.407580545, 34.641666667 ], [ 135.408119066000012, 34.64185582 ], [ 135.408333333, 34.641931207 ], [ 135.409374047, 34.642297333 ], [ 135.40937228300001, 34.642300667 ], [ 135.410885668, 34.642839063 ], [ 135.410886005, 34.642852586 ], [ 135.410892581000013, 34.642862802 ], [ 135.410906821999987, 34.642870721 ], [ 135.410923813000011, 34.642873054 ], [ 135.410931958, 34.64287073 ], [ 135.410939663, 34.642868099 ], [ 135.410946252, 34.642863901 ], [ 135.410951284, 34.642858423 ], [ 135.410959027, 34.642861162 ], [ 135.41132965, 34.642992432 ], [ 135.411348768000011, 34.642999198 ], [ 135.411365472999989, 34.643005126 ], [ 135.41274141400001, 34.643492468 ], [ 135.412740856, 34.643494883 ], [ 135.412740558, 34.643497324 ], [ 135.41274051900001, 34.643499775 ], [ 135.412740752, 34.643502225 ], [ 135.412741245, 34.643504649 ], [ 135.412742009999988, 34.643507018 ], [ 135.412743022, 34.643509333 ], [ 135.412744293, 34.64351155 ], [ 135.412745798, 34.643513667 ], [ 135.412747523, 34.643515667 ], [ 135.412749481, 34.643517523 ], [ 135.412751621000012, 34.643519225 ], [ 135.41275393, 34.643520775 ], [ 135.412756394000013, 34.643522126 ], [ 135.412759027, 34.643523288 ], [ 135.412761751, 34.643524261 ], [ 135.412764578, 34.643525027 ], [ 135.412767471, 34.643525559 ], [ 135.412770427999988, 34.643525892 ], [ 135.412773398000013, 34.643525991 ], [ 135.41277636800001, 34.643525874 ], [ 135.412779312999987, 34.643525541 ], [ 135.412782205000013, 34.643524973 ], [ 135.412785019000012, 34.643524198 ], [ 135.412787743, 34.643523216 ], [ 135.41279035, 34.643522036 ], [ 135.412792814999989, 34.643520658 ], [ 135.412795123, 34.643519108 ], [ 135.412797250000011, 34.643517396 ], [ 135.412799183, 34.643515523 ], [ 135.412800895, 34.643513523 ], [ 135.413559092000014, 34.643782063 ], [ 135.413559364, 34.643782162 ], [ 135.414798431, 34.644221009 ], [ 135.414797704, 34.644223414 ], [ 135.414797276, 34.644225865 ], [ 135.414797121, 34.644228333 ], [ 135.41479725, 34.644230802 ], [ 135.414797652, 34.644233252 ], [ 135.41479834, 34.644235649 ], [ 135.414799273999989, 34.644238 ], [ 135.414800493, 34.644240261 ], [ 135.414801946000011, 34.644242423 ], [ 135.414803645, 34.644244459 ], [ 135.414805564, 34.644246351 ], [ 135.414807704, 34.644248099 ], [ 135.414810013, 34.644249658 ], [ 135.41481249, 34.644251045 ], [ 135.414815135999987, 34.644252225 ], [ 135.414817886, 34.644253198 ], [ 135.414820713000012, 34.644253955 ], [ 135.414823645000013, 34.644254495 ], [ 135.41482661500001, 34.644254802 ], [ 135.414829598000011, 34.644254865 ], [ 135.414832593999989, 34.644254721 ], [ 135.41483555100001, 34.644254333 ], [ 135.414838444, 34.644253721 ], [ 135.414841271, 34.644252865 ], [ 135.414843982, 34.644251829 ], [ 135.41484655, 34.644250568 ], [ 135.414848987999989, 34.644249126 ], [ 135.414851232, 34.644247495 ], [ 135.414853281, 34.644245703 ], [ 135.414855136, 34.644243757 ], [ 135.414856744, 34.644241676 ], [ 135.415197043, 34.64436218 ], [ 135.415200246000012, 34.644363315 ], [ 135.415208872, 34.644366378 ], [ 135.415312944, 34.644403288 ], [ 135.415469363999989, 34.644458405 ], [ 135.415602309, 34.644505559 ], [ 135.415750973, 34.644556586 ], [ 135.415748611999987, 34.64456136 ], [ 135.415752633000011, 34.64456273 ], [ 135.415762218, 34.644565856 ], [ 135.415809779999989, 34.644581342 ], [ 135.415820790999987, 34.644584928 ], [ 135.415819715, 34.644593423 ], [ 135.415821842000014, 34.644601784 ], [ 135.415826965, 34.644609198 ], [ 135.415834591, 34.644614964 ], [ 135.415843994999989, 34.644618505 ], [ 135.415854266999986, 34.644619505 ], [ 135.415864397, 34.644617847 ], [ 135.415873436999988, 34.644613694 ], [ 135.415880493, 34.644607459 ], [ 135.415950558, 34.644632324 ], [ 135.415950998999989, 34.644632477 ], [ 135.416213891000012, 34.644725784 ], [ 135.416224008, 34.644729369 ], [ 135.416299650000013, 34.644756631 ], [ 135.416465759, 34.644815279 ], [ 135.416541946, 34.644791793 ], [ 135.416568508000012, 34.644782784 ], [ 135.416666666999987, 34.644755505 ], [ 135.416752451, 34.644731658 ], [ 135.416918157999987, 34.644686721 ], [ 135.416913411, 34.644673802 ], [ 135.416943671000013, 34.644637225 ], [ 135.416943774, 34.64463709 ], [ 135.417222542, 34.644299928 ], [ 135.417226252, 34.644295432 ], [ 135.417239027, 34.644279982 ], [ 135.417349092, 34.64414745 ], [ 135.417861388, 34.644424423 ], [ 135.418121115, 34.644343568 ], [ 135.418172659, 34.644329856 ], [ 135.418403657999988, 34.644265559 ], [ 135.418567223999986, 34.644220117 ], [ 135.418719767, 34.644178 ], [ 135.418930169, 34.644119676 ], [ 135.419010973000013, 34.644097189 ], [ 135.419011180000012, 34.644097126 ], [ 135.419186174, 34.644048441 ], [ 135.419729896, 34.643895486 ], [ 135.422198028999986, 34.643211604 ], [ 135.424210117, 34.642652369 ], [ 135.424474734, 34.642697775 ], [ 135.424862749999988, 34.642761378 ], [ 135.424859922, 34.642776243 ], [ 135.425, 34.64279945 ], [ 135.426861957999989, 34.643107982 ], [ 135.42992249, 34.643616847 ], [ 135.432346809, 34.644020315 ], [ 135.432349598, 34.644011315 ], [ 135.432425837000011, 34.64402745 ], [ 135.432428638, 34.644016189 ], [ 135.432455901, 34.644018568 ], [ 135.432464319, 34.64398255 ], [ 135.432442529000014, 34.643980198 ], [ 135.432462114, 34.64390591 ], [ 135.432467678, 34.643890162 ], [ 135.432478911, 34.643842883 ], [ 135.432394462, 34.643828964 ], [ 135.432537717, 34.643216604 ], [ 135.43277249, 34.643244486 ], [ 135.432774773, 34.643244757 ], [ 135.432796575999987, 34.643247108 ], [ 135.432810311, 34.643248072 ], [ 135.433000973, 34.64326609 ], [ 135.433268171, 34.643274099 ], [ 135.433333333, 34.643272622 ], [ 135.433516368, 34.643268486 ], [ 135.433767367, 34.643251712 ], [ 135.433919767, 34.643233216 ], [ 135.433938872, 34.643230874 ], [ 135.433999351000011, 34.643223486 ], [ 135.434225953, 34.643186225 ], [ 135.434242335, 34.643184045 ], [ 135.434348833, 34.643162 ], [ 135.434430752, 34.64314436 ], [ 135.434641115, 34.643089 ], [ 135.434818755, 34.643035721 ], [ 135.434990946999989, 34.642977919 ], [ 135.435176861, 34.642904414 ], [ 135.435373774, 34.642819667 ], [ 135.436473359, 34.642331198 ], [ 135.436667523000011, 34.642246441 ], [ 135.437950532, 34.641666667 ], [ 135.438237496999989, 34.641536973 ], [ 135.43840978, 34.64146564 ], [ 135.438385525, 34.641424973 ], [ 135.438248807, 34.641480694 ], [ 135.438336005, 34.641086667 ], [ 135.43930046700001, 34.641212802 ], [ 135.440305083999988, 34.636182586 ], [ 135.440873216999989, 34.633333333 ], [ 135.440928144999987, 34.633058 ], [ 135.441666667, 34.629354 ], [ 135.441696005000011, 34.629206829 ], [ 135.441862088, 34.628395694 ], [ 135.441666667, 34.628316027 ], [ 135.441661414, 34.628313892 ], [ 135.441575058000012, 34.628736225 ], [ 135.44064061, 34.628200865 ], [ 135.44069572, 34.627935613 ], [ 135.433639611, 34.625106027 ], [ 135.433573281, 34.625 ], [ 135.433333333, 34.624616495 ], [ 135.433243968999989, 34.624473667 ], [ 135.432901245000011, 34.624329054 ], [ 135.432742671999989, 34.624262225 ], [ 135.432740195, 34.624261198 ], [ 135.432664136999989, 34.624218 ], [ 135.431790337, 34.624416775 ], [ 135.43180150500001, 34.624378532 ], [ 135.431395966, 34.624275198 ], [ 135.431415357, 34.624230225 ], [ 135.431347302, 34.624214135 ], [ 135.431314034, 34.624299613 ], [ 135.430056667, 34.623969198 ], [ 135.427359689000014, 34.623266225 ], [ 135.426891180000013, 34.623144811 ], [ 135.426372672000014, 34.623010432 ], [ 135.425, 34.622653225 ], [ 135.424752698, 34.622588874 ], [ 135.424068405000014, 34.622410243 ], [ 135.422159922, 34.621906829 ], [ 135.422128807, 34.621906712 ], [ 135.422109105, 34.621913396 ], [ 135.422092658999986, 34.621924144 ], [ 135.421846291, 34.622568793 ], [ 135.42156179, 34.623313153 ], [ 135.421004215000011, 34.624750919 ], [ 135.420906018000011, 34.625 ], [ 135.420569481, 34.625853658 ], [ 135.416666666999987, 34.625858333 ], [ 135.412778638, 34.625863027 ], [ 135.41107917, 34.625865 ], [ 135.410429830999988, 34.625865748 ], [ 135.410251996999989, 34.625952775 ], [ 135.408333333, 34.628347198 ], [ 135.408213748, 34.628496441 ], [ 135.407470972999988, 34.629425892 ], [ 135.407484086000011, 34.629500333 ], [ 135.408202892, 34.630024441 ], [ 135.408333333, 34.630119279 ], [ 135.411035227000013, 34.632083802 ], [ 135.4121893, 34.632922892 ], [ 135.412753891, 34.633333333 ], [ 135.414802970000011, 34.634823027 ], [ 135.413490921, 34.636056225 ], [ 135.412283061000011, 34.637202081 ], [ 135.411659727999989, 34.636750586 ], [ 135.411652361, 34.636758108 ], [ 135.411628911, 34.636741054 ], [ 135.411636615, 34.636733775 ], [ 135.411005577, 34.636276748 ], [ 135.410682412, 34.636042667 ], [ 135.409977082000012, 34.635529919 ], [ 135.408333333, 34.634337027 ], [ 135.408173087, 34.634220748 ], [ 135.406954773, 34.633333333 ], [ 135.406352477000013, 34.632894613 ], [ 135.404497497, 34.631543387 ], [ 135.4, 34.63140436 ], [ 135.398601219, 34.631361108 ], [ 135.398598833, 34.631316027 ], [ 135.396673139, 34.628775532 ], [ 135.396697782, 34.628759892 ], [ 135.396662672, 34.62871236 ], [ 135.39662214, 34.628664829 ], [ 135.396589728, 34.628619613 ], [ 135.396485719999987, 34.628675441 ], [ 135.398503217000012, 34.631338108 ], [ 135.398505226999987, 34.632856162 ], [ 135.398505863, 34.633333333 ], [ 135.398509104999988, 34.635811775 ] ] ], [ [ [ 135.404982996, 34.640231495 ], [ 135.404997977, 34.640190847 ], [ 135.405006680000014, 34.640148964 ], [ 135.405008949, 34.640106523 ], [ 135.40500476, 34.640064162 ], [ 135.404994202000012, 34.640022586 ], [ 135.404977406, 34.639982414 ], [ 135.404954643, 34.639944315 ], [ 135.404926304000014, 34.639908865 ], [ 135.404892802, 34.639876631 ], [ 135.404854669, 34.639848126 ], [ 135.404812529, 34.639823784 ], [ 135.404767017000012, 34.639804 ], [ 135.404718871999989, 34.639789099 ], [ 135.404668832999988, 34.639779297 ], [ 135.404617730000012, 34.639774757 ], [ 135.404566316, 34.639775541 ], [ 135.404515422, 34.63978164 ], [ 135.404465875, 34.639792964 ], [ 135.404418443999987, 34.639809333 ], [ 135.404373852, 34.639830486 ], [ 135.404332815, 34.639856099 ], [ 135.404296005, 34.639885757 ], [ 135.404263969, 34.639918991 ], [ 135.404237224000013, 34.639955279 ], [ 135.404216213000012, 34.639994063 ], [ 135.404208716, 34.640014369 ], [ 135.404201218999987, 34.640034712 ], [ 135.404192529, 34.640076577 ], [ 135.404190246000013, 34.640119027 ], [ 135.404194423, 34.640161378 ], [ 135.404204994, 34.640202964 ], [ 135.40422179, 34.640243126 ], [ 135.404244553000012, 34.640281243 ], [ 135.404272905, 34.640316694 ], [ 135.404306407, 34.640348919 ], [ 135.404344527, 34.640377432 ], [ 135.404386679999988, 34.640401775 ], [ 135.404432179, 34.64042155 ], [ 135.404480324, 34.64043645 ], [ 135.404530363, 34.640446261 ], [ 135.404581466, 34.640450802 ], [ 135.404632879, 34.640450018 ], [ 135.404683761, 34.64044391 ], [ 135.404733306999987, 34.640432586 ], [ 135.404780765, 34.640416216 ], [ 135.404825343999988, 34.640395072 ], [ 135.404866381, 34.640369459 ], [ 135.404903204, 34.640339802 ], [ 135.40493522700001, 34.640306568 ], [ 135.404961971, 34.64027027 ], [ 135.404982996, 34.640231495 ] ] ], [ [ [ 135.431334838, 34.649214441 ], [ 135.431327912, 34.649207279 ], [ 135.431317782, 34.64920364 ], [ 135.431306667, 34.649204468 ], [ 135.431304358, 34.649205279 ], [ 135.431240584, 34.649230946 ], [ 135.429477951, 34.65 ], [ 135.429146589, 34.650144586 ], [ 135.429151634, 34.650152532 ], [ 135.42917055800001, 34.650180027 ], [ 135.429582698, 34.65 ], [ 135.430064163, 34.649789694 ], [ 135.430056912999987, 34.649780027 ], [ 135.430091725000011, 34.649765135 ], [ 135.430099611, 34.64977536 ], [ 135.431262283, 34.649264946 ], [ 135.431327834, 34.649235865 ], [ 135.431333306999989, 34.649232198 ], [ 135.431336744, 34.649223441 ], [ 135.431334838, 34.649214441 ] ] ], [ [ [ 135.386042581, 34.659893667 ], [ 135.383333333, 34.660316586 ], [ 135.380728690000012, 34.660723225 ], [ 135.380728716, 34.660718694 ], [ 135.379647302, 34.660891162 ], [ 135.379467613, 34.660110387 ], [ 135.379866109, 34.660050441 ], [ 135.379882607000013, 34.660047279 ], [ 135.380578716, 34.659938054 ], [ 135.380575966, 34.659925946 ], [ 135.380586355, 34.659924306 ], [ 135.380589001, 34.659936387 ], [ 135.381062724, 34.659862081 ], [ 135.38105997400001, 34.659849973 ], [ 135.381070363, 34.659848333 ], [ 135.381072996, 34.659860414 ], [ 135.381358418, 34.659815613 ], [ 135.381545966, 34.659786198 ], [ 135.381543217, 34.659774198 ], [ 135.38155358, 34.659772586 ], [ 135.381556225999987, 34.659784613 ], [ 135.38203192, 34.659709775 ], [ 135.38202917000001, 34.659697775 ], [ 135.382039559, 34.659696162 ], [ 135.382042192, 34.659708108 ], [ 135.382069053, 34.659704 ], [ 135.382516693000014, 34.659633694 ], [ 135.382513943, 34.659621613 ], [ 135.382524306, 34.659619973 ], [ 135.382526939, 34.659632135 ], [ 135.38299849500001, 34.659558081 ], [ 135.382995746, 34.659545973 ], [ 135.383006109, 34.65954436 ], [ 135.383008755, 34.659556333 ], [ 135.383333333, 34.659505495 ], [ 135.383482698, 34.659482081 ], [ 135.383479948, 34.65947 ], [ 135.383490337000012, 34.65946836 ], [ 135.383493087, 34.659480333 ], [ 135.38350642, 34.659478333 ], [ 135.38396516200001, 34.659406279 ], [ 135.383962411999988, 34.659394279 ], [ 135.383972801999988, 34.659392613 ], [ 135.383975473, 34.659404721 ], [ 135.384446744, 34.659330721 ], [ 135.384444034000012, 34.65931864 ], [ 135.384454384, 34.659317 ], [ 135.38445703, 34.659328973 ], [ 135.385038664, 34.659237802 ], [ 135.385035914000014, 34.659225694 ], [ 135.385046252, 34.659224108 ], [ 135.385048949, 34.659236054 ], [ 135.386176913000014, 34.659059162 ], [ 135.386778443999987, 34.658966721 ], [ 135.388185811, 34.658746802 ], [ 135.388960999, 34.658625108 ], [ 135.389027419, 34.658614721 ], [ 135.389509221999987, 34.658539054 ], [ 135.390827108, 34.658333333 ], [ 135.391110778000012, 34.658289054 ], [ 135.39166666700001, 34.658202387 ], [ 135.393561440000013, 34.657906946 ], [ 135.394893528000011, 34.657699559 ], [ 135.394890778, 34.657687468 ], [ 135.394901089, 34.657685919 ], [ 135.3949038, 34.657697973 ], [ 135.395331634, 34.657631495 ], [ 135.395371829, 34.657625108 ], [ 135.395369144, 34.657613081 ], [ 135.395392437999988, 34.65760936 ], [ 135.395395084, 34.657621441 ], [ 135.396099585, 34.657511892 ], [ 135.396096835, 34.657499802 ], [ 135.39610719800001, 34.657498162 ], [ 135.396109844, 34.657510225 ], [ 135.396136719, 34.657506045 ], [ 135.397099325999989, 34.657351892 ], [ 135.397784929000011, 34.657243423 ], [ 135.397782931, 34.657234784 ], [ 135.397822581000014, 34.657228505 ], [ 135.397824968, 34.65723882 ], [ 135.398127185, 34.657191784 ], [ 135.398278457, 34.657168892 ], [ 135.39828630400001, 34.657167703 ], [ 135.398290401999986, 34.657167081 ], [ 135.398639792000012, 34.657114198 ], [ 135.398928379000012, 34.657070505 ], [ 135.399378391999988, 34.656998748 ], [ 135.3996007, 34.656963982 ], [ 135.399728042, 34.656943586 ], [ 135.4, 34.656759622 ], [ 135.400117964, 34.656679829 ], [ 135.400515551000012, 34.65641118 ], [ 135.400711842, 34.656275901 ], [ 135.400878729, 34.656170495 ], [ 135.401045473000011, 34.656058081 ], [ 135.40155275, 34.655714748 ], [ 135.402551413999987, 34.655045865 ], [ 135.402990584, 34.654748892 ], [ 135.403923838999987, 34.654119081 ], [ 135.404174643, 34.65395164 ], [ 135.40452345, 34.653718135 ], [ 135.404318495000012, 34.653513829 ], [ 135.402509248, 34.651678973 ], [ 135.400845940000011, 34.65 ], [ 135.400365136, 34.649514667 ], [ 135.4, 34.649143198 ], [ 135.399689922, 34.64882773 ], [ 135.399494099, 34.64863318 ], [ 135.397271245000013, 34.646372712 ], [ 135.395211077, 34.644294586 ], [ 135.395206291, 34.644284829 ], [ 135.395123826, 34.644198315 ], [ 135.394891245, 34.64396364 ], [ 135.394582802, 34.643658919 ], [ 135.394337977, 34.643410532 ], [ 135.394347716999988, 34.643403802 ], [ 135.39432131, 34.643377252 ], [ 135.394312192, 34.643383441 ], [ 135.394102892, 34.643172973 ], [ 135.393851025, 34.642914973 ], [ 135.393502192, 34.642556973 ], [ 135.392795668, 34.64183864 ], [ 135.392778171, 34.641666667 ], [ 135.392750078, 34.641390892 ], [ 135.392674228, 34.641396027 ], [ 135.392700999, 34.641666667 ], [ 135.392723385000011, 34.641893081 ], [ 135.39267808, 34.641928667 ], [ 135.392647562, 34.641895865 ], [ 135.392467691, 34.642017586 ], [ 135.392059585, 34.642290775 ], [ 135.392023969, 34.642313135 ], [ 135.39166666700001, 34.642336775 ], [ 135.389713087, 34.642466108 ], [ 135.389145616, 34.642504441 ], [ 135.386297302, 34.642696802 ], [ 135.385287807999987, 34.642768333 ], [ 135.383333333, 34.642898559 ], [ 135.382372387, 34.642962586 ], [ 135.382362996000012, 34.642963162 ], [ 135.382024695000013, 34.642986252 ], [ 135.378938911, 34.643189198 ], [ 135.377731245, 34.644976946 ], [ 135.376858003, 34.646270108 ], [ 135.376366225999988, 34.64699836 ], [ 135.375833969000013, 34.647786694 ], [ 135.375825811, 34.647784414 ], [ 135.375, 34.649007613 ], [ 135.374744747, 34.649385721 ], [ 135.374323554, 34.65 ], [ 135.372900077999986, 34.652076162 ], [ 135.375, 34.654676441 ], [ 135.375983307000013, 34.655894081 ], [ 135.37794713400001, 34.658333333 ], [ 135.378493916999986, 34.659012495 ], [ 135.379125499, 34.659804279 ], [ 135.379380272, 34.660123613 ], [ 135.379437613, 34.660114892 ], [ 135.37962527900001, 34.660918081 ], [ 135.380733995000014, 34.660741279 ], [ 135.383333333, 34.660334108 ], [ 135.386072503, 34.659905081 ], [ 135.386067198, 34.659884748 ], [ 135.38604808, 34.659886919 ], [ 135.386042581, 34.659893667 ] ] ], [ [ [ 135.428045888000014, 34.652426991 ], [ 135.428045914, 34.652424739 ], [ 135.42804321700001, 34.652420216 ], [ 135.428037795, 34.652415685 ], [ 135.428035071000011, 34.652413423 ], [ 135.428029650000013, 34.652408892 ], [ 135.428024215, 34.652406613 ], [ 135.428018755000011, 34.652406586 ], [ 135.428013306999986, 34.652406559 ], [ 135.428007847, 34.652406532 ], [ 135.42799965, 34.652408748 ], [ 135.427994189, 34.652410973 ], [ 135.42799144, 34.652413216 ], [ 135.427985966, 34.652415441 ], [ 135.42731323000001, 34.654282829 ], [ 135.427313191, 34.654287333 ], [ 135.427313164999987, 34.654291838 ], [ 135.427315863, 34.65429636 ], [ 135.42731856, 34.654300883 ], [ 135.427321258, 34.654305405 ], [ 135.427326693, 34.654307685 ], [ 135.427332127, 34.654309964 ], [ 135.427334838, 34.654312225 ], [ 135.427343009, 34.654314523 ], [ 135.427348457, 34.65431455 ], [ 135.427353917, 34.654314568 ], [ 135.42735939, 34.654312342 ], [ 135.427364864, 34.654310117 ], [ 135.427367600999986, 34.654307874 ], [ 135.427373087, 34.654303396 ], [ 135.42737585, 34.654298901 ], [ 135.427414981, 34.654189946 ], [ 135.427390169, 34.654183847 ], [ 135.427417523, 34.654107703 ], [ 135.427442464, 34.654113865 ], [ 135.427525318, 34.65388391 ], [ 135.427500920999989, 34.653877847 ], [ 135.427571323, 34.653682369 ], [ 135.42759572, 34.653688432 ], [ 135.427710389, 34.653370108 ], [ 135.427685992, 34.653364135 ], [ 135.427724020999989, 34.653258748 ], [ 135.427748418, 34.653264721 ], [ 135.428048585999989, 34.652431514 ], [ 135.428045888000014, 34.652426991 ] ] ], [ [ [ 135.398681724999989, 34.65717764 ], [ 135.398375447, 34.657315829 ], [ 135.398292309, 34.657353333 ], [ 135.398359754000012, 34.65745536 ], [ 135.398442866000011, 34.657417892 ], [ 135.398749105, 34.657279748 ], [ 135.398837639, 34.657239829 ], [ 135.398770195, 34.657137721 ], [ 135.398681724999989, 34.65717764 ] ] ], [ [ [ 135.399226641000013, 34.657777775 ], [ 135.399226913, 34.657769748 ], [ 135.399226083, 34.657761802 ], [ 135.399224306, 34.657753973 ], [ 135.399221608, 34.657746387 ], [ 135.39921786, 34.657738973 ], [ 135.399004280000014, 34.657415892 ], [ 135.398998885, 34.657408829 ], [ 135.398992166, 34.657401865 ], [ 135.398984578000011, 34.657395532 ], [ 135.398976226, 34.657389802 ], [ 135.398967301999988, 34.657384892 ], [ 135.398957613, 34.657380775 ], [ 135.398947613, 34.657377468 ], [ 135.398937134, 34.657375081 ], [ 135.398926589000013, 34.657373586 ], [ 135.398915772, 34.657373081 ], [ 135.398904968000011, 34.657373495 ], [ 135.39889428, 34.657374775 ], [ 135.398883774000012, 34.657377 ], [ 135.398873722, 34.657380081 ], [ 135.398863995, 34.657384108 ], [ 135.398849144, 34.657390694 ], [ 135.398508029, 34.657544532 ], [ 135.398500168999988, 34.657548613 ], [ 135.398491829, 34.657552919 ], [ 135.398484163, 34.657556135 ], [ 135.398475642, 34.657560694 ], [ 135.398467638999989, 34.657565892 ], [ 135.398460506, 34.657571694 ], [ 135.398453995000011, 34.657578162 ], [ 135.398448392, 34.657585162 ], [ 135.398443748, 34.657592613 ], [ 135.39844, 34.65760036 ], [ 135.398437302, 34.657608441 ], [ 135.398435616, 34.657616748 ], [ 135.398435032, 34.657625027 ], [ 135.398435383, 34.657633414 ], [ 135.398436978, 34.657641721 ], [ 135.398439416, 34.657649829 ], [ 135.39844297, 34.657657694 ], [ 135.398447497, 34.657665225 ], [ 135.398657834, 34.657981333 ], [ 135.398661829, 34.657987667 ], [ 135.398667030000013, 34.657994252 ], [ 135.398673087, 34.658000414 ], [ 135.398679805, 34.658005946 ], [ 135.398687198, 34.658010865 ], [ 135.398695135999986, 34.658015135 ], [ 135.398703606, 34.658018694 ], [ 135.398712529, 34.658021532 ], [ 135.398721699, 34.658023559 ], [ 135.398731051, 34.658024775 ], [ 135.398740557999986, 34.658025198 ], [ 135.398750052, 34.658024775 ], [ 135.398759442, 34.658023468 ], [ 135.398768612, 34.658021441 ], [ 135.398777470999988, 34.658018613 ], [ 135.398786005, 34.658015054 ], [ 135.398793891, 34.658010748 ], [ 135.39916642, 34.657843586 ], [ 135.399167471, 34.657843108 ], [ 135.399174475, 34.657840613 ], [ 135.399182892, 34.657836775 ], [ 135.399190895, 34.657832333 ], [ 135.399198223000013, 34.657827135 ], [ 135.399204838, 34.657821306 ], [ 135.399210751999988, 34.657815027 ], [ 135.39921572, 34.657808198 ], [ 135.399219921999986, 34.657801 ], [ 135.399223138999986, 34.657793441 ], [ 135.399225357, 34.657785694 ], [ 135.399226641000013, 34.657777775 ] ] ], [ [ [ 135.399899221999988, 34.659837892 ], [ 135.399899053000013, 34.659845892 ], [ 135.399899974, 34.659853829 ], [ 135.39990189400001, 34.659861613 ], [ 135.399904889999988, 34.659869198 ], [ 135.399908638, 34.659876495 ], [ 135.399913385, 34.659883387 ], [ 135.399929922000013, 34.659908441 ], [ 135.4, 34.66001464 ], [ 135.400119001, 34.660194973 ], [ 135.400121803, 34.660199468 ], [ 135.400127419, 34.660206802 ], [ 135.400133917, 34.660213613 ], [ 135.400141193, 34.660219865 ], [ 135.40014922200001, 34.660225387 ], [ 135.400157912, 34.660230135 ], [ 135.400167173, 34.660234225 ], [ 135.400176835, 34.660237441 ], [ 135.400186861, 34.660239748 ], [ 135.40019722400001, 34.660241225 ], [ 135.400207588, 34.660241829 ], [ 135.400218054, 34.660241532 ], [ 135.400228418000012, 34.660240306 ], [ 135.400238586, 34.660238198 ], [ 135.400248418, 34.660235162 ], [ 135.400257716999988, 34.660231333 ], [ 135.400272023000014, 34.660224892 ], [ 135.400619105, 34.660067892 ], [ 135.400623671, 34.660065829 ], [ 135.400636225999989, 34.660060829 ], [ 135.40064511, 34.660057081 ], [ 135.400653528, 34.660052532 ], [ 135.400661219, 34.660047252 ], [ 135.400668223, 34.660041441 ], [ 135.400674501, 34.660034973 ], [ 135.400679883, 34.660027973 ], [ 135.400684423, 34.660020586 ], [ 135.400687977, 34.660012865 ], [ 135.400690415000014, 34.660004865 ], [ 135.400691997, 34.659996667 ], [ 135.400692387, 34.659988441 ], [ 135.400691803, 34.659980162 ], [ 135.40069022, 34.659972027 ], [ 135.400687562, 34.659964 ], [ 135.400683891, 34.659956306 ], [ 135.400679364000013, 34.659949 ], [ 135.400654669, 34.659912 ], [ 135.400472672, 34.659639306 ], [ 135.400468249, 34.659631694 ], [ 135.40046297, 34.659624468 ], [ 135.40045678300001, 34.659617775 ], [ 135.400449754, 34.659611613 ], [ 135.40044192, 34.659606162 ], [ 135.400433553999989, 34.659601333 ], [ 135.400424527000013, 34.659597333 ], [ 135.400415162, 34.659594027 ], [ 135.400405357000011, 34.65959164 ], [ 135.400395331, 34.659590054 ], [ 135.400385084, 34.659589387 ], [ 135.400374942000013, 34.659589586 ], [ 135.400364812, 34.659590721 ], [ 135.400354864, 34.659592667 ], [ 135.400345227, 34.659595495 ], [ 135.40033591400001, 34.659599054 ], [ 135.400331556, 34.659601198 ], [ 135.400326641, 34.659603441 ], [ 135.4, 34.659752441 ], [ 135.399958495, 34.65977136 ], [ 135.399954189, 34.659772946 ], [ 135.399949974, 34.659774468 ], [ 135.39994153, 34.659778414 ], [ 135.399933748, 34.659782973 ], [ 135.399926524, 34.659788252 ], [ 135.399920052, 34.659794162 ], [ 135.399914332, 34.659800532 ], [ 135.399909364, 34.659807441 ], [ 135.399905383, 34.65981464 ], [ 135.399902387, 34.659822198 ], [ 135.399900245999987, 34.659829946 ], [ 135.399899221999988, 34.659837892 ] ] ], [ [ [ 135.400680363, 34.660201946 ], [ 135.400373865, 34.660340198 ], [ 135.400280751999986, 34.660382198 ], [ 135.400417056, 34.660588306 ], [ 135.400509078999988, 34.660546775 ], [ 135.400815422, 34.660408441 ], [ 135.400916978, 34.660362613 ], [ 135.400778781000014, 34.660157559 ], [ 135.400680363, 34.660201946 ] ] ], [ [ [ 135.410830973, 34.665665027 ], [ 135.410949792, 34.665651874 ], [ 135.410855175, 34.665116775 ], [ 135.410803606, 34.664826919 ], [ 135.410688314, 34.664178766 ], [ 135.410681348999987, 34.664139595 ], [ 135.410611894, 34.663752883 ], [ 135.41057415, 34.663537793 ], [ 135.41047013, 34.662945081 ], [ 135.410295344, 34.66195882 ], [ 135.410190182, 34.661367622 ], [ 135.410102724000012, 34.660871486 ], [ 135.410016342, 34.660380306 ], [ 135.409941958, 34.659957297 ], [ 135.409932113999986, 34.659901351 ], [ 135.40981179, 34.659210144 ], [ 135.409784228, 34.659049081 ], [ 135.408333333, 34.659273441 ], [ 135.407994527, 34.659325838 ], [ 135.407471867999988, 34.659406658 ], [ 135.406532075, 34.659558279 ], [ 135.406132361, 34.659621793 ], [ 135.405828859, 34.659670324 ], [ 135.405274733999988, 34.659756982 ], [ 135.405264501, 34.659758586 ], [ 135.40455406, 34.659869964 ], [ 135.404177185, 34.659929261 ], [ 135.403180778, 34.660086027 ], [ 135.402533917, 34.660187234 ], [ 135.402533243, 34.660187342 ], [ 135.402066667000014, 34.660260811 ], [ 135.402069144, 34.660271586 ], [ 135.402006809, 34.660281396 ], [ 135.402003995, 34.66026918 ], [ 135.401939922, 34.66027927 ], [ 135.401954021, 34.660340405 ], [ 135.401954163, 34.660341027 ], [ 135.402002685000014, 34.660551315 ], [ 135.401793164999987, 34.66058209 ], [ 135.401570091, 34.660616351 ], [ 135.401569169999988, 34.660611838 ], [ 135.40148674400001, 34.660624306 ], [ 135.401487522999986, 34.660629018 ], [ 135.401010921, 34.660702207 ], [ 135.400649883, 34.660758369 ], [ 135.400536329, 34.660774342 ], [ 135.400273371999987, 34.660818036 ], [ 135.400031077, 34.660855622 ], [ 135.4, 34.660860568 ], [ 135.399731556, 34.660903297 ], [ 135.399417003999986, 34.660952793 ], [ 135.39902537, 34.661014 ], [ 135.398673904, 34.661069117 ], [ 135.398360298, 34.66111891 ], [ 135.398303528000014, 34.661127712 ], [ 135.398272776, 34.661132468 ], [ 135.398106238999986, 34.661159541 ], [ 135.397993437, 34.661176712 ], [ 135.397854955000014, 34.661198973 ], [ 135.397786589, 34.661210045 ], [ 135.397785512000013, 34.661205658 ], [ 135.39768131, 34.661220748 ], [ 135.397682244, 34.661225288 ], [ 135.397657886, 34.661228847 ], [ 135.397659235, 34.661210676 ], [ 135.397623243, 34.661216468 ], [ 135.397625667999989, 34.661230027 ], [ 135.397581128000013, 34.661234541 ], [ 135.397508677, 34.661246117 ], [ 135.397506148, 34.661235126 ], [ 135.39747393, 34.661239514 ], [ 135.397476667, 34.661251225 ], [ 135.397092776, 34.661312559 ], [ 135.3970707, 34.661316 ], [ 135.397069921999986, 34.661316126 ], [ 135.396560687, 34.66139555 ], [ 135.396552062000012, 34.661396883 ], [ 135.396542970000013, 34.661365315 ], [ 135.396536252, 34.661347892 ], [ 135.396526005, 34.661331703 ], [ 135.396512529, 34.661317207 ], [ 135.396496226000011, 34.661304838 ], [ 135.396477600999987, 34.661294982 ], [ 135.396457185, 34.661287928 ], [ 135.396435616, 34.661283874 ], [ 135.396413515, 34.661282964 ], [ 135.396391569, 34.661285198 ], [ 135.396370402, 34.661290541 ], [ 135.396350674, 34.661298802 ], [ 135.39633297, 34.661309757 ], [ 135.396317808, 34.661323063 ], [ 135.396305629000011, 34.661338324 ], [ 135.396296848, 34.66135509 ], [ 135.396065032, 34.661390171 ], [ 135.39589725, 34.661417279 ], [ 135.3955607, 34.661469108 ], [ 135.395220441, 34.661521919 ], [ 135.394892477000013, 34.661573423 ], [ 135.39457323, 34.66162327 ], [ 135.394522529, 34.661631162 ], [ 135.392937095, 34.661877604 ], [ 135.39292035, 34.661867027 ], [ 135.392903100000012, 34.661857045 ], [ 135.392885369999988, 34.661847667 ], [ 135.392867147, 34.66183891 ], [ 135.392848507999986, 34.661830793 ], [ 135.392829481, 34.661823333 ], [ 135.392810078, 34.66181655 ], [ 135.392790362999989, 34.661810432 ], [ 135.39277035, 34.661805009 ], [ 135.392750065, 34.661800288 ], [ 135.392729572, 34.66179627 ], [ 135.392708898, 34.661792982 ], [ 135.392688067, 34.661790396 ], [ 135.392667108000012, 34.661788541 ], [ 135.392646096, 34.661787414 ], [ 135.392625019, 34.661787027 ], [ 135.392603969, 34.66178736 ], [ 135.392582944, 34.661788432 ], [ 135.392561997, 34.661790225 ], [ 135.392541141, 34.661792748 ], [ 135.392520454, 34.661795991 ], [ 135.392499934999989, 34.661799937 ], [ 135.392479637, 34.661804613 ], [ 135.392459597999988, 34.661809973 ], [ 135.392439844, 34.661816036 ], [ 135.392420428, 34.661822766 ], [ 135.392401361999987, 34.661830171 ], [ 135.392382685, 34.661838243 ], [ 135.392364449000013, 34.661846937 ], [ 135.392346667, 34.66185627 ], [ 135.39232937700001, 34.661866207 ], [ 135.392312594, 34.661876739 ], [ 135.392296368, 34.661887847 ], [ 135.392280713, 34.661899486 ], [ 135.392265681, 34.661911676 ], [ 135.392251271, 34.661924378 ], [ 135.39223753600001, 34.661937568 ], [ 135.392224475, 34.661951225 ], [ 135.392212101000013, 34.661965315 ], [ 135.392200480000014, 34.66197982 ], [ 135.392189585000011, 34.66199473 ], [ 135.39217677, 34.661996649 ], [ 135.392085576999989, 34.662010991 ], [ 135.391770103999988, 34.662059288 ], [ 135.39166666700001, 34.662075423 ], [ 135.391609935, 34.662084261 ], [ 135.39160909200001, 34.662084396 ], [ 135.391532815, 34.662096297 ], [ 135.391398249, 34.662118036 ], [ 135.390941946, 34.662189396 ], [ 135.390874254000011, 34.662199568 ], [ 135.390714734, 34.662225036 ], [ 135.390498833, 34.662259252 ], [ 135.390493969, 34.662253523 ], [ 135.39048655, 34.662246721 ], [ 135.390478314, 34.662241604 ], [ 135.390470454, 34.662236685 ], [ 135.390463501999989, 34.662232423 ], [ 135.390456328999989, 34.662228676 ], [ 135.390447367, 34.662225775 ], [ 135.390438534, 34.662224 ], [ 135.390432114, 34.662222685 ], [ 135.390425162000014, 34.662220477 ], [ 135.390417665, 34.662219387 ], [ 135.39040856, 34.662219018 ], [ 135.39040096, 34.662219189 ], [ 135.390393204, 34.662218919 ], [ 135.390384695, 34.66221918 ], [ 135.39037556400001, 34.662220721 ], [ 135.390362904999989, 34.66222355 ], [ 135.390354112000011, 34.662225883 ], [ 135.390345733, 34.662229595 ], [ 135.390322594, 34.662240288 ], [ 135.39030607, 34.662251658 ], [ 135.390297691, 34.662259604 ], [ 135.390289351, 34.662269054 ], [ 135.390278859, 34.662285297 ], [ 135.390273995, 34.662298829 ], [ 135.390270584, 34.662309243 ], [ 135.390268988, 34.662321685 ], [ 135.390269274, 34.662334739 ], [ 135.390270363000013, 34.662340757 ], [ 135.390271504999987, 34.662349991 ], [ 135.390273528, 34.662359523 ], [ 135.390278249, 34.662372973 ], [ 135.390036187, 34.662410847 ], [ 135.389782918, 34.662451108 ], [ 135.389588132, 34.662480541 ], [ 135.389309481, 34.662524009 ], [ 135.389115927, 34.662554541 ], [ 135.388998353, 34.662572874 ], [ 135.388865318, 34.662593622 ], [ 135.388660052, 34.662625505 ], [ 135.388454332, 34.662658432 ], [ 135.388186706, 34.662700072 ], [ 135.388187588, 34.662703577 ], [ 135.387939092000011, 34.662745964 ], [ 135.387938521, 34.662743586 ], [ 135.387921971, 34.662746423 ], [ 135.387871206, 34.662519189 ], [ 135.387866952, 34.662519919 ], [ 135.387865084, 34.662512541 ], [ 135.387852957, 34.662514532 ], [ 135.387854682000011, 34.662521495 ], [ 135.387791089, 34.662531604 ], [ 135.387789688999987, 34.662525234 ], [ 135.387777847, 34.662527234 ], [ 135.387779274, 34.662533748 ], [ 135.387715577, 34.662543532 ], [ 135.387713826, 34.662537351 ], [ 135.387702309, 34.662539288 ], [ 135.38770415, 34.662545991 ], [ 135.38766358, 34.662552153 ], [ 135.387661621, 34.662545081 ], [ 135.387650065, 34.662547072 ], [ 135.387651401, 34.662553784 ], [ 135.387590117, 34.662563117 ], [ 135.387588521, 34.662556685 ], [ 135.387575395999988, 34.662558928 ], [ 135.387577134, 34.662565964 ], [ 135.38751441, 34.662575027 ], [ 135.387512918, 34.662568468 ], [ 135.3875, 34.662570631 ], [ 135.387501257999986, 34.662577117 ], [ 135.387461881, 34.662583495 ], [ 135.38746, 34.662575676 ], [ 135.387448379, 34.662577667 ], [ 135.387449559, 34.662584604 ], [ 135.387386368, 34.662595117 ], [ 135.387384228, 34.662587784 ], [ 135.387372113999987, 34.662589802 ], [ 135.387373618999987, 34.662596396 ], [ 135.387341971000012, 34.662601324 ], [ 135.387324215, 34.662604108 ], [ 135.387310973000012, 34.662606171 ], [ 135.387308781, 34.66259864 ], [ 135.387296795999987, 34.662600703 ], [ 135.387299209, 34.66260818 ], [ 135.387276407, 34.662612045 ], [ 135.387257497, 34.662614874 ], [ 135.387255953, 34.662607784 ], [ 135.387244267, 34.662609523 ], [ 135.387245824, 34.662616622 ], [ 135.387182438, 34.662626108 ], [ 135.387180882, 34.662619009 ], [ 135.387168339999988, 34.662620883 ], [ 135.387169909, 34.662627982 ], [ 135.387107354, 34.662637333 ], [ 135.387105811, 34.662630243 ], [ 135.387092763, 34.662632198 ], [ 135.387094306, 34.662639288 ], [ 135.387054981, 34.662645171 ], [ 135.387053423999987, 34.662638072 ], [ 135.387041751, 34.662639829 ], [ 135.387043294, 34.662646919 ], [ 135.386979403, 34.662656477 ], [ 135.386977847, 34.662649387 ], [ 135.386966511, 34.662651081 ], [ 135.386968067, 34.662658171 ], [ 135.386906563, 34.66266736 ], [ 135.386904994, 34.66266027 ], [ 135.386891764000012, 34.662662252 ], [ 135.386893320000013, 34.662669342 ], [ 135.386871323, 34.66267264 ], [ 135.386850778, 34.662675712 ], [ 135.386875577000012, 34.662779532 ], [ 135.386890142999988, 34.662840523 ], [ 135.386892335, 34.66284955 ], [ 135.386925018999989, 34.662990919 ], [ 135.386953281, 34.663115694 ], [ 135.386981064, 34.663241865 ], [ 135.387011140999988, 34.663376685 ], [ 135.387021077000014, 34.663421162 ], [ 135.387021284000014, 34.663422126 ], [ 135.387039402999989, 34.663503135 ], [ 135.387072153, 34.663648387 ], [ 135.387105201, 34.66378909 ], [ 135.387144293, 34.663955261 ], [ 135.38718096, 34.664108712 ], [ 135.387219442, 34.664271514 ], [ 135.387251881, 34.664411919 ], [ 135.38728118, 34.664544739 ], [ 135.387304941999986, 34.664650946 ], [ 135.387336446, 34.664791739 ], [ 135.387382685, 34.664996072 ], [ 135.38739834, 34.665063108 ], [ 135.387428261999986, 34.665194261 ], [ 135.387474306, 34.665391811 ], [ 135.387506304, 34.665534279 ], [ 135.387564228, 34.665792234 ], [ 135.387607354000011, 34.665981297 ], [ 135.387648158, 34.666157802 ], [ 135.387690156, 34.66634073 ], [ 135.387743074000014, 34.666572477 ], [ 135.387744812, 34.666580018 ], [ 135.387745045, 34.666581036 ], [ 135.387764747, 34.666666667 ], [ 135.387779325999986, 34.666730009 ], [ 135.387817769, 34.666895586 ], [ 135.387857223999987, 34.667063802 ], [ 135.387869209, 34.667120748 ], [ 135.387871453, 34.667131459 ], [ 135.387950558, 34.667486108 ], [ 135.387998235999987, 34.667708586 ], [ 135.388020687, 34.66781518 ], [ 135.388071167, 34.668052766 ], [ 135.388075837, 34.668073081 ], [ 135.388079987, 34.668091099 ], [ 135.388093307, 34.668149045 ], [ 135.388136433, 34.668350514 ], [ 135.388175473, 34.668519369 ], [ 135.38825716, 34.668854577 ], [ 135.388280687, 34.668850667 ], [ 135.388199027000013, 34.66851555 ], [ 135.388160039000013, 34.668346928 ], [ 135.388116939000014, 34.668145477 ], [ 135.388098314, 34.668064559 ], [ 135.388094812, 34.668049351 ], [ 135.388072179, 34.667942739 ], [ 135.38804939, 34.66783555 ], [ 135.38836978, 34.667949297 ], [ 135.388957289, 34.668167649 ], [ 135.389188507999989, 34.668253568 ], [ 135.389382438000013, 34.668324757 ], [ 135.38938725, 34.668318315 ], [ 135.389416096, 34.668330162 ], [ 135.38941285300001, 34.668336541 ], [ 135.389613022, 34.668410883 ], [ 135.389779455, 34.668470784 ], [ 135.389782477000011, 34.668464126 ], [ 135.38981358, 34.668473937 ], [ 135.389811025, 34.668481117 ], [ 135.390042088, 34.668564991 ], [ 135.390172931, 34.668614775 ], [ 135.390177328, 34.668607955 ], [ 135.39020847, 34.668617901 ], [ 135.390205992, 34.668624631 ], [ 135.390359857, 34.668683342 ], [ 135.390572101, 34.668764775 ], [ 135.39057716, 34.668757712 ], [ 135.390608651, 34.668769514 ], [ 135.390605655, 34.668775288 ], [ 135.390808716, 34.668852901 ], [ 135.390972879, 34.668912946 ], [ 135.390976602, 34.668906342 ], [ 135.391007056, 34.668916378 ], [ 135.391002918, 34.668923613 ], [ 135.391016394, 34.668928505 ], [ 135.39101799, 34.668940252 ], [ 135.391018624999987, 34.668943667 ], [ 135.391019857, 34.668950378 ], [ 135.391016912999987, 34.668960234 ], [ 135.391015162, 34.668965117 ], [ 135.391009507, 34.668970784 ], [ 135.390997457999987, 34.66898264 ], [ 135.390995837, 34.668989441 ], [ 135.390993969, 34.669033892 ], [ 135.39099581100001, 34.669051198 ], [ 135.391001167000013, 34.669066279 ], [ 135.391013917, 34.669083198 ], [ 135.391049027, 34.669100694 ], [ 135.391459027, 34.669270946 ], [ 135.39166666700001, 34.669346721 ], [ 135.392220272, 34.669548721 ], [ 135.392284695, 34.669556613 ], [ 135.392355032000012, 34.669563441 ], [ 135.392416835, 34.669573667 ], [ 135.392465136, 34.669593108 ], [ 135.392518444, 34.669612414 ], [ 135.392559584999987, 34.669628306 ], [ 135.392601245, 34.66964464 ], [ 135.392641751000014, 34.669657387 ], [ 135.392686860999987, 34.669665081 ], [ 135.392726109, 34.669669162 ], [ 135.392768029, 34.66966936 ], [ 135.392816667, 34.669670586 ], [ 135.392886744, 34.669683027 ], [ 135.393011193, 34.669721252 ], [ 135.39327511, 34.669829387 ], [ 135.393351803, 34.669860865 ], [ 135.393393217000011, 34.669881892 ], [ 135.393418054, 34.669902748 ], [ 135.393427393, 34.669926865 ], [ 135.393435939999989, 34.669950441 ], [ 135.393462672, 34.669966613 ], [ 135.393506135, 34.669976027 ], [ 135.393628029000013, 34.670004414 ], [ 135.393727004, 34.670033829 ], [ 135.393844306, 34.670077135 ], [ 135.393952283, 34.670116081 ], [ 135.394049274, 34.670146865 ], [ 135.394132918, 34.670182 ], [ 135.394215811, 34.670217559 ], [ 135.394295642, 34.670251495 ], [ 135.394378716, 34.670278414 ], [ 135.394438145, 34.67029864 ], [ 135.394512580999987, 34.670326135 ], [ 135.394577782, 34.670363414 ], [ 135.394637665, 34.670395162 ], [ 135.394706615, 34.670411108 ], [ 135.394778638, 34.670425802 ], [ 135.394840558, 34.670447748 ], [ 135.394913280999987, 34.670487135 ], [ 135.394999248, 34.670518306 ], [ 135.395087393000011, 34.670554279 ], [ 135.395171141, 34.670589468 ], [ 135.395277951, 34.670624081 ], [ 135.395372802, 34.670647 ], [ 135.395461582, 34.670670162 ], [ 135.395553645, 34.670702532 ], [ 135.395662361, 34.670744802 ], [ 135.395740752, 34.670781081 ], [ 135.395828196999986, 34.670821 ], [ 135.395923917, 34.670847802 ], [ 135.396013969, 34.670872865 ], [ 135.396092698, 34.670896252 ], [ 135.396169416, 34.670924748 ], [ 135.396354527, 34.670994252 ], [ 135.396432529, 34.671027748 ], [ 135.396511479, 34.671062108 ], [ 135.396597691000011, 34.671090387 ], [ 135.396687523, 34.671117892 ], [ 135.396831088999988, 34.671181973 ], [ 135.396904501, 34.671214802 ], [ 135.396979079, 34.671237054 ], [ 135.397042477000014, 34.671253532 ], [ 135.39711374800001, 34.671267946 ], [ 135.397340143, 34.671317559 ], [ 135.397497249999986, 34.671361865 ], [ 135.397531025, 34.671370054 ], [ 135.397557056000011, 34.671375865 ], [ 135.397573722, 34.671379468 ], [ 135.39758978, 34.671380198 ], [ 135.397712633, 34.671438667 ], [ 135.397764086, 34.671461441 ], [ 135.398593502000011, 34.671763865 ], [ 135.4, 34.67229064 ], [ 135.400434475, 34.672453387 ], [ 135.400495694, 34.67248236 ], [ 135.400525331000011, 34.672503775 ], [ 135.400561751, 34.672538586 ], [ 135.400609053000011, 34.672575414 ], [ 135.400665745999987, 34.672615081 ], [ 135.400710752, 34.672639468 ], [ 135.40075642, 34.672660252 ], [ 135.400789948000011, 34.672673306 ], [ 135.400820026, 34.672677586 ], [ 135.400857134, 34.672673973 ], [ 135.400883384999986, 34.672668162 ], [ 135.400902632999987, 34.672659333 ], [ 135.400916809, 34.672648225 ], [ 135.40093144, 34.672630162 ], [ 135.400937419, 34.672620559 ], [ 135.400938859, 34.672615775 ], [ 135.400954227999989, 34.672620198 ], [ 135.4009807, 34.672624108 ], [ 135.400986472, 34.672623946 ], [ 135.401002672, 34.672587306 ], [ 135.401033541, 34.672598649 ], [ 135.401320843, 34.672703234 ], [ 135.40159917, 34.672806261 ], [ 135.401761025000013, 34.672865676 ], [ 135.401966472, 34.672940739 ], [ 135.402022633, 34.672961631 ], [ 135.402024837999988, 34.67296245 ], [ 135.402440415, 34.673116973 ], [ 135.40244125800001, 34.673117288 ], [ 135.402472956999986, 34.673129081 ], [ 135.402584617, 34.673170595 ], [ 135.402587055999987, 34.673165441 ], [ 135.4026207, 34.673180189 ], [ 135.402655383, 34.673158775 ], [ 135.402659429000011, 34.673163243 ], [ 135.40276732800001, 34.673091063 ], [ 135.40275939, 34.673081874 ], [ 135.402781284000014, 34.673067432 ], [ 135.402788975, 34.673075892 ], [ 135.402955681, 34.672967009 ], [ 135.402956886999988, 34.672966225 ], [ 135.403180415, 34.672820243 ], [ 135.403473515, 34.672629757 ], [ 135.4037669, 34.672438559 ], [ 135.404027471, 34.672268703 ], [ 135.404107925, 34.672216144 ], [ 135.404222516, 34.672141261 ], [ 135.404517160000012, 34.671949099 ], [ 135.404689974, 34.671835595 ], [ 135.404953619, 34.671663847 ], [ 135.405193204, 34.671506225 ], [ 135.40518511, 34.671497279 ], [ 135.405206795999987, 34.671482703 ], [ 135.405215577, 34.671491892 ], [ 135.405487107999988, 34.671314775 ], [ 135.405790804, 34.671117739 ], [ 135.406440636000013, 34.670696775 ], [ 135.406620843000013, 34.670579162 ], [ 135.406792360999987, 34.670467198 ], [ 135.407022464, 34.670316459 ], [ 135.40720345, 34.670198811 ], [ 135.407421582000012, 34.670055883 ], [ 135.407412853000011, 34.670045685 ], [ 135.407435174999989, 34.670031856 ], [ 135.407443191, 34.670041387 ], [ 135.407527017, 34.66998655 ], [ 135.407767134000011, 34.669829189 ], [ 135.407921232, 34.669729216 ], [ 135.408009545999988, 34.669670423 ], [ 135.408290298, 34.669492207 ], [ 135.408292374000013, 34.669490883 ], [ 135.408333333, 34.669464784 ], [ 135.408411686, 34.669414856 ], [ 135.408583684, 34.669302937 ], [ 135.408826148, 34.669144982 ], [ 135.409160908, 34.668930198 ], [ 135.409289818, 34.66884745 ], [ 135.409310143, 34.668834396 ], [ 135.409321608, 34.668827649 ], [ 135.409390402000014, 34.668787306 ], [ 135.40934869, 34.668543523 ], [ 135.4093631, 34.668541892 ], [ 135.409360636, 34.668525586 ], [ 135.409341114999989, 34.668527748 ], [ 135.409328832999989, 34.668464649 ], [ 135.40930773, 34.66834891 ], [ 135.409293502, 34.668264414 ], [ 135.409260791, 34.668070261 ], [ 135.409215006000011, 34.668075117 ], [ 135.409188807, 34.667904685 ], [ 135.409155227000014, 34.667739622 ], [ 135.409108301, 34.667506477 ], [ 135.409070571, 34.667313396 ], [ 135.409009688999987, 34.66695782 ], [ 135.408983567, 34.666811991 ], [ 135.408957549, 34.666666667 ], [ 135.408943009000012, 34.666585468 ], [ 135.408820674, 34.665904811 ], [ 135.409552568, 34.665816748 ], [ 135.410087626, 34.665752838 ], [ 135.410677678000013, 34.665681982 ], [ 135.410760208, 34.665672847 ], [ 135.410758625, 34.665663 ], [ 135.410782581, 34.665660108 ], [ 135.410784202, 34.665670198 ], [ 135.410797652000014, 34.665668712 ], [ 135.410800427999988, 34.665668414 ], [ 135.410830973, 34.665665027 ] ] ], [ [ [ 135.40747725, 34.672328081 ], [ 135.40579175100001, 34.673421865 ], [ 135.405780778, 34.673428586 ], [ 135.405780558, 34.673459667 ], [ 135.405782477, 34.674336865 ], [ 135.405798755, 34.674350441 ], [ 135.405850609999987, 34.674348441 ], [ 135.405864332, 34.674337252 ], [ 135.405862387000013, 34.673460081 ], [ 135.405861894, 34.673435027 ], [ 135.407512827, 34.672365973 ], [ 135.40747725, 34.672328081 ] ] ], [ [ [ 135.539967224, 34.499385559 ], [ 135.539972218, 34.499349721 ], [ 135.539972218, 34.499046667 ], [ 135.540037224, 34.498694721 ], [ 135.540044449, 34.498605279 ], [ 135.539979442, 34.498491946 ], [ 135.539871673, 34.498330829 ], [ 135.53978834, 34.498081387 ], [ 135.539759442, 34.497938333 ], [ 135.539737782, 34.497777225 ], [ 135.539716109000011, 34.497604162 ], [ 135.539694720999989, 34.497321387 ], [ 135.53965138800001, 34.497184441 ], [ 135.539586667, 34.497035279 ], [ 135.539485837, 34.496892225 ], [ 135.539365006, 34.496751108 ], [ 135.53934888500001, 34.496732225 ], [ 135.539240830000011, 34.496595279 ], [ 135.539132776, 34.496458054 ], [ 135.538934163, 34.496139441 ], [ 135.538775550999986, 34.495900829 ], [ 135.538667497, 34.495596387 ], [ 135.538617224, 34.495483054 ], [ 135.538559442, 34.495381667 ], [ 135.538516394, 34.495250559 ], [ 135.538408339999989, 34.495166946 ], [ 135.538298884999989, 34.495144441 ], [ 135.538061115, 34.495096667 ], [ 135.537931388, 34.495007225 ], [ 135.537686667, 34.494911667 ], [ 135.537513891, 34.494822225 ], [ 135.537398612, 34.494750559 ], [ 135.537319442000012, 34.494655 ], [ 135.537097497, 34.494401108 ], [ 135.53707472100001, 34.494375 ], [ 135.537015551, 34.494191387 ], [ 135.536986939, 34.494101667 ], [ 135.536965278999986, 34.493988333 ], [ 135.53695083, 34.493898892 ], [ 135.536864449, 34.493797495 ], [ 135.536677223999988, 34.493690279 ], [ 135.536482776000014, 34.493636387 ], [ 135.536136938999988, 34.493558892 ], [ 135.535956938999988, 34.493481387 ], [ 135.535833061, 34.493375279 ], [ 135.535681946000011, 34.493273892 ], [ 135.535523332999986, 34.493202225 ], [ 135.5353, 34.493065 ], [ 135.535148885000012, 34.493005279 ], [ 135.534968885000012, 34.492915829 ], [ 135.534853606000013, 34.492826387 ], [ 135.534745550999986, 34.492714162 ], [ 135.53465917, 34.492576946 ], [ 135.534587497, 34.492463613 ], [ 135.534500830000013, 34.492338333 ], [ 135.53448666700001, 34.492266667 ], [ 135.534457782, 34.492151108 ], [ 135.534457782, 34.491978054 ], [ 135.534450558, 34.491894441 ], [ 135.534421673, 34.491731108 ], [ 135.534368637999989, 34.491666667 ], [ 135.53429917, 34.491582225 ], [ 135.534212776, 34.491474721 ], [ 135.534090558, 34.491325559 ], [ 135.533931946, 34.491176667 ], [ 135.53388888500001, 34.491106108 ], [ 135.53386, 34.491040559 ], [ 135.533874449, 34.490951108 ], [ 135.533917497, 34.490787495 ], [ 135.534018339999989, 34.490656387 ], [ 135.534104721, 34.490536946 ], [ 135.534155279, 34.490405829 ], [ 135.534169728, 34.490212495 ], [ 135.53422, 34.490066946 ], [ 135.534263333000013, 34.489905829 ], [ 135.534272218000012, 34.489817775 ], [ 135.534277782, 34.489762775 ], [ 135.534241673, 34.489456108 ], [ 135.53411917, 34.489134162 ], [ 135.534091776999986, 34.489066027 ], [ 135.53404, 34.488937225 ], [ 135.533737497, 34.488156946 ], [ 135.533658339999988, 34.48799 ], [ 135.533672776, 34.487840829 ], [ 135.533571946, 34.487719162 ], [ 135.533600557999989, 34.487593892 ], [ 135.533636667, 34.487516387 ], [ 135.533694163, 34.487391108 ], [ 135.533788054000013, 34.487283613 ], [ 135.533924721, 34.487110559 ], [ 135.534083333000012, 34.486997225 ], [ 135.534313606000012, 34.486806387 ], [ 135.534457782, 34.486699162 ], [ 135.534682503, 34.486577495 ], [ 135.534833606, 34.486482225 ], [ 135.535056938999986, 34.486398613 ], [ 135.535366667, 34.486267495 ], [ 135.535553606, 34.486171946 ], [ 135.535697782, 34.486059721 ], [ 135.535699728, 34.486056306 ], [ 135.535762503, 34.485946387 ], [ 135.53582, 34.485809162 ], [ 135.535949728, 34.485643333 ], [ 135.536000272, 34.485440559 ], [ 135.536000272, 34.48544 ], [ 135.536021673, 34.485285559 ], [ 135.536007497000014, 34.485163613 ], [ 135.535856109, 34.484972775 ], [ 135.535784162999988, 34.484865559 ], [ 135.535697782, 34.484725829 ], [ 135.535697782, 34.484600559 ], [ 135.535733606, 34.484475559 ], [ 135.535805837, 34.484344441 ], [ 135.535892217999987, 34.484153333 ], [ 135.53592083, 34.484023333 ], [ 135.535841673, 34.483898054 ], [ 135.535711946, 34.483725 ], [ 135.53566917, 34.483623613 ], [ 135.535618612, 34.483504441 ], [ 135.535597224000014, 34.483367225 ], [ 135.53560428, 34.483333333 ], [ 135.535625837, 34.48323 ], [ 135.535698054, 34.48307 ], [ 135.535705279000013, 34.482915 ], [ 135.535726667, 34.482753892 ], [ 135.535798885, 34.482401946 ], [ 135.535856394, 34.482294441 ], [ 135.535899728, 34.482081387 ], [ 135.535918885, 34.481971108 ], [ 135.53592805400001, 34.481920279 ], [ 135.535935551, 34.481776946 ], [ 135.535935551, 34.481633892 ], [ 135.535899728, 34.481460829 ], [ 135.535834720999986, 34.481275829 ], [ 135.535683606, 34.481104162 ], [ 135.535597224000014, 34.480984721 ], [ 135.53548917, 34.480865559 ], [ 135.535402776000012, 34.480704441 ], [ 135.53530917, 34.480525559 ], [ 135.535280272, 34.480383333 ], [ 135.535258612, 34.480210559 ], [ 135.535265837, 34.480073333 ], [ 135.535265837, 34.479846667 ], [ 135.535294721000014, 34.479733333 ], [ 135.535352218000014, 34.479638054 ], [ 135.535515006, 34.479468613 ], [ 135.535651946, 34.479283613 ], [ 135.53593277600001, 34.479063054 ], [ 135.536091115, 34.478907775 ], [ 135.53622083, 34.478776667 ], [ 135.53628, 34.47868 ], [ 135.536294163, 34.478518892 ], [ 135.536289222, 34.478485748 ], [ 135.536272776, 34.478375559 ], [ 135.536301388, 34.478188333 ], [ 135.536344721, 34.478033333 ], [ 135.536445279, 34.477896108 ], [ 135.536560558, 34.477782775 ], [ 135.536646939, 34.477675279 ], [ 135.536589442, 34.477524162 ], [ 135.536510271999987, 34.477386946 ], [ 135.536452776, 34.477315279 ], [ 135.536366394, 34.477219721 ], [ 135.536330271999987, 34.477124441 ], [ 135.536330271999987, 34.476993054 ], [ 135.536366394, 34.476889441 ], [ 135.536503061, 34.476594721 ], [ 135.536603891, 34.476368054 ], [ 135.53661834, 34.476266387 ], [ 135.536603891, 34.476147225 ], [ 135.53653917, 34.476001667 ], [ 135.536431115, 34.475816667 ], [ 135.536330271999987, 34.475691387 ], [ 135.536243891, 34.475533892 ], [ 135.536200558, 34.475426667 ], [ 135.536186394, 34.475265559 ], [ 135.536200558, 34.475086667 ], [ 135.536226226, 34.475 ], [ 135.53628, 34.474818333 ], [ 135.536423891, 34.474431667 ], [ 135.536589728, 34.474133613 ], [ 135.53679834, 34.473805279 ], [ 135.536851115, 34.473738613 ], [ 135.537057782, 34.473477225 ], [ 135.537086667000011, 34.473393892 ], [ 135.537086667000011, 34.473298333 ], [ 135.537050558, 34.473138333 ], [ 135.537057782, 34.472983333 ], [ 135.537115279, 34.472780829 ], [ 135.537173061, 34.472661387 ], [ 135.53723083, 34.472556108 ], [ 135.537281115000013, 34.472464721 ], [ 135.53736, 34.472410829 ], [ 135.537482503, 34.472303613 ], [ 135.537576109000014, 34.472155559 ], [ 135.537583332999986, 34.472030279 ], [ 135.537604721, 34.471767775 ], [ 135.537684163, 34.471654441 ], [ 135.53779917, 34.471505279 ], [ 135.537815005999988, 34.471363333 ], [ 135.53777917, 34.471214162 ], [ 135.53780805400001, 34.471095 ], [ 135.53813917, 34.470707225 ], [ 135.538268885, 34.470552225 ], [ 135.538395551, 34.470428333 ], [ 135.538445837000012, 34.470152495 ], [ 135.538474721, 34.469992775 ], [ 135.538481946, 34.469674162 ], [ 135.538496394, 34.469513054 ], [ 135.538522218, 34.469449162 ], [ 135.538561388, 34.469351946 ], [ 135.538604449, 34.469262495 ], [ 135.538842218000013, 34.469113333 ], [ 135.539022218000014, 34.468958333 ], [ 135.539066109, 34.468916108 ], [ 135.53913083, 34.468854441 ], [ 135.539209441999986, 34.468779162 ], [ 135.539461673, 34.468594441 ], [ 135.539652217999986, 34.468491667 ], [ 135.539792503, 34.468416108 ], [ 135.539861946, 34.468378613 ], [ 135.540078054, 34.468241387 ], [ 135.540205279, 34.468158613 ], [ 135.540279728, 34.468110279 ], [ 135.540409442, 34.468074441 ], [ 135.54056834, 34.467968054 ], [ 135.540619170000014, 34.467934162 ], [ 135.540783891, 34.467823892 ], [ 135.540956666999989, 34.467698613 ], [ 135.54110083, 34.467537495 ], [ 135.541153333000011, 34.467433054 ], [ 135.541208612, 34.467322775 ], [ 135.541230272, 34.467192775 ], [ 135.541251673, 34.467007775 ], [ 135.541359728, 34.466763333 ], [ 135.54151834000001, 34.466691667 ], [ 135.541608755, 34.466666667 ], [ 135.541666666999987, 34.46665064 ], [ 135.541691115, 34.466643892 ], [ 135.541978612, 34.466588892 ], [ 135.542061388, 34.466504162 ], [ 135.542137223999987, 34.466426387 ], [ 135.542201946, 34.466235829 ], [ 135.54223083, 34.466056946 ], [ 135.542238054, 34.465923333 ], [ 135.54220917, 34.465634441 ], [ 135.542238054, 34.46536 ], [ 135.542259441999988, 34.465252775 ], [ 135.542295551, 34.465085829 ], [ 135.542360272, 34.464954441 ], [ 135.542438885, 34.464882495 ], [ 135.542444577999987, 34.464877306 ], [ 135.542497223999987, 34.464829162 ], [ 135.542655551, 34.464721946 ], [ 135.54284, 34.464619162 ], [ 135.543221673, 34.464410279 ], [ 135.543380272, 34.464308892 ], [ 135.543646667, 34.464249441 ], [ 135.543798054, 34.464142225 ], [ 135.543833891, 34.464016946 ], [ 135.544121946, 34.463582775 ], [ 135.544222776, 34.463421667 ], [ 135.54433083, 34.463260559 ], [ 135.544453333, 34.463153054 ], [ 135.544655006, 34.462968333 ], [ 135.544925837, 34.462742775 ], [ 135.545184721, 34.46254 ], [ 135.545271115, 34.462486108 ], [ 135.545350558, 34.462396667 ], [ 135.545386394, 34.462325 ], [ 135.545386394, 34.462235559 ], [ 135.54537917, 34.462104721 ], [ 135.545313061, 34.461962775 ], [ 135.545197782, 34.461873054 ], [ 135.545053891, 34.461783613 ], [ 135.544902775999986, 34.461640559 ], [ 135.544502218, 34.461240829 ], [ 135.544351115000012, 34.461055829 ], [ 135.544293333000013, 34.460918613 ], [ 135.544199728, 34.460770829 ], [ 135.544026939, 34.46055 ], [ 135.54386138800001, 34.460347225 ], [ 135.543702776, 34.460181387 ], [ 135.543588885, 34.460098892 ], [ 135.54353, 34.460056108 ], [ 135.543400272000014, 34.459966667 ], [ 135.543227497, 34.459877225 ], [ 135.54306917, 34.459817495 ], [ 135.542845836999987, 34.459698054 ], [ 135.54269444900001, 34.459626667 ], [ 135.54255083000001, 34.459531108 ], [ 135.542298612, 34.459304441 ], [ 135.54216917, 34.459208892 ], [ 135.542061115, 34.459137495 ], [ 135.541901115, 34.459058892 ], [ 135.541713891, 34.458993333 ], [ 135.541666666999987, 34.458973748 ], [ 135.541541115, 34.458921667 ], [ 135.541325006, 34.45888 ], [ 135.541238612, 34.458814162 ], [ 135.541202503, 34.458736667 ], [ 135.54118083, 34.458635279 ], [ 135.54118083, 34.458478613 ], [ 135.54118083, 34.458448054 ], [ 135.541176589, 34.458333333 ], [ 135.541166667, 34.458066108 ], [ 135.541173606, 34.457905 ], [ 135.541173606, 34.457803613 ], [ 135.541130558, 34.457726108 ], [ 135.540891388, 34.457465 ], [ 135.540768885, 34.45728 ], [ 135.54066083, 34.457124721 ], [ 135.540473606, 34.457005559 ], [ 135.540387224, 34.456928054 ], [ 135.540329727999989, 34.456838613 ], [ 135.540322503, 34.456748892 ], [ 135.540328054000014, 34.456529441 ], [ 135.540263333000013, 34.456362775 ], [ 135.54017, 34.456243333 ], [ 135.540040272, 34.456133613 ], [ 135.539860272, 34.456044162 ], [ 135.539658612000011, 34.455972495 ], [ 135.539464163, 34.455877225 ], [ 135.539251115000013, 34.455737495 ], [ 135.539150272, 34.455618054 ], [ 135.539042218, 34.455475 ], [ 135.539013333000014, 34.455355829 ], [ 135.538941388000012, 34.455200559 ], [ 135.538876394, 34.455105279 ], [ 135.538793061, 34.455019162 ], [ 135.53862, 34.454858054 ], [ 135.538581089, 34.454825829 ], [ 135.538511946, 34.454768613 ], [ 135.538396939, 34.454655279 ], [ 135.538173605999987, 34.454512225 ], [ 135.537941673, 34.454330829 ], [ 135.537776109, 34.454211387 ], [ 135.537495279000012, 34.453976387 ], [ 135.537336939, 34.453869162 ], [ 135.537250558000011, 34.453827225 ], [ 135.537135279000012, 34.453821387 ], [ 135.537041673, 34.453749721 ], [ 135.536847224000013, 34.453536108 ], [ 135.536717497000012, 34.453416946 ], [ 135.536602218000013, 34.453309441 ], [ 135.536436667, 34.453220279 ], [ 135.536306939000013, 34.453100829 ], [ 135.536235006, 34.452963892 ], [ 135.536177497000011, 34.452731108 ], [ 135.536083891, 34.452589162 ], [ 135.535918054, 34.452362495 ], [ 135.535875551, 34.452300559 ], [ 135.535802776, 34.452195279 ], [ 135.535666109, 34.452028333 ], [ 135.535565279, 34.451885279 ], [ 135.535493061000011, 34.451727775 ], [ 135.535486109, 34.451554721 ], [ 135.535500272, 34.451417495 ], [ 135.535541115, 34.451305279 ], [ 135.535543606, 34.451298054 ], [ 135.53555083, 34.451083333 ], [ 135.535529728, 34.451084441 ], [ 135.535451388000013, 34.451088054 ], [ 135.535278612000013, 34.451096387 ], [ 135.535069728, 34.451120279 ], [ 135.534875551, 34.451096387 ], [ 135.534753061, 34.451054721 ], [ 135.534681115000012, 34.450989162 ], [ 135.534645006, 34.450899721 ], [ 135.534616109000012, 34.450666946 ], [ 135.534551388000011, 34.450523892 ], [ 135.534479442, 34.450398892 ], [ 135.534424721, 34.450161387 ], [ 135.534403061, 34.450048054 ], [ 135.53438594, 34.45 ], [ 135.534366939, 34.449946667 ], [ 135.534295006, 34.449893054 ], [ 135.534230272, 34.449863054 ], [ 135.534078885000014, 34.449803333 ], [ 135.534035837, 34.449737775 ], [ 135.533851387999988, 34.449431108 ], [ 135.533772218, 34.449222495 ], [ 135.53376500600001, 34.449142495 ], [ 135.533743333, 34.448939721 ], [ 135.5337, 34.448802495 ], [ 135.533635279, 34.448615 ], [ 135.533512776, 34.448465829 ], [ 135.533433605999988, 34.448370559 ], [ 135.533333333, 34.448301919 ], [ 135.533268054, 34.448257225 ], [ 135.53316, 34.448167775 ], [ 135.53298722400001, 34.447970829 ], [ 135.532835837, 34.447809721 ], [ 135.53270061, 34.447673829 ], [ 135.532498885, 34.447471108 ], [ 135.532326109, 34.447304162 ], [ 135.532153333, 34.447176387 ], [ 135.532002218, 34.447051108 ], [ 135.531865278999987, 34.446961667 ], [ 135.531699728, 34.44689 ], [ 135.53136834, 34.446818613 ], [ 135.531101946, 34.446746946 ], [ 135.530900272, 34.446687225 ], [ 135.530748885, 34.446585829 ], [ 135.530646667000013, 34.446491667 ], [ 135.530567497, 34.446384162 ], [ 135.530473891000014, 34.446223054 ], [ 135.530437782, 34.446127775 ], [ 135.530329728, 34.44608 ], [ 135.530196394, 34.446017775 ], [ 135.53009917, 34.445972495 ], [ 135.529955279, 34.445860559 ], [ 135.529789442, 34.445788892 ], [ 135.529609728, 34.445675559 ], [ 135.52943250300001, 34.445541946 ], [ 135.529245279, 34.445386667 ], [ 135.529115837, 34.445267495 ], [ 135.528986108999987, 34.44516 ], [ 135.528856667000014, 34.445029162 ], [ 135.528791673, 34.444963333 ], [ 135.528453061, 34.444676946 ], [ 135.528273061, 34.444474441 ], [ 135.52808, 34.444225 ], [ 135.527993606, 34.444063892 ], [ 135.527892775999987, 34.443906387 ], [ 135.527763061, 34.443763333 ], [ 135.527590272, 34.443614162 ], [ 135.527446394, 34.443488892 ], [ 135.527309441999989, 34.443417225 ], [ 135.527064720999988, 34.443345559 ], [ 135.526906394, 34.443291946 ], [ 135.526786939, 34.443215559 ], [ 135.52672917000001, 34.443126108 ], [ 135.526621115000012, 34.442777775 ], [ 135.526578054, 34.442640559 ], [ 135.526477224, 34.442479441 ], [ 135.526340272, 34.442312495 ], [ 135.526217782, 34.442187225 ], [ 135.52608834, 34.442097495 ], [ 135.52581583700001, 34.441972225 ], [ 135.525585551, 34.441894721 ], [ 135.525419728, 34.441846946 ], [ 135.52521083, 34.441763613 ], [ 135.525, 34.441667586 ], [ 135.524997977, 34.441666667 ], [ 135.524983333, 34.44166 ], [ 135.524752776000014, 34.441624162 ], [ 135.524572776000014, 34.441606387 ], [ 135.524407223999987, 34.441606387 ], [ 135.524246667, 34.441593054 ], [ 135.524191388, 34.441588333 ], [ 135.523953606, 34.441505 ], [ 135.523687224000014, 34.441331946 ], [ 135.523023333, 34.440895279 ], [ 135.52272083, 34.440650559 ], [ 135.522425551, 34.440453892 ], [ 135.52222389100001, 34.440304721 ], [ 135.522036394, 34.440147225 ], [ 135.522000558, 34.440015829 ], [ 135.522007782, 34.439840559 ], [ 135.521993333000012, 34.43959 ], [ 135.521989728, 34.439559441 ], [ 135.521957224, 34.439289162 ], [ 135.521885279, 34.439086387 ], [ 135.521806394, 34.438925279 ], [ 135.521800558, 34.438913054 ], [ 135.52169834, 34.438693054 ], [ 135.521583061, 34.438525829 ], [ 135.521424720999988, 34.438365 ], [ 135.521237224, 34.438221667 ], [ 135.521122217999988, 34.438108333 ], [ 135.520875837, 34.437892495 ], [ 135.520421946, 34.437534441 ], [ 135.520191673, 34.437388892 ], [ 135.520076394, 34.437251667 ], [ 135.519917782, 34.437114441 ], [ 135.519816939, 34.437001108 ], [ 135.51978083, 34.436891387 ], [ 135.519752218, 34.436804162 ], [ 135.519687497, 34.436584721 ], [ 135.519687497, 34.436399721 ], [ 135.519694449000013, 34.436277775 ], [ 135.519701946, 34.436149441 ], [ 135.519514449000013, 34.435986108 ], [ 135.51932, 34.435848892 ], [ 135.519308884999987, 34.435834441 ], [ 135.51909, 34.435548054 ], [ 135.518996394, 34.435434721 ], [ 135.51891, 34.435297495 ], [ 135.518845006, 34.435026667 ], [ 135.518794721, 34.434782225 ], [ 135.518795006, 34.434773333 ], [ 135.518799637, 34.434645973 ], [ 135.518801946, 34.434583054 ], [ 135.518845006, 34.43438 ], [ 135.518866667, 34.434260829 ], [ 135.518744163, 34.434028054 ], [ 135.518693891, 34.433866946 ], [ 135.518693891, 34.433584441 ], [ 135.518665006, 34.433429441 ], [ 135.51861345, 34.433333333 ], [ 135.518607497, 34.433322225 ], [ 135.518485006, 34.433166946 ], [ 135.518391388, 34.433041667 ], [ 135.51842, 34.432934441 ], [ 135.518470558, 34.432821108 ], [ 135.518593061, 34.432671946 ], [ 135.518787497, 34.432468892 ], [ 135.518845006, 34.432361667 ], [ 135.518837782, 34.432242225 ], [ 135.518845006, 34.432039441 ], [ 135.518873891, 34.431896387 ], [ 135.51898472100001, 34.431743333 ], [ 135.519330272, 34.431463054 ], [ 135.51951749700001, 34.431248613 ], [ 135.519589728, 34.431170829 ], [ 135.519496108999988, 34.431033892 ], [ 135.519388054, 34.430944162 ], [ 135.51928, 34.430854721 ], [ 135.519114449, 34.430765279 ], [ 135.519035006, 34.430711667 ], [ 135.518932776000014, 34.430619721 ], [ 135.518817496999986, 34.430506387 ], [ 135.518875279000014, 34.430422775 ], [ 135.518903891, 34.430351946 ], [ 135.51894, 34.430261946 ], [ 135.51891834, 34.430214162 ], [ 135.518723891, 34.430243892 ], [ 135.518637496999986, 34.430226108 ], [ 135.518529441999988, 34.430160279 ], [ 135.518428612, 34.430148333 ], [ 135.518270272, 34.430178333 ], [ 135.518088612000014, 34.430243892 ], [ 135.517815006, 34.430375279 ], [ 135.517598885000012, 34.430470559 ], [ 135.517325279, 34.43056 ], [ 135.517162503, 34.430651946 ], [ 135.516996939, 34.430729441 ], [ 135.516852776, 34.430765279 ], [ 135.516709170000013, 34.430860829 ], [ 135.51666666700001, 34.430877027 ], [ 135.516521673, 34.430932225 ], [ 135.516253891, 34.43101 ], [ 135.516220921000013, 34.431017162 ], [ 135.515980272, 34.431069441 ], [ 135.515836109, 34.431099441 ], [ 135.515634449, 34.431105279 ], [ 135.51551917, 34.431099441 ], [ 135.515389728, 34.431087495 ], [ 135.515173606, 34.431003892 ], [ 135.514986394, 34.430944162 ], [ 135.514791946, 34.430872775 ], [ 135.514691115, 34.430872775 ], [ 135.514561388, 34.430902495 ], [ 135.514388612, 34.430962225 ], [ 135.514201115, 34.431057495 ], [ 135.514048612000011, 34.431158892 ], [ 135.513875551000012, 34.431242225 ], [ 135.513695551000012, 34.431272225 ], [ 135.513501388, 34.431301946 ], [ 135.513183061, 34.431301946 ], [ 135.513060558, 34.431307775 ], [ 135.512873332999987, 34.431349721 ], [ 135.512678885000014, 34.431343613 ], [ 135.512506108999986, 34.431325829 ], [ 135.512333332999987, 34.431278054 ], [ 135.512174721, 34.431307775 ], [ 135.512059442, 34.431331667 ], [ 135.511944449, 34.431391387 ], [ 135.511836394, 34.431421108 ], [ 135.511685006, 34.431433054 ], [ 135.51148917, 34.431421108 ], [ 135.511294721000013, 34.431433054 ], [ 135.511143333, 34.431486946 ], [ 135.511064162999986, 34.431534721 ], [ 135.510934721000012, 34.431641946 ], [ 135.510761673, 34.431820829 ], [ 135.510625006, 34.431958054 ], [ 135.51048083, 34.432077495 ], [ 135.510336939000013, 34.432184721 ], [ 135.510250558, 34.432244441 ], [ 135.510164163000013, 34.432328054 ], [ 135.510063333, 34.432441387 ], [ 135.509991388, 34.432525 ], [ 135.509905006, 34.432572495 ], [ 135.50971610900001, 34.432613054 ], [ 135.509543333000011, 34.432648892 ], [ 135.509370558, 34.432678892 ], [ 135.509197782, 34.432714721 ], [ 135.509197224, 34.432714721 ], [ 135.509054449, 34.43275 ], [ 135.508931115, 34.432780279 ], [ 135.508808885, 34.43284 ], [ 135.508743891, 34.432899441 ], [ 135.508670558, 34.433041387 ], [ 135.508526394, 34.433160559 ], [ 135.508375279, 34.433232225 ], [ 135.508333333, 34.433235108 ], [ 135.508202218, 34.433244162 ], [ 135.508051115, 34.433261946 ], [ 135.507900441, 34.433333333 ], [ 135.507849442, 34.433357495 ], [ 135.507726939, 34.433387225 ], [ 135.507597224, 34.433476667 ], [ 135.507431673000013, 34.433560279 ], [ 135.507266109, 34.433613892 ], [ 135.507028612, 34.433667495 ], [ 135.506841388, 34.433727225 ], [ 135.506737496999989, 34.433777495 ], [ 135.506668612, 34.433810829 ], [ 135.506315551, 34.433983892 ], [ 135.506110557999989, 34.434006387 ], [ 135.506000272, 34.434018333 ], [ 135.505906667, 34.434000559 ], [ 135.505748054, 34.433946946 ], [ 135.505604162999987, 34.433869162 ], [ 135.50535917, 34.43375 ], [ 135.505229442, 34.433654441 ], [ 135.505135837000012, 34.433565 ], [ 135.505042218, 34.433541108 ], [ 135.504840558000012, 34.433559162 ], [ 135.504559728, 34.433588892 ], [ 135.504381115, 34.433588892 ], [ 135.504222776, 34.433559162 ], [ 135.504042503, 34.433505279 ], [ 135.503891673, 34.433457495 ], [ 135.503754721, 34.433391946 ], [ 135.503596394, 34.433356108 ], [ 135.503473891, 34.433391946 ], [ 135.503272218, 34.433523333 ], [ 135.503179921999987, 34.433617027 ], [ 135.503048885, 34.43375 ], [ 135.502912218, 34.433845279 ], [ 135.502825836999989, 34.433869162 ], [ 135.502688885, 34.433887225 ], [ 135.502559170000012, 34.433869162 ], [ 135.502422503, 34.433839441 ], [ 135.502275551, 34.433815559 ], [ 135.502066667, 34.433791667 ], [ 135.501929728, 34.433779721 ], [ 135.501821673, 34.433797775 ], [ 135.501692217999988, 34.433791667 ], [ 135.50154083000001, 34.433791667 ], [ 135.501389728, 34.433785829 ], [ 135.500964721, 34.433702225 ], [ 135.500777782, 34.433678333 ], [ 135.500626394, 34.433743892 ], [ 135.500511115, 34.433779721 ], [ 135.500424721, 34.433851387 ], [ 135.500309442, 34.433976667 ], [ 135.500215837000013, 34.434143613 ], [ 135.500115005999987, 34.434322775 ], [ 135.5, 34.434434081 ], [ 135.499985551, 34.434448054 ], [ 135.499769442, 34.434608613 ], [ 135.499742776, 34.43466 ], [ 135.499726109, 34.434692225 ], [ 135.499697223999988, 34.434823613 ], [ 135.499704449, 34.434936946 ], [ 135.499726109, 34.435109721 ], [ 135.499740558000013, 34.435275559 ], [ 135.499733333, 34.435436667 ], [ 135.499740558000013, 34.435669441 ], [ 135.499704449, 34.435794721 ], [ 135.499639728, 34.435973613 ], [ 135.499531673, 34.436158613 ], [ 135.499401946, 34.436355559 ], [ 135.499258054, 34.436510559 ], [ 135.499065006, 34.436703613 ], [ 135.498942503, 34.436858613 ], [ 135.49882, 34.437013892 ], [ 135.498611388, 34.437234441 ], [ 135.498517497, 34.437383613 ], [ 135.498301672999986, 34.437610279 ], [ 135.498292114, 34.437622162 ], [ 135.498186393999987, 34.437753613 ], [ 135.498179169999986, 34.437848892 ], [ 135.498179169999986, 34.438188892 ], [ 135.498171946000014, 34.438361946 ], [ 135.49820083, 34.438517225 ], [ 135.498229442, 34.438794721 ], [ 135.49825834, 34.438967775 ], [ 135.498287224, 34.439057225 ], [ 135.498337497, 34.439128892 ], [ 135.498481672999986, 34.439268613 ], [ 135.498596939, 34.439408054 ], [ 135.498848885, 34.439670559 ], [ 135.498978612, 34.439855559 ], [ 135.499086667, 34.440048892 ], [ 135.499144163000011, 34.440227775 ], [ 135.49920917, 34.440546387 ], [ 135.499252218, 34.440870829 ], [ 135.499273891, 34.441201108 ], [ 135.499266667, 34.441403892 ], [ 135.499252218, 34.441523333 ], [ 135.499192633, 34.441666667 ], [ 135.499129728000014, 34.441818054 ], [ 135.498971388, 34.442154441 ], [ 135.498762503, 34.442524162 ], [ 135.49856083, 34.442908333 ], [ 135.498546667, 34.442961667 ], [ 135.498517497, 34.443071946 ], [ 135.498431114999988, 34.443202775 ], [ 135.498395279, 34.44337 ], [ 135.498395279, 34.443501108 ], [ 135.498330272, 34.443700559 ], [ 135.498265551, 34.444042775 ], [ 135.498215279, 34.444221946 ], [ 135.498114449000013, 34.444635829 ], [ 135.498128611999988, 34.444838613 ], [ 135.498150272, 34.445011667 ], [ 135.498193606, 34.445148892 ], [ 135.498344721, 34.445339721 ], [ 135.498395279, 34.445512495 ], [ 135.498431114999988, 34.445685559 ], [ 135.49843834, 34.445859721 ], [ 135.498412776, 34.445923054 ], [ 135.49838083, 34.446002775 ], [ 135.498337224000011, 34.446070559 ], [ 135.498157497, 34.446351387 ], [ 135.498027782, 34.446506387 ], [ 135.497919728, 34.446667495 ], [ 135.497790272, 34.446846387 ], [ 135.497725279, 34.447033613 ], [ 135.497675006, 34.447230559 ], [ 135.497660558, 34.44735 ], [ 135.497675006, 34.447465559 ], [ 135.497675006, 34.447698333 ], [ 135.497703890999986, 34.447853333 ], [ 135.497653332999988, 34.448014441 ], [ 135.497610272, 34.448189721 ], [ 135.497487782, 34.448716946 ], [ 135.497487782, 34.448842225 ], [ 135.497401387999986, 34.449200279 ], [ 135.497379728, 34.449444721 ], [ 135.497394163, 34.449643892 ], [ 135.497422776, 34.449852775 ], [ 135.497406809000012, 34.45 ], [ 135.497386939, 34.450183333 ], [ 135.497358053999989, 34.450457775 ], [ 135.49732917, 34.450835559 ], [ 135.497286108999987, 34.451241387 ], [ 135.497255279, 34.451574162 ], [ 135.497195551, 34.451689441 ], [ 135.496964163, 34.45217 ], [ 135.496144163, 34.453117775 ], [ 135.495159728, 34.454258613 ], [ 135.495014721, 34.454541667 ], [ 135.494900558000012, 34.455039441 ], [ 135.494774721, 34.455454162 ], [ 135.494515837, 34.455917495 ], [ 135.494200557999989, 34.456213613 ], [ 135.493869170000011, 34.456428892 ], [ 135.493671946, 34.456556946 ], [ 135.493373333, 34.456915829 ], [ 135.493236667, 34.457080279 ], [ 135.492925837, 34.457380559 ], [ 135.492099442000011, 34.457860279 ], [ 135.492024163, 34.457903892 ], [ 135.491971946, 34.457926387 ], [ 135.491842502999987, 34.457982495 ], [ 135.491666667, 34.458058495 ], [ 135.491568054, 34.458101108 ], [ 135.491288340000011, 34.458298613 ], [ 135.491256446, 34.458333333 ], [ 135.491091388, 34.458513054 ], [ 135.490961672999987, 34.458738892 ], [ 135.49084, 34.458950559 ], [ 135.490791115, 34.459036108 ], [ 135.490732775999987, 34.459132775 ], [ 135.490456394, 34.459591108 ], [ 135.490371505000013, 34.459668495 ], [ 135.489627224, 34.460346387 ], [ 135.489295836999986, 34.460492225 ], [ 135.489046939, 34.460517775 ], [ 135.488311114999988, 34.460329162 ], [ 135.488176394, 34.460346387 ], [ 135.487555006, 34.460843892 ], [ 135.487140272, 34.461101108 ], [ 135.486539442, 34.461289721 ], [ 135.486052218, 34.461306946 ], [ 135.485584163, 34.461250829 ], [ 135.485321946, 34.461219441 ], [ 135.484595551000012, 34.461024721 ], [ 135.484403332999989, 34.461044721 ], [ 135.483333333, 34.461977 ], [ 135.482551672999989, 34.462658054 ], [ 135.482544721000011, 34.462664162 ], [ 135.482337497, 34.462844721 ], [ 135.481400558, 34.46364 ], [ 135.481040272, 34.463838892 ], [ 135.480343891, 34.463978054 ], [ 135.480199728, 34.464087495 ], [ 135.47971917000001, 34.464485279 ], [ 135.479450272, 34.464610279 ], [ 135.47877749700001, 34.464799441 ], [ 135.478583332999989, 34.464872495 ], [ 135.478513333, 34.464898892 ], [ 135.477963333, 34.465445 ], [ 135.477825551, 34.465581667 ], [ 135.477432218, 34.465972495 ], [ 135.47716834, 34.46642 ], [ 135.477264163, 34.466479721 ], [ 135.477161167, 34.466666667 ], [ 135.476745005999987, 34.467421946 ], [ 135.476337224, 34.468092495 ], [ 135.475880272000012, 34.468844441 ], [ 135.475784162999986, 34.469002775 ], [ 135.475768612, 34.469071667 ], [ 135.475711946, 34.469321108 ], [ 135.475726394, 34.469354441 ], [ 135.475772503, 34.46946 ], [ 135.475799728, 34.469521667 ], [ 135.475871673, 34.469686667 ], [ 135.476568054000012, 34.469626946 ], [ 135.476716109, 34.469648333 ], [ 135.47684416300001, 34.469666667 ], [ 135.476940272, 34.469786108 ], [ 135.477235837, 34.469924162 ], [ 135.47748083, 34.470038892 ], [ 135.478201388, 34.470903892 ], [ 135.477636939, 34.471301667 ], [ 135.477514163, 34.471437225 ], [ 135.477453606000012, 34.471504162 ], [ 135.477370830000012, 34.471595279 ], [ 135.477316667, 34.471655 ], [ 135.477096394, 34.471898333 ], [ 135.476720558000011, 34.472241387 ], [ 135.476242776, 34.472713054 ], [ 135.475663891000011, 34.473285279 ], [ 135.475400830000012, 34.473403892 ], [ 135.475, 34.473584721 ], [ 135.474923061, 34.473619441 ], [ 135.474884449, 34.473636946 ], [ 135.474638885, 34.473747775 ], [ 135.474532776, 34.473795559 ], [ 135.474071388, 34.474003892 ], [ 135.47386666700001, 34.474096108 ], [ 135.473658054, 34.474190279 ], [ 135.473636667, 34.474212775 ], [ 135.473366667, 34.474494441 ], [ 135.473166666999987, 34.474740279 ], [ 135.472955253, 34.475 ], [ 135.472620830000011, 34.475410829 ], [ 135.472249442, 34.475866946 ], [ 135.472074721000013, 34.476109721 ], [ 135.471913333, 34.476334162 ], [ 135.471796667, 34.476574162 ], [ 135.471721115, 34.476729162 ], [ 135.471589169999987, 34.477000279 ], [ 135.47134834, 34.477642775 ], [ 135.471314449, 34.477916387 ], [ 135.471301114999989, 34.478024721 ], [ 135.471289727999988, 34.478115559 ], [ 135.471252217999989, 34.478418613 ], [ 135.471240271999989, 34.478627495 ], [ 135.471372218, 34.478816387 ], [ 135.471276109, 34.479551946 ], [ 135.471324163, 34.479721108 ], [ 135.471501388, 34.479749721 ], [ 135.471669780000013, 34.479776721 ], [ 135.472032503, 34.479835279 ], [ 135.471793891, 34.480885 ], [ 135.471768054, 34.480998892 ], [ 135.471419728, 34.480998892 ], [ 135.470867223999988, 34.481158054 ], [ 135.470607224, 34.481173892 ], [ 135.470375006000012, 34.481187495 ], [ 135.47037, 34.481218054 ], [ 135.470231115, 34.482092495 ], [ 135.470161115, 34.482696946 ], [ 135.470146938999989, 34.482818333 ], [ 135.470068054, 34.483049162 ], [ 135.470028054000011, 34.483166387 ], [ 135.46999083, 34.483275829 ], [ 135.469404449, 34.483239721 ], [ 135.468155551, 34.483260279 ], [ 135.468054449, 34.482957495 ], [ 135.467902503, 34.482961667 ], [ 135.467432218, 34.482975 ], [ 135.467223891, 34.482980829 ], [ 135.46713834, 34.482983333 ], [ 135.466666667, 34.482996586 ], [ 135.466561673, 34.482999441 ], [ 135.46641083, 34.483003892 ], [ 135.466200272, 34.483009441 ], [ 135.466136939, 34.483072225 ], [ 135.466131245000014, 34.483333333 ], [ 135.46613, 34.483391108 ], [ 135.46612944200001, 34.483419721 ], [ 135.466123891, 34.483675279 ], [ 135.466122503, 34.483730279 ], [ 135.466112218, 34.484205559 ], [ 135.466112218, 34.484759162 ], [ 135.466031388, 34.485665829 ], [ 135.466021115, 34.485780559 ], [ 135.465998612, 34.486033333 ], [ 135.466036394000014, 34.486336108 ], [ 135.466112503, 34.486591387 ], [ 135.46624, 34.487019162 ], [ 135.466184721, 34.487444721 ], [ 135.466171115, 34.487548892 ], [ 135.466071946, 34.488312775 ], [ 135.46604083, 34.488551108 ], [ 135.466027223999987, 34.489417495 ], [ 135.466025279, 34.489543054 ], [ 135.466034721, 34.489617775 ], [ 135.466046446, 34.489709252 ], [ 135.46613, 34.490364441 ], [ 135.46614, 34.490442225 ], [ 135.466167496999986, 34.490659162 ], [ 135.466190272, 34.490838054 ], [ 135.466195551, 34.491083892 ], [ 135.466199442, 34.491254162 ], [ 135.466201673, 34.491354162 ], [ 135.466051946, 34.491545279 ], [ 135.465936394000011, 34.491650279 ], [ 135.465930752, 34.491666667 ], [ 135.465890272, 34.491784162 ], [ 135.465936394000011, 34.492147225 ], [ 135.46604, 34.492475279 ], [ 135.466050272, 34.492566108 ], [ 135.466128340000012, 34.493262495 ], [ 135.466134449, 34.493318054 ], [ 135.466143891, 34.493402225 ], [ 135.466181388, 34.493700559 ], [ 135.466201388, 34.493858054 ], [ 135.466248885, 34.494235829 ], [ 135.466259442, 34.494319441 ], [ 135.466492218000013, 34.495465559 ], [ 135.466502776, 34.495518054 ], [ 135.466537781999989, 34.495690279 ], [ 135.466537497, 34.495699441 ], [ 135.466531115, 34.495883613 ], [ 135.466528054, 34.495965279 ], [ 135.466526109, 34.496024721 ], [ 135.466433891, 34.496091387 ], [ 135.466203060999987, 34.496110559 ], [ 135.465822218, 34.496024721 ], [ 135.46564917, 34.496072495 ], [ 135.46556834, 34.496158333 ], [ 135.465577782, 34.49626 ], [ 135.465889442, 34.496699721 ], [ 135.465889442, 34.496928892 ], [ 135.465635551, 34.498591108 ], [ 135.465505551, 34.498809721 ], [ 135.46548, 34.498852495 ], [ 135.46540083, 34.498985829 ], [ 135.465383605999989, 34.499014721 ], [ 135.465363606000011, 34.499048054 ], [ 135.465266109, 34.499212225 ], [ 135.465091388, 34.499639441 ], [ 135.465025551, 34.499744973 ], [ 135.464866394000012, 34.5 ], [ 135.464745551, 34.500193613 ], [ 135.464733891, 34.500757495 ], [ 135.464895279, 34.501225559 ], [ 135.46559917, 34.502285829 ], [ 135.465933891, 34.502859162 ], [ 135.466014721, 34.503274721 ], [ 135.465925006, 34.503291387 ], [ 135.465876394, 34.503314162 ], [ 135.46579, 34.503354441 ], [ 135.465626109, 34.503446946 ], [ 135.465476939000013, 34.503539441 ], [ 135.465305551, 34.503687495 ], [ 135.465149169999989, 34.503841667 ], [ 135.465029728, 34.503983613 ], [ 135.464925551, 34.504125279 ], [ 135.46479861200001, 34.504217495 ], [ 135.46463472100001, 34.504266946 ], [ 135.464441115, 34.504242225 ], [ 135.464418884999986, 34.504112775 ], [ 135.464418884999986, 34.503884721 ], [ 135.464344163, 34.503786108 ], [ 135.464120558, 34.503601108 ], [ 135.464012776, 34.503508613 ], [ 135.463911946, 34.503422225 ], [ 135.463859727999989, 34.503335829 ], [ 135.46387, 34.503274721 ], [ 135.463794449, 34.502984441 ], [ 135.463756394, 34.502534162 ], [ 135.463791115, 34.502395829 ], [ 135.46394693900001, 34.501776108 ], [ 135.464147497, 34.501176387 ], [ 135.464147497, 34.500971108 ], [ 135.464031388, 34.500633892 ], [ 135.464031388, 34.500412775 ], [ 135.464126666999988, 34.500105 ], [ 135.464143528, 34.5 ], [ 135.464164721, 34.499868054 ], [ 135.464145837, 34.499670559 ], [ 135.463964449, 34.499323054 ], [ 135.463964449, 34.499157495 ], [ 135.463965836999989, 34.499148054 ], [ 135.464021673, 34.498739162 ], [ 135.463983606, 34.498438892 ], [ 135.463888340000011, 34.498296946 ], [ 135.463773890999988, 34.498257495 ], [ 135.463611673, 34.498312775 ], [ 135.463525837, 34.498494162 ], [ 135.46342083, 34.49926 ], [ 135.463525837, 34.499741667 ], [ 135.463525837, 34.499891667 ], [ 135.463453256, 34.5 ], [ 135.463430558, 34.500033892 ], [ 135.463335006, 34.500041667 ], [ 135.463269559, 34.5 ], [ 135.463087224, 34.499883892 ], [ 135.462858054, 34.499615279 ], [ 135.462476667, 34.498518054 ], [ 135.462133606, 34.498312775 ], [ 135.461914449, 34.498125279 ], [ 135.461838054, 34.49806 ], [ 135.461730558, 34.497777495 ], [ 135.461721673, 34.497753892 ], [ 135.461607224, 34.496932495 ], [ 135.461445006, 34.496727225 ], [ 135.461273333, 34.496648333 ], [ 135.461082503, 34.496656108 ], [ 135.460958612000013, 34.496774721 ], [ 135.460939442000011, 34.497011387 ], [ 135.461025279000012, 34.497319441 ], [ 135.461054163, 34.497853054 ], [ 135.461178053999987, 34.498958333 ], [ 135.46143583700001, 34.499941108 ], [ 135.461396498, 34.5 ], [ 135.461388340000013, 34.500012225 ], [ 135.461149728, 34.50002 ], [ 135.461092503, 34.500083333 ], [ 135.461101946000014, 34.500178054 ], [ 135.461292776, 34.500391108 ], [ 135.461703061, 34.500580559 ], [ 135.461703061, 34.500683333 ], [ 135.461598054, 34.500817495 ], [ 135.461569442000012, 34.500912225 ], [ 135.461636109000011, 34.501015 ], [ 135.461960272, 34.501141387 ], [ 135.462112776, 34.501323054 ], [ 135.462267223999987, 34.501667775 ], [ 135.462297782, 34.501692495 ], [ 135.46265834, 34.501983613 ], [ 135.46273444900001, 34.502196946 ], [ 135.462746667, 34.502351387 ], [ 135.462777781999989, 34.502748892 ], [ 135.463056666999989, 34.503274721 ], [ 135.463114448999988, 34.503428333 ], [ 135.463166394000012, 34.503675 ], [ 135.463211115, 34.503804721 ], [ 135.46330083, 34.504001667 ], [ 135.463338054, 34.504186667 ], [ 135.46330083, 34.504630829 ], [ 135.463345551, 34.504735829 ], [ 135.463427497, 34.50489 ], [ 135.463427497, 34.505061387 ], [ 135.463412503, 34.505178613 ], [ 135.463345551, 34.50544 ], [ 135.46330083, 34.505575829 ], [ 135.463315551, 34.50573 ], [ 135.46342, 34.505997775 ], [ 135.463397496999988, 34.506160559 ], [ 135.463338054, 34.506345559 ], [ 135.463306939, 34.506552225 ], [ 135.46330083, 34.506591946 ], [ 135.463107782, 34.506631946 ], [ 135.463091946, 34.506635279 ], [ 135.462823606, 34.506715279 ], [ 135.462652217999988, 34.506746108 ], [ 135.462547782, 34.506666108 ], [ 135.46244333300001, 34.506536667 ], [ 135.462294449000012, 34.506406946 ], [ 135.462175006, 34.506400829 ], [ 135.462070829999988, 34.506450279 ], [ 135.462010271999986, 34.506544441 ], [ 135.462003606, 34.506555 ], [ 135.461973891000014, 34.50666 ], [ 135.461996109000012, 34.506857225 ], [ 135.462033606, 34.507036108 ], [ 135.462085551, 34.507128613 ], [ 135.462205006, 34.507369162 ], [ 135.46227944200001, 34.507523333 ], [ 135.46230917, 34.507659162 ], [ 135.462301946, 34.507844162 ], [ 135.462286939, 34.507986108 ], [ 135.462205006, 34.508140279 ], [ 135.462093061, 34.508232775 ], [ 135.461988885000011, 34.508254441 ], [ 135.461914162999989, 34.508269721 ], [ 135.461869442, 34.508158613 ], [ 135.461683061, 34.507893613 ], [ 135.461616394, 34.507824721 ], [ 135.461474449, 34.507677495 ], [ 135.46132917, 34.507670829 ], [ 135.461288054, 34.507668892 ], [ 135.460938054, 34.507619721 ], [ 135.460781387999987, 34.507613613 ], [ 135.460781387999987, 34.507755279 ], [ 135.460937782, 34.508076108 ], [ 135.460945278999986, 34.508205559 ], [ 135.461034721, 34.508322775 ], [ 135.461040856000011, 34.508333333 ], [ 135.461213606, 34.508630829 ], [ 135.461317782, 34.508878892 ], [ 135.46134834, 34.508926667 ], [ 135.461445837000014, 34.509078892 ], [ 135.461587224, 34.5093 ], [ 135.461706666999987, 34.509486387 ], [ 135.461787496999989, 34.509612775 ], [ 135.461854448999986, 34.509754721 ], [ 135.461862218, 34.509812775 ], [ 135.46188, 34.509943613 ], [ 135.461891946, 34.510032225 ], [ 135.461876939, 34.510244441 ], [ 135.461832218000012, 34.510441946 ], [ 135.461765006, 34.510602225 ], [ 135.461557782, 34.510909721 ], [ 135.461362503, 34.511199162 ], [ 135.461138885, 34.511458054 ], [ 135.460811115000013, 34.511920829 ], [ 135.46069917, 34.512105829 ], [ 135.460527782000014, 34.512247775 ], [ 135.460363605999987, 34.512327775 ], [ 135.460229728, 34.512340279 ], [ 135.460073333, 34.512340279 ], [ 135.459916666999987, 34.512377225 ], [ 135.459753891, 34.512449441 ], [ 135.459708054, 34.512469721 ], [ 135.459536667, 34.512512775 ], [ 135.459514163, 34.512432775 ], [ 135.459447224, 34.512198333 ], [ 135.459402503, 34.511976387 ], [ 135.459261672999986, 34.511752225 ], [ 135.459201115000013, 34.511655559 ], [ 135.459134162999987, 34.511538333 ], [ 135.459066939, 34.511421108 ], [ 135.459059442000012, 34.511266946 ], [ 135.459081946, 34.511100279 ], [ 135.459075006, 34.510992775 ], [ 135.459074449000013, 34.510983054 ], [ 135.458333333000013, 34.510960748 ], [ 135.458261946, 34.510958613 ], [ 135.458259728, 34.510963613 ], [ 135.458157497, 34.511180559 ], [ 135.45815, 34.511390279 ], [ 135.458202218, 34.511569162 ], [ 135.458239442, 34.511772775 ], [ 135.458239442, 34.511987225 ], [ 135.458209728000014, 34.512298333 ], [ 135.458200272, 34.512384721 ], [ 135.458192503, 34.512454162 ], [ 135.458185279, 34.512521946 ], [ 135.458172502999986, 34.512637495 ], [ 135.458172502999986, 34.513044162 ], [ 135.45815, 34.513315559 ], [ 135.458083061, 34.513500829 ], [ 135.457993606, 34.513574721 ], [ 135.457851946, 34.513741387 ], [ 135.457732776, 34.513889441 ], [ 135.457658054, 34.514032495 ], [ 135.457546394, 34.514266946 ], [ 135.457531388, 34.514433333 ], [ 135.457531388, 34.514587495 ], [ 135.457464449000014, 34.514748054 ], [ 135.457397224, 34.514840559 ], [ 135.45721083, 34.51497 ], [ 135.457031946, 34.515136108 ], [ 135.456882775999986, 34.515247225 ], [ 135.456637224, 34.515376667 ], [ 135.456473333, 34.515401387 ], [ 135.456324163, 34.515376667 ], [ 135.45604083, 34.515228892 ], [ 135.455817223999986, 34.515166946 ], [ 135.455541388, 34.515154721 ], [ 135.455161388, 34.515173333 ], [ 135.454654449, 34.51514 ], [ 135.454490271999987, 34.515195559 ], [ 135.454444449, 34.515303892 ], [ 135.454393606, 34.515423613 ], [ 135.45428917000001, 34.515783892 ], [ 135.45443834, 34.515802495 ], [ 135.45443083, 34.516036667 ], [ 135.454378612, 34.516338892 ], [ 135.454363605999987, 34.516530279 ], [ 135.454810830000014, 34.516425279 ], [ 135.454975006000012, 34.516376108 ], [ 135.455146394, 34.516345279 ], [ 135.456011115, 34.516116946 ], [ 135.45630917, 34.516172495 ], [ 135.456495550999989, 34.516240279 ], [ 135.456566109, 34.516028892 ], [ 135.456649442000014, 34.515910829 ], [ 135.456726393999986, 34.515856667 ], [ 135.456809728, 34.515837225 ], [ 135.456910558, 34.515841946 ], [ 135.457005837, 34.515881387 ], [ 135.457095006, 34.515984721 ], [ 135.45714834, 34.516117495 ], [ 135.45714834, 34.516274721 ], [ 135.457124449, 34.516383054 ], [ 135.457112776, 34.516611108 ], [ 135.457125330999986, 34.516666667 ], [ 135.457130557999989, 34.516689721 ], [ 135.457154163000013, 34.516743892 ], [ 135.457201946, 34.516812775 ], [ 135.457308885, 34.516906108 ], [ 135.457481115, 34.517098054 ], [ 135.45759416300001, 34.517257225 ], [ 135.457647497000011, 34.517406946 ], [ 135.457701115, 34.517524721 ], [ 135.457754449, 34.517608333 ], [ 135.457825837, 34.517687225 ], [ 135.457912218, 34.517730559 ], [ 135.457967223999987, 34.517758054 ], [ 135.458128885, 34.517839162 ], [ 135.458235836999989, 34.517937495 ], [ 135.458325006, 34.518060559 ], [ 135.458333333000013, 34.518082829 ], [ 135.458372503, 34.518187495 ], [ 135.458426108999987, 34.51834 ], [ 135.458485551, 34.518443054 ], [ 135.458568612, 34.518477495 ], [ 135.458628054, 34.518482495 ], [ 135.459073891, 34.518290829 ], [ 135.459258054, 34.518211946 ], [ 135.459483606, 34.518207225 ], [ 135.45967527900001, 34.51832 ], [ 135.459774163, 34.518378054 ], [ 135.459935279, 34.518472775 ], [ 135.459965006, 34.518620279 ], [ 135.459982776, 34.518797225 ], [ 135.459974721, 34.518807775 ], [ 135.459809442, 34.519025559 ], [ 135.459806394, 34.519029441 ], [ 135.459733333, 34.519125829 ], [ 135.459685837, 34.519258613 ], [ 135.45963805400001, 34.519356946 ], [ 135.45963805400001, 34.519494441 ], [ 135.459661946000011, 34.519642225 ], [ 135.459501388, 34.519878054 ], [ 135.459317223999989, 34.519986387 ], [ 135.459174721000011, 34.520114162 ], [ 135.459165551000012, 34.520120279 ], [ 135.459008612, 34.520221387 ], [ 135.458848053999986, 34.520314721 ], [ 135.458705551, 34.520368613 ], [ 135.45859834, 34.520393333 ], [ 135.458333333000013, 34.520411387 ], [ 135.458313061000013, 34.520412775 ], [ 135.458105279, 34.520530829 ], [ 135.457825837, 34.520693333 ], [ 135.457417056, 34.520934802 ], [ 135.458305837000012, 34.521843252 ], [ 135.457559143999987, 34.52194964 ], [ 135.45763555100001, 34.522191108 ], [ 135.457398054, 34.522230559 ], [ 135.457267224, 34.522339721 ], [ 135.456958054000012, 34.522698333 ], [ 135.456809728, 34.522644162 ], [ 135.456375837, 34.522558892 ], [ 135.456185551, 34.522521387 ], [ 135.455953891, 34.52289 ], [ 135.455918054, 34.523003333 ], [ 135.455894449, 34.523140829 ], [ 135.455870557999987, 34.523337495 ], [ 135.45590639400001, 34.523613054 ], [ 135.455965837, 34.523803892 ], [ 135.456054720999987, 34.523985829 ], [ 135.456114163, 34.524103892 ], [ 135.456173606, 34.524241387 ], [ 135.456191673, 34.524428333 ], [ 135.456043061, 34.524502225 ], [ 135.455870557999987, 34.524556108 ], [ 135.455858611999986, 34.524398892 ], [ 135.455841673, 34.524281667 ], [ 135.45584083, 34.524275829 ], [ 135.455811114999989, 34.524177495 ], [ 135.455757782, 34.524138333 ], [ 135.455532503, 34.524125829 ], [ 135.455401115, 34.524118613 ], [ 135.454955551000012, 34.524079162 ], [ 135.454797782000014, 34.524068054 ], [ 135.454676393999989, 34.524059441 ], [ 135.454628885, 34.524098892 ], [ 135.454611115, 34.524220829 ], [ 135.45459917, 34.524442225 ], [ 135.454587224, 34.524584441 ], [ 135.454527782000014, 34.524736946 ], [ 135.454474162999986, 34.524845 ], [ 135.454385279, 34.524928613 ], [ 135.45424834, 34.524997495 ], [ 135.454241673000013, 34.525 ], [ 135.454129728, 34.525041946 ], [ 135.453963061, 34.525081108 ], [ 135.453766939, 34.525091108 ], [ 135.453576938999987, 34.525071387 ], [ 135.453514423, 34.525 ], [ 135.453471115000013, 34.524950559 ], [ 135.453343891, 34.524805559 ], [ 135.453260558000011, 34.52471 ], [ 135.453232218000011, 34.524677775 ], [ 135.453043333000011, 34.524746667 ], [ 135.45286333300001, 34.524812225 ], [ 135.452691388, 34.524874721 ], [ 135.452536939, 34.524923892 ], [ 135.452342244, 34.525 ], [ 135.452323060999987, 34.525007495 ], [ 135.452103061, 34.525081108 ], [ 135.451871673, 34.525159721 ], [ 135.451687224000011, 34.525199162 ], [ 135.451538612, 34.525213892 ], [ 135.451348612, 34.525253333 ], [ 135.451146394, 34.525248333 ], [ 135.45096834, 34.525208892 ], [ 135.450552218000013, 34.52515 ], [ 135.45, 34.525205748 ], [ 135.449773606, 34.525228613 ], [ 135.449577497, 34.525243333 ], [ 135.44939917, 34.525199162 ], [ 135.449232776, 34.525159721 ], [ 135.449054448999988, 34.525129441 ], [ 135.448906394, 34.525129441 ], [ 135.448811115000012, 34.525144162 ], [ 135.448603061, 34.525232495 ], [ 135.448425006, 34.525350559 ], [ 135.448335837, 34.525513054 ], [ 135.448258611999989, 34.525738054 ], [ 135.448187224, 34.525915 ], [ 135.448179728000014, 34.525916667 ], [ 135.447575006, 34.526047775 ], [ 135.447428885, 34.526015279 ], [ 135.447320558, 34.525991108 ], [ 135.447176939, 34.525959162 ], [ 135.446998054, 34.525952775 ], [ 135.446909442, 34.525949441 ], [ 135.446818611999987, 34.525961387 ], [ 135.446760829999988, 34.525968892 ], [ 135.446546939, 34.526047775 ], [ 135.446356667, 34.526023054 ], [ 135.446178339999989, 34.525973892 ], [ 135.446035837000011, 34.525939441 ], [ 135.445881388, 34.525959162 ], [ 135.445738612000014, 34.526003333 ], [ 135.445673333, 34.526077225 ], [ 135.445667224, 34.526150829 ], [ 135.445685279, 34.526268892 ], [ 135.445815837, 34.526446108 ], [ 135.445934720999986, 34.526544441 ], [ 135.446011946, 34.526610279 ], [ 135.446107224, 34.526728333 ], [ 135.446172503000014, 34.526890559 ], [ 135.446202218, 34.527126667 ], [ 135.446206667000013, 34.527208892 ], [ 135.446214163, 34.52735 ], [ 135.446196394, 34.527443333 ], [ 135.446142775999988, 34.527609441 ], [ 135.446107224, 34.527698054 ], [ 135.446142775999988, 34.527761946 ], [ 135.44635083, 34.527840559 ], [ 135.446600272000012, 34.527909441 ], [ 135.446784721, 34.527973333 ], [ 135.447147224, 34.528061946 ], [ 135.447331388, 34.528143613 ], [ 135.447539442, 34.528217225 ], [ 135.44765834, 34.528290829 ], [ 135.447783061, 34.528354721 ], [ 135.447937497, 34.528453054 ], [ 135.447996939, 34.528600559 ], [ 135.448008885, 34.528738333 ], [ 135.448032776, 34.528836667 ], [ 135.448074163, 34.528905559 ], [ 135.448228885, 34.529072775 ], [ 135.448228612, 34.529416946 ], [ 135.448228612, 34.529480829 ], [ 135.448430558000013, 34.529416946 ], [ 135.448614721000013, 34.529362775 ], [ 135.448787224, 34.529323613 ], [ 135.448953606, 34.529298892 ], [ 135.449179442, 34.529284162 ], [ 135.449387497, 34.529284162 ], [ 135.449666667, 34.529259721 ], [ 135.449809442, 34.52924 ], [ 135.45, 34.529235667 ], [ 135.45002917, 34.529235 ], [ 135.450195551, 34.52923 ], [ 135.45043917000001, 34.529269441 ], [ 135.450629442, 34.529340279 ], [ 135.450896938999989, 34.529473054 ], [ 135.451128612, 34.529591108 ], [ 135.451282776, 34.529723892 ], [ 135.451324449, 34.529891108 ], [ 135.45134834000001, 34.530298333 ], [ 135.451318612, 34.530406387 ], [ 135.451247224000014, 34.530455559 ], [ 135.451214163, 34.530463333 ], [ 135.451164162999987, 34.530475279 ], [ 135.451075279, 34.530475279 ], [ 135.450944449, 34.530431108 ], [ 135.450754163, 34.530317775 ], [ 135.450583061, 34.530291667 ], [ 135.450421115000012, 34.530267225 ], [ 135.450302502999989, 34.530249162 ], [ 135.450076667, 34.530268613 ], [ 135.45, 34.530282495 ], [ 135.449886666999987, 34.530303054 ], [ 135.449666667, 34.530376946 ], [ 135.449416939, 34.530416108 ], [ 135.449185279, 34.530406387 ], [ 135.449006938999986, 34.530406387 ], [ 135.448834721, 34.530426108 ], [ 135.448596939, 34.530465279 ], [ 135.44844834, 34.530509721 ], [ 135.448228612, 34.530544162 ], [ 135.44802639400001, 34.530593333 ], [ 135.447741388, 34.530696667 ], [ 135.447557224, 34.530647495 ], [ 135.447408612, 34.530642495 ], [ 135.447141115, 34.530681387 ], [ 135.446885551, 34.530706108 ], [ 135.446755005999989, 34.530745559 ], [ 135.446588612, 34.53078 ], [ 135.446428054, 34.530823054 ], [ 135.44630917, 34.530896946 ], [ 135.44622, 34.531005 ], [ 135.446184448999986, 34.531073892 ], [ 135.446202218, 34.531152495 ], [ 135.446291388, 34.531531387 ], [ 135.446463606, 34.531741667 ], [ 135.446576666999988, 34.531820559 ], [ 135.446648054, 34.53185 ], [ 135.446790558, 34.531899162 ], [ 135.446921388, 34.531992495 ], [ 135.447022218, 34.532086108 ], [ 135.447092503, 34.532191387 ], [ 135.44717083, 34.532309162 ], [ 135.447254163, 34.532432225 ], [ 135.447366939, 34.532532495 ], [ 135.447497782, 34.532665279 ], [ 135.44762834, 34.532748892 ], [ 135.447711387999988, 34.532803054 ], [ 135.447830272, 34.533119721 ], [ 135.447887197999989, 34.533333333 ], [ 135.447889728, 34.533342775 ], [ 135.447937223999986, 34.5335 ], [ 135.448038340000011, 34.533931667 ], [ 135.447705551000013, 34.534005559 ], [ 135.447681673, 34.533907225 ], [ 135.447586667, 34.533907225 ], [ 135.447396394, 34.533936667 ], [ 135.447224449, 34.533995829 ], [ 135.447087782000011, 34.534025279 ], [ 135.446636667, 34.534122225 ], [ 135.44663, 34.534123613 ], [ 135.446624163, 34.534172775 ], [ 135.446641946, 34.534379162 ], [ 135.446634448999987, 34.534450279 ], [ 135.446592775999989, 34.534851387 ], [ 135.446583061000013, 34.534942775 ], [ 135.446576666999988, 34.535004721 ], [ 135.446618339999986, 34.535171946 ], [ 135.446677497, 34.535466667 ], [ 135.446713333, 34.535737225 ], [ 135.446743061, 34.536034162 ], [ 135.446564720999987, 34.536053892 ], [ 135.446475551, 34.535596667 ], [ 135.446416109000012, 34.535321387 ], [ 135.446398054000014, 34.535257775 ], [ 135.446374449, 34.535173892 ], [ 135.446202218, 34.535213333 ], [ 135.446267497, 34.535557225 ], [ 135.446303333, 34.535680279 ], [ 135.44639834, 34.536093333 ], [ 135.446237782, 34.536122775 ], [ 135.446202218, 34.536049162 ], [ 135.446148612, 34.535842495 ], [ 135.446095279, 34.535581946 ], [ 135.446034721, 34.535543333 ], [ 135.44594, 34.535482775 ], [ 135.44581, 34.5354 ], [ 135.445667224, 34.535115 ], [ 135.445515668000013, 34.535166387 ], [ 135.44546, 34.535185279 ], [ 135.445334449, 34.535228054 ], [ 135.445205550999987, 34.535277495 ], [ 135.445067224000013, 34.535331108 ], [ 135.445144449, 34.535449162 ], [ 135.445334449, 34.535758892 ], [ 135.445483061, 34.536031387 ], [ 135.445601946000011, 34.536134721 ], [ 135.445693060999986, 34.536232225 ], [ 135.445875279, 34.536426667 ], [ 135.445940830000012, 34.536564441 ], [ 135.445978340000011, 34.536644162 ], [ 135.446035837000011, 34.536766108 ], [ 135.446065551, 34.536839721 ], [ 135.44608917, 34.536879162 ], [ 135.445958612, 34.536957775 ], [ 135.445815837, 34.537065 ], [ 135.445661388, 34.537138892 ], [ 135.445553891, 34.537197225 ], [ 135.445435551, 34.537261667 ], [ 135.445304721000014, 34.537340559 ], [ 135.44511472100001, 34.537507495 ], [ 135.44497194600001, 34.537591108 ], [ 135.444726667, 34.537740829 ], [ 135.444520272, 34.537867225 ], [ 135.44436, 34.537896946 ], [ 135.444175551, 34.537946108 ], [ 135.44408639400001, 34.537985279 ], [ 135.444003333000012, 34.538039441 ], [ 135.44383083, 34.538162495 ], [ 135.443700272, 34.538280279 ], [ 135.443587224, 34.538413054 ], [ 135.443489728, 34.538480279 ], [ 135.443373333000011, 34.538560829 ], [ 135.443236667, 34.53867 ], [ 135.44315360600001, 34.538763333 ], [ 135.443009728, 34.538908054 ], [ 135.442995551, 34.538922495 ], [ 135.442850558, 34.539068333 ], [ 135.442725837000012, 34.539151667 ], [ 135.442565279, 34.539304162 ], [ 135.442422776, 34.539402495 ], [ 135.442351388, 34.539441946 ], [ 135.442226667, 34.539476387 ], [ 135.441691673, 34.539565 ], [ 135.441666667, 34.539562721 ], [ 135.441471946, 34.539545 ], [ 135.440844163, 34.539532495 ], [ 135.440491388, 34.539525279 ], [ 135.439825837, 34.539510559 ], [ 135.439681388, 34.539506667 ], [ 135.439273332999988, 34.539495829 ], [ 135.439005837, 34.539525279 ], [ 135.438619442, 34.53954 ], [ 135.438643332999987, 34.539613892 ], [ 135.438762218, 34.539835 ], [ 135.438904721, 34.540014162 ], [ 135.439005837, 34.540191108 ], [ 135.439082503, 34.540321387 ], [ 135.439166394000011, 34.540463613 ], [ 135.438625551, 34.540654441 ], [ 135.438411388, 34.540747775 ], [ 135.438215279, 34.540816667 ], [ 135.438048885, 34.540890279 ], [ 135.437888612, 34.540934721 ], [ 135.437817224000014, 34.540964162 ], [ 135.437696757, 34.541060486 ], [ 135.437707859999989, 34.541077559 ], [ 135.43770834, 34.541078279 ], [ 135.437995525, 34.541513 ], [ 135.43809691300001, 34.541666667 ], [ 135.440522140000013, 34.545342919 ], [ 135.441666667, 34.547123441 ], [ 135.441781505, 34.547302108 ], [ 135.441797173, 34.547324 ], [ 135.44181, 34.547342081 ], [ 135.442075966, 34.547750162 ], [ 135.442118521, 34.547806973 ], [ 135.44215022, 34.547854973 ], [ 135.442128755, 34.547858775 ], [ 135.442142114, 34.547943387 ], [ 135.442120311, 34.547965279 ], [ 135.442119857, 34.548028 ], [ 135.442119831000014, 34.548034333 ], [ 135.442172866, 34.548184802 ], [ 135.442201336000011, 34.548265586 ], [ 135.442266135000011, 34.548449468 ], [ 135.442268249, 34.548455495 ], [ 135.442296589, 34.548538279 ], [ 135.442306252, 34.548574225 ], [ 135.442407108, 34.548627586 ], [ 135.442430389, 34.548632468 ], [ 135.442525525, 34.548910306 ], [ 135.442528470000013, 34.548922946 ], [ 135.442649026999987, 34.549278333 ], [ 135.442649339000013, 34.549297721 ], [ 135.442650337, 34.549370721 ], [ 135.442610052, 34.54937 ], [ 135.442625642, 34.55 ], [ 135.442627691000013, 34.550082667 ], [ 135.442659533000011, 34.550082721 ], [ 135.442660752, 34.550280252 ], [ 135.442662581, 34.550413694 ], [ 135.442662944, 34.55050836 ], [ 135.443290921, 34.550878667 ], [ 135.443180571, 34.55100445 ], [ 135.443196861, 34.55102036 ], [ 135.443312309, 34.550890306 ], [ 135.443379689000011, 34.550930027 ], [ 135.443710921, 34.551131135 ], [ 135.443732477, 34.551182441 ], [ 135.443663165, 34.551197802 ], [ 135.443672361000012, 34.551214495 ], [ 135.443705615999988, 34.551305108 ], [ 135.44373014300001, 34.551371973 ], [ 135.443754668999986, 34.551438829 ], [ 135.443782801999987, 34.551515468 ], [ 135.44384452700001, 34.551499802 ], [ 135.444001971, 34.55193536 ], [ 135.444195914, 34.552471748 ], [ 135.444165253, 34.552479081 ], [ 135.443889844000012, 34.552546901 ], [ 135.443597133999987, 34.552622198 ], [ 135.443635772, 34.552743694 ], [ 135.443684916, 34.552876 ], [ 135.443686160999988, 34.552885108 ], [ 135.443721997000011, 34.55298364 ], [ 135.443725863, 34.552993387 ], [ 135.443765966, 34.553107252 ], [ 135.443767885999989, 34.553114829 ], [ 135.443810506, 34.553227721 ], [ 135.443814358, 34.553237468 ], [ 135.443853502, 34.553346721 ], [ 135.443856692999987, 34.55335864 ], [ 135.4439262, 34.553559108 ], [ 135.443929688999987, 34.553572 ], [ 135.444016549999986, 34.553815081 ], [ 135.444034228, 34.553811946 ], [ 135.444078392, 34.553937973 ], [ 135.443474474999988, 34.554075414 ], [ 135.443457445, 34.554079135 ], [ 135.443400272, 34.554092108 ], [ 135.443378612, 34.554104468 ], [ 135.442930752, 34.554205027 ], [ 135.442898638, 34.554215694 ], [ 135.442882996, 34.554224802 ], [ 135.442863281, 34.554240946 ], [ 135.442861894, 34.554251748 ], [ 135.442851997, 34.554265694 ], [ 135.442891284000012, 34.555058225 ], [ 135.442929467999988, 34.555702892 ], [ 135.44295642, 34.556191721 ], [ 135.442996641, 34.556188306 ], [ 135.442970143, 34.555701279 ], [ 135.442934111999989, 34.555058414 ], [ 135.442902192, 34.554368613 ], [ 135.443052114000011, 34.55433336 ], [ 135.443352503, 34.554262748 ], [ 135.443383917, 34.554254225 ], [ 135.443406939, 34.554249775 ], [ 135.443607471, 34.554211081 ], [ 135.44361978, 34.554208279 ], [ 135.443863943, 34.554152081 ], [ 135.444225472999989, 34.555143387 ], [ 135.44448211400001, 34.555079333 ], [ 135.444516278, 34.555177694 ], [ 135.444523217000011, 34.555193667 ], [ 135.444532944, 34.555201865 ], [ 135.444547782, 34.555209775 ], [ 135.444584501, 34.555307333 ], [ 135.444068521, 34.555427613 ], [ 135.444076057, 34.555449748 ], [ 135.44459275, 34.555329306 ], [ 135.44468963700001, 34.555586748 ], [ 135.444695771999989, 34.55560836 ], [ 135.444697471000012, 34.55561564 ], [ 135.444697419, 34.555624225 ], [ 135.444701751, 34.555638252 ], [ 135.444689663, 34.555658135 ], [ 135.44424275, 34.555762802 ], [ 135.444338495000011, 34.556039532 ], [ 135.444149468, 34.556083279 ], [ 135.444179442, 34.556171919 ], [ 135.444368586, 34.556126387 ], [ 135.44445703, 34.556382 ], [ 135.444457523000011, 34.556390135 ], [ 135.443986446, 34.556392333 ], [ 135.443738833, 34.556250279 ], [ 135.443724034000013, 34.556266532 ], [ 135.443972022999986, 34.556414973 ], [ 135.444497782000013, 34.556418559 ], [ 135.444535616, 34.556444135 ], [ 135.444660817, 34.556832459 ], [ 135.444786031, 34.557220784 ], [ 135.44469594, 34.557244613 ], [ 135.444620169, 34.55726464 ], [ 135.444485811, 34.557300198 ], [ 135.444107808000012, 34.557397802 ], [ 135.444103217, 34.557399054 ], [ 135.443735473, 34.557492387 ], [ 135.443513528000011, 34.557552613 ], [ 135.443303410999988, 34.55760664 ], [ 135.442881414, 34.557715775 ], [ 135.442452632999988, 34.557827694 ], [ 135.442020246, 34.557940748 ], [ 135.441802581, 34.557998613 ], [ 135.441666667, 34.558032586 ], [ 135.441591025, 34.558051468 ], [ 135.441182672, 34.558157135 ], [ 135.440719441999988, 34.558273586 ], [ 135.440581894, 34.558311279 ], [ 135.440501414000011, 34.558333333 ], [ 135.440447056000011, 34.558348252 ], [ 135.440441388000011, 34.558333333 ], [ 135.440347366999987, 34.558085892 ], [ 135.440410752, 34.558039748 ], [ 135.440795642000012, 34.557942721 ], [ 135.440738197, 34.557799919 ], [ 135.44020808, 34.557939468 ], [ 135.440267885999987, 34.558090946 ], [ 135.440278755, 34.558094946 ], [ 135.440363307000013, 34.558322613 ], [ 135.440367328, 34.558333333 ], [ 135.440380026000014, 34.558367306 ], [ 135.440033217, 34.558454892 ], [ 135.439986549999986, 34.558333333 ], [ 135.439972192, 34.558295946 ], [ 135.439992477, 34.558292162 ], [ 135.439969442, 34.558233162 ], [ 135.439900363, 34.558250441 ], [ 135.439922724000013, 34.558308775 ], [ 135.439941608, 34.55830336 ], [ 135.43994917, 34.558301135 ], [ 135.439962192, 34.558333333 ], [ 135.439996109, 34.558416946 ], [ 135.4400138, 34.558460667 ], [ 135.439631725, 34.558563225 ], [ 135.439559637, 34.558392306 ], [ 135.439120026000012, 34.558508829 ], [ 135.438450856, 34.558684721 ], [ 135.438005084, 34.558796081 ], [ 135.43762572, 34.558895027 ], [ 135.437636860999987, 34.558924387 ], [ 135.437640389, 34.558934054 ], [ 135.437668521, 34.559011532 ], [ 135.437689494000011, 34.559069135 ], [ 135.437410777999986, 34.559141081 ], [ 135.437274578, 34.559176225 ], [ 135.437241414, 34.559184802 ], [ 135.437096226, 34.559608225 ], [ 135.437036719, 34.559596225 ], [ 135.436956329, 34.55959036 ], [ 135.436899559000011, 34.55959164 ], [ 135.436823865, 34.559599946 ], [ 135.436748521, 34.559410162 ], [ 135.436652826999989, 34.55943164 ], [ 135.436730506, 34.559626468 ], [ 135.436648975, 34.559661333 ], [ 135.436584449, 34.559697 ], [ 135.436534942, 34.55973436 ], [ 135.436501725, 34.559764694 ], [ 135.436091115000011, 34.559488919 ], [ 135.436073333, 34.559493973 ], [ 135.435920143, 34.559537081 ], [ 135.435903255999989, 34.55952364 ], [ 135.435573774, 34.55961236 ], [ 135.43551786, 34.559627441 ], [ 135.435011634, 34.559763667 ], [ 135.434955422, 34.559778081 ], [ 135.434734916, 34.559835586 ], [ 135.434371089, 34.55992936 ], [ 135.43434005200001, 34.559938333 ], [ 135.434057302000014, 34.560015 ], [ 135.433336835, 34.560203027 ], [ 135.433333333, 34.560203946 ], [ 135.432861505, 34.560327054 ], [ 135.432759922, 34.560074613 ], [ 135.431398859000012, 34.56042736 ], [ 135.431479442000011, 34.560642198 ], [ 135.43149655, 34.560688613 ], [ 135.431204812, 34.560758225 ], [ 135.431197172999987, 34.560759973 ], [ 135.431178521, 34.560730225 ], [ 135.431111141, 34.560751027 ], [ 135.431110169, 34.560764279 ], [ 135.43048725, 34.560769667 ], [ 135.4304162, 34.560769694 ], [ 135.430261025, 34.560769667 ], [ 135.429938029, 34.560769694 ], [ 135.429426393999989, 34.560769748 ], [ 135.428246109000014, 34.560769919 ], [ 135.42715214, 34.56077 ], [ 135.426270856, 34.560770027 ], [ 135.425475811000013, 34.560770054 ], [ 135.425, 34.560770081 ], [ 135.424700337, 34.560770108 ], [ 135.422520337, 34.560770279 ], [ 135.422301634, 34.560768333 ], [ 135.422297886, 34.560540225 ], [ 135.421866005, 34.560542252 ], [ 135.421863917, 34.560766721 ], [ 135.421637562, 34.560767081 ], [ 135.419908494999987, 34.560765919 ], [ 135.418507562, 34.560765027 ], [ 135.418162996, 34.560763198 ], [ 135.418115032, 34.560762973 ], [ 135.41809433200001, 34.560762865 ], [ 135.417524189, 34.560761694 ], [ 135.417371634, 34.560761414 ], [ 135.417227172999986, 34.560758559 ], [ 135.41721834, 34.560758694 ], [ 135.417205253, 34.560757802 ], [ 135.416666666999987, 34.560758748 ], [ 135.416198689999987, 34.560756333 ], [ 135.416105187999989, 34.560756252 ], [ 135.414295253, 34.560755414 ], [ 135.413070947, 34.560757468 ], [ 135.413035746, 34.560756414 ], [ 135.413014616999988, 34.560757225 ], [ 135.412985383, 34.560756162 ], [ 135.412456225999989, 34.560756865 ], [ 135.412226939, 34.560757108 ], [ 135.412226978, 34.560752162 ], [ 135.411538495, 34.560752027 ], [ 135.410730999, 34.560751892 ], [ 135.41053904, 34.560747315 ], [ 135.409516304, 34.558333333 ], [ 135.409456874, 34.558193072 ], [ 135.409465681, 34.55782173 ], [ 135.409239053, 34.55781809 ], [ 135.409242348, 34.558217649 ], [ 135.409292075, 34.558333333 ], [ 135.410393825999989, 34.560896586 ], [ 135.409831309999987, 34.563581198 ], [ 135.409787755999986, 34.563787279 ], [ 135.409784721, 34.563801414 ], [ 135.409782218, 34.563811036 ], [ 135.409774838, 34.563815225 ], [ 135.409708846, 34.563852685 ], [ 135.409704073, 34.563855396 ], [ 135.409400025999986, 34.565295694 ], [ 135.40911061, 34.566666667 ], [ 135.408740389, 34.568420333 ], [ 135.40873144, 34.568454586 ], [ 135.40871406, 34.568521027 ], [ 135.408713502000012, 34.568523225 ], [ 135.408636005, 34.568819667 ], [ 135.408571310000013, 34.569149667 ], [ 135.408550169, 34.569256829 ], [ 135.408333333, 34.570235441 ], [ 135.408286615, 34.570446306 ], [ 135.408010272000013, 34.571824559 ], [ 135.407810415, 34.572710135 ], [ 135.407791855, 34.572797694 ], [ 135.40732464300001, 34.575 ], [ 135.406896135000011, 34.577019829 ], [ 135.406512892, 34.578804495 ], [ 135.405841777, 34.581928973 ], [ 135.405763138999987, 34.582304613 ], [ 135.405626394, 34.582942387 ], [ 135.40554511, 34.583333333 ], [ 135.405507302, 34.583515162 ], [ 135.405363384999987, 34.584179532 ], [ 135.40518830100001, 34.585037279 ], [ 135.405018366, 34.585819252 ], [ 135.404839754, 34.586669054 ], [ 135.404685965999988, 34.587428802 ], [ 135.404543281, 34.588086135 ], [ 135.40432786, 34.589110279 ], [ 135.404103113, 34.590162162 ], [ 135.404153060999988, 34.590190252 ], [ 135.404176446, 34.590193441 ], [ 135.404166393999986, 34.590243333 ], [ 135.40414834, 34.59023964 ], [ 135.404089144000011, 34.590254306 ], [ 135.40400022, 34.590617198 ], [ 135.403842802000014, 34.591348802 ], [ 135.403774306, 34.591666667 ], [ 135.403703670999988, 34.591994441 ], [ 135.40363642, 34.592313252 ], [ 135.403578079999988, 34.592590279 ], [ 135.403443554, 34.593216694 ], [ 135.403275551, 34.594010829 ], [ 135.40309847, 34.594839919 ], [ 135.402973280999987, 34.595437559 ], [ 135.402375084, 34.59817864 ], [ 135.402375305, 34.598195333 ], [ 135.40238, 34.598224468 ], [ 135.402380999, 34.59823836 ], [ 135.402066005, 34.599672559 ], [ 135.402059584999989, 34.599700586 ], [ 135.40204978, 34.599759829 ], [ 135.402048301, 34.599783919 ], [ 135.402051699, 34.599828559 ], [ 135.402055447, 34.599868495 ], [ 135.402069144, 34.599917532 ], [ 135.402096083, 34.599962279 ], [ 135.402132282999986, 34.6 ], [ 135.402133191, 34.600000973 ], [ 135.402160310999989, 34.600021919 ], [ 135.402195668, 34.60004536 ], [ 135.402246641, 34.600067775 ], [ 135.402304449000013, 34.600080135 ], [ 135.402353917, 34.600085252 ], [ 135.40240308700001, 34.600085495 ], [ 135.402461699000014, 34.600076054 ], [ 135.402510441, 34.600059414 ], [ 135.402624578, 34.600012748 ], [ 135.40265061, 34.6 ], [ 135.402699856999988, 34.599975892 ], [ 135.402710441000011, 34.599991081 ], [ 135.402732996, 34.599992532 ], [ 135.402757224, 34.599990586 ], [ 135.402780584, 34.599985027 ], [ 135.402802335, 34.599976108 ], [ 135.402821829, 34.599964108 ], [ 135.402838521, 34.599949414 ], [ 135.402851725, 34.599932532 ], [ 135.402862218, 34.599911306 ], [ 135.402885188, 34.599915586 ], [ 135.402901115, 34.599915198 ], [ 135.402916524, 34.599911495 ], [ 135.40293019500001, 34.599904802 ], [ 135.402941505, 34.599895468 ], [ 135.40296131, 34.599867892 ], [ 135.402979196, 34.599869054 ], [ 135.403003410999986, 34.599867027 ], [ 135.403026783, 34.599861559 ], [ 135.403048520999988, 34.59985264 ], [ 135.403068029, 34.59984064 ], [ 135.403084695, 34.599825946 ], [ 135.403097912, 34.599809054 ], [ 135.40310786, 34.599789279 ], [ 135.403126913, 34.599792802 ], [ 135.403142827000011, 34.599792333 ], [ 135.403158145, 34.599788721 ], [ 135.40317192, 34.599782027 ], [ 135.403183191000011, 34.599772694 ], [ 135.403200169, 34.599748973 ], [ 135.40323655, 34.599751414 ], [ 135.403260778, 34.59974936 ], [ 135.403284137000014, 34.599743802 ], [ 135.403305913999986, 34.599734892 ], [ 135.403325499, 34.599722919 ], [ 135.403342087999988, 34.599708306 ], [ 135.40335527900001, 34.599691414 ], [ 135.403367108, 34.599667865 ], [ 135.403378780999986, 34.599669973 ], [ 135.403394695, 34.599669613 ], [ 135.403409974, 34.599665892 ], [ 135.403423748, 34.599659198 ], [ 135.403435058000014, 34.599649892 ], [ 135.403448274999988, 34.59963136 ], [ 135.403481828999986, 34.599633613 ], [ 135.403506056999987, 34.599631667 ], [ 135.403529416, 34.599626081 ], [ 135.403551310000012, 34.599617198 ], [ 135.403570777999988, 34.599605198 ], [ 135.403587471, 34.599590495 ], [ 135.403600558, 34.599573613 ], [ 135.403615694, 34.599543468 ], [ 135.403636161, 34.599547279 ], [ 135.403652088, 34.599546919 ], [ 135.403667393, 34.599543198 ], [ 135.403681167, 34.599536495 ], [ 135.403692477, 34.599527162 ], [ 135.403706005, 34.599508225 ], [ 135.403735668, 34.599510162 ], [ 135.403759754, 34.599508135 ], [ 135.403783139000012, 34.59950264 ], [ 135.403805006, 34.599493748 ], [ 135.403824501, 34.599481748 ], [ 135.403841167, 34.599467054 ], [ 135.403854358, 34.599450162 ], [ 135.40386808, 34.599422829 ], [ 135.403892698, 34.59942736 ], [ 135.403908612, 34.599427 ], [ 135.403923916999986, 34.599423387 ], [ 135.40393769100001, 34.599416586 ], [ 135.403948975, 34.599407279 ], [ 135.403957029999987, 34.599395946 ], [ 135.403958366000012, 34.599392252 ], [ 135.403993891, 34.599394694 ], [ 135.404018106, 34.59939264 ], [ 135.404041479, 34.599387081 ], [ 135.404063333000011, 34.599378162 ], [ 135.404082827, 34.599366198 ], [ 135.404099494, 34.599351586 ], [ 135.404112607, 34.599334694 ], [ 135.404127302, 34.599305441 ], [ 135.404146355, 34.599308973 ], [ 135.404162283, 34.599308613 ], [ 135.40417758800001, 34.599304892 ], [ 135.404191362, 34.599298198 ], [ 135.404202672, 34.599288892 ], [ 135.4042107, 34.599277559 ], [ 135.404214578, 34.599266495 ], [ 135.404241167, 34.599268252 ], [ 135.404265383, 34.599266279 ], [ 135.404288781, 34.599260721 ], [ 135.404310532000011, 34.599251802 ], [ 135.40433014300001, 34.599239829 ], [ 135.404346693, 34.599225108 ], [ 135.404359883000012, 34.599208252 ], [ 135.404370195000013, 34.59918764 ], [ 135.404393476, 34.599192 ], [ 135.404409416, 34.599191532 ], [ 135.404424812, 34.599187919 ], [ 135.40443847, 34.599181225 ], [ 135.40444978, 34.599171892 ], [ 135.404457912, 34.599160468 ], [ 135.40446214, 34.599148613 ], [ 135.404491141, 34.599150559 ], [ 135.404515357, 34.599148495 ], [ 135.404538716, 34.599142946 ], [ 135.40456046700001, 34.599134027 ], [ 135.404580078, 34.599122135 ], [ 135.404596641000012, 34.599107441 ], [ 135.404609857, 34.599090559 ], [ 135.404621479000014, 34.599067532 ], [ 135.404634189, 34.599069829 ], [ 135.404650143, 34.599069468 ], [ 135.404665422, 34.599065748 ], [ 135.404679195999989, 34.599059054 ], [ 135.404690506, 34.599049748 ], [ 135.404698638000013, 34.599038414 ], [ 135.404702308999987, 34.599027892 ], [ 135.404732724000013, 34.599029829 ], [ 135.404756939, 34.599027892 ], [ 135.404780311, 34.599022333 ], [ 135.404802166, 34.599013414 ], [ 135.404821672999987, 34.599001414 ], [ 135.404838223000013, 34.598986721 ], [ 135.404851439999987, 34.598969829 ], [ 135.404862049, 34.598948892 ], [ 135.404879468, 34.598952135 ], [ 135.404895499, 34.598951748 ], [ 135.404910804, 34.598948054 ], [ 135.404924475, 34.59894136 ], [ 135.404935771999988, 34.598932027 ], [ 135.404943917, 34.598920721 ], [ 135.404947471000014, 34.598910532 ], [ 135.404961633999989, 34.598913667 ], [ 135.404986472, 34.598915333 ], [ 135.405011336, 34.598913279 ], [ 135.405035357, 34.598907559 ], [ 135.405057782, 34.59889836 ], [ 135.40507795100001, 34.598886108 ], [ 135.405094942, 34.598870973 ], [ 135.405108469999988, 34.59885364 ], [ 135.405121634000011, 34.598827441 ], [ 135.405136005, 34.598830054 ], [ 135.40515192, 34.598829667 ], [ 135.405167328, 34.598826054 ], [ 135.405180999, 34.598819279 ], [ 135.405192309, 34.598809946 ], [ 135.405200441, 34.59879864 ], [ 135.405203995, 34.598788468 ], [ 135.405221751, 34.598792333 ], [ 135.405246693, 34.598794 ], [ 135.405271582000012, 34.598791946 ], [ 135.405295615999989, 34.598786306 ], [ 135.405318003, 34.598777108 ], [ 135.405338054, 34.598764775 ], [ 135.405355162, 34.598749721 ], [ 135.405368689999989, 34.598732387 ], [ 135.405379079, 34.598711775 ], [ 135.405398029, 34.598715306 ], [ 135.405413969, 34.598714946 ], [ 135.405429248, 34.598711225 ], [ 135.405443021999986, 34.598704532 ], [ 135.405454332, 34.598695198 ], [ 135.405462476999986, 34.598683892 ], [ 135.405467691000013, 34.598668946 ], [ 135.405478585999987, 34.598671333 ], [ 135.405502776, 34.598673 ], [ 135.405527004, 34.598670946 ], [ 135.405550246, 34.598665468 ], [ 135.405572023, 34.598656559 ], [ 135.405591505, 34.598644586 ], [ 135.405608197, 34.598629973 ], [ 135.405621284, 34.598613081 ], [ 135.405629585000014, 34.598596721 ], [ 135.405646446, 34.598599865 ], [ 135.405662477, 34.598599468 ], [ 135.405677782, 34.598595775 ], [ 135.40569144, 34.598589081 ], [ 135.405702749999989, 34.598579748 ], [ 135.405710895, 34.598568441 ], [ 135.405716109, 34.598553495 ], [ 135.405727108, 34.598555892 ], [ 135.40575131, 34.598557559 ], [ 135.405775422, 34.598555495 ], [ 135.405798780999987, 34.598550027 ], [ 135.405820557999988, 34.598541108 ], [ 135.405840026, 34.598529135 ], [ 135.405856615, 34.598514532 ], [ 135.405869805, 34.59849764 ], [ 135.405881089, 34.598474973 ], [ 135.405893165, 34.598477198 ], [ 135.405909079, 34.598476802 ], [ 135.405924500999987, 34.598473108 ], [ 135.405938171, 34.598466414 ], [ 135.405949467999989, 34.598457081 ], [ 135.405957613, 34.598445775 ], [ 135.405963061, 34.598430306 ], [ 135.405980246000013, 34.598434081 ], [ 135.406004449, 34.59843564 ], [ 135.406028664, 34.598433586 ], [ 135.40605192000001, 34.598428108 ], [ 135.406073696, 34.598419198 ], [ 135.406093164999987, 34.598407225 ], [ 135.406109857, 34.598392613 ], [ 135.406122944, 34.598375721 ], [ 135.406132244, 34.598357198 ], [ 135.406134695, 34.598347919 ], [ 135.406152361000011, 34.598347468 ], [ 135.40617038900001, 34.598343054 ], [ 135.406186588999986, 34.598335108 ], [ 135.406199857, 34.598324081 ], [ 135.406207665000011, 34.598313027 ], [ 135.406215084, 34.598314694 ], [ 135.406238392, 34.598316865 ], [ 135.406261946, 34.598315919 ], [ 135.406284968, 34.598312054 ], [ 135.406306939, 34.598305225 ], [ 135.406327393, 34.598295586 ], [ 135.406345811, 34.598283414 ], [ 135.406361581999988, 34.598269054 ], [ 135.406374578, 34.598252802 ], [ 135.406385383000014, 34.598232829 ], [ 135.406407976999986, 34.598232225 ], [ 135.406426109, 34.598227802 ], [ 135.406442191999986, 34.598219865 ], [ 135.406455447000013, 34.598208829 ], [ 135.406464358, 34.59819636 ], [ 135.406489442, 34.598198721 ], [ 135.406512996, 34.598197865 ], [ 135.406536031, 34.598193919 ], [ 135.406557977, 34.598187081 ], [ 135.406578444, 34.598177441 ], [ 135.406596834999988, 34.598165279 ], [ 135.406612633, 34.598150919 ], [ 135.406625616000014, 34.598134667 ], [ 135.4066393, 34.598109586 ], [ 135.40666406, 34.598108892 ], [ 135.406682088, 34.598104559 ], [ 135.406698275, 34.598096613 ], [ 135.40671144, 34.598085586 ], [ 135.406719364, 34.598074441 ], [ 135.406726783000011, 34.598076108 ], [ 135.406750077999988, 34.598078306 ], [ 135.406773644999987, 34.598077414 ], [ 135.406796667, 34.598073468 ], [ 135.406818638, 34.59806664 ], [ 135.406839079, 34.598057 ], [ 135.406857393, 34.598044919 ], [ 135.406873307000012, 34.598030468 ], [ 135.406886160999989, 34.598014306 ], [ 135.406899974, 34.597989225 ], [ 135.406917302000011, 34.597988694 ], [ 135.406935331, 34.59798436 ], [ 135.406951414, 34.597976414 ], [ 135.406969274, 34.597961532 ], [ 135.406994034, 34.597963802 ], [ 135.407017470999989, 34.597962946 ], [ 135.407040505999987, 34.597959 ], [ 135.40706255500001, 34.597952162 ], [ 135.407082917999986, 34.597942532 ], [ 135.40710131, 34.597930441 ], [ 135.407117108, 34.597916 ], [ 135.407130078, 34.597899829 ], [ 135.407139805000014, 34.597882108 ], [ 135.407142387, 34.597874387 ], [ 135.407167134, 34.597873694 ], [ 135.40718513600001, 34.59786936 ], [ 135.407201219, 34.597861414 ], [ 135.407214501, 34.597850387 ], [ 135.407222438, 34.597839252 ], [ 135.407229831, 34.597840919 ], [ 135.407253139, 34.597843108 ], [ 135.407276693, 34.597842225 ], [ 135.407299637, 34.597838279 ], [ 135.407321699, 34.597831441 ], [ 135.40734214, 34.597821802 ], [ 135.407360441, 34.597809721 ], [ 135.407376355, 34.597795279 ], [ 135.407389222, 34.597779108 ], [ 135.407398949, 34.597761414 ], [ 135.407402944000012, 34.597749441 ], [ 135.407415162, 34.597749054 ], [ 135.407433191, 34.597744721 ], [ 135.407449390000011, 34.597736775 ], [ 135.407462633, 34.597725748 ], [ 135.407470467, 34.597714613 ], [ 135.40747786, 34.597716279 ], [ 135.407501193, 34.597718441 ], [ 135.407524747, 34.597717586 ], [ 135.407547782, 34.59771364 ], [ 135.407569728, 34.597706802 ], [ 135.407590195000012, 34.597697162 ], [ 135.407608586, 34.597685081 ], [ 135.407624384, 34.597670721 ], [ 135.407637367, 34.597654468 ], [ 135.407646978, 34.597636748 ], [ 135.40764900100001, 34.597630721 ], [ 135.40766786, 34.597630198 ], [ 135.407685863000012, 34.597625865 ], [ 135.407701946, 34.597617919 ], [ 135.407715227000011, 34.597606892 ], [ 135.407723139000012, 34.597595748 ], [ 135.407730558, 34.597597414 ], [ 135.407753864999989, 34.597599586 ], [ 135.407777419000013, 34.597598721 ], [ 135.407800337, 34.597594775 ], [ 135.407822412, 34.597587946 ], [ 135.40784286600001, 34.597578306 ], [ 135.407861167, 34.597566225 ], [ 135.407877082, 34.597551865 ], [ 135.407889948, 34.597535613 ], [ 135.407899663, 34.597517919 ], [ 135.407901673, 34.597511892 ], [ 135.407920415, 34.597511333 ], [ 135.40793856, 34.597507 ], [ 135.407954643000011, 34.597499054 ], [ 135.407967912, 34.597488027 ], [ 135.407975837, 34.597476892 ], [ 135.407983139, 34.597478559 ], [ 135.40800655000001, 34.597480748 ], [ 135.40803, 34.597479865 ], [ 135.408053022, 34.597475919 ], [ 135.408075083999989, 34.597469081 ], [ 135.408095551, 34.597459441 ], [ 135.408113839, 34.59744736 ], [ 135.408129753999987, 34.597433027 ], [ 135.408142633000011, 34.597416748 ], [ 135.408152335000011, 34.597399054 ], [ 135.408154358, 34.597393027 ], [ 135.408173113, 34.597392468 ], [ 135.408191141, 34.597388135 ], [ 135.408207302, 34.597380198 ], [ 135.408220584, 34.597369162 ], [ 135.408228418, 34.597358027 ], [ 135.408235811, 34.597359694 ], [ 135.408259222, 34.597361892 ], [ 135.408282672000013, 34.597361 ], [ 135.408305694, 34.597357054 ], [ 135.408327665, 34.597350225 ], [ 135.408333333, 34.597347559 ], [ 135.408348145, 34.597340586 ], [ 135.408366524, 34.597328495 ], [ 135.408382335, 34.597314162 ], [ 135.408395305, 34.597297919 ], [ 135.408405032, 34.597280198 ], [ 135.40840703, 34.597274162 ], [ 135.40841544700001, 34.597272667 ], [ 135.408426666999986, 34.597274162 ], [ 135.408434812, 34.597276829 ], [ 135.408442996, 34.597276865 ], [ 135.408450856, 34.597274559 ], [ 135.408465746, 34.597266694 ], [ 135.408473748, 34.597260495 ], [ 135.408476109, 34.597249973 ], [ 135.408477302, 34.597233225 ], [ 135.408493217, 34.597235919 ], [ 135.408513696, 34.597236919 ], [ 135.408543256, 34.597235333 ], [ 135.408568366, 34.597229252 ], [ 135.408593450000012, 34.597216108 ], [ 135.408616329000012, 34.597197721 ], [ 135.408632438000012, 34.597174027 ], [ 135.408641608000011, 34.597156387 ], [ 135.408651829, 34.597159946 ], [ 135.408665447, 34.597161829 ], [ 135.408690532, 34.597161946 ], [ 135.408705253, 34.597160225 ], [ 135.408717833999987, 34.597152333 ], [ 135.408735084, 34.597135667 ], [ 135.408743165, 34.597115414 ], [ 135.408779585, 34.597115586 ], [ 135.408806860999988, 34.597114802 ], [ 135.408827393, 34.597108775 ], [ 135.408852438, 34.597095667 ], [ 135.408875331, 34.597079892 ], [ 135.408890195, 34.597059694 ], [ 135.408894916, 34.597040333 ], [ 135.408906226, 34.597046532 ], [ 135.408919948, 34.597049279 ], [ 135.408932361000012, 34.597048441 ], [ 135.408951803, 34.597042306 ], [ 135.408972309, 34.597029252 ], [ 135.408983839, 34.597014252 ], [ 135.408991945999986, 34.596994 ], [ 135.409013528, 34.596996802 ], [ 135.409037393, 34.59699864 ], [ 135.409054501000014, 34.596996108 ], [ 135.409084137, 34.596985721 ], [ 135.409105810999989, 34.596973468 ], [ 135.409128716, 34.596954108 ], [ 135.409142438, 34.596939198 ], [ 135.409147173, 34.596918946 ], [ 135.409166446, 34.59692436 ], [ 135.409181284, 34.596924414 ], [ 135.409211387999989, 34.596918721 ], [ 135.409229689, 34.596906441 ], [ 135.409240052, 34.59689064 ], [ 135.409242503, 34.596869468 ], [ 135.409273191000011, 34.596874919 ], [ 135.409291309999986, 34.596874108 ], [ 135.409311699, 34.596872414 ], [ 135.409332218, 34.596869 ], [ 135.409355057999989, 34.59685936 ], [ 135.409382438, 34.596840108 ], [ 135.409402023000013, 34.596818225 ], [ 135.409405551, 34.596797946 ], [ 135.409423696, 34.596805973 ], [ 135.4094407, 34.596807775 ], [ 135.409457834, 34.596803441 ], [ 135.40947153, 34.596795559 ], [ 135.409489831, 34.596778081 ], [ 135.409499053, 34.596756946 ], [ 135.409506978, 34.596759586 ], [ 135.409537717, 34.59676064 ], [ 135.409561582, 34.596760748 ], [ 135.409591193000011, 34.596752973 ], [ 135.409616355, 34.596738108 ], [ 135.409639196, 34.596718748 ], [ 135.409656472, 34.596695027 ], [ 135.409662282999989, 34.596676586 ], [ 135.409678197, 34.596676667 ], [ 135.409696394, 34.596676748 ], [ 135.409711245000011, 34.596674108 ], [ 135.409727224, 34.59666364 ], [ 135.40973978, 34.596647829 ], [ 135.409741089, 34.596630162 ], [ 135.40976153, 34.596639108 ], [ 135.409784189, 34.596640108 ], [ 135.409827951000011, 34.596634667 ], [ 135.409848495, 34.596625919 ], [ 135.409871388, 34.596612775 ], [ 135.409887393, 34.596598802 ], [ 135.409902386999988, 34.596575054 ], [ 135.409907004, 34.596555694 ], [ 135.409930855999988, 34.596558441 ], [ 135.409946783, 34.596556694 ], [ 135.409959364, 34.596553252 ], [ 135.40997422800001, 34.596545387 ], [ 135.409986783, 34.596530495 ], [ 135.409993773999986, 34.596510252 ], [ 135.410011946, 34.59651564 ], [ 135.410030143, 34.596517441 ], [ 135.410052918, 34.596516667 ], [ 135.410077951, 34.596511559 ], [ 135.410103061, 34.596502829 ], [ 135.410128144999987, 34.596487081 ], [ 135.410146497999989, 34.596466892 ], [ 135.410162607, 34.596436946 ], [ 135.410185422000012, 34.596437054 ], [ 135.410197834, 34.596436225 ], [ 135.410220661000011, 34.596429306 ], [ 135.410238975, 34.596415333 ], [ 135.410249364, 34.596397694 ], [ 135.410270921, 34.596399532 ], [ 135.410301673, 34.596400559 ], [ 135.410319857, 34.596399748 ], [ 135.410347198000011, 34.596390252 ], [ 135.410366589, 34.596377081 ], [ 135.410389493999986, 34.596357802 ], [ 135.410402166000011, 34.596338495 ], [ 135.410410272, 34.596319054 ], [ 135.410424942, 34.596325333 ], [ 135.410436393999987, 34.596325387 ], [ 135.410452335, 34.596323667 ], [ 135.410462581, 34.596320225 ], [ 135.410478586000011, 34.596308829 ], [ 135.410488910999987, 34.596296532 ], [ 135.410492166000012, 34.596270495 ], [ 135.410523969, 34.596275973 ], [ 135.410546719, 34.596278775 ], [ 135.410567108, 34.596278892 ], [ 135.410594527, 34.596271892 ], [ 135.410620778, 34.596258865 ], [ 135.410649299999989, 34.596235108 ], [ 135.410663164999988, 34.596217586 ], [ 135.41067007800001, 34.59619464 ], [ 135.410687134, 34.596201829 ], [ 135.410699559, 34.596202721 ], [ 135.410721284, 34.596199306 ], [ 135.41073834, 34.59619236 ], [ 135.410753256, 34.596178279 ], [ 135.410759001, 34.596168667 ], [ 135.41075917, 34.596146559 ], [ 135.410787588, 34.596151108 ], [ 135.410810246000011, 34.596152135 ], [ 135.410844384, 34.596149694 ], [ 135.41086834, 34.596140054 ], [ 135.410894617, 34.596123414 ], [ 135.410914163, 34.596104135 ], [ 135.410923333, 34.596083892 ], [ 135.410933554, 34.596089252 ], [ 135.410951751, 34.596090162 ], [ 135.410971051, 34.596088532 ], [ 135.41098703, 34.596080694 ], [ 135.411000752, 34.596070108 ], [ 135.411006615, 34.596056973 ], [ 135.411011245, 34.596033198 ], [ 135.411037392999987, 34.596036946 ], [ 135.411060169, 34.596037054 ], [ 135.411087471, 34.596030946 ], [ 135.411111440000013, 34.596017802 ], [ 135.411137717, 34.59600036 ], [ 135.411153774000013, 34.595980162 ], [ 135.411161894, 34.595959 ], [ 135.411197173, 34.595966225 ], [ 135.411218755, 34.595963694 ], [ 135.411234721, 34.595956748 ], [ 135.411253061, 34.595940892 ], [ 135.411258145, 34.595929919 ], [ 135.411257173, 34.595911333 ], [ 135.411279805, 34.595917667 ], [ 135.41129061, 34.595918162 ], [ 135.411301505000012, 34.595918586 ], [ 135.411328781, 34.595914279 ], [ 135.411356109, 34.595905667 ], [ 135.411376693, 34.595893414 ], [ 135.411400726000011, 34.595870559 ], [ 135.411416887, 34.595833586 ], [ 135.411448689999986, 34.595837333 ], [ 135.411468144999986, 34.595833829 ], [ 135.411487470999987, 34.595826892 ], [ 135.411503501999988, 34.595812 ], [ 135.411511608000012, 34.595791748 ], [ 135.411551362000012, 34.595795468 ], [ 135.411583191, 34.595795613 ], [ 135.411607134, 34.595787802 ], [ 135.41163572, 34.595768559 ], [ 135.411656355, 34.595749162 ], [ 135.411667808, 34.59573336 ], [ 135.411672528999986, 34.595713108 ], [ 135.411695253, 34.595722054 ], [ 135.411708858999987, 34.595723027 ], [ 135.411727977, 34.595719694 ], [ 135.411743943, 34.595711829 ], [ 135.411758859, 34.595697829 ], [ 135.41176703, 34.595667865 ], [ 135.411797717000013, 34.595676829 ], [ 135.411822672, 34.595677865 ], [ 135.41184428, 34.595676162 ], [ 135.411875084, 34.595664865 ], [ 135.411902477000012, 34.595647333 ], [ 135.411923113, 34.595626252 ], [ 135.411928949000014, 34.595605162 ], [ 135.411955084, 34.595606108 ], [ 135.411975616, 34.595601892 ], [ 135.411997250000013, 34.595593135 ], [ 135.412010973, 34.595579973 ], [ 135.412014643, 34.595556162 ], [ 135.412060078, 34.595556387 ], [ 135.412089662999989, 34.595553027 ], [ 135.412123917, 34.595536414 ], [ 135.412149105, 34.595517162 ], [ 135.412173217, 34.595482306 ], [ 135.412174189000012, 34.595476027 ], [ 135.412204527, 34.595473414 ], [ 135.412213256, 34.595473468 ], [ 135.412229222, 34.59547036 ], [ 135.412244254, 34.595463946 ], [ 135.412256835, 34.595454613 ], [ 135.412266005, 34.59544336 ], [ 135.412271362000013, 34.595431387 ], [ 135.412273281000012, 34.595419721 ], [ 135.412296057, 34.595423225 ], [ 135.412308106000012, 34.595423775 ], [ 135.412320441, 34.595423387 ], [ 135.412332892, 34.595422027 ], [ 135.412345305, 34.595419694 ], [ 135.412357496999988, 34.595416333 ], [ 135.4123693, 34.595412027 ], [ 135.412380558, 34.595406802 ], [ 135.41239108900001, 34.595400721 ], [ 135.412400778, 34.595393919 ], [ 135.412409559, 34.595386468 ], [ 135.412417302, 34.595378559 ], [ 135.412424034, 34.595370252 ], [ 135.412434254, 34.595353054 ], [ 135.412448807, 34.595356333 ], [ 135.412465162, 34.595356946 ], [ 135.412482218, 34.595354198 ], [ 135.412490558, 34.595351441 ], [ 135.412498444, 34.595347865 ], [ 135.412505746, 34.595343468 ], [ 135.412512244, 34.595338387 ], [ 135.412522503, 34.595326775 ], [ 135.412528755000011, 34.595314252 ], [ 135.412531336, 34.595301973 ], [ 135.412554228, 34.595304468 ], [ 135.412566226, 34.595304468 ], [ 135.41257847, 34.595303559 ], [ 135.412590752, 34.595301667 ], [ 135.412602944000014, 34.595298802 ], [ 135.412614864, 34.595294973 ], [ 135.412626329, 34.595290198 ], [ 135.412637198, 34.595284532 ], [ 135.412647302000011, 34.595278081 ], [ 135.41265655, 34.595270919 ], [ 135.412664838000012, 34.595263162 ], [ 135.412672088, 34.595254973 ], [ 135.412678275, 34.595246468 ], [ 135.412687497, 34.595228973 ], [ 135.412701971, 34.595230108 ], [ 135.412717328000014, 34.595228973 ], [ 135.412732698000013, 34.595225225 ], [ 135.412747173000014, 34.595218865 ], [ 135.412759754, 34.595210225 ], [ 135.412769805000011, 34.595199892 ], [ 135.412776912999988, 34.595188586 ], [ 135.412781115, 34.595177054 ], [ 135.412803865, 34.595180054 ], [ 135.412815888000011, 34.595180279 ], [ 135.412828171, 34.595179532 ], [ 135.412840532, 34.595177802 ], [ 135.412852802, 34.595175054 ], [ 135.412864838, 34.595171279 ], [ 135.412876394, 34.595166495 ], [ 135.412887328000011, 34.595160802 ], [ 135.412897471, 34.595154252 ], [ 135.412906693, 34.595147 ], [ 135.41291489, 34.595139162 ], [ 135.412921997000012, 34.595130865 ], [ 135.412928029, 34.595122225 ], [ 135.412936718999987, 34.595104613 ], [ 135.41295241200001, 34.595106586 ], [ 135.412969274, 34.595106054 ], [ 135.412986354999987, 34.595102667 ], [ 135.413002581, 34.595096279 ], [ 135.413016860999988, 34.595087279 ], [ 135.413028392, 34.595076306 ], [ 135.413036667, 34.595064135 ], [ 135.413041751, 34.595051694 ], [ 135.413064163, 34.595054279 ], [ 135.413075966, 34.595054333 ], [ 135.413088029, 34.595053468 ], [ 135.413100117, 34.59505164 ], [ 135.41311214000001, 34.595048829 ], [ 135.413123864999989, 34.595045027 ], [ 135.413135136, 34.595040279 ], [ 135.413145811, 34.59503464 ], [ 135.413155694000011, 34.595028198 ], [ 135.413164720999987, 34.595021054 ], [ 135.41317275, 34.59501336 ], [ 135.413179754, 34.595005225 ], [ 135.413185668000011, 34.594996775 ], [ 135.413194306, 34.594979441 ], [ 135.413209416, 34.594982027 ], [ 135.413225837, 34.594982081 ], [ 135.413242724000014, 34.594979198 ], [ 135.413258807, 34.594973252 ], [ 135.413272944, 34.594964586 ], [ 135.413284228, 34.594953829 ], [ 135.413292192, 34.594941946 ], [ 135.413296887, 34.594929802 ], [ 135.413319883000014, 34.594932829 ], [ 135.413332049, 34.594933081 ], [ 135.413344475, 34.59493236 ], [ 135.413356978, 34.594930613 ], [ 135.413369416, 34.594927829 ], [ 135.413381582, 34.594924027 ], [ 135.413393281, 34.594919225 ], [ 135.413404358, 34.594913468 ], [ 135.41341464300001, 34.594906892 ], [ 135.413423969, 34.594899559 ], [ 135.413432309, 34.59489164 ], [ 135.413439533, 34.594883252 ], [ 135.413445616, 34.594874559 ], [ 135.413454501, 34.594856721 ], [ 135.413469144, 34.594859973 ], [ 135.413485498999989, 34.59486064 ], [ 135.413502502999989, 34.594858135 ], [ 135.413518755000013, 34.594852306 ], [ 135.413532917999987, 34.594843441 ], [ 135.413543890999989, 34.594832441 ], [ 135.413551192999989, 34.594820333 ], [ 135.413555032, 34.594808198 ], [ 135.41357808, 34.594810865 ], [ 135.41359022, 34.594810946 ], [ 135.413602581, 34.594810108 ], [ 135.413615005999986, 34.594808306 ], [ 135.413627328, 34.594805532 ], [ 135.413639416, 34.594801748 ], [ 135.413651025, 34.594797 ], [ 135.413662088, 34.594791387 ], [ 135.41367236100001, 34.594784946 ], [ 135.413681777, 34.594777802 ], [ 135.413690245999987, 34.594770054 ], [ 135.41369769100001, 34.594761865 ], [ 135.413704059999986, 34.594753306 ], [ 135.413713605999988, 34.594735721 ], [ 135.413728586, 34.594738054 ], [ 135.413744916000013, 34.594737802 ], [ 135.413761607999987, 34.594734532 ], [ 135.413777393, 34.594728108 ], [ 135.413791051, 34.594718973 ], [ 135.413801634, 34.594707802 ], [ 135.413808755, 34.594695667 ], [ 135.413812529000012, 34.594683441 ], [ 135.41383572, 34.594686081 ], [ 135.413847912, 34.594686108 ], [ 135.413860363, 34.594685198 ], [ 135.413872866, 34.594683306 ], [ 135.413885252999989, 34.594680387 ], [ 135.413897367, 34.594676441 ], [ 135.413909026999988, 34.594671559 ], [ 135.413920026, 34.594665721 ], [ 135.413930271999988, 34.594659081 ], [ 135.413939610999989, 34.594651721 ], [ 135.413947912, 34.594643775 ], [ 135.413955162, 34.594635387 ], [ 135.413961336, 34.594626667 ], [ 135.413970363, 34.594608802 ], [ 135.413984864000014, 34.594612108 ], [ 135.414001115, 34.594612829 ], [ 135.41401808, 34.594610279 ], [ 135.414026394, 34.594607694 ], [ 135.414034306, 34.594604252 ], [ 135.414041634, 34.594600027 ], [ 135.414048249, 34.594595135 ], [ 135.414058807, 34.594583829 ], [ 135.414065525000012, 34.594571586 ], [ 135.414068664000013, 34.594559414 ], [ 135.41409192, 34.594561802 ], [ 135.41410413700001, 34.594561721 ], [ 135.414116549999989, 34.594560721 ], [ 135.414129027, 34.594558721 ], [ 135.414141388, 34.594555748 ], [ 135.414153449999986, 34.594551775 ], [ 135.414165084, 34.594546802 ], [ 135.414176057, 34.594540973 ], [ 135.414186252, 34.594534333 ], [ 135.414195576999987, 34.594526973 ], [ 135.414203891, 34.594519027 ], [ 135.414211167, 34.594510667 ], [ 135.414217367, 34.594501946 ], [ 135.414226472, 34.594484081 ], [ 135.414240778, 34.594485802 ], [ 135.414256005, 34.59448536 ], [ 135.414271414000012, 34.594482532 ], [ 135.414286161, 34.594477162 ], [ 135.414299363999987, 34.594469586 ], [ 135.414310389, 34.594460225 ], [ 135.414318781, 34.594449721 ], [ 135.41432450100001, 34.594438721 ], [ 135.414347393000014, 34.594441802 ], [ 135.414359494, 34.594442027 ], [ 135.414371894, 34.594441279 ], [ 135.414384383999987, 34.594439495 ], [ 135.414396783, 34.594436667 ], [ 135.414408885, 34.594432775 ], [ 135.414420532, 34.594427865 ], [ 135.41443150500001, 34.594421973 ], [ 135.414441673, 34.594415252 ], [ 135.41445083, 34.594407802 ], [ 135.414458949, 34.594399748 ], [ 135.414465914, 34.594391252 ], [ 135.414471751, 34.594382441 ], [ 135.41448, 34.594364532 ], [ 135.414495187999989, 34.594367054 ], [ 135.414511725000011, 34.594367 ], [ 135.41452869, 34.594363919 ], [ 135.414544812, 34.594357694 ], [ 135.41455885900001, 34.594348667 ], [ 135.414569883000013, 34.594337586 ], [ 135.41457749700001, 34.594325414 ], [ 135.414581725, 34.594313108 ], [ 135.41460489, 34.594315279 ], [ 135.414617029999988, 34.594315108 ], [ 135.414629338999987, 34.594314027 ], [ 135.414641698999986, 34.594312 ], [ 135.41465391700001, 34.594309 ], [ 135.414665888, 34.594305054 ], [ 135.414677393, 34.594300135 ], [ 135.414688275, 34.594294387 ], [ 135.41469844400001, 34.594287829 ], [ 135.414707717, 34.594280613 ], [ 135.414716057, 34.594272802 ], [ 135.414723385, 34.594264532 ], [ 135.414729637, 34.594255946 ], [ 135.414739053, 34.594238306 ], [ 135.414753645, 34.594240279 ], [ 135.414769339, 34.594239865 ], [ 135.414785305, 34.594236694 ], [ 135.414800415, 34.594230748 ], [ 135.41481369600001, 34.594222252 ], [ 135.414824306000014, 34.594211919 ], [ 135.414831829, 34.594200495 ], [ 135.414836278, 34.594188865 ], [ 135.414859494000012, 34.594191306 ], [ 135.414871699, 34.594191252 ], [ 135.41488411200001, 34.594190252 ], [ 135.414896615, 34.594188225 ], [ 135.414908975, 34.594185162 ], [ 135.414921025000012, 34.594181108 ], [ 135.414932607, 34.594176054 ], [ 135.414943528, 34.594170108 ], [ 135.414953645, 34.594163306 ], [ 135.414962827000011, 34.594155829 ], [ 135.414970999, 34.594147748 ], [ 135.414978053999988, 34.594139252 ], [ 135.414983995, 34.594130441 ], [ 135.414992581, 34.594112441 ], [ 135.415007471, 34.594115468 ], [ 135.415023839000014, 34.594116 ], [ 135.415040778, 34.594113559 ], [ 135.415057030000014, 34.594107973 ], [ 135.415071388, 34.594099532 ], [ 135.415082891999987, 34.594088946 ], [ 135.415090999, 34.594077162 ], [ 135.415095772, 34.594065135 ], [ 135.415118716, 34.594066919 ], [ 135.41513075200001, 34.594066532 ], [ 135.415142917999987, 34.594065225 ], [ 135.41515511, 34.594062946 ], [ 135.415167172999986, 34.594059667 ], [ 135.415178884999989, 34.594055441 ], [ 135.415190117, 34.594050252 ], [ 135.415200661, 34.594044198 ], [ 135.415210415, 34.594037333 ], [ 135.415219274, 34.594029829 ], [ 135.415227108000011, 34.594021775 ], [ 135.415233865, 34.594013306 ], [ 135.415239559000014, 34.594004559 ], [ 135.415247691, 34.593986694 ], [ 135.415262776, 34.593989054 ], [ 135.41527914400001, 34.593988919 ], [ 135.415295837, 34.593985946 ], [ 135.415311751, 34.59398 ], [ 135.415325771999989, 34.593971387 ], [ 135.415337056, 34.593960802 ], [ 135.415345136000013, 34.593949054 ], [ 135.415350026, 34.593937 ], [ 135.415373139, 34.593938829 ], [ 135.415397418999987, 34.593937333 ], [ 135.415409663, 34.593935225 ], [ 135.415421777, 34.593932135 ], [ 135.415433580000013, 34.593928162 ], [ 135.415444968, 34.593923279 ], [ 135.415455746, 34.593917559 ], [ 135.415465837, 34.593911081 ], [ 135.415475084, 34.593903919 ], [ 135.415483411, 34.593896198 ], [ 135.415497082, 34.593879559 ], [ 135.415506693, 34.593862054 ], [ 135.415520506, 34.593864919 ], [ 135.415535863, 34.593865333 ], [ 135.41555175100001, 34.593862721 ], [ 135.415566913, 34.593856973 ], [ 135.415579974, 34.59384836 ], [ 135.415589948, 34.593837802 ], [ 135.415596420000014, 34.593826279 ], [ 135.415599558999986, 34.593814802 ], [ 135.415618196999986, 34.593816892 ], [ 135.415637562, 34.593816802 ], [ 135.415657108, 34.593814441 ], [ 135.415676278, 34.593809775 ], [ 135.415694423, 34.593802865 ], [ 135.415710972999989, 34.593793973 ], [ 135.415725576999989, 34.593783441 ], [ 135.415737951000011, 34.593771721 ], [ 135.415748248999989, 34.593758721 ], [ 135.415756589000011, 34.593744252 ], [ 135.415762476999987, 34.593728667 ], [ 135.415765615999987, 34.593712333 ], [ 135.415765914, 34.593695829 ], [ 135.415763385, 34.59367964 ], [ 135.415758223000012, 34.593664198 ], [ 135.415747613, 34.593644892 ], [ 135.415786835, 34.593603865 ], [ 135.415814942, 34.593478946 ], [ 135.415993528, 34.592619667 ], [ 135.416045746, 34.592373252 ], [ 135.41616725, 34.591800198 ], [ 135.416196004999989, 34.591666667 ], [ 135.416315888000014, 34.591109721 ], [ 135.416513087, 34.590173081 ], [ 135.416666666999987, 34.589489802 ], [ 135.416675668000011, 34.589449775 ], [ 135.416855642, 34.588592829 ], [ 135.417059053, 34.587653973 ], [ 135.417260856000013, 34.586697441 ], [ 135.417475161999988, 34.585697414 ], [ 135.417631750999988, 34.584941333 ], [ 135.417843191, 34.583928495 ], [ 135.41797083, 34.583333333 ], [ 135.418049610999986, 34.582966027 ], [ 135.418196641, 34.582278946 ], [ 135.418255668, 34.581988775 ], [ 135.418430272, 34.581172108 ], [ 135.418471608, 34.581177162 ], [ 135.418524501, 34.581182973 ], [ 135.418524942, 34.581183135 ], [ 135.418524384, 34.581264495 ], [ 135.418618392000013, 34.581273252 ], [ 135.418667223999989, 34.581196387 ], [ 135.418742724, 34.580872667 ], [ 135.418706135, 34.580867613 ], [ 135.418682166, 34.580834414 ], [ 135.418617367, 34.580825919 ], [ 135.418576355, 34.580861495 ], [ 135.418572283, 34.580865721 ], [ 135.41854522700001, 34.580893613 ], [ 135.418528638, 34.580889279 ], [ 135.418494695, 34.580880414 ], [ 135.418569053, 34.580517532 ], [ 135.418693865, 34.580548775 ], [ 135.41869435800001, 34.580631 ], [ 135.418797471, 34.580646198 ], [ 135.418845084, 34.580554919 ], [ 135.418862749999988, 34.580555892 ], [ 135.418870532, 34.580556333 ], [ 135.418872048999987, 34.580549748 ], [ 135.418926835, 34.580288468 ], [ 135.418897030000011, 34.580283613 ], [ 135.41891664100001, 34.580159387 ], [ 135.418883528, 34.580155802 ], [ 135.418864578000012, 34.580180775 ], [ 135.418807173, 34.580177081 ], [ 135.418785577, 34.580133802 ], [ 135.418745006, 34.580132559 ], [ 135.418707912, 34.580282198 ], [ 135.418619831, 34.580267775 ], [ 135.418653281, 34.580114333 ], [ 135.418668495, 34.580104946 ], [ 135.418669247999986, 34.580091135 ], [ 135.418664942, 34.580080667 ], [ 135.418698716, 34.579880694 ], [ 135.418708638, 34.579879829 ], [ 135.418710026000014, 34.579867775 ], [ 135.418712438, 34.579850829 ], [ 135.418923138999986, 34.578864225 ], [ 135.419660636, 34.575409775 ], [ 135.419661894, 34.575386495 ], [ 135.419666693000011, 34.575383919 ], [ 135.419674695, 34.575378198 ], [ 135.419681725, 34.575371559 ], [ 135.419687562, 34.575364279 ], [ 135.419692049, 34.57535636 ], [ 135.419695279, 34.575348 ], [ 135.419697082, 34.575339441 ], [ 135.419697471, 34.575330694 ], [ 135.419696445999989, 34.575321946 ], [ 135.419693994999989, 34.575313468 ], [ 135.419690143, 34.575305252 ], [ 135.419684942, 34.57529764 ], [ 135.419678586, 34.575290667 ], [ 135.419671089, 34.575284414 ], [ 135.419662749999986, 34.575279135 ], [ 135.419653501999989, 34.575274775 ], [ 135.419649274, 34.575273387 ], [ 135.419652750000012, 34.575256387 ], [ 135.419659416, 34.575255495 ], [ 135.419669585, 34.575252865 ], [ 135.419679079, 34.575249108 ], [ 135.419687950999986, 34.575244387 ], [ 135.41969594, 34.575238559 ], [ 135.41970297, 34.575232 ], [ 135.419708781, 34.575224721 ], [ 135.419713307, 34.575216829 ], [ 135.419716524, 34.575208441 ], [ 135.419718444000011, 34.575199802 ], [ 135.419718833, 34.575191054 ], [ 135.419717690999988, 34.575182414 ], [ 135.419715253, 34.575173829 ], [ 135.419711388, 34.575165694 ], [ 135.4197062, 34.575158 ], [ 135.419699805, 34.575151027 ], [ 135.419692335, 34.575144865 ], [ 135.419683969, 34.575139495 ], [ 135.419677367, 34.575136414 ], [ 135.419679831, 34.575123892 ], [ 135.419689339, 34.575122495 ], [ 135.41969939, 34.575119946 ], [ 135.419709001, 34.575116198 ], [ 135.41971786, 34.57511136 ], [ 135.419725863, 34.57510564 ], [ 135.419732892000013, 34.575099081 ], [ 135.41973869, 34.575091721 ], [ 135.419743217, 34.575083802 ], [ 135.419746446, 34.575075532 ], [ 135.419748249, 34.575066892 ], [ 135.419748637999987, 34.575058135 ], [ 135.419747613, 34.575049387 ], [ 135.419745162, 34.575040919 ], [ 135.41974131, 34.575032775 ], [ 135.419736109000013, 34.575025081 ], [ 135.419729728, 34.575018108 ], [ 135.419722244000013, 34.575011865 ], [ 135.419713890999986, 34.575006586 ], [ 135.419704669, 34.575002306 ], [ 135.419705136, 34.575 ], [ 135.41987703, 34.574177306 ], [ 135.419920337, 34.57397 ], [ 135.420035966, 34.573403414 ], [ 135.420197691, 34.572624919 ], [ 135.420479857, 34.571291468 ], [ 135.420502438, 34.57118464 ], [ 135.420517690999986, 34.571112495 ], [ 135.420817108, 34.569679054 ], [ 135.422033696, 34.569822306 ], [ 135.425, 34.570176054 ], [ 135.425892088000012, 34.570283225 ], [ 135.427093969, 34.570424667 ], [ 135.42800839200001, 34.57053336 ], [ 135.429429494, 34.570704162 ], [ 135.42929655, 34.571497162 ], [ 135.429080117000012, 34.572788108 ], [ 135.429079118, 34.572795964 ], [ 135.428827055999989, 34.574284279 ], [ 135.428705136, 34.575 ], [ 135.428704643, 34.575002946 ], [ 135.428675863, 34.575 ], [ 135.42864345000001, 34.574996694 ], [ 135.428642892, 34.575 ], [ 135.428541751000012, 34.575602667 ], [ 135.428424332, 34.576225802 ], [ 135.427962581, 34.578906919 ], [ 135.427847860000014, 34.579569081 ], [ 135.427692775999986, 34.579550333 ], [ 135.427690829999989, 34.579529586 ], [ 135.42760869, 34.579556694 ], [ 135.427680830000014, 34.579608613 ], [ 135.427685006, 34.579586721 ], [ 135.427847588, 34.579607946 ], [ 135.427671608, 34.580634748 ], [ 135.427543969, 34.580619027 ], [ 135.427544305999987, 34.580602054 ], [ 135.427524254, 34.580599721 ], [ 135.427513139000013, 34.580663865 ], [ 135.427533165, 34.580666198 ], [ 135.427538637999987, 34.580648279 ], [ 135.427663113, 34.580663919 ], [ 135.427572607, 34.581178279 ], [ 135.4273293, 34.581148198 ], [ 135.427187886000013, 34.582031027 ], [ 135.427159053, 34.582211 ], [ 135.427452283, 34.582244027 ], [ 135.427447497, 34.582286721 ], [ 135.427153333, 34.582252 ], [ 135.427057912, 34.582814559 ], [ 135.426969144, 34.583333333 ], [ 135.426934384, 34.583536414 ], [ 135.427226109, 34.583569586 ], [ 135.427113865, 34.584256054 ], [ 135.426885422, 34.584226694 ], [ 135.426931115, 34.583945829 ], [ 135.426865473, 34.58393864 ], [ 135.426763061, 34.584487225 ], [ 135.42685214, 34.584498027 ], [ 135.426876719, 34.584501027 ], [ 135.427062283, 34.584523586 ], [ 135.427006887, 34.584824198 ], [ 135.426823606, 34.5848 ], [ 135.426800895000014, 34.584797 ], [ 135.426756278, 34.584791108 ], [ 135.426289364000013, 34.587520748 ], [ 135.426296109, 34.587521468 ], [ 135.426283061, 34.587603135 ], [ 135.426275966, 34.587602252 ], [ 135.426238223000013, 34.587827333 ], [ 135.426269338999987, 34.587831387 ], [ 135.426290856, 34.587834198 ], [ 135.42648847000001, 34.587860027 ], [ 135.426507328000014, 34.587861 ], [ 135.426424501000014, 34.588398387 ], [ 135.426376083, 34.588701775 ], [ 135.426344384, 34.588730748 ], [ 135.426321971, 34.588867865 ], [ 135.426189883, 34.589623694 ], [ 135.426747834, 34.589396333 ], [ 135.426916498, 34.589330775 ], [ 135.427219364, 34.589213829 ], [ 135.427450856, 34.589123252 ], [ 135.427630337000011, 34.589054108 ], [ 135.427655499, 34.589044414 ], [ 135.427656082999988, 34.589044162 ], [ 135.427660078, 34.58904264 ], [ 135.427822802, 34.588979748 ], [ 135.428036394, 34.588897162 ], [ 135.428194553, 34.588835441 ], [ 135.428197108, 34.588834441 ], [ 135.428199001, 34.588833721 ], [ 135.428245473, 34.588815586 ], [ 135.428497302000011, 34.588717946 ], [ 135.428637756, 34.588663441 ], [ 135.428722724000011, 34.588630162 ], [ 135.428728145, 34.588628027 ], [ 135.428729753999988, 34.588627387 ], [ 135.428838781, 34.588584694 ], [ 135.429057497, 34.588498 ], [ 135.42923466900001, 34.588428586 ], [ 135.429252166, 34.588421721 ], [ 135.429257613, 34.588419586 ], [ 135.429451414, 34.588343495 ], [ 135.429588806999988, 34.588289054 ], [ 135.429668392, 34.588257532 ], [ 135.429668911, 34.588259414 ], [ 135.429755162, 34.588225559 ], [ 135.429934189, 34.588155802 ], [ 135.430180661, 34.588059414 ], [ 135.430301777000011, 34.588011108 ], [ 135.430699948000012, 34.587857027 ], [ 135.431739883, 34.587456441 ], [ 135.433016744000014, 34.58696764 ], [ 135.433155551, 34.58691436 ], [ 135.433333333, 34.586846198 ], [ 135.43375927400001, 34.586682865 ], [ 135.433844137, 34.586145775 ], [ 135.433844838, 34.586144252 ], [ 135.434027082, 34.584967441 ], [ 135.434123307, 34.584360613 ], [ 135.434170804, 34.584055586 ], [ 135.434333022, 34.584070865 ], [ 135.434314228, 34.584173162 ], [ 135.434329921999989, 34.584174252 ], [ 135.434325836999989, 34.584215532 ], [ 135.434310778, 34.584215 ], [ 135.434306719, 34.584267532 ], [ 135.434322944, 34.584269054 ], [ 135.434322826999988, 34.584285559 ], [ 135.434301581999989, 34.584286 ], [ 135.43429869, 34.584341414 ], [ 135.434348171000011, 34.584344532 ], [ 135.434352361, 34.584289108 ], [ 135.434343528, 34.584289081 ], [ 135.434343671, 34.584271027 ], [ 135.434358145, 34.584272108 ], [ 135.434364695, 34.584223 ], [ 135.434346498, 34.584221468 ], [ 135.434351803, 34.584179667 ], [ 135.434371309999989, 34.584181198 ], [ 135.434396719, 34.584033468 ], [ 135.434337782, 34.584029306 ], [ 135.434333917, 34.584053108 ], [ 135.434174643, 34.584037387 ], [ 135.434233165, 34.583669135 ], [ 135.434268833, 34.583458775 ], [ 135.434465227, 34.583476279 ], [ 135.434424358, 34.583702919 ], [ 135.434403865, 34.583702829 ], [ 135.434396588999988, 34.583761829 ], [ 135.434456498, 34.583768775 ], [ 135.434466329, 34.583701865 ], [ 135.434449222000012, 34.583699775 ], [ 135.43445275, 34.583679892 ], [ 135.434468974999987, 34.583681946 ], [ 135.43447275, 34.583638865 ], [ 135.434461634, 34.583638802 ], [ 135.434474112, 34.583564586 ], [ 135.434486005, 34.583566 ], [ 135.434510026, 34.583429441 ], [ 135.434473333, 34.583425306 ], [ 135.434469754, 34.583453135 ], [ 135.434273139, 34.583432829 ], [ 135.434290026000014, 34.583333333 ], [ 135.434305161999987, 34.583244225 ], [ 135.434392698000011, 34.582662414 ], [ 135.435537328, 34.582712414 ], [ 135.437121413999989, 34.582780135 ], [ 135.438085914, 34.582820387 ], [ 135.438434527, 34.582835135 ], [ 135.439567950999987, 34.582883198 ], [ 135.440785966, 34.582940252 ], [ 135.441463139, 34.582967946 ], [ 135.441476109, 34.582968027 ], [ 135.441496328999989, 34.582958108 ], [ 135.441509364000012, 34.582949252 ], [ 135.441666667, 34.58238636 ], [ 135.441747107999987, 34.582098468 ], [ 135.4418493, 34.581747802 ], [ 135.441853917, 34.581743225 ], [ 135.441865940000014, 34.581738775 ], [ 135.441869663, 34.581733387 ], [ 135.441889559, 34.581664054 ], [ 135.441886861, 34.581657198 ], [ 135.441878638, 34.581647252 ], [ 135.44187869000001, 34.581640387 ], [ 135.442384747, 34.579933054 ], [ 135.442383969, 34.57991864 ], [ 135.442378495000014, 34.579904081 ], [ 135.442380415, 34.579895721 ], [ 135.442423385000012, 34.579809919 ], [ 135.44242533100001, 34.579795387 ], [ 135.442435837, 34.579757306 ], [ 135.442434916, 34.579748108 ], [ 135.442420272, 34.579735892 ], [ 135.44241847, 34.579728198 ], [ 135.442441089, 34.579623468 ], [ 135.442450078, 34.579581586 ], [ 135.442478418, 34.57945036 ], [ 135.442485032, 34.579442 ], [ 135.44250167300001, 34.57943064 ], [ 135.442521193, 34.579412414 ], [ 135.442526887000014, 34.579392532 ], [ 135.4425307, 34.579378829 ], [ 135.442534423000012, 34.579376613 ], [ 135.442549105000012, 34.579376667 ], [ 135.442553839, 34.579372081 ], [ 135.442553890999989, 34.579362162 ], [ 135.442550219999987, 34.579357559 ], [ 135.442539144, 34.579354441 ], [ 135.442535447000012, 34.57935136 ], [ 135.442559196, 34.57925564 ], [ 135.442564772999987, 34.579252613 ], [ 135.442574916000012, 34.579251829 ], [ 135.442580506000013, 34.57924736 ], [ 135.442588911, 34.579228279 ], [ 135.44259083, 34.57921836 ], [ 135.44258808, 34.579203829 ], [ 135.442558521, 34.579160802 ], [ 135.44254131, 34.579157306 ], [ 135.442540078, 34.579163694 ], [ 135.442371283999989, 34.579140108 ], [ 135.442399339, 34.578973721 ], [ 135.44245856, 34.578621946 ], [ 135.44269345, 34.578640414 ], [ 135.442710973, 34.578643919 ], [ 135.442733280999988, 34.578647559 ], [ 135.442741362, 34.578644775 ], [ 135.442745863, 34.578640027 ], [ 135.442763113000012, 34.578602333 ], [ 135.442821025, 34.578419135 ], [ 135.443088418, 34.577417613 ], [ 135.443091855, 34.577409225 ], [ 135.443103696, 34.577398919 ], [ 135.443117276, 34.577387802 ], [ 135.443126005000011, 34.577340613 ], [ 135.443121803, 34.577332198 ], [ 135.443112581, 34.577325946 ], [ 135.443113139, 34.577325135 ], [ 135.443218885, 34.576764225 ], [ 135.443227951000011, 34.576747865 ], [ 135.443231634, 34.576746162 ], [ 135.443280856, 34.576752973 ], [ 135.443284578, 34.576752081 ], [ 135.443289857, 34.576746892 ], [ 135.443387639, 34.57644964 ], [ 135.44338878100001, 34.576441802 ], [ 135.44338564200001, 34.576436559 ], [ 135.443369222, 34.57643164 ], [ 135.443424086, 34.576296829 ], [ 135.443425746, 34.576291613 ], [ 135.44342360600001, 34.576285027 ], [ 135.443416783, 34.576281468 ], [ 135.443257808, 34.57623964 ], [ 135.443278833, 34.576192495 ], [ 135.44328744500001, 34.576173613 ], [ 135.443364228, 34.575921694 ], [ 135.443454253999988, 34.575924 ], [ 135.443484773, 34.575727532 ], [ 135.443489922, 34.575692108 ], [ 135.443609689, 34.575 ], [ 135.443763190999988, 34.574113081 ], [ 135.443802724, 34.573907721 ], [ 135.443786498, 34.573903495 ], [ 135.443820143000011, 34.573714865 ], [ 135.444236354999987, 34.573766613 ], [ 135.444234967999989, 34.573775081 ], [ 135.444316445999988, 34.573786468 ], [ 135.444330363, 34.573707108 ], [ 135.444208885, 34.573690865 ], [ 135.444151634, 34.573683225 ], [ 135.443844915999989, 34.573642225 ], [ 135.444391284, 34.570464775 ], [ 135.444393891, 34.570449829 ], [ 135.444415888, 34.570322 ], [ 135.444418495, 34.570306973 ], [ 135.444518249, 34.569726387 ], [ 135.444548106000013, 34.569729865 ], [ 135.444653773999988, 34.569096667 ], [ 135.444600726, 34.569091279 ], [ 135.444625422, 34.568937667 ], [ 135.444628443999989, 34.56892264 ], [ 135.444631971, 34.568884252 ], [ 135.444634086, 34.568876333 ], [ 135.444636835000011, 34.568873892 ], [ 135.444639883, 34.568873279 ], [ 135.444651607999987, 34.568879027 ], [ 135.444656939, 34.568879865 ], [ 135.445025383, 34.568802829 ], [ 135.445031193, 34.568800865 ], [ 135.445034578, 34.568798081 ], [ 135.445038859, 34.568794135 ], [ 135.445042944, 34.568788306 ], [ 135.445044163, 34.568784333 ], [ 135.445045305, 34.568774973 ], [ 135.445079663, 34.568590946 ], [ 135.44519275, 34.568038108 ], [ 135.445297419000013, 34.567410586 ], [ 135.444957276, 34.567246586 ], [ 135.444939974, 34.567238225 ], [ 135.444934034, 34.567235387 ], [ 135.444966031, 34.567009532 ], [ 135.445470195000013, 34.566860162 ], [ 135.44549180300001, 34.566855667 ], [ 135.445752698, 34.566776802 ], [ 135.44578511, 34.566766667 ], [ 135.445948249, 34.56671764 ], [ 135.445981673, 34.566711387 ], [ 135.446093022000014, 34.566678468 ], [ 135.446107004, 34.566674279 ], [ 135.446132672, 34.566666667 ], [ 135.446149170000012, 34.566661775 ], [ 135.446161894, 34.566666667 ], [ 135.446193502, 34.566678829 ], [ 135.446468521000014, 34.566784279 ], [ 135.446473554, 34.566800081 ], [ 135.446938663999987, 34.566666667 ], [ 135.447098223000012, 34.566620892 ], [ 135.447094669, 34.566612414 ], [ 135.447725913999989, 34.566425946 ], [ 135.447720169, 34.566405919 ], [ 135.447836719, 34.56637036 ], [ 135.448651997000013, 34.566120279 ], [ 135.448593359, 34.565988748 ], [ 135.448590947000014, 34.565982441 ], [ 135.448585576999989, 34.565960775 ], [ 135.448593022000011, 34.565939 ], [ 135.44861297, 34.565924468 ], [ 135.44981345, 34.565568027 ], [ 135.449841725, 34.565559946 ], [ 135.45, 34.565511306 ], [ 135.450055642, 34.565494198 ], [ 135.450059922, 34.565505667 ], [ 135.450113528, 34.565490748 ], [ 135.450112023, 34.565485892 ], [ 135.450109248, 34.565476775 ], [ 135.450275667999989, 34.565428198 ], [ 135.450642437999988, 34.565321135 ], [ 135.450646589, 34.565319892 ], [ 135.451492387, 34.565069198 ], [ 135.452255032000011, 34.56483236 ], [ 135.452368248999989, 34.564797387 ], [ 135.452565058, 34.565158279 ], [ 135.452530117, 34.56517036 ], [ 135.452716278, 34.565496829 ], [ 135.452769558999989, 34.565478162 ], [ 135.452783256, 34.565497892 ], [ 135.452803333, 34.565526721 ], [ 135.452872827, 34.565498279 ], [ 135.453023527999989, 34.565436586 ], [ 135.453070311, 34.565499162 ], [ 135.453154358, 34.565611532 ], [ 135.452917471, 34.565703495 ], [ 135.452981336, 34.565823694 ], [ 135.452916523999988, 34.565848 ], [ 135.452922476999987, 34.565858495 ], [ 135.452925058, 34.565863108 ], [ 135.453090415, 34.566157721 ], [ 135.453093865, 34.566163973 ], [ 135.453097834, 34.566170946 ], [ 135.453162607, 34.566146613 ], [ 135.453333554000011, 34.566440108 ], [ 135.453330505999986, 34.566489748 ], [ 135.452889441999986, 34.566666667 ], [ 135.452499611, 34.566823027 ], [ 135.45224131, 34.566927532 ], [ 135.45, 34.567818198 ], [ 135.449425357, 34.568046532 ], [ 135.449599611, 34.568611414 ], [ 135.45, 34.569849946 ], [ 135.450240052, 34.570592495 ], [ 135.450245161999987, 34.570608027 ], [ 135.450657197999988, 34.571882613 ], [ 135.450667834, 34.571915586 ], [ 135.45081192, 34.572361333 ], [ 135.45058189400001, 34.57241964 ], [ 135.451399689, 34.574981721 ], [ 135.451404475, 34.574985721 ], [ 135.451409922000011, 34.574986387 ], [ 135.451547951, 34.574953919 ], [ 135.451638949, 34.574932495 ], [ 135.451657977, 34.574996108 ], [ 135.451659144, 34.575 ], [ 135.451767782, 34.575363279 ], [ 135.452184280000012, 34.575595865 ], [ 135.452705162, 34.575887667 ], [ 135.452732607, 34.575887802 ], [ 135.455029339, 34.575834892 ], [ 135.455340661, 34.575827694 ], [ 135.4553893, 34.575825306 ], [ 135.455458418, 34.575821829 ], [ 135.455505305, 34.575819495 ], [ 135.455454358, 34.575 ], [ 135.455435551, 34.574697532 ], [ 135.455429857000013, 34.574601495 ], [ 135.455416939, 34.574379027 ], [ 135.45541144, 34.574269559 ], [ 135.456052892, 34.574246198 ], [ 135.456050169, 34.574213802 ], [ 135.455487471, 34.574242387 ], [ 135.455448002999987, 34.573643532 ], [ 135.455986835, 34.573258081 ], [ 135.45601489, 34.573286333 ], [ 135.456303528, 34.57308136 ], [ 135.456278495, 34.573055829 ], [ 135.456259222, 34.573037252 ], [ 135.456405746, 34.572929198 ], [ 135.456423256, 34.572916279 ], [ 135.456683917, 34.572726946 ], [ 135.456664968000013, 34.572706414 ], [ 135.45669214, 34.572686829 ], [ 135.456753191, 34.572763919 ], [ 135.456763217, 34.572776559 ], [ 135.456903165, 34.572953135 ], [ 135.456913359, 34.572966 ], [ 135.457065836999988, 34.573158387 ], [ 135.457076498, 34.573171829 ], [ 135.457156809, 34.573273198 ], [ 135.457086005, 34.573308775 ], [ 135.457101478999988, 34.573328225 ], [ 135.457120441, 34.573361225 ], [ 135.457207912, 34.573467532 ], [ 135.457371946, 34.573667054 ], [ 135.457428807000014, 34.573739081 ], [ 135.457480169, 34.573822495 ], [ 135.456780220000013, 34.57398736 ], [ 135.456765058, 34.573990973 ], [ 135.45667358, 34.574012468 ], [ 135.456662218, 34.574015135 ], [ 135.456663411, 34.574019198 ], [ 135.456670752, 34.574045559 ], [ 135.45675939, 34.574024027 ], [ 135.456785161999989, 34.574017748 ], [ 135.456915720000012, 34.573986054 ], [ 135.456925641999987, 34.573983667 ], [ 135.456929248, 34.573982694 ], [ 135.457002166, 34.573965 ], [ 135.457011219, 34.573962865 ], [ 135.457225422, 34.573910802 ], [ 135.457546251999986, 34.573832892 ], [ 135.457555811, 34.573838721 ], [ 135.457566693, 34.574040081 ], [ 135.457564163, 34.574062135 ], [ 135.457567665, 34.574144279 ], [ 135.457567950999987, 34.574165559 ], [ 135.457567224, 34.574211721 ], [ 135.457568249, 34.574218225 ], [ 135.457571894000012, 34.574297468 ], [ 135.457572918000011, 34.574305495 ], [ 135.457574086, 34.574363559 ], [ 135.457575862999988, 34.574372333 ], [ 135.457575279, 34.574479054 ], [ 135.457577418999989, 34.574488721 ], [ 135.457577834, 34.574591667 ], [ 135.457577665, 34.574600775 ], [ 135.45758372200001, 34.574672027 ], [ 135.457583995, 34.574681586 ], [ 135.45758214, 34.574748198 ], [ 135.457582412, 34.574757108 ], [ 135.457588275, 34.574862081 ], [ 135.457588418, 34.57487264 ], [ 135.457591283999989, 34.574968748 ], [ 135.457591167, 34.574986414 ], [ 135.45759192, 34.575 ], [ 135.457594773000011, 34.575052054 ], [ 135.457595524999988, 34.57507 ], [ 135.457597782, 34.575196694 ], [ 135.457597328, 34.575214973 ], [ 135.45760406, 34.575337162 ], [ 135.457611608, 34.575625135 ], [ 135.457612023, 34.575641721 ], [ 135.457613995, 34.575716667 ], [ 135.457491414, 34.575727198 ], [ 135.457476394, 34.575726054 ], [ 135.457053917, 34.575745333 ], [ 135.457044553, 34.575746081 ], [ 135.457018780999988, 34.575748081 ], [ 135.456880219999988, 34.575758919 ], [ 135.456855551, 34.575760775 ], [ 135.456844695, 34.575761613 ], [ 135.456715888, 34.57577136 ], [ 135.456698833, 34.575772495 ], [ 135.456687859999988, 34.575773225 ], [ 135.456599196000013, 34.575777559 ], [ 135.456586355000013, 34.575776559 ], [ 135.456354358, 34.575784802 ], [ 135.456356328999988, 34.575802748 ], [ 135.456582802000014, 34.575795225 ], [ 135.456588301000011, 34.575795027 ], [ 135.456595966, 34.57579464 ], [ 135.45673192000001, 34.575787559 ], [ 135.45674591400001, 34.576047973 ], [ 135.456681362000012, 34.576051306 ], [ 135.456688638, 34.576407081 ], [ 135.456034163, 34.576417135 ], [ 135.456034890000012, 34.576439495 ], [ 135.455888392, 34.576441027 ], [ 135.455888418, 34.576488613 ], [ 135.455024942, 34.57651 ], [ 135.45461358, 34.576520279 ], [ 135.454135720000011, 34.576532 ], [ 135.454136031, 34.576520468 ], [ 135.453160051999987, 34.576543414 ], [ 135.452702192, 34.576557946 ], [ 135.452669883, 34.576562135 ], [ 135.452649662999988, 34.576570054 ], [ 135.452620778000011, 34.576588667 ], [ 135.452176005000013, 34.576883279 ], [ 135.452041894, 34.576974108 ], [ 135.452024553, 34.576990333 ], [ 135.452009974, 34.577005135 ], [ 135.451993671, 34.577016333 ], [ 135.451950466999989, 34.577037532 ], [ 135.451771582, 34.577125252 ], [ 135.451759974, 34.577132225 ], [ 135.451752191999987, 34.577139667 ], [ 135.451747004, 34.577150919 ], [ 135.451197613, 34.579013613 ], [ 135.451168859, 34.579111279 ], [ 135.451167613, 34.579118946 ], [ 135.451169196, 34.57912464 ], [ 135.451174423, 34.57912836 ], [ 135.451378275, 34.579171829 ], [ 135.451154941999988, 34.579934054 ], [ 135.45107581100001, 34.57991964 ], [ 135.451055811, 34.579958306 ], [ 135.451071025, 34.579964054 ], [ 135.451006109, 34.580191586 ], [ 135.45099489, 34.580189162 ], [ 135.450982672, 34.580223748 ], [ 135.451025136, 34.580231865 ], [ 135.451027497000013, 34.580222054 ], [ 135.451071479, 34.580231802 ], [ 135.451028301, 34.58037964 ], [ 135.451021777, 34.580378802 ], [ 135.450968859, 34.580368198 ], [ 135.450725551, 34.58120064 ], [ 135.450722802, 34.581205586 ], [ 135.450621555999987, 34.581185586 ], [ 135.450617419, 34.581186 ], [ 135.450615006, 34.581188414 ], [ 135.450563528, 34.581357865 ], [ 135.450564578000012, 34.581363721 ], [ 135.450569585000011, 34.581367 ], [ 135.450672335, 34.581387279 ], [ 135.450662918, 34.581412387 ], [ 135.450499662999988, 34.581969802 ], [ 135.450498418, 34.581975108 ], [ 135.45039, 34.581954775 ], [ 135.450398664, 34.581929135 ], [ 135.450375810999986, 34.581922532 ], [ 135.450380195, 34.581905694 ], [ 135.450363191, 34.581902387 ], [ 135.450352165999988, 34.581888081 ], [ 135.450337029999986, 34.581888027 ], [ 135.450318197, 34.58190064 ], [ 135.450290389, 34.582003279 ], [ 135.450298339999989, 34.582004775 ], [ 135.450313217, 34.582010162 ], [ 135.450345863, 34.582019865 ], [ 135.450360804000013, 34.581985495 ], [ 135.450492411999988, 34.582010333 ], [ 135.450491725, 34.582015748 ], [ 135.450459974000012, 34.582138027 ], [ 135.450444916, 34.582205667 ], [ 135.450117562, 34.583333333 ], [ 135.450112802, 34.583349667 ], [ 135.450094033999989, 34.58341436 ], [ 135.450095057999988, 34.583443225 ], [ 135.450198418000014, 34.583667279 ], [ 135.450200467, 34.583672414 ], [ 135.450098340000011, 34.583706306 ], [ 135.450112088, 34.583734586 ], [ 135.450463061, 34.583621829 ], [ 135.450549105, 34.583796775 ], [ 135.451911803, 34.583333333 ], [ 135.451951946, 34.583319694 ], [ 135.451869689, 34.583143198 ], [ 135.451861971, 34.583126414 ], [ 135.452092502999989, 34.583048225 ], [ 135.45213725, 34.583034054 ], [ 135.452159883, 34.583026532 ], [ 135.452238781, 34.583000306 ], [ 135.453379689, 34.582621027 ], [ 135.453435447, 34.582715892 ], [ 135.454086225999987, 34.582598225 ], [ 135.454086939, 34.582611532 ], [ 135.454985136, 34.582609414 ], [ 135.455010506, 34.58260936 ], [ 135.455009780000012, 34.582518252 ], [ 135.45572869, 34.582512532 ], [ 135.455723721999988, 34.582643027 ], [ 135.456007886, 34.582643667 ], [ 135.45601347600001, 34.582520892 ], [ 135.456427808, 34.582520748 ], [ 135.45642367100001, 34.582671306 ], [ 135.456509856999986, 34.582672306 ], [ 135.456511608, 34.582656441 ], [ 135.456659416, 34.582657748 ], [ 135.456659196, 34.582674225 ], [ 135.456731894, 34.582673198 ], [ 135.456732749999986, 34.582658054 ], [ 135.456877951, 34.582658721 ], [ 135.456877834000011, 34.582677829 ], [ 135.456958495, 34.582676198 ], [ 135.456958638, 34.582655108 ], [ 135.45708725, 34.582656306 ], [ 135.457090389, 34.582676775 ], [ 135.457163865000012, 34.582676468 ], [ 135.457167004000013, 34.582526108 ], [ 135.457326861000013, 34.582527721 ], [ 135.457350532, 34.582527973 ], [ 135.457298171, 34.582589802 ], [ 135.458180973, 34.583140586 ], [ 135.458146693, 34.58318036 ], [ 135.458333333000013, 34.583298306 ], [ 135.458388754999987, 34.583333333 ], [ 135.458567030000012, 34.583446 ], [ 135.458578885, 34.58345336 ], [ 135.458592243999988, 34.583459495 ], [ 135.458606783, 34.583464108 ], [ 135.458622114, 34.583467027 ], [ 135.458637808, 34.583468108 ], [ 135.45865335900001, 34.583467333 ], [ 135.458668300999989, 34.583464829 ], [ 135.458682309000011, 34.583460775 ], [ 135.458877003999987, 34.583395108 ], [ 135.458922476999987, 34.583378973 ], [ 135.458946938999986, 34.583374892 ], [ 135.458963411000013, 34.583375 ], [ 135.458980026, 34.583376802 ], [ 135.458996329, 34.583380333 ], [ 135.459011971, 34.583385559 ], [ 135.459026589, 34.583392306 ], [ 135.459039857, 34.58340036 ], [ 135.459051582, 34.583409495 ], [ 135.459061608000013, 34.583419414 ], [ 135.459069883000012, 34.583429829 ], [ 135.459076446000012, 34.583440468 ], [ 135.459081362, 34.583451135 ], [ 135.459108392, 34.583542441 ], [ 135.459114422999988, 34.583557027 ], [ 135.459124189, 34.583571252 ], [ 135.459137717, 34.583584108 ], [ 135.45915444900001, 34.583594667 ], [ 135.45917345, 34.583602135 ], [ 135.459193449999987, 34.583606198 ], [ 135.459213191, 34.583606892 ], [ 135.459231673, 34.58360464 ], [ 135.459389144, 34.583574748 ], [ 135.459631971, 34.58352836 ], [ 135.459932529000014, 34.583470946 ], [ 135.46014808000001, 34.583429775 ], [ 135.460642412, 34.583333333 ], [ 135.461439585, 34.583177802 ], [ 135.462545279000011, 34.582862919 ], [ 135.4625838, 34.58277564 ], [ 135.463319494, 34.582667775 ], [ 135.463329585, 34.582659027 ], [ 135.463332023, 34.582647829 ], [ 135.463328029, 34.582624532 ], [ 135.46264861200001, 34.582722027 ], [ 135.46281847, 34.582359225 ], [ 135.462821582, 34.582352586 ], [ 135.462920895, 34.582140468 ], [ 135.462924890000011, 34.582131946 ], [ 135.463080169, 34.581800279 ], [ 135.463132244, 34.581714081 ], [ 135.463139248, 34.581702532 ], [ 135.463221284000014, 34.581566775 ], [ 135.463637562, 34.581411198 ], [ 135.464066667, 34.581487667 ], [ 135.464471751, 34.581607027 ], [ 135.46441489, 34.581706279 ], [ 135.464338340000012, 34.581676495 ], [ 135.464320531999988, 34.581707775 ], [ 135.464311245, 34.581724081 ], [ 135.46429917, 34.58174536 ], [ 135.464309883, 34.581749532 ], [ 135.464483307, 34.581817 ], [ 135.464498586, 34.581822919 ], [ 135.46450345, 34.581814333 ], [ 135.464512776, 34.581797946 ], [ 135.464537717000013, 34.581754081 ], [ 135.464434617, 34.581713946 ], [ 135.464492387, 34.581613108 ], [ 135.464512023, 34.581618919 ], [ 135.464523217, 34.581639775 ], [ 135.464536641, 34.581660333 ], [ 135.464552309, 34.581680333 ], [ 135.464570143, 34.581699559 ], [ 135.464590117, 34.581717748 ], [ 135.464612088, 34.581734694 ], [ 135.464635837, 34.581750162 ], [ 135.464661167, 34.581764 ], [ 135.464687808, 34.581776 ], [ 135.464715499, 34.581786081 ], [ 135.464743891000012, 34.581794135 ], [ 135.464772698, 34.581800162 ], [ 135.464801607999988, 34.581804198 ], [ 135.464830310999986, 34.581806225 ], [ 135.46485856000001, 34.58180636 ], [ 135.46488608300001, 34.581804721 ], [ 135.465211414, 34.582058198 ], [ 135.465301284, 34.582235414 ], [ 135.465308612, 34.582245162 ], [ 135.465318249, 34.582254198 ], [ 135.46533, 34.582261919 ], [ 135.465343411, 34.582267892 ], [ 135.465407717, 34.582418081 ], [ 135.465472023, 34.582568279 ], [ 135.465469805, 34.582591613 ], [ 135.465471777, 34.582604973 ], [ 135.465540389000012, 34.582769613 ], [ 135.465544357999988, 34.58277964 ], [ 135.465550415, 34.582786333 ], [ 135.465588638000014, 34.582806613 ], [ 135.465603891, 34.582809108 ], [ 135.465616978000014, 34.582810054 ], [ 135.465778521, 34.582791919 ], [ 135.465780558, 34.582804387 ], [ 135.465794968000012, 34.582853721 ], [ 135.465819027, 34.582914414 ], [ 135.465817523, 34.583286468 ], [ 135.465813113, 34.583333333 ], [ 135.465793917000013, 34.583537162 ], [ 135.465790195000011, 34.583576793 ], [ 135.465624279999986, 34.583555523 ], [ 135.465596057, 34.583891342 ], [ 135.466183411, 34.584536243 ], [ 135.46618607, 34.584547775 ], [ 135.466183476, 34.584554847 ], [ 135.466180065, 34.584562234 ], [ 135.466174228, 34.584568559 ], [ 135.466168391999986, 34.584574568 ], [ 135.466156809000012, 34.58458082 ], [ 135.465596135, 34.584754459 ], [ 135.464979351000011, 34.584945225 ], [ 135.464568327, 34.585028441 ], [ 135.464224046999988, 34.585020865 ], [ 135.464003515, 34.584962351 ], [ 135.463563281, 34.584659198 ], [ 135.463537834, 34.58464227 ], [ 135.463421232, 34.584466577 ], [ 135.463489792, 34.584315009 ], [ 135.463555162, 34.584169432 ], [ 135.463598741999988, 34.58407373 ], [ 135.463623424, 34.584034541 ], [ 135.463706628000011, 34.583916577 ], [ 135.463759222, 34.583831685 ], [ 135.463812866000012, 34.583753874 ], [ 135.463858288000011, 34.583688108 ], [ 135.463904449000012, 34.583616279 ], [ 135.463931102, 34.583569523 ], [ 135.463948378999987, 34.583532252 ], [ 135.463961466, 34.583488333 ], [ 135.463972114, 34.583445396 ], [ 135.463974137, 34.583403847 ], [ 135.46422227, 34.583333333 ], [ 135.464315486, 34.583306838 ], [ 135.464375525, 34.583287027 ], [ 135.464323554, 34.58316664 ], [ 135.464313995, 34.58316 ], [ 135.464301167, 34.583157694 ], [ 135.464288495, 34.583157919 ], [ 135.463598755, 34.583333333 ], [ 135.463314086, 34.583405721 ], [ 135.462805499000012, 34.583535081 ], [ 135.462795668000012, 34.583539081 ], [ 135.462793217000012, 34.583543775 ], [ 135.462798781, 34.583562559 ], [ 135.462753139, 34.583575135 ], [ 135.462746719, 34.58355764 ], [ 135.46274358, 34.583552919 ], [ 135.462737056, 34.583552279 ], [ 135.460723943, 34.584068892 ], [ 135.460566991, 34.584109946 ], [ 135.460566031000013, 34.584110198 ], [ 135.460241608, 34.584195135 ], [ 135.460063684, 34.584241721 ], [ 135.460057419, 34.58424336 ], [ 135.458855616, 34.584550775 ], [ 135.458839611, 34.58451464 ], [ 135.45888406, 34.584502027 ], [ 135.458863969, 34.584455973 ], [ 135.458742892, 34.584485559 ], [ 135.458777562, 34.584568919 ], [ 135.458520271999987, 34.58463736 ], [ 135.458505422, 34.584594441 ], [ 135.458526912999986, 34.584588252 ], [ 135.458511725, 34.584541775 ], [ 135.45842703, 34.584563946 ], [ 135.458457638999988, 34.584654387 ], [ 135.458333333000013, 34.584686054 ], [ 135.457868366000014, 34.584804586 ], [ 135.457766809, 34.584830468 ], [ 135.45773280200001, 34.584745919 ], [ 135.457693281, 34.584757387 ], [ 135.457721725, 34.584842973 ], [ 135.456914837999989, 34.585048 ], [ 135.456880804, 34.584965802 ], [ 135.456730584000013, 34.585004721 ], [ 135.456759053000013, 34.58508336 ], [ 135.455515136, 34.585397865 ], [ 135.455461751, 34.58541136 ], [ 135.455346641, 34.585440468 ], [ 135.455300921, 34.585452 ], [ 135.454966004999989, 34.585536694 ], [ 135.454921582, 34.585547919 ], [ 135.454914863999988, 34.585530108 ], [ 135.454865863, 34.585542892 ], [ 135.454872555, 34.585562865 ], [ 135.454753891, 34.585592135 ], [ 135.454747276, 34.585576 ], [ 135.454586329, 34.585617414 ], [ 135.454591310000012, 34.585633252 ], [ 135.45417511, 34.585739198 ], [ 135.454170804, 34.585727135 ], [ 135.454096498000013, 34.585746054 ], [ 135.454101724999987, 34.585765495 ], [ 135.453797977, 34.585839775 ], [ 135.45378428, 34.585843108 ], [ 135.453436524000011, 34.585928162 ], [ 135.453430921, 34.585908414 ], [ 135.452117328000014, 34.586249667 ], [ 135.45212367100001, 34.586264892 ], [ 135.451883191, 34.586334108 ], [ 135.451643307000012, 34.586399252 ], [ 135.451388885, 34.586464081 ], [ 135.450138028999987, 34.586781919 ], [ 135.45, 34.586816559 ], [ 135.449443917, 34.586956135 ], [ 135.449389974000013, 34.586970748 ], [ 135.44935627800001, 34.586987279 ], [ 135.449331115, 34.587002946 ], [ 135.449309416, 34.587020532 ], [ 135.449294864, 34.587045532 ], [ 135.449291050999989, 34.587077946 ], [ 135.449296887, 34.587102135 ], [ 135.449307328, 34.587119586 ], [ 135.45, 34.587758135 ], [ 135.45061924800001, 34.588329027 ], [ 135.452092438, 34.589665225 ], [ 135.452106641, 34.589678613 ], [ 135.452375642, 34.589933054 ], [ 135.452406589, 34.589953387 ], [ 135.452434501, 34.589968135 ], [ 135.452454189, 34.589973721 ], [ 135.452468366, 34.589974495 ], [ 135.452495616, 34.589975441 ], [ 135.452520142999987, 34.589975532 ], [ 135.452553943, 34.58997336 ], [ 135.45258603100001, 34.589968081 ], [ 135.454940999, 34.589365333 ], [ 135.458333333000013, 34.588497 ], [ 135.460613061, 34.587913468 ], [ 135.460621634, 34.587901613 ], [ 135.460633333, 34.587743252 ], [ 135.46158019500001, 34.587539829 ], [ 135.46233153, 34.587376919 ], [ 135.462573696, 34.587699703 ], [ 135.46279924800001, 34.588000333 ], [ 135.462632335, 34.591572279 ], [ 135.462333865, 34.591666667 ], [ 135.460949533, 34.592104495 ], [ 135.460956446000012, 34.591928829 ], [ 135.460910661000014, 34.591928613 ], [ 135.460897756, 34.592341721 ], [ 135.460941115, 34.592344802 ], [ 135.460936278, 34.592403306 ], [ 135.460717834, 34.59239764 ], [ 135.460716588999986, 34.592424775 ], [ 135.460939468, 34.592430441 ], [ 135.460931829, 34.592548495 ], [ 135.460711245, 34.592541865 ], [ 135.460708885, 34.592569252 ], [ 135.460932866, 34.592574946 ], [ 135.460932607, 34.592579802 ], [ 135.460923969, 34.592720387 ], [ 135.46068703, 34.592795721 ], [ 135.460634721, 34.594068694 ], [ 135.460629727999986, 34.594219748 ], [ 135.460624332, 34.594382586 ], [ 135.460596835, 34.594861135 ], [ 135.459948196999989, 34.59485664 ], [ 135.459948366, 34.594831865 ], [ 135.459724357999988, 34.594829333 ], [ 135.459789339, 34.593478973 ], [ 135.459793087, 34.593474306 ], [ 135.459798755, 34.593472775 ], [ 135.45988214, 34.593473973 ], [ 135.459885499, 34.593395721 ], [ 135.459794577999986, 34.593392279 ], [ 135.459790921, 34.59338836 ], [ 135.459790946999988, 34.593381414 ], [ 135.459828949000013, 34.592733586 ], [ 135.459836939000013, 34.592574946 ], [ 135.459882827, 34.591666667 ], [ 135.459930973000013, 34.590714198 ], [ 135.459469274000014, 34.59036236 ], [ 135.459056252000011, 34.590058414 ], [ 135.459042387000011, 34.590059973 ], [ 135.458333333000013, 34.590238532 ], [ 135.458281777, 34.590251532 ], [ 135.454929663, 34.591102306 ], [ 135.452705772, 34.591666667 ], [ 135.452078275, 34.591825919 ], [ 135.451774695000012, 34.591902973 ], [ 135.451560143, 34.591824306 ], [ 135.451109804999987, 34.591666667 ], [ 135.45, 34.591278198 ], [ 135.449789689, 34.591204559 ], [ 135.447501582, 34.590402694 ], [ 135.447490947, 34.59041464 ], [ 135.447419468, 34.590391694 ], [ 135.447318249, 34.590595333 ], [ 135.447288444, 34.590587252 ], [ 135.447384293, 34.590392991 ], [ 135.447387263, 34.590387964 ], [ 135.447345563999988, 34.590374928 ], [ 135.447320415, 34.59036773 ], [ 135.447322891999988, 34.590358757 ], [ 135.447015201, 34.590268649 ], [ 135.447092542, 34.590096532 ], [ 135.445765123, 34.589690171 ], [ 135.445690389, 34.589860027 ], [ 135.445142827000012, 34.589691775 ], [ 135.444298392, 34.589434694 ], [ 135.444286549999987, 34.589461054 ], [ 135.443992826999988, 34.589367775 ], [ 135.444000726000013, 34.589345441 ], [ 135.443969947999989, 34.589336468 ], [ 135.443942529, 34.589395468 ], [ 135.443926031, 34.589397829 ], [ 135.443910441000014, 34.589429775 ], [ 135.443922944, 34.589435414 ], [ 135.443814449, 34.589640108 ], [ 135.443547755999987, 34.590138162 ], [ 135.44352747100001, 34.59013564 ], [ 135.443471777000013, 34.590249495 ], [ 135.443491997, 34.590259162 ], [ 135.443394137000013, 34.590451919 ], [ 135.443385279000012, 34.590469081 ], [ 135.441666667, 34.589945414 ], [ 135.44136511, 34.589853559 ], [ 135.438129196, 34.588853027 ], [ 135.438113865, 34.588784 ], [ 135.437703696, 34.588655919 ], [ 135.437209196, 34.588847252 ], [ 135.437204643, 34.588876829 ], [ 135.436809689, 34.589023414 ], [ 135.433333333, 34.590356613 ], [ 135.433131634, 34.590433973 ], [ 135.430277834, 34.591535225 ], [ 135.429962283, 34.591655829 ], [ 135.429934034000013, 34.591666667 ], [ 135.429409559, 34.591867973 ], [ 135.428518638000014, 34.592208559 ], [ 135.427938807, 34.592429586 ], [ 135.427352969999987, 34.592652946 ], [ 135.426459637, 34.592995468 ], [ 135.425705746, 34.593285829 ], [ 135.425625694, 34.593322306 ], [ 135.425549364, 34.593344775 ], [ 135.425453333, 34.593913 ], [ 135.42526917, 34.594976279 ], [ 135.425165084000014, 34.595544198 ], [ 135.425087523, 34.596005946 ], [ 135.425, 34.596502829 ], [ 135.424960584, 34.596726559 ], [ 135.42478, 34.597778775 ], [ 135.424665811000011, 34.598430829 ], [ 135.424518301, 34.599300748 ], [ 135.424399027, 34.6 ], [ 135.424341387999988, 34.600337829 ], [ 135.424170194999988, 34.601324162 ], [ 135.42400425400001, 34.602285865 ], [ 135.423836835, 34.603226973 ], [ 135.423674772999988, 34.604146198 ], [ 135.423542114000014, 34.60491736 ], [ 135.423543476, 34.604973694 ], [ 135.423553995, 34.604994306 ], [ 135.423573280999989, 34.605016387 ], [ 135.423590947, 34.605030198 ], [ 135.423619144000014, 34.605035802 ], [ 135.423679442, 34.605034748 ], [ 135.423744968, 34.605019919 ], [ 135.423909947999988, 34.604968586 ], [ 135.424440169, 34.604795387 ], [ 135.42446909200001, 34.604800595 ], [ 135.425, 34.604644108 ], [ 135.427268029, 34.603975586 ], [ 135.427250493, 34.603926126 ], [ 135.427885135999986, 34.603739586 ], [ 135.429219831000012, 34.603348802 ], [ 135.43019917, 34.603071135 ], [ 135.430851946, 34.602877108 ], [ 135.430918781, 34.602858667 ], [ 135.430930389, 34.602883054 ], [ 135.431107782, 34.602836198 ], [ 135.431184863999988, 34.602885135 ], [ 135.431174059999989, 34.602899892 ], [ 135.431385253, 34.603029135 ], [ 135.431453139000013, 34.603031892 ], [ 135.431512801999986, 34.602980333 ], [ 135.431506743999989, 34.602974802 ], [ 135.431588911, 34.602949495 ], [ 135.431779196, 34.602880613 ], [ 135.431889001, 34.602848135 ], [ 135.432168859, 34.602767667 ], [ 135.43234869, 34.602715387 ], [ 135.433049533, 34.602520865 ], [ 135.433333333, 34.602442108 ], [ 135.433639053, 34.602357279 ], [ 135.434009728, 34.602730694 ], [ 135.434097665, 34.602671694 ], [ 135.434165473, 34.602740162 ], [ 135.434146161, 34.602758 ], [ 135.43413428, 34.602774081 ], [ 135.434125966000011, 34.602791721 ], [ 135.434121581999989, 34.602810279 ], [ 135.434121362000013, 34.602829198 ], [ 135.434125161999987, 34.602847892 ], [ 135.434132995999988, 34.602865586 ], [ 135.434144449, 34.602881973 ], [ 135.434159274, 34.60289636 ], [ 135.434177082, 34.602908333 ], [ 135.434197082, 34.602917441 ], [ 135.434218716, 34.602923495 ], [ 135.434241388, 34.602926306 ], [ 135.434264189, 34.602925694 ], [ 135.43428655, 34.602921667 ], [ 135.434307665, 34.602914441 ], [ 135.434326913, 34.602904162 ], [ 135.434343696000013, 34.602891279 ], [ 135.434357302, 34.602876081 ], [ 135.434367445, 34.602859198 ], [ 135.434373774, 34.602841 ], [ 135.434376082999989, 34.602822198 ], [ 135.434374358000014, 34.602803333 ], [ 135.434368495, 34.602785 ], [ 135.434358807, 34.602767919 ], [ 135.434345616, 34.602752441 ], [ 135.434329222, 34.602739198 ], [ 135.434310337, 34.602728667 ], [ 135.434289339, 34.602721 ], [ 135.434267134, 34.602716559 ], [ 135.434244254, 34.602715559 ], [ 135.434221556000011, 34.602717892 ], [ 135.434199689, 34.602723468 ], [ 135.434177393, 34.602733198 ], [ 135.434108974999987, 34.602664 ], [ 135.434159001000012, 34.602632946 ], [ 135.433848974999989, 34.602320919 ], [ 135.43394214, 34.602296108 ], [ 135.433976135, 34.602248586 ], [ 135.4334462, 34.601064919 ], [ 135.43344061, 34.601052387 ], [ 135.433333333, 34.600812775 ], [ 135.433324578, 34.600793198 ], [ 135.433333333, 34.600790613 ], [ 135.434293359, 34.600504775 ], [ 135.435412776, 34.600173441 ], [ 135.436, 34.6 ], [ 135.437723995, 34.599490748 ], [ 135.43872944200001, 34.599193667 ], [ 135.438724228000012, 34.599183333 ], [ 135.438866446, 34.59914236 ], [ 135.439006135, 34.599102108 ], [ 135.439001894, 34.599092973 ], [ 135.441152166, 34.598450198 ], [ 135.441155253, 34.598459027 ], [ 135.441618807, 34.598321162 ], [ 135.441614384, 34.598312135 ], [ 135.441666667, 34.598296829 ], [ 135.443388807, 34.597792532 ], [ 135.443685421999987, 34.597702054 ], [ 135.44382786, 34.597660748 ], [ 135.443879415999987, 34.597677802 ], [ 135.443937665, 34.597659108 ], [ 135.444030856000012, 34.597698802 ], [ 135.444682944, 34.597502414 ], [ 135.444865668, 34.597923252 ], [ 135.444889831000012, 34.597914829 ], [ 135.445090725999989, 34.59799564 ], [ 135.445122581, 34.597986694 ], [ 135.445142632999989, 34.598038919 ], [ 135.445166394000012, 34.598031081 ], [ 135.44524869, 34.598229748 ], [ 135.445400947, 34.598183468 ], [ 135.445539027, 34.598506892 ], [ 135.445539610999987, 34.598527108 ], [ 135.445632309, 34.598740829 ], [ 135.445644384, 34.598996586 ], [ 135.445624086, 34.599002892 ], [ 135.445613113, 34.599012 ], [ 135.445608781, 34.599025081 ], [ 135.445610999, 34.599043333 ], [ 135.445706199999989, 34.599259667 ], [ 135.445683191, 34.599266532 ], [ 135.446002672, 34.6 ], [ 135.446260558, 34.600592027 ], [ 135.446274773, 34.600614802 ], [ 135.446298366, 34.600631198 ], [ 135.446328806999986, 34.600633973 ], [ 135.446354305999989, 34.600628919 ], [ 135.446464643000013, 34.600594532 ], [ 135.446642866, 34.600957586 ], [ 135.44637830100001, 34.601427919 ], [ 135.446448054, 34.601590973 ], [ 135.446465913999987, 34.601586198 ], [ 135.446553359, 34.601789162 ], [ 135.446537834, 34.601792775 ], [ 135.446565837, 34.601861162 ], [ 135.443905331, 34.60265064 ], [ 135.443055162, 34.602902775 ], [ 135.44303703, 34.602908081 ], [ 135.441666667, 34.603313802 ], [ 135.441039053, 34.60349964 ], [ 135.441019611, 34.603505414 ], [ 135.439007393, 34.604101162 ], [ 135.439003332999988, 34.604091775 ], [ 135.438981245, 34.60409836 ], [ 135.438985331, 34.604106829 ], [ 135.438947523, 34.604119198 ], [ 135.438955551, 34.604141414 ], [ 135.4389338, 34.604149892 ], [ 135.438903501999988, 34.604166865 ], [ 135.438876744, 34.604187667 ], [ 135.438857418999987, 34.604208306 ], [ 135.438819728, 34.604204973 ], [ 135.438790168999986, 34.604206279 ], [ 135.438761336, 34.604211306 ], [ 135.438733696000014, 34.60422 ], [ 135.438708106, 34.604232225 ], [ 135.43868511, 34.604247559 ], [ 135.43866941600001, 34.604262 ], [ 135.438642386999987, 34.604259613 ], [ 135.438584279999986, 34.604262054 ], [ 135.438555525, 34.604270198 ], [ 135.438507781999988, 34.604302081 ], [ 135.438478949, 34.604328559 ], [ 135.438440363000012, 34.604325108 ], [ 135.438410921000013, 34.604326414 ], [ 135.438381971000013, 34.604331441 ], [ 135.438354331999989, 34.604340135 ], [ 135.438328754999986, 34.604352387 ], [ 135.438305746, 34.604367694 ], [ 135.438290271999989, 34.604381865 ], [ 135.438235252999988, 34.604377 ], [ 135.438184111999988, 34.604379198 ], [ 135.438141167, 34.604392532 ], [ 135.438100636, 34.604419559 ], [ 135.438073333, 34.604444586 ], [ 135.438033217, 34.604441081 ], [ 135.438003774, 34.604442306 ], [ 135.437974864000012, 34.604447306 ], [ 135.437947197999989, 34.604456081 ], [ 135.437921608000011, 34.604468252 ], [ 135.437898612, 34.604483559 ], [ 135.437889053, 34.604492333 ], [ 135.437842749999987, 34.604488252 ], [ 135.437813191, 34.604489468 ], [ 135.437784279999988, 34.604494559 ], [ 135.437756744000012, 34.604503279 ], [ 135.437731141, 34.604515495 ], [ 135.437708144999988, 34.604530802 ], [ 135.437683021999987, 34.604553775 ], [ 135.437652192, 34.604551027 ], [ 135.437600169, 34.604553225 ], [ 135.437576031, 34.604560775 ], [ 135.437537951, 34.604578892 ], [ 135.437514384, 34.604594559 ], [ 135.437501556, 34.604606387 ], [ 135.437469754, 34.604603559 ], [ 135.437440195, 34.604604748 ], [ 135.437411284, 34.604609865 ], [ 135.437383722, 34.604618559 ], [ 135.437358145, 34.604630802 ], [ 135.437335136, 34.604646108 ], [ 135.437315278999989, 34.604664225 ], [ 135.437305162, 34.604677081 ], [ 135.437284578, 34.604672468 ], [ 135.437255279, 34.604669892 ], [ 135.437225719999986, 34.604671198 ], [ 135.437196783, 34.604676225 ], [ 135.437180947, 34.604681279 ], [ 135.437166303999987, 34.60465164 ], [ 135.437035642000012, 34.604691252 ], [ 135.4369738, 34.604709973 ], [ 135.437538418, 34.605996973 ], [ 135.437595006, 34.606125973 ], [ 135.437554682000012, 34.608170757 ], [ 135.437551479, 34.608333333 ], [ 135.437549131, 34.608452315 ], [ 135.437503528, 34.610765387 ], [ 135.434712438, 34.610768892 ], [ 135.434581245, 34.610769081 ], [ 135.433333333, 34.610770613 ], [ 135.433316978, 34.610770613 ], [ 135.43325428, 34.610770333 ], [ 135.433147977, 34.610767586 ], [ 135.432993476, 34.610767306 ], [ 135.431621439999986, 34.610764892 ], [ 135.430146719, 34.610764775 ], [ 135.427739728, 34.610776054 ], [ 135.425, 34.610781333 ], [ 135.423999662999989, 34.610783252 ], [ 135.423405473, 34.610771414 ], [ 135.423415473, 34.611691027 ], [ 135.423415498999987, 34.611694532 ], [ 135.423416939, 34.611871333 ], [ 135.423419105, 34.611954721 ], [ 135.423416161, 34.613563829 ], [ 135.423419754, 34.615819892 ], [ 135.423421051, 34.616666667 ], [ 135.423423256, 34.618073694 ], [ 135.423425136, 34.618984225 ], [ 135.423669274, 34.619161162 ], [ 135.424643087, 34.618687973 ], [ 135.425, 34.618515586 ], [ 135.426117393, 34.617975946 ], [ 135.426252827000013, 34.616666667 ], [ 135.426482335, 34.614448333 ], [ 135.426625551, 34.613044892 ], [ 135.426614669, 34.613042586 ], [ 135.426617497, 34.613026829 ], [ 135.428626589, 34.613029495 ], [ 135.429727886, 34.613030135 ], [ 135.429785136, 34.613030414 ], [ 135.430131362, 34.613027495 ], [ 135.431494358, 34.613031613 ], [ 135.432960998999988, 34.613024919 ], [ 135.432963411, 34.61307 ], [ 135.432969390000011, 34.614199198 ], [ 135.43296869, 34.614413108 ], [ 135.432966913, 34.614963198 ], [ 135.432966588999989, 34.615010532 ], [ 135.43296461700001, 34.615011279 ], [ 135.432034643, 34.615355532 ], [ 135.430684527000011, 34.615854081 ], [ 135.430187108000013, 34.616038829 ], [ 135.430181725000011, 34.616666667 ], [ 135.430173839, 34.617584865 ], [ 135.430173554, 34.617625441 ], [ 135.430176057000011, 34.617657 ], [ 135.43155214, 34.617352387 ], [ 135.431612191999989, 34.617339162 ], [ 135.431666809, 34.617328135 ], [ 135.431736226, 34.617542586 ], [ 135.431657664999989, 34.618267919 ], [ 135.431641284, 34.61827236 ], [ 135.431594864, 34.618283414 ], [ 135.431545694, 34.618294441 ], [ 135.431585746, 34.618418586 ], [ 135.431615083999986, 34.618513387 ], [ 135.43162306100001, 34.618547225 ], [ 135.430566524, 34.618778946 ], [ 135.430595888, 34.618869252 ], [ 135.430603943, 34.618889559 ], [ 135.430625252999988, 34.618964027 ], [ 135.431517950999989, 34.618767613 ], [ 135.431531283999988, 34.618810495 ], [ 135.431558003, 34.618907532 ], [ 135.431576589, 34.618979748 ], [ 135.431524188999987, 34.619466306 ], [ 135.431499637, 34.619470721 ], [ 135.431464111999986, 34.619481802 ], [ 135.431434086, 34.619488441 ], [ 135.431435032, 34.619491414 ], [ 135.431500777999986, 34.619700613 ], [ 135.430258470000012, 34.619974198 ], [ 135.430285162, 34.620057694 ], [ 135.430290506, 34.620075748 ], [ 135.430311803, 34.620147973 ], [ 135.431373917, 34.619916387 ], [ 135.431453968999989, 34.620169162 ], [ 135.43141917, 34.620475532 ], [ 135.431372944, 34.620856108 ], [ 135.431342918000013, 34.620862721 ], [ 135.43131834, 34.620869387 ], [ 135.431277392999988, 34.620878198 ], [ 135.431360117, 34.621140027 ], [ 135.431160778, 34.621186414 ], [ 135.430306135, 34.621376279 ], [ 135.430327497, 34.621443973 ], [ 135.430332802, 34.621464279 ], [ 135.430362244, 34.621543306 ], [ 135.43124144, 34.621351333 ], [ 135.431318975000011, 34.621577054 ], [ 135.431287393, 34.621806802 ], [ 135.430987691000013, 34.622578441 ], [ 135.431014916, 34.622585333 ], [ 135.431317328, 34.621815973 ], [ 135.43167114100001, 34.621907748 ], [ 135.431676692999986, 34.621892 ], [ 135.431717523, 34.621898973 ], [ 135.431706498000011, 34.621919198 ], [ 135.431730999, 34.621923802 ], [ 135.431839831, 34.621953613 ], [ 135.431848145, 34.62193564 ], [ 135.431883527999986, 34.621944802 ], [ 135.431877951, 34.621962802 ], [ 135.431902438, 34.621969694 ], [ 135.432019442000012, 34.622001775 ], [ 135.432025032000013, 34.621986027 ], [ 135.432068586000014, 34.621993 ], [ 135.432060272, 34.622011 ], [ 135.432079339000012, 34.622017829 ], [ 135.432190921, 34.622045414 ], [ 135.432199196, 34.622029667 ], [ 135.43224275, 34.622041135 ], [ 135.432237173, 34.622059135 ], [ 135.432261673, 34.622066027 ], [ 135.432362361, 34.622091279 ], [ 135.432370661, 34.622073306 ], [ 135.432416939, 34.622082532 ], [ 135.432405913999986, 34.622102748 ], [ 135.432430389, 34.62210964 ], [ 135.432536524, 34.622139414 ], [ 135.432544838000013, 34.622119162 ], [ 135.432577471, 34.622130613 ], [ 135.432571919999987, 34.62214636 ], [ 135.43259642000001, 34.622153225 ], [ 135.432702529000011, 34.622183108 ], [ 135.43271080400001, 34.62216736 ], [ 135.432762529, 34.622178892 ], [ 135.432754254, 34.622194613 ], [ 135.43277328100001, 34.622201468 ], [ 135.432882166000013, 34.622229027 ], [ 135.432890441000012, 34.622211027 ], [ 135.432915576999989, 34.622218586 ], [ 135.43292856, 34.622222468 ], [ 135.432920246, 34.622240468 ], [ 135.432939299999987, 34.622245054 ], [ 135.433094423, 34.62228636 ], [ 135.433063890999989, 34.622365081 ], [ 135.433052827000012, 34.622389829 ], [ 135.433074578, 34.622396694 ], [ 135.43306350200001, 34.622421441 ], [ 135.433041751, 34.622412306 ], [ 135.432991751, 34.622551721 ], [ 135.432980660999988, 34.622576468 ], [ 135.433002437999988, 34.622581081 ], [ 135.432994086, 34.622605829 ], [ 135.432975058000011, 34.622601225 ], [ 135.432966693, 34.622626 ], [ 135.432921336, 34.622737748 ], [ 135.432935668, 34.622742387 ], [ 135.432927717000013, 34.622761946 ], [ 135.432913139, 34.622757892 ], [ 135.432911894, 34.622761532 ], [ 135.432728223, 34.623213108 ], [ 135.431752088, 34.622827694 ], [ 135.431735577000012, 34.622852387 ], [ 135.432908029, 34.623329 ], [ 135.433077808, 34.623398 ], [ 135.433080532, 34.623399108 ], [ 135.433333333, 34.623497306 ], [ 135.433587612999986, 34.623596081 ], [ 135.433592607, 34.623598027 ], [ 135.434177471, 34.623370495 ], [ 135.434196109, 34.623357865 ], [ 135.434236719000012, 34.623350306 ], [ 135.434615668, 34.623498919 ], [ 135.435570921, 34.623880613 ], [ 135.436974086, 34.624438108 ], [ 135.437744552999987, 34.624747919 ], [ 135.437791556, 34.624777775 ], [ 135.437847951, 34.624795081 ], [ 135.438360804000013, 34.625 ], [ 135.438957562000013, 34.625238414 ], [ 135.439031387999989, 34.625268333 ], [ 135.439606667, 34.625497081 ], [ 135.440205837, 34.625738721 ], [ 135.440608833, 34.625898973 ], [ 135.44129917, 34.626175919 ], [ 135.441310117, 34.626169225 ], [ 135.441443113, 34.625444108 ], [ 135.441666667, 34.625422162 ], [ 135.443044475, 34.625286892 ], [ 135.443042023, 34.625246333 ], [ 135.442079079, 34.625338829 ], [ 135.44207917, 34.625325306 ], [ 135.442016419999987, 34.625331775 ], [ 135.442016304, 34.625349802 ], [ 135.441666667, 34.625383973 ], [ 135.441443385000014, 34.625405775 ], [ 135.441528495, 34.625 ], [ 135.441666667, 34.624341441 ], [ 135.442017782, 34.622667802 ], [ 135.442110778, 34.622217586 ], [ 135.442090635999989, 34.622213252 ], [ 135.442463943, 34.620366586 ], [ 135.44250345, 34.620168414 ], [ 135.442627717, 34.619543081 ], [ 135.442633217, 34.619515414 ], [ 135.442813722000011, 34.618614721 ], [ 135.442913721999986, 34.618120892 ], [ 135.444785914, 34.618390865 ], [ 135.445295499, 34.618295441 ], [ 135.446852607000011, 34.617998081 ], [ 135.447479767, 34.617883703 ], [ 135.447483229999989, 34.617895225 ], [ 135.447564785999987, 34.617880189 ], [ 135.447583048000013, 34.618007703 ], [ 135.447591025, 34.618037027 ], [ 135.447599079000014, 34.618055108 ], [ 135.447609922, 34.618068667 ], [ 135.447626226000011, 34.618075495 ], [ 135.447642554999987, 34.618080081 ], [ 135.447679183, 34.618474153 ], [ 135.4477138, 34.618846613 ], [ 135.447702865999986, 34.618853333 ], [ 135.447694553, 34.618871306 ], [ 135.447694449000011, 34.618889333 ], [ 135.44777250300001, 34.619450892 ], [ 135.447788392, 34.619566532 ], [ 135.447850532, 34.620019198 ], [ 135.447931025, 34.620643865 ], [ 135.448014189, 34.621259532 ], [ 135.448094721, 34.621805333 ], [ 135.447724228, 34.621819414 ], [ 135.447563307, 34.621825441 ], [ 135.447361582000013, 34.621824532 ], [ 135.447244383999987, 34.621819468 ], [ 135.447143528, 34.621814532 ], [ 135.447148664, 34.621852495 ], [ 135.447166589, 34.622050333 ], [ 135.44716905300001, 34.622078333 ], [ 135.447378949000012, 34.622083775 ], [ 135.447646109, 34.622085 ], [ 135.447826083, 34.622081306 ], [ 135.448036057, 34.622073252 ], [ 135.44811243800001, 34.622069387 ], [ 135.44818461700001, 34.622695973 ], [ 135.448241673000012, 34.623135694 ], [ 135.448241336, 34.623187649 ], [ 135.448327224, 34.623854694 ], [ 135.448413502, 34.624510225 ], [ 135.448431582000012, 34.624677162 ], [ 135.448342166, 34.624694694 ], [ 135.448336394, 34.624678162 ], [ 135.448144746999986, 34.624712468 ], [ 135.447942023, 34.624745802 ], [ 135.447701777, 34.624792054 ], [ 135.447707445, 34.62481064 ], [ 135.447686589, 34.624815775 ], [ 135.447515616, 34.624828613 ], [ 135.447517471, 34.624861892 ], [ 135.447690726, 34.624847441 ], [ 135.448402969999989, 34.624716333 ], [ 135.448446057000012, 34.624799919 ], [ 135.448452763, 34.625 ], [ 135.448501868, 34.626465802 ], [ 135.448569079, 34.628471892 ], [ 135.448145305, 34.630707892 ], [ 135.448326109, 34.630992694 ], [ 135.448366913, 34.631006387 ], [ 135.45, 34.630662919 ], [ 135.450360117, 34.630587162 ], [ 135.451732865999986, 34.629980414 ], [ 135.451765279, 34.630027892 ], [ 135.451828170999988, 34.629998892 ], [ 135.453567276, 34.62922236 ], [ 135.453574253999989, 34.629224559 ], [ 135.453479974, 34.629746559 ], [ 135.453412607, 34.630121279 ], [ 135.45337856, 34.63031036 ], [ 135.453269079, 34.630921198 ], [ 135.453191699, 34.63134664 ], [ 135.453109364, 34.631809279 ], [ 135.452989416, 34.632483802 ], [ 135.452999494000011, 34.632486108 ], [ 135.453010337, 34.632488586 ], [ 135.452999559, 34.632547387 ], [ 135.45297808, 34.632664414 ], [ 135.453021855, 34.632668775 ], [ 135.453069883000012, 34.632738198 ], [ 135.453045253, 34.632753865 ], [ 135.453034449, 34.632738027 ], [ 135.452878586, 34.632804946 ], [ 135.452905668, 34.632829865 ], [ 135.452798911, 34.632892495 ], [ 135.452845422, 34.633112054 ], [ 135.452872969999987, 34.633242162 ], [ 135.452851141, 34.633246586 ], [ 135.452868054, 34.633333333 ], [ 135.452842399, 34.633744144 ], [ 135.452818029000014, 34.634134414 ], [ 135.452807056000012, 34.634147892 ], [ 135.452801529999988, 34.634159135 ], [ 135.452746329, 34.634475414 ], [ 135.452665524999986, 34.634938333 ], [ 135.452100506, 34.635025946 ], [ 135.452084112, 34.635030387 ], [ 135.451822048999986, 34.635074279 ], [ 135.451805694, 34.635074198 ], [ 135.451794772999989, 34.635076414 ], [ 135.451751115, 34.635080721 ], [ 135.45157642, 34.635109225 ], [ 135.451562776, 34.635111414 ], [ 135.451235227000012, 34.635164054 ], [ 135.451221556, 34.635168495 ], [ 135.450945862999987, 34.635212333 ], [ 135.450710584, 34.635181333 ], [ 135.450627108, 34.635170333 ], [ 135.450613476, 34.635168 ], [ 135.450321971, 34.63513064 ], [ 135.45020795100001, 34.634641054 ], [ 135.450169728, 34.634649892 ], [ 135.450281088999986, 34.635128198 ], [ 135.450090389, 34.635100279 ], [ 135.45, 34.63508936 ], [ 135.448244669, 34.634876865 ], [ 135.448003217, 34.636217748 ], [ 135.4479207, 34.636673081 ], [ 135.447801505, 34.637330108 ], [ 135.447798911, 34.637358225 ], [ 135.447574968, 34.638607892 ], [ 135.447560363, 34.638689081 ], [ 135.447350947, 34.639857441 ], [ 135.447095966, 34.641263198 ], [ 135.448093256, 34.641562865 ], [ 135.448436329, 34.641666667 ], [ 135.448698859, 34.641746081 ], [ 135.449303217, 34.641933532 ], [ 135.45, 34.642148829 ], [ 135.450034773, 34.642159586 ], [ 135.450159273999986, 34.64219536 ], [ 135.451238418, 34.642526973 ], [ 135.450938638, 34.644184495 ], [ 135.450944060000012, 34.644189027 ], [ 135.450990362999988, 34.644198252 ], [ 135.450789248, 34.645333252 ], [ 135.450412075, 34.645918279 ], [ 135.45, 34.646557441 ], [ 135.449921167000014, 34.646679721 ], [ 135.449761699, 34.646620865 ], [ 135.449760414999986, 34.64662036 ], [ 135.448351608, 34.646099802 ], [ 135.448335279, 34.646097468 ], [ 135.448324358, 34.646097441 ], [ 135.448310636, 34.64610864 ], [ 135.448241699, 34.646227775 ], [ 135.447610558, 34.645992775 ], [ 135.447712827, 34.645785892 ], [ 135.445645331, 34.645017 ], [ 135.444121894, 34.644460135 ], [ 135.44408869, 34.644529865 ], [ 135.443839857, 34.644630135 ], [ 135.443818301, 34.644591721 ], [ 135.443432698, 34.644754387 ], [ 135.44341083, 34.644763306 ], [ 135.443397173, 34.644767748 ], [ 135.442294916, 34.645249559 ], [ 135.442310973, 34.645296946 ], [ 135.44214138800001, 34.645372802 ], [ 135.442119274, 34.645415532 ], [ 135.442127367000012, 34.645429081 ], [ 135.445285278999989, 34.646600586 ], [ 135.445682917999989, 34.646748054 ], [ 135.445879831000013, 34.646663306 ], [ 135.445893332999987, 34.646683667 ], [ 135.445958975, 34.646654667 ], [ 135.446074617, 34.646604162 ], [ 135.446536057, 34.646402613 ], [ 135.446672192, 34.646437027 ], [ 135.446779494, 34.64660736 ], [ 135.446852996, 34.646724081 ], [ 135.446828079999989, 34.646782559 ], [ 135.44503939, 34.647551892 ], [ 135.444746641, 34.647709288 ], [ 135.444486524000013, 34.647849135 ], [ 135.444106329, 34.648016441 ], [ 135.443537756000012, 34.647808748 ], [ 135.443623358999986, 34.647646865 ], [ 135.443634449, 34.647619865 ], [ 135.443634501, 34.647610865 ], [ 135.443618275, 34.647590495 ], [ 135.441666667, 34.646860721 ], [ 135.440917639, 34.64658064 ], [ 135.439877951, 34.646191802 ], [ 135.439557977, 34.646325559 ], [ 135.439506031, 34.646345613 ], [ 135.439328223, 34.646425946 ], [ 135.439136783, 34.646508441 ], [ 135.438986783, 34.646571748 ], [ 135.438677302, 34.646702414 ], [ 135.438658417999989, 34.646670775 ], [ 135.435409248000013, 34.648048495 ], [ 135.435525278999989, 34.648231613 ], [ 135.435497639, 34.648283306 ], [ 135.438887224000013, 34.649545387 ], [ 135.439089637, 34.649456162 ], [ 135.439103165, 34.649474252 ], [ 135.440268301, 34.648977027 ], [ 135.440333671, 34.648990829 ], [ 135.44062236100001, 34.649454198 ], [ 135.440603022, 34.649487919 ], [ 135.44007250300001, 34.649704081 ], [ 135.439387004, 34.65 ], [ 135.43886902700001, 34.650223586 ], [ 135.438827302, 34.650342865 ], [ 135.43850332, 34.650490252 ], [ 135.438196355, 34.650629892 ], [ 135.438175642, 34.650627973 ], [ 135.438156420000013, 34.650631135 ], [ 135.437593969, 34.650870865 ], [ 135.435333113000013, 34.650026973 ], [ 135.435261024999988, 34.65 ], [ 135.434400026, 34.649677829 ], [ 135.433333333, 34.649277333 ], [ 135.433233022, 34.649239667 ], [ 135.433016939, 34.649331081 ], [ 135.433035913999987, 34.649351441 ], [ 135.43287725, 34.649422829 ], [ 135.432863722, 34.649407 ], [ 135.432730311, 34.649436586 ], [ 135.432664448999986, 34.649451135 ], [ 135.432169339000012, 34.649667441 ], [ 135.431408716, 34.65 ], [ 135.429874305999988, 34.650670865 ], [ 135.429600778, 34.650789027 ], [ 135.429584578, 34.650766414 ], [ 135.429472438, 34.650813225 ], [ 135.429471193000012, 34.650816559 ], [ 135.429466303999988, 34.650830225 ], [ 135.42938066100001, 34.651069721 ], [ 135.429377859999988, 34.651080973 ], [ 135.429275032, 34.651364468 ], [ 135.429272218, 34.651375721 ], [ 135.429255162, 34.651420631 ], [ 135.429214994, 34.651536171 ], [ 135.429214475, 34.651539577 ], [ 135.429145305, 34.65151055 ], [ 135.429142451, 34.651509541 ], [ 135.429090597, 34.651490973 ], [ 135.428991984, 34.651455694 ], [ 135.428944163000011, 34.651438586 ], [ 135.428846666999988, 34.651403703 ], [ 135.428794759999988, 34.651385135 ], [ 135.428695396, 34.651349577 ], [ 135.428643437, 34.651330982 ], [ 135.428541894, 34.65129464 ], [ 135.428490584, 34.651276279 ], [ 135.42838332, 34.651237901 ], [ 135.428336368, 34.651221099 ], [ 135.428232866, 34.651184063 ], [ 135.428177678, 34.651164306 ], [ 135.428176446, 34.65116655 ], [ 135.428132892, 34.65115009 ], [ 135.428196835, 34.651024856 ], [ 135.428191672999986, 34.651007811 ], [ 135.428196174, 34.651001054 ], [ 135.428257601000013, 34.650875982 ], [ 135.428198132, 34.650858748 ], [ 135.428196407, 34.650863 ], [ 135.428182283000012, 34.650892505 ], [ 135.428150337, 34.650959288 ], [ 135.42794678300001, 34.650894135 ], [ 135.427947808, 34.650890279 ], [ 135.427951673, 34.650883441 ], [ 135.427956913, 34.650879306 ], [ 135.427962049, 34.650877162 ], [ 135.427973191, 34.650875775 ], [ 135.428099053000011, 34.650882946 ], [ 135.428158495, 34.650883694 ], [ 135.428165811000014, 34.650881919 ], [ 135.428171193, 34.650878054 ], [ 135.428178612000011, 34.650860532 ], [ 135.428149467999987, 34.650848126 ], [ 135.428149663, 34.650844072 ], [ 135.428430311, 34.65085927 ], [ 135.428832996000011, 34.650140063 ], [ 135.428911427, 34.65 ], [ 135.42913166, 34.649606658 ], [ 135.429182166, 34.649598045 ], [ 135.429168638, 34.649538757 ], [ 135.428766511, 34.649607568 ], [ 135.428769053, 34.649621928 ], [ 135.429068288, 34.649571982 ], [ 135.428829144, 34.65 ], [ 135.428765123, 34.650114604 ], [ 135.428385292, 34.650794441 ], [ 135.427901920000011, 34.650771505 ], [ 135.427003359, 34.650196802 ], [ 135.426959611, 34.650022252 ], [ 135.427086667, 34.65 ], [ 135.427935305, 34.649851306 ], [ 135.427912244, 34.649761414 ], [ 135.427056278, 34.649912198 ], [ 135.426641634, 34.649988135 ], [ 135.426557912, 34.65 ], [ 135.426511803000011, 34.650006532 ], [ 135.42632805400001, 34.650058694 ], [ 135.426238495, 34.65 ], [ 135.426116719, 34.649920225 ], [ 135.426042698, 34.649999865 ], [ 135.426042581, 34.65 ], [ 135.425854112, 34.650202775 ], [ 135.425778106, 34.650284532 ], [ 135.425740803999986, 34.650348468 ], [ 135.425579196, 34.650639532 ], [ 135.425536524, 34.65072064 ], [ 135.425468560000013, 34.650848414 ], [ 135.425399533, 34.650985586 ], [ 135.42539939, 34.651005865 ], [ 135.425410169, 34.651026189 ], [ 135.42542441, 34.651042153 ], [ 135.425430764999987, 34.651046955 ], [ 135.425442607, 34.651053324 ], [ 135.425624514, 34.651123892 ], [ 135.425602879, 34.651162279 ], [ 135.425609961, 34.651165315 ], [ 135.425576705999987, 34.651227973 ], [ 135.425567108, 34.651246009 ], [ 135.425545798, 34.651286387 ], [ 135.425544475, 34.65128964 ], [ 135.425550272, 34.651293432 ], [ 135.425883671, 34.651411198 ], [ 135.426258275, 34.651543117 ], [ 135.426519001, 34.651636523 ], [ 135.426819754, 34.651742252 ], [ 135.427175629, 34.651869396 ], [ 135.427389455, 34.651945676 ], [ 135.427395927, 34.651945703 ], [ 135.427400467000012, 34.651943459 ], [ 135.427407315000011, 34.651934712 ], [ 135.427448612, 34.651852757 ], [ 135.427458042000012, 34.651834045 ], [ 135.427968223, 34.652012838 ], [ 135.42795607, 34.652035315 ], [ 135.428763774, 34.652324342 ], [ 135.428588599, 34.652797802 ], [ 135.428692257, 34.652889432 ], [ 135.428714254, 34.65289291 ], [ 135.428716083000012, 34.652893207 ], [ 135.428352088, 34.653911414 ], [ 135.428007173, 34.654887946 ], [ 135.426305318, 34.655744919 ], [ 135.425, 34.656402216 ], [ 135.423537834, 34.657138495 ], [ 135.423410725999986, 34.657376802 ], [ 135.423416161, 34.657381333 ], [ 135.423399558999989, 34.657415054 ], [ 135.423382866, 34.657462306 ], [ 135.423127134, 34.657368694 ], [ 135.423118859, 34.657379946 ], [ 135.423097082, 34.657373054 ], [ 135.423110895, 34.657350586 ], [ 135.422774916, 34.657231162 ], [ 135.422719248, 34.657127333 ], [ 135.422667004, 34.657031441 ], [ 135.422674838, 34.656940775 ], [ 135.422655058, 34.656898306 ], [ 135.422653113, 34.656895414 ], [ 135.42275428, 34.656857586 ], [ 135.42281688700001, 34.656875919 ], [ 135.422956913, 34.657133495 ], [ 135.423060803999988, 34.657097946 ], [ 135.421283112999987, 34.653871135 ], [ 135.42126406, 34.653866532 ], [ 135.421231777, 34.653803279 ], [ 135.421218171, 34.653798694 ], [ 135.421160726000011, 34.653823225 ], [ 135.421157912000012, 34.653832225 ], [ 135.421187522999986, 34.653888694 ], [ 135.42118197100001, 34.653904441 ], [ 135.422711894, 34.656679333 ], [ 135.422689728, 34.656728802 ], [ 135.422583061000012, 34.656768892 ], [ 135.422574968, 34.656757586 ], [ 135.422484695, 34.656793198 ], [ 135.420852477000011, 34.653828495 ], [ 135.420822386999987, 34.653841892 ], [ 135.420816978, 34.653835108 ], [ 135.420833411, 34.653826162 ], [ 135.420822633, 34.653808081 ], [ 135.420806226, 34.653814775 ], [ 135.420795446999989, 34.653796694 ], [ 135.420811829, 34.65379 ], [ 135.420803748, 34.653776441 ], [ 135.42079007800001, 34.653780892 ], [ 135.420781971, 34.653769586 ], [ 135.420798392, 34.653765135 ], [ 135.420787588, 34.653749333 ], [ 135.420773917, 34.653753775 ], [ 135.420754864, 34.653746919 ], [ 135.420757665, 34.653737919 ], [ 135.420738637999989, 34.653728802 ], [ 135.420733113000011, 34.653737802 ], [ 135.420711336000011, 34.653730919 ], [ 135.420716860999988, 34.653719694 ], [ 135.42069511, 34.653712829 ], [ 135.420689585, 34.653721802 ], [ 135.420670558000012, 34.653714973 ], [ 135.420673359, 34.653703694 ], [ 135.420654305999989, 34.653696865 ], [ 135.420648781000011, 34.653705829 ], [ 135.42062428, 34.653698973 ], [ 135.420629831000014, 34.653687721 ], [ 135.420610804, 34.653678613 ], [ 135.420605253, 34.653692108 ], [ 135.420580752, 34.653682973 ], [ 135.420586304000011, 34.653671748 ], [ 135.420567276000014, 34.65366264 ], [ 135.420559000999987, 34.653676108 ], [ 135.420537223999986, 34.653667 ], [ 135.420542776, 34.653655748 ], [ 135.420523748, 34.65364664 ], [ 135.420515473, 34.653657892 ], [ 135.420493722, 34.653648748 ], [ 135.420499248, 34.653639775 ], [ 135.42048022, 34.653630667 ], [ 135.420471946, 34.653644135 ], [ 135.420447445, 34.653635027 ], [ 135.42045572, 34.653621532 ], [ 135.420436693, 34.653614694 ], [ 135.420428418, 34.653625919 ], [ 135.420406667, 34.653616802 ], [ 135.420412191999986, 34.653607802 ], [ 135.420393165, 34.653598694 ], [ 135.42038489, 34.653609919 ], [ 135.420363138999988, 34.653603054 ], [ 135.420371413999987, 34.653589586 ], [ 135.420349636999987, 34.653582721 ], [ 135.420344112, 34.653593946 ], [ 135.420319611, 34.653584829 ], [ 135.420325136, 34.653573586 ], [ 135.420306109, 34.653566721 ], [ 135.420297834, 34.653577973 ], [ 135.420276083, 34.653568829 ], [ 135.420278884999988, 34.653559829 ], [ 135.420259857, 34.653548468 ], [ 135.420251582, 34.653561973 ], [ 135.420232555000013, 34.653552865 ], [ 135.420238106, 34.653541613 ], [ 135.420221777, 34.653534775 ], [ 135.420216251999989, 34.653546027 ], [ 135.420191777000014, 34.65353464 ], [ 135.420194578, 34.65352564 ], [ 135.420178275000012, 34.653516559 ], [ 135.42017, 34.653530027 ], [ 135.420145525, 34.65351864 ], [ 135.420151051, 34.65350964 ], [ 135.420132023, 34.653500559 ], [ 135.420123748, 34.653511775 ], [ 135.420104721, 34.653504919 ], [ 135.420107523000013, 34.653493667 ], [ 135.420088494999987, 34.653484559 ], [ 135.420082944, 34.653495802 ], [ 135.420058469999987, 34.653486667 ], [ 135.420063995, 34.653477694 ], [ 135.420044968000013, 34.653468586 ], [ 135.420036692999986, 34.653479802 ], [ 135.420014942, 34.653470694 ], [ 135.420017756, 34.653461694 ], [ 135.420001414000012, 34.653454865 ], [ 135.419995914, 34.653463829 ], [ 135.419974137, 34.653454721 ], [ 135.419976939, 34.653445721 ], [ 135.419957912, 34.653436613 ], [ 135.419949637, 34.653447829 ], [ 135.419927886000011, 34.653438721 ], [ 135.419933410999988, 34.653429721 ], [ 135.419914384, 34.65342064 ], [ 135.419906135, 34.653431865 ], [ 135.419884358, 34.653422748 ], [ 135.419887173, 34.653413748 ], [ 135.419868145, 34.65340464 ], [ 135.419859857, 34.653415865 ], [ 135.41984083, 34.653406748 ], [ 135.419846355, 34.653397775 ], [ 135.419827328, 34.653388667 ], [ 135.419819079, 34.653399892 ], [ 135.419797302, 34.653390775 ], [ 135.419802866, 34.653379532 ], [ 135.4197838, 34.653372667 ], [ 135.419775550999987, 34.653383919 ], [ 135.419753773999986, 34.653374775 ], [ 135.419756589, 34.653365775 ], [ 135.419740272000013, 34.653356694 ], [ 135.419732023, 34.653367919 ], [ 135.419710272, 34.653358802 ], [ 135.419715771999989, 34.653349802 ], [ 135.419694034, 34.653340694 ], [ 135.419688495, 34.653351946 ], [ 135.419666744000011, 34.653342829 ], [ 135.419672283000011, 34.653331586 ], [ 135.419650532, 34.653322468 ], [ 135.419642243999988, 34.653335946 ], [ 135.419623217, 34.653326829 ], [ 135.419628716, 34.653317865 ], [ 135.419612412, 34.653308748 ], [ 135.419604163, 34.653319973 ], [ 135.419579688999988, 34.653310865 ], [ 135.419585188000013, 34.653301865 ], [ 135.419566161, 34.653292748 ], [ 135.419560636, 34.653306252 ], [ 135.419536161, 34.653294865 ], [ 135.419541673, 34.653285892 ], [ 135.419522633000014, 34.653276775 ], [ 135.419514384, 34.653288 ], [ 135.419495356999988, 34.653278892 ], [ 135.419500895, 34.653267667 ], [ 135.419479144, 34.653258532 ], [ 135.419470856, 34.653272027 ], [ 135.419449105000012, 34.653262919 ], [ 135.419454643, 34.653251667 ], [ 135.419435615999987, 34.653242559 ], [ 135.419427328000012, 34.653256027 ], [ 135.419400143, 34.65324464 ], [ 135.419394669000013, 34.653249108 ], [ 135.4193838, 34.653240054 ], [ 135.419367367, 34.653251252 ], [ 135.419375499000012, 34.653260306 ], [ 135.419364527, 34.653267 ], [ 135.419356394, 34.653260225 ], [ 135.419339947999987, 34.653271387 ], [ 135.419348054000011, 34.653282694 ], [ 135.419331725, 34.653293892 ], [ 135.419320895, 34.653284829 ], [ 135.419304449, 34.653296027 ], [ 135.419312529, 34.653307333 ], [ 135.419296083, 34.653318532 ], [ 135.419285226999989, 34.653311694 ], [ 135.419268807, 34.653322892 ], [ 135.419276913, 34.653331946 ], [ 135.419257717, 34.653345387 ], [ 135.419246887000014, 34.653336306 ], [ 135.419233165, 34.653347532 ], [ 135.419241284, 34.653358829 ], [ 135.419233061, 34.653363306 ], [ 135.419222217999987, 34.653351973 ], [ 135.419205772, 34.653363162 ], [ 135.419208392, 34.653378946 ], [ 135.41921642, 34.653403775 ], [ 135.419200026, 34.653405973 ], [ 135.419202633, 34.653424 ], [ 135.419219000999988, 34.653421829 ], [ 135.419224332, 34.653442135 ], [ 135.419210558, 34.65346236 ], [ 135.41922966300001, 34.653460198 ], [ 135.419232218, 34.653482748 ], [ 135.41921856, 34.653487198 ], [ 135.419218444, 34.653502973 ], [ 135.419232088, 34.653500775 ], [ 135.419237419000012, 34.653521081 ], [ 135.419223748, 34.653525532 ], [ 135.419229079, 34.653541333 ], [ 135.419242723999986, 34.653541387 ], [ 135.419245305, 34.653561694 ], [ 135.419231634, 34.653566135 ], [ 135.419234254, 34.653581919 ], [ 135.41925061, 34.653582 ], [ 135.419253217, 34.653600027 ], [ 135.419236835, 34.653602225 ], [ 135.419242166, 34.653620279 ], [ 135.41925856, 34.653618081 ], [ 135.419261141, 34.653638387 ], [ 135.419250194999989, 34.653642829 ], [ 135.419252801999988, 34.653660892 ], [ 135.419253256, 34.653661586 ], [ 135.419253774, 34.653662414 ], [ 135.41926632900001, 34.653674468 ], [ 135.419268833, 34.653687279 ], [ 135.419268975, 34.653688 ], [ 135.419274228, 34.653717333 ], [ 135.419257834, 34.653721748 ], [ 135.419260441, 34.653737559 ], [ 135.419276835, 34.653735387 ], [ 135.419279416, 34.653755667 ], [ 135.419265746, 34.653760108 ], [ 135.419268366000011, 34.653775919 ], [ 135.419284747, 34.653773721 ], [ 135.419287328, 34.653794027 ], [ 135.419270947, 34.653796198 ], [ 135.419273554, 34.653814252 ], [ 135.419289922, 34.653812054 ], [ 135.419295227, 34.65383464 ], [ 135.419278833, 34.653839054 ], [ 135.419284162999986, 34.653854865 ], [ 135.419297834, 34.653852667 ], [ 135.419303113000012, 34.653875225 ], [ 135.419289442, 34.653879667 ], [ 135.419292088, 34.653895468 ], [ 135.419308444, 34.653893279 ], [ 135.419313773999988, 34.653913613 ], [ 135.419297393, 34.653915775 ], [ 135.4193, 34.653933802 ], [ 135.419313644999988, 34.65393164 ], [ 135.419318949, 34.653951946 ], [ 135.419302581000011, 34.653954108 ], [ 135.419305162, 34.653972162 ], [ 135.419321556, 34.653969973 ], [ 135.419326861, 34.653992559 ], [ 135.419310441, 34.653996973 ], [ 135.419313087, 34.654012748 ], [ 135.419329442, 34.654010586 ], [ 135.419334747, 34.654033135 ], [ 135.419318366, 34.654035333 ], [ 135.419320973, 34.65405336 ], [ 135.419337367, 34.654051198 ], [ 135.419339947999987, 34.654071495 ], [ 135.41932083, 34.65407364 ], [ 135.419326160999987, 34.654089441 ], [ 135.419342529, 34.654089532 ], [ 135.419347834, 34.654112081 ], [ 135.41933144, 34.654116532 ], [ 135.419334060000011, 34.654132306 ], [ 135.419350415, 34.654132387 ], [ 135.419355746, 34.654150441 ], [ 135.419339364, 34.654154892 ], [ 135.419341971, 34.654170667 ], [ 135.41935834, 34.654170748 ], [ 135.419360921, 34.654191027 ], [ 135.419347276, 34.654193225 ], [ 135.419352607, 34.654211279 ], [ 135.419366252, 34.654211333 ], [ 135.419368833, 34.654229387 ], [ 135.419355188, 34.654231586 ], [ 135.419357808, 34.65424736 ], [ 135.41937144, 34.654247441 ], [ 135.419374112000014, 34.654256468 ], [ 135.419305888, 34.654262892 ], [ 135.419360829999988, 34.654594468 ], [ 135.419418171, 34.654587973 ], [ 135.419423502, 34.654606027 ], [ 135.419437134, 34.654603829 ], [ 135.419439727999986, 34.654624135 ], [ 135.419423333, 34.654628559 ], [ 135.419428664, 34.65464436 ], [ 135.419447782, 34.654644468 ], [ 135.41945036300001, 34.654662495 ], [ 135.419436693, 34.654666946 ], [ 135.4194393, 34.654685 ], [ 135.419452944, 34.654685054 ], [ 135.419455524999989, 34.654703081 ], [ 135.419441855, 34.654707532 ], [ 135.419444500999987, 34.654723333 ], [ 135.419460856, 34.654723414 ], [ 135.419463476, 34.654739198 ], [ 135.419449805, 34.65474364 ], [ 135.419452412, 34.654759414 ], [ 135.419466057, 34.654759495 ], [ 135.419471362, 34.654782054 ], [ 135.419457691, 34.654784252 ], [ 135.419460311, 34.654802279 ], [ 135.419476667, 34.65480236 ], [ 135.419481997, 34.654820414 ], [ 135.419462866, 34.654824829 ], [ 135.419465499000012, 34.654840613 ], [ 135.419481854999987, 34.654840694 ], [ 135.419484449, 34.654858748 ], [ 135.419470804000014, 34.654860946 ], [ 135.419473411000013, 34.654878973 ], [ 135.41948978, 34.654876802 ], [ 135.41949236100001, 34.654897081 ], [ 135.419478715999986, 34.654899279 ], [ 135.41948131, 34.654917333 ], [ 135.419494968, 34.654915135 ], [ 135.419500272, 34.654937694 ], [ 135.419486615000011, 34.654942135 ], [ 135.41948922200001, 34.654957946 ], [ 135.419502865999988, 34.654955748 ], [ 135.419508197, 34.654976054 ], [ 135.419491803, 34.654978225 ], [ 135.419494423, 34.654994027 ], [ 135.419510804, 34.654991829 ], [ 135.419513359, 34.655014387 ], [ 135.419499689, 34.655018829 ], [ 135.419505058, 34.65503464 ], [ 135.41951869, 34.655032441 ], [ 135.419521284000012, 34.655052748 ], [ 135.419504890000013, 34.655057162 ], [ 135.41951022, 34.655072973 ], [ 135.419526615, 34.655073054 ], [ 135.419529196000013, 34.655091081 ], [ 135.419512802000014, 34.655095532 ], [ 135.419515421999989, 34.655111306 ], [ 135.419531777, 34.655111387 ], [ 135.419537107999986, 34.655131694 ], [ 135.4195207, 34.655136135 ], [ 135.419523333, 34.655151919 ], [ 135.419539689, 34.655152 ], [ 135.419542283, 34.655170027 ], [ 135.419528612, 34.655174468 ], [ 135.419531245, 34.655190279 ], [ 135.419547613, 34.655188081 ], [ 135.419552918, 34.655208414 ], [ 135.419536524, 34.655212829 ], [ 135.419539144, 34.655228613 ], [ 135.419555525, 34.655226441 ], [ 135.419558106000011, 34.655246748 ], [ 135.419541724999988, 34.655251162 ], [ 135.419544331999987, 34.655266973 ], [ 135.41956345, 34.655267054 ], [ 135.419566030999988, 34.655285081 ], [ 135.419549636999989, 34.655289532 ], [ 135.419554968, 34.655307586 ], [ 135.419568612, 34.655305387 ], [ 135.419573942999989, 34.655325694 ], [ 135.419557562, 34.655327892 ], [ 135.419562891999988, 34.655345919 ], [ 135.419576524, 34.655343748 ], [ 135.419579105, 34.655364027 ], [ 135.419565447, 34.655368468 ], [ 135.419568054, 34.655384279 ], [ 135.419584449000013, 34.655382081 ], [ 135.41958703, 34.655402387 ], [ 135.419570636, 34.655406802 ], [ 135.419575966, 34.655422613 ], [ 135.419589637, 34.655420441 ], [ 135.419594942, 34.655440748 ], [ 135.41957856, 34.655445162 ], [ 135.419583891, 34.655463225 ], [ 135.419597523, 34.655461027 ], [ 135.419600116999987, 34.655481333 ], [ 135.419586472, 34.655483532 ], [ 135.419591803, 34.655501586 ], [ 135.419605447, 34.655499387 ], [ 135.419608028999988, 34.655519694 ], [ 135.419594358000012, 34.655524135 ], [ 135.419596977999987, 34.655539919 ], [ 135.41961335900001, 34.655537748 ], [ 135.41961594, 34.655558027 ], [ 135.419599559, 34.655562468 ], [ 135.419602166, 34.655578252 ], [ 135.419618521, 34.655578333 ], [ 135.419623865, 34.65559864 ], [ 135.419607445, 34.655603081 ], [ 135.419610078, 34.655618865 ], [ 135.419626446, 34.655616694 ], [ 135.419631777, 34.655637 ], [ 135.419615357, 34.655641414 ], [ 135.419618003000011, 34.655657225 ], [ 135.419634358, 34.655655027 ], [ 135.419636938999986, 34.655677586 ], [ 135.419623281000014, 34.655682027 ], [ 135.419625888000013, 34.655695559 ], [ 135.419642283, 34.65569564 ], [ 135.419644864, 34.655713694 ], [ 135.419631192999987, 34.655718135 ], [ 135.419633800000014, 34.655733919 ], [ 135.41964744500001, 34.655733973 ], [ 135.419652776, 34.655754279 ], [ 135.419636394, 34.655756468 ], [ 135.419641725, 34.655772279 ], [ 135.419655357000011, 34.655772333 ], [ 135.419657977000014, 34.655790387 ], [ 135.419641582, 34.655794802 ], [ 135.419644162999987, 34.655812865 ], [ 135.419660558, 34.655810667 ], [ 135.419665888, 34.655828721 ], [ 135.419646744, 34.655833135 ], [ 135.419652114, 34.655848946 ], [ 135.419660271999987, 34.655848973 ], [ 135.419665576999989, 34.655871559 ], [ 135.419657393, 34.655873748 ], [ 135.41966, 34.655889559 ], [ 135.419676355, 34.65588964 ], [ 135.419678975000011, 34.655907667 ], [ 135.419665305, 34.655912108 ], [ 135.419667912, 34.655927919 ], [ 135.419684280000013, 34.655927973 ], [ 135.419686861, 34.655948279 ], [ 135.419673217, 34.655950468 ], [ 135.419675837, 34.655966252 ], [ 135.419689468, 34.655966333 ], [ 135.419694811999989, 34.655982108 ], [ 135.419678418, 34.655986559 ], [ 135.419681024999988, 34.656002333 ], [ 135.419697418999988, 34.656000162 ], [ 135.419702698, 34.656024973 ], [ 135.41968358, 34.656029387 ], [ 135.41968622600001, 34.656042946 ], [ 135.419705305, 34.656043027 ], [ 135.419707886, 34.656063306 ], [ 135.419691828999987, 34.656065414 ], [ 135.419694786, 34.656080892 ], [ 135.419710843, 34.656078802 ], [ 135.419715097, 34.656101126 ], [ 135.419699040000012, 34.656103225 ], [ 135.419701842, 34.656117946 ], [ 135.41971791200001, 34.656115856 ], [ 135.419722023, 34.656137414 ], [ 135.419705966, 34.656139514 ], [ 135.419709377, 34.65615745 ], [ 135.419725447, 34.65615536 ], [ 135.419729260999986, 34.656175396 ], [ 135.419713217, 34.656177486 ], [ 135.419716654000013, 34.656195568 ], [ 135.419732724, 34.656193468 ], [ 135.419736783, 34.656214784 ], [ 135.419720713, 34.656216883 ], [ 135.41972393, 34.656233694 ], [ 135.419739987000014, 34.656231595 ], [ 135.419744540000011, 34.656255432 ], [ 135.41972847, 34.656257532 ], [ 135.419731336000012, 34.656272495 ], [ 135.419747406, 34.656270414 ], [ 135.41975201, 34.656294586 ], [ 135.419735953000014, 34.656296685 ], [ 135.419738911, 34.656312252 ], [ 135.419754981000011, 34.656310171 ], [ 135.419758793999989, 34.65633018 ], [ 135.419742737, 34.656332279 ], [ 135.419745538, 34.656346946 ], [ 135.419761595000011, 34.656344856 ], [ 135.419765888, 34.65636736 ], [ 135.419749831, 34.65636945 ], [ 135.419753332999989, 34.656387847 ], [ 135.419769403, 34.656385748 ], [ 135.419773813, 34.656408892 ], [ 135.419757756, 34.656410982 ], [ 135.419760895, 34.656427459 ], [ 135.419776952, 34.65642536 ], [ 135.419781582000013, 34.65644964 ], [ 135.419765525, 34.65645173 ], [ 135.419768457, 34.656467027 ], [ 135.419784501, 34.656464937 ], [ 135.419788003, 34.656483306 ], [ 135.419771958000013, 34.656485405 ], [ 135.41977537, 34.656503315 ], [ 135.419791427, 34.656501216 ], [ 135.419795629, 34.656523234 ], [ 135.419779559, 34.656525333 ], [ 135.41978297, 34.656543108 ], [ 135.419799014, 34.656541009 ], [ 135.419805305000011, 34.656566369 ], [ 135.419788911000012, 34.656568559 ], [ 135.41979153, 34.656584333 ], [ 135.419805161999989, 34.656584414 ], [ 135.419810467, 34.656604721 ], [ 135.419794112, 34.656606892 ], [ 135.419796693, 34.656624946 ], [ 135.419813087, 34.656625 ], [ 135.419818392, 34.656643054 ], [ 135.419804747, 34.656645252 ], [ 135.419807367, 34.656661054 ], [ 135.419820999, 34.656661108 ], [ 135.419826304, 34.656683667 ], [ 135.419809922000013, 34.656685829 ], [ 135.419812529000012, 34.65670164 ], [ 135.419826161, 34.656701694 ], [ 135.419831505, 34.656722 ], [ 135.419812387, 34.656724162 ], [ 135.419817717, 34.656742225 ], [ 135.419834086, 34.656740054 ], [ 135.419839416, 34.65676036 ], [ 135.419820311, 34.656762532 ], [ 135.419825642, 34.656778333 ], [ 135.419839274, 34.656778387 ], [ 135.41984457800001, 34.656798694 ], [ 135.419828196999987, 34.656803135 ], [ 135.419830803999986, 34.656818919 ], [ 135.419849922, 34.656816748 ], [ 135.419852502999987, 34.656837054 ], [ 135.419836108999988, 34.656841468 ], [ 135.419841479000013, 34.656855027 ], [ 135.419855109999986, 34.656855081 ], [ 135.419857691, 34.656875387 ], [ 135.41984131000001, 34.656879802 ], [ 135.419846641, 34.656895613 ], [ 135.419862996, 34.656895694 ], [ 135.41986834, 34.656913748 ], [ 135.419849222000011, 34.656918162 ], [ 135.419854553, 34.656933973 ], [ 135.419870921000012, 34.656934054 ], [ 135.419873528000011, 34.656952081 ], [ 135.419857134000011, 34.656956532 ], [ 135.419862477, 34.656972333 ], [ 135.419878833000013, 34.656972387 ], [ 135.419881414, 34.656992694 ], [ 135.419865058, 34.656994865 ], [ 135.419867638999989, 34.657012919 ], [ 135.419884034, 34.657010748 ], [ 135.419889339, 34.657031054 ], [ 135.419872944, 34.657035468 ], [ 135.419875551, 34.657051279 ], [ 135.419889222, 34.657049081 ], [ 135.419894527, 34.657069387 ], [ 135.419880856, 34.657071586 ], [ 135.419883476, 34.657089613 ], [ 135.419897134, 34.657087441 ], [ 135.419902438, 34.657107739 ], [ 135.419883086999988, 34.657108171 ], [ 135.41988596600001, 34.657123018 ], [ 135.419902815, 34.657120784 ], [ 135.419907276, 34.657143802 ], [ 135.419890415, 34.657146036 ], [ 135.419893658, 34.657162829 ], [ 135.419910519000013, 34.657160595 ], [ 135.419914968, 34.657183613 ], [ 135.419898106, 34.657185847 ], [ 135.419901362, 34.65720264 ], [ 135.419918223, 34.657200405 ], [ 135.419922684999989, 34.657223432 ], [ 135.419905824000011, 34.657225658 ], [ 135.419909066, 34.657242459 ], [ 135.419925940000013, 34.657240225 ], [ 135.419930389, 34.657263243 ], [ 135.419913515, 34.657265468 ], [ 135.419916769999986, 34.65728227 ], [ 135.41993363200001, 34.657280045 ], [ 135.419938093000013, 34.657303063 ], [ 135.419921232, 34.657305288 ], [ 135.419924474999988, 34.657322081 ], [ 135.419941336, 34.657319856 ], [ 135.419945797999986, 34.657342874 ], [ 135.419928922999986, 34.657345099 ], [ 135.419932179, 34.657361892 ], [ 135.41994904, 34.657359667 ], [ 135.419953489, 34.657382685 ], [ 135.419936627999988, 34.65738491 ], [ 135.419939883000012, 34.657401703 ], [ 135.419956744, 34.657399477 ], [ 135.419961206000011, 34.657422495 ], [ 135.419944332, 34.657424721 ], [ 135.419947588000014, 34.657441523 ], [ 135.419964449, 34.657439297 ], [ 135.419968898, 34.657462315 ], [ 135.419952036000012, 34.657464541 ], [ 135.419955292, 34.657481333 ], [ 135.419972153, 34.657479108 ], [ 135.419976615, 34.657502126 ], [ 135.419959754, 34.657504351 ], [ 135.41996299600001, 34.657521144 ], [ 135.419979856999987, 34.657518919 ], [ 135.419984306, 34.657541937 ], [ 135.419967445, 34.657544162 ], [ 135.4199707, 34.657560955 ], [ 135.419987561999989, 34.65755873 ], [ 135.419992009999987, 34.657581748 ], [ 135.41997514900001, 34.657583973 ], [ 135.419978405, 34.657600775 ], [ 135.419995253, 34.657598541 ], [ 135.419997108, 34.657613027 ], [ 135.419978003000011, 34.657617441 ], [ 135.419983307, 34.657635495 ], [ 135.419999689, 34.657633333 ], [ 135.420005006, 34.65765364 ], [ 135.419985888000014, 34.657658054 ], [ 135.419991219, 34.657673865 ], [ 135.420007613, 34.657671694 ], [ 135.420010195, 34.657691973 ], [ 135.419993799999986, 34.657694162 ], [ 135.419999144, 34.657712225 ], [ 135.420012776, 34.657712279 ], [ 135.420015383, 34.657730306 ], [ 135.420001725, 34.657732495 ], [ 135.420004332, 34.657750559 ], [ 135.420020726, 34.65774836 ], [ 135.420023281, 34.657770919 ], [ 135.420009637, 34.657773108 ], [ 135.420012244, 34.657788892 ], [ 135.42002861200001, 34.657788973 ], [ 135.420033943, 34.657807027 ], [ 135.420014812, 34.657813694 ], [ 135.420017419, 34.657829495 ], [ 135.420028339999988, 34.657829559 ], [ 135.420030946999987, 34.657847586 ], [ 135.42002, 34.657849775 ], [ 135.420025331, 34.657867829 ], [ 135.420044423, 34.657867946 ], [ 135.420047055999987, 34.657883721 ], [ 135.420030636, 34.657888162 ], [ 135.420035966, 34.657906225 ], [ 135.420049637, 34.657904027 ], [ 135.420054942, 34.657924333 ], [ 135.42003856, 34.657928748 ], [ 135.420041167, 34.657944559 ], [ 135.420057523, 34.65794464 ], [ 135.420060117, 34.657964919 ], [ 135.420046445999986, 34.65796936 ], [ 135.420051803, 34.657985162 ], [ 135.420065447000013, 34.657982973 ], [ 135.420068029, 34.658003279 ], [ 135.420054384, 34.658005468 ], [ 135.420056978, 34.658023495 ], [ 135.42007061000001, 34.658023586 ], [ 135.42007594, 34.65804164 ], [ 135.420062309, 34.658043802 ], [ 135.42006489, 34.658061865 ], [ 135.420078521, 34.658061919 ], [ 135.420081141, 34.658079973 ], [ 135.420070220000014, 34.658082162 ], [ 135.420072802, 34.658100225 ], [ 135.420086446, 34.658100279 ], [ 135.420089053, 34.658118306 ], [ 135.420075383000011, 34.658122748 ], [ 135.420078002999986, 34.658140802 ], [ 135.420094358, 34.65813864 ], [ 135.420095499000013, 34.658147468 ], [ 135.420034254, 34.658154108 ], [ 135.420023281, 34.658163081 ], [ 135.4200338, 34.658217225 ], [ 135.420044695, 34.658221775 ], [ 135.420115668, 34.65821536 ], [ 135.420128833, 34.658280775 ], [ 135.420055136, 34.658289441 ], [ 135.420049611, 34.658300694 ], [ 135.420055383, 34.658333333 ], [ 135.420067977, 34.658404441 ], [ 135.420073385, 34.658408973 ], [ 135.420149831, 34.658400333 ], [ 135.420160310999989, 34.658461225 ], [ 135.420086615, 34.658469892 ], [ 135.420081089, 34.658478892 ], [ 135.420091608, 34.658535279 ], [ 135.420099779999987, 34.658537586 ], [ 135.42017345, 34.658533414 ], [ 135.420223411, 34.658797333 ], [ 135.420149728000013, 34.658806 ], [ 135.420144228, 34.658812748 ], [ 135.420152023000014, 34.658866865 ], [ 135.420162917999988, 34.658871414 ], [ 135.420233891, 34.658862748 ], [ 135.420259805, 34.658993333 ], [ 135.420186550000011, 34.659002252 ], [ 135.420178301, 34.659008973 ], [ 135.420196693, 34.659112748 ], [ 135.420204837999989, 34.659117279 ], [ 135.420281284, 34.65910864 ], [ 135.420304890000011, 34.659241721 ], [ 135.420231167, 34.65925264 ], [ 135.420225642, 34.65926164 ], [ 135.420233476, 34.659311252 ], [ 135.420244384, 34.659313559 ], [ 135.420318079999987, 34.659304892 ], [ 135.42034163400001, 34.659449252 ], [ 135.420292477, 34.659455775 ], [ 135.420418029, 34.660007559 ], [ 135.420461855000013, 34.660200225 ], [ 135.420415577, 34.660186495 ], [ 135.420421141, 34.660175252 ], [ 135.420404811999987, 34.660170667 ], [ 135.420399248, 34.660181892 ], [ 135.420312166, 34.660156694 ], [ 135.420317691, 34.660145441 ], [ 135.420301362, 34.660140865 ], [ 135.420295810999988, 34.660152108 ], [ 135.42020869000001, 34.660129162 ], [ 135.420214254, 34.660115667 ], [ 135.420197912, 34.660111081 ], [ 135.42019511, 34.660122333 ], [ 135.420105253, 34.66009936 ], [ 135.420110803999989, 34.660085865 ], [ 135.420097198, 34.660081306 ], [ 135.420088948999989, 34.660092532 ], [ 135.420004553000012, 34.660067333 ], [ 135.420010078, 34.660056081 ], [ 135.419993748, 34.660051495 ], [ 135.419988223, 34.660065 ], [ 135.419901114999988, 34.660039802 ], [ 135.419903917, 34.660028559 ], [ 135.419890310999989, 34.660021721 ], [ 135.419884773, 34.660035225 ], [ 135.419797639, 34.660012252 ], [ 135.419799222, 34.660004613 ], [ 135.419800466999988, 34.659998748 ], [ 135.419784137, 34.659991919 ], [ 135.419781556, 34.660004532 ], [ 135.419781336, 34.660005414 ], [ 135.419778171, 34.660004495 ], [ 135.419694228, 34.659980225 ], [ 135.419699754, 34.659968973 ], [ 135.41968345, 34.659962135 ], [ 135.419677885999988, 34.65997564 ], [ 135.419590778000014, 34.659952667 ], [ 135.419596304, 34.659939198 ], [ 135.419582724, 34.659934613 ], [ 135.419577173, 34.659948108 ], [ 135.419490051999986, 34.659922892 ], [ 135.419492866000013, 34.65991164 ], [ 135.419479274, 34.659904802 ], [ 135.419470999, 34.659916054 ], [ 135.419383891, 34.659893081 ], [ 135.419389442000011, 34.659879613 ], [ 135.419375837, 34.659875027 ], [ 135.419367562, 34.659888495 ], [ 135.419283165, 34.659865586 ], [ 135.419285966, 34.659852054 ], [ 135.419269637000014, 34.659847468 ], [ 135.419264112, 34.659860973 ], [ 135.419177004, 34.659835775 ], [ 135.419182555, 34.659822279 ], [ 135.41916894900001, 34.659815441 ], [ 135.419160661, 34.659831162 ], [ 135.419073554, 34.659805973 ], [ 135.419076354999987, 34.659794721 ], [ 135.419062776, 34.659787892 ], [ 135.419057224, 34.659801387 ], [ 135.418972827, 34.659778441 ], [ 135.418975642, 34.659764946 ], [ 135.418959339, 34.659758108 ], [ 135.418953773999988, 34.659771586 ], [ 135.418902049, 34.659755586 ], [ 135.418896641, 34.659753306 ], [ 135.418899442, 34.659742027 ], [ 135.418885837, 34.659737468 ], [ 135.418880311, 34.659748721 ], [ 135.418082698, 34.659521775 ], [ 135.417810143, 34.658333333 ], [ 135.417641855, 34.657599559 ], [ 135.41762875500001, 34.657601667 ], [ 135.417631284, 34.657612387 ], [ 135.417618949, 34.657614333 ], [ 135.41761642, 34.657603667 ], [ 135.417603087, 34.657605865 ], [ 135.417518444, 34.657619414 ], [ 135.417372218, 34.656982892 ], [ 135.417489636999989, 34.656963162 ], [ 135.417489663, 34.656958667 ], [ 135.417495136000014, 34.656956441 ], [ 135.4174793, 34.656879721 ], [ 135.417471115000012, 34.656881946 ], [ 135.417468444, 34.656872919 ], [ 135.417353774, 34.656890414 ], [ 135.417332581000011, 34.656802414 ], [ 135.41744725, 34.656782667 ], [ 135.417391582, 34.656554775 ], [ 135.417353359, 34.65656136 ], [ 135.417348003, 34.656547802 ], [ 135.417274279999987, 34.656558721 ], [ 135.417247756, 34.656452667 ], [ 135.41736516200001, 34.656430694 ], [ 135.417362503, 34.656421667 ], [ 135.4173707, 34.656419441 ], [ 135.417354864, 34.656345 ], [ 135.417346667, 34.656347225 ], [ 135.417343969, 34.656340441 ], [ 135.41722655, 34.656360162 ], [ 135.416887756, 34.654889081 ], [ 135.416852283, 34.654891162 ], [ 135.416830584, 34.654873027 ], [ 135.416808339999989, 34.654872495 ], [ 135.416800415000012, 34.654872333 ], [ 135.416666666999987, 34.654869198 ], [ 135.416587886, 34.65486736 ], [ 135.416563969, 34.65477936 ], [ 135.416549663000012, 34.654780802 ], [ 135.416542361000012, 34.654747694 ], [ 135.416556031, 34.654745495 ], [ 135.416512555, 34.654564802 ], [ 135.416512412, 34.654564162 ], [ 135.416507198, 34.654541495 ], [ 135.416506938999987, 34.65454036 ], [ 135.41627749700001, 34.653624054 ], [ 135.416270946999987, 34.653599495 ], [ 135.416266693000011, 34.653583694 ], [ 135.416264227999989, 34.653574414 ], [ 135.416240389, 34.653470613 ], [ 135.416234034000013, 34.653444613 ], [ 135.416228781, 34.653423135 ], [ 135.416227134, 34.653416468 ], [ 135.416174137000013, 34.653197586 ], [ 135.416162308999986, 34.653149306 ], [ 135.416160856, 34.653143441 ], [ 135.416007082, 34.652516162 ], [ 135.415946083, 34.652267946 ], [ 135.415744034, 34.652194865 ], [ 135.41578358000001, 34.652109414 ], [ 135.415702698, 34.651976054 ], [ 135.414540972999987, 34.651571559 ], [ 135.414313943, 34.651667387 ], [ 135.414308418, 34.65167636 ], [ 135.414302866000014, 34.651689865 ], [ 135.414250388999989, 34.651782027 ], [ 135.414295383, 34.651976054 ], [ 135.414360246, 34.652059748 ], [ 135.415239105000012, 34.655850306 ], [ 135.415245746000011, 34.656068946 ], [ 135.415757588, 34.658333333 ], [ 135.415949533, 34.659182532 ], [ 135.415941336, 34.659184748 ], [ 135.415943943, 34.659198279 ], [ 135.415930272, 34.659202721 ], [ 135.41593291800001, 34.659218495 ], [ 135.415949274000013, 34.659216333 ], [ 135.415954617000011, 34.659234387 ], [ 135.415938223000012, 34.659238829 ], [ 135.415943554, 34.659254613 ], [ 135.415959948, 34.659252441 ], [ 135.415962555, 34.659268252 ], [ 135.415948885, 34.659272667 ], [ 135.41595150500001, 34.659288468 ], [ 135.415965162, 34.659286279 ], [ 135.415967755999986, 34.659304333 ], [ 135.415956809, 34.659308775 ], [ 135.415959442, 34.659324559 ], [ 135.415973087, 34.659322387 ], [ 135.415978418, 34.659340441 ], [ 135.415964747, 34.659344892 ], [ 135.415970077999987, 34.659360667 ], [ 135.415981025, 34.659358468 ], [ 135.415986329, 34.659376532 ], [ 135.415972698, 34.659378721 ], [ 135.415975304999989, 34.659394495 ], [ 135.415988949, 34.659394586 ], [ 135.415991556, 34.65941036 ], [ 135.415977886, 34.659414802 ], [ 135.415983256, 34.659430613 ], [ 135.415996887, 34.659430667 ], [ 135.416002217999988, 34.659446468 ], [ 135.415988559999988, 34.659448667 ], [ 135.415993917, 34.659464468 ], [ 135.416004838, 34.659462279 ], [ 135.416010169, 34.659480306 ], [ 135.415996498, 34.659484748 ], [ 135.415999105, 34.659500559 ], [ 135.416015499, 34.659498387 ], [ 135.416018079999986, 34.659516414 ], [ 135.416004423, 34.659520865 ], [ 135.41600978, 34.659536667 ], [ 135.4160207, 34.659534468 ], [ 135.416026031, 34.659550252 ], [ 135.416012361000014, 34.659554694 ], [ 135.416015006, 34.659570495 ], [ 135.416028638, 34.659568306 ], [ 135.416033969000011, 34.65958636 ], [ 135.416017587999988, 34.659590775 ], [ 135.416022944, 34.659604333 ], [ 135.416036588999987, 34.659602135 ], [ 135.416039196000014, 34.659620198 ], [ 135.416025525, 34.65962464 ], [ 135.416033476, 34.659658468 ], [ 135.416000661, 34.659667333 ], [ 135.416016445999986, 34.659753054 ], [ 135.416060117, 34.659746495 ], [ 135.416062698, 34.659766802 ], [ 135.416059974, 34.659769027 ], [ 135.416062581, 34.659784829 ], [ 135.416078975, 34.659782667 ], [ 135.416081556, 34.659800694 ], [ 135.416067886, 34.659805135 ], [ 135.416073256, 34.659820946 ], [ 135.416084163, 34.659818748 ], [ 135.416089494, 34.659834532 ], [ 135.416075837, 34.659841252 ], [ 135.416078444, 34.659854775 ], [ 135.416094838, 34.659852586 ], [ 135.416100169, 34.65987064 ], [ 135.416083773999986, 34.659872829 ], [ 135.416086394, 34.659888613 ], [ 135.416100052, 34.659886414 ], [ 135.416105357, 34.659906748 ], [ 135.416091725, 34.659908919 ], [ 135.416094332, 34.659924721 ], [ 135.416107977, 34.659922532 ], [ 135.416113306999989, 34.659940586 ], [ 135.416099637, 34.659945027 ], [ 135.416102244, 34.659960802 ], [ 135.416115913999988, 34.65995864 ], [ 135.416123969000012, 34.659976694 ], [ 135.416107587999988, 34.659981108 ], [ 135.416108716, 34.659987 ], [ 135.416110194999987, 34.659994667 ], [ 135.416123865, 34.659992468 ], [ 135.41612917, 34.660012775 ], [ 135.416115525, 34.660014973 ], [ 135.416120856, 34.660030775 ], [ 135.416131777, 34.660028559 ], [ 135.416137107999987, 34.660048892 ], [ 135.416123449999986, 34.660053306 ], [ 135.416126057000014, 34.660066865 ], [ 135.416139728, 34.660064667 ], [ 135.416145058000012, 34.660082721 ], [ 135.416128638, 34.660087135 ], [ 135.416133995, 34.660102946 ], [ 135.416147639, 34.660100775 ], [ 135.416152970000013, 34.660118802 ], [ 135.416139339000011, 34.660121 ], [ 135.41614192, 34.660139054 ], [ 135.416158301, 34.660136892 ], [ 135.416160973, 34.660145919 ], [ 135.41616642, 34.660145919 ], [ 135.416343645000012, 34.660933252 ], [ 135.416338171, 34.660935468 ], [ 135.416340895, 34.66094 ], [ 135.41632447500001, 34.660944414 ], [ 135.416327108, 34.660957973 ], [ 135.416340752, 34.660958027 ], [ 135.416343385, 34.660969306 ], [ 135.416332438000012, 34.660973775 ], [ 135.416335084, 34.660987306 ], [ 135.416348755, 34.660985108 ], [ 135.41635138800001, 34.660996387 ], [ 135.416337717, 34.661000829 ], [ 135.416340337, 34.66101664 ], [ 135.416353995, 34.661014441 ], [ 135.416356641, 34.661025721 ], [ 135.416342969999988, 34.661030162 ], [ 135.416348340000013, 34.661043721 ], [ 135.416361970999986, 34.661041532 ], [ 135.416367367, 34.661052802 ], [ 135.416350947000012, 34.661059495 ], [ 135.41635358, 34.661070775 ], [ 135.416369974, 34.661070865 ], [ 135.416372633, 34.661079892 ], [ 135.416356226, 34.661086559 ], [ 135.416361582, 34.661100108 ], [ 135.416375227, 34.661100198 ], [ 135.416377886, 34.661109225 ], [ 135.416361478999988, 34.66111364 ], [ 135.416366835, 34.661127198 ], [ 135.41638046700001, 34.661127252 ], [ 135.416383139, 34.661138532 ], [ 135.416369442, 34.661142973 ], [ 135.416372088, 34.661156495 ], [ 135.416388469999987, 34.661154333 ], [ 135.41639111500001, 34.661167865 ], [ 135.416377445, 34.661170054 ], [ 135.416380052, 34.661185865 ], [ 135.416393722, 34.661183667 ], [ 135.416399079, 34.661194946 ], [ 135.416385422, 34.661199387 ], [ 135.416388054, 34.661212946 ], [ 135.416401724999986, 34.661210748 ], [ 135.416404358, 34.661222027 ], [ 135.4163907, 34.661226468 ], [ 135.416393307, 34.661242252 ], [ 135.416406978, 34.661240054 ], [ 135.416409611, 34.66125136 ], [ 135.41639594, 34.661255802 ], [ 135.41639856, 34.661271586 ], [ 135.416414941999989, 34.661269414 ], [ 135.416417588, 34.661280694 ], [ 135.416401193000013, 34.661285108 ], [ 135.416406524, 34.661300919 ], [ 135.416420195, 34.661298721 ], [ 135.416422827, 34.66131 ], [ 135.416406446, 34.661314441 ], [ 135.416411802999988, 34.661328 ], [ 135.416425447, 34.661325802 ], [ 135.41643083, 34.661334829 ], [ 135.416414449, 34.661341532 ], [ 135.416419780000012, 34.661357333 ], [ 135.41643345, 34.661355135 ], [ 135.416438755, 34.661373198 ], [ 135.416425084, 34.661379892 ], [ 135.416433139, 34.661395694 ], [ 135.416446809, 34.661391252 ], [ 135.416457638999987, 34.661404829 ], [ 135.416446667, 34.661413802 ], [ 135.416457445, 34.66142964 ], [ 135.416473865, 34.661422946 ], [ 135.416484695, 34.661434279 ], [ 135.416473722, 34.661443225 ], [ 135.41649, 34.661456829 ], [ 135.416500947, 34.661450108 ], [ 135.416517223999989, 34.661463721 ], [ 135.416511699000012, 34.661472694 ], [ 135.416530726, 34.661484054 ], [ 135.416538975, 34.661472829 ], [ 135.416555279, 34.661481946 ], [ 135.41655247700001, 34.661493198 ], [ 135.416574254000011, 34.661500054 ], [ 135.416579805, 34.661486559 ], [ 135.416590660999987, 34.661491108 ], [ 135.416582361, 34.661509108 ], [ 135.416606861, 34.661515973 ], [ 135.416615006, 34.661525027 ], [ 135.416612166, 34.661538559 ], [ 135.416633943, 34.661543162 ], [ 135.416639494, 34.661531919 ], [ 135.416658520999988, 34.661538775 ], [ 135.416653022, 34.661547748 ], [ 135.416666666999987, 34.661552667 ], [ 135.416672049, 34.661554613 ], [ 135.416680337, 34.661543387 ], [ 135.416696667, 34.661547973 ], [ 135.416693865000013, 34.661559225 ], [ 135.416712892, 34.661566081 ], [ 135.416721167, 34.661554829 ], [ 135.416737471, 34.661561694 ], [ 135.416734695, 34.661570694 ], [ 135.416756472, 34.661577559 ], [ 135.416761997, 34.661566306 ], [ 135.41677834, 34.661570892 ], [ 135.416772802, 34.661579892 ], [ 135.416797302, 34.661589108 ], [ 135.416802827, 34.661575613 ], [ 135.41681917, 34.661582441 ], [ 135.416813645, 34.661593694 ], [ 135.416835383, 34.661600559 ], [ 135.416840947, 34.661589306 ], [ 135.41686, 34.661593919 ], [ 135.416857198, 34.661605162 ], [ 135.416876226, 34.661612027 ], [ 135.416884501, 34.661598532 ], [ 135.41690083, 34.661603135 ], [ 135.416898029, 34.66161664 ], [ 135.416917082, 34.661621225 ], [ 135.416922607, 34.66161 ], [ 135.416941673, 34.661616829 ], [ 135.416938859, 34.661628108 ], [ 135.416957911999987, 34.661632694 ], [ 135.41696345, 34.661621441 ], [ 135.416985253, 34.661626054 ], [ 135.416979688999987, 34.661639559 ], [ 135.416993307000013, 34.661644135 ], [ 135.416990506, 34.661655387 ], [ 135.417017691000012, 34.661666775 ], [ 135.417025966000011, 34.661653306 ], [ 135.417039558999988, 34.661657892 ], [ 135.417047833999987, 34.661644387 ], [ 135.417064163, 34.661648973 ], [ 135.417061362, 34.661662495 ], [ 135.417083139, 34.66166936 ], [ 135.417088664, 34.661655865 ], [ 135.417105032, 34.661660441 ], [ 135.417099468, 34.661673946 ], [ 135.417118521, 34.661678532 ], [ 135.417112995999986, 34.661689775 ], [ 135.41717834, 34.661708108 ], [ 135.417186589000011, 34.661696892 ], [ 135.417202917999987, 34.661701468 ], [ 135.417208444000011, 34.661690252 ], [ 135.417227523, 34.661694829 ], [ 135.417224694999987, 34.661708333 ], [ 135.417246471999988, 34.661712946 ], [ 135.417252023, 34.661699468 ], [ 135.417268366, 34.661706306 ], [ 135.417265551000014, 34.661717559 ], [ 135.417279144, 34.661722135 ], [ 135.417273606, 34.66173564 ], [ 135.417303528, 34.661744775 ], [ 135.417311803, 34.661731306 ], [ 135.417328145, 34.661735892 ], [ 135.417333695999986, 34.66172464 ], [ 135.41735275, 34.661729252 ], [ 135.417347224, 34.661740468 ], [ 135.417368974999988, 34.661749613 ], [ 135.417374527, 34.661736108 ], [ 135.417390856, 34.661738441 ], [ 135.417388054000014, 34.661751946 ], [ 135.417409805, 34.661758802 ], [ 135.417412581, 34.661752054 ], [ 135.41743167300001, 34.661756667 ], [ 135.417428885, 34.661763414 ], [ 135.417447912, 34.661770279 ], [ 135.417453476, 34.661756775 ], [ 135.417469805, 34.66176136 ], [ 135.417464254, 34.661774865 ], [ 135.417488755, 34.661781721 ], [ 135.417494306, 34.661768225 ], [ 135.417513359, 34.661775081 ], [ 135.417507834, 34.661784081 ], [ 135.417529585000011, 34.661793198 ], [ 135.417535136, 34.661779694 ], [ 135.417554188999986, 34.661784306 ], [ 135.417548664, 34.661795532 ], [ 135.417570441, 34.661802414 ], [ 135.417575965999987, 34.661791162 ], [ 135.417592309000014, 34.661795748 ], [ 135.417589494, 34.661807 ], [ 135.417613995000011, 34.661816135 ], [ 135.417619533, 34.66180264 ], [ 135.417635862999987, 34.661807225 ], [ 135.417633061, 34.661818468 ], [ 135.417654838, 34.661825333 ], [ 135.41766036300001, 34.661814108 ], [ 135.417679442, 34.661818694 ], [ 135.417671167, 34.661829919 ], [ 135.417695668, 34.661836802 ], [ 135.417701219, 34.661823306 ], [ 135.417717562, 34.661830135 ], [ 135.41771472100001, 34.661841414 ], [ 135.417736498000011, 34.661848279 ], [ 135.417742049, 34.661837027 ], [ 135.417758392, 34.661841613 ], [ 135.417752826999987, 34.661855108 ], [ 135.417774617, 34.661859721 ], [ 135.417788444, 34.661830495 ], [ 135.417804812000014, 34.661835081 ], [ 135.417813113, 34.661814829 ], [ 135.41778861200001, 34.661807946 ], [ 135.417824695, 34.661717973 ], [ 135.417838249, 34.661684775 ], [ 135.418369442, 34.661828748 ], [ 135.418589974000014, 34.661888414 ], [ 135.418609143999987, 34.661877225 ], [ 135.41864725, 34.661888667 ], [ 135.418658029, 34.661909 ], [ 135.41888658900001, 34.661973198 ], [ 135.419479053, 34.662142892 ], [ 135.419823022, 34.66224136 ], [ 135.419844915999988, 34.662230198 ], [ 135.419885746, 34.662241667 ], [ 135.419896524, 34.662262 ], [ 135.420438223, 34.662422333 ], [ 135.420460117, 34.662411162 ], [ 135.420500947, 34.66242264 ], [ 135.420514422999986, 34.662445225 ], [ 135.421467173, 34.662724721 ], [ 135.421489052999988, 34.662713559 ], [ 135.421529883, 34.662725027 ], [ 135.421537951, 34.662745333 ], [ 135.422687004000011, 34.663083613 ], [ 135.422672438, 34.663118892 ], [ 135.422661699, 34.663145162 ], [ 135.422633281, 34.663213279 ], [ 135.423872529, 34.663574613 ], [ 135.424016835, 34.663832225 ], [ 135.424338080000012, 34.664393748 ], [ 135.424491193, 34.664648252 ], [ 135.425, 34.665547081 ], [ 135.425633774, 34.666666667 ], [ 135.425685305, 34.666757721 ], [ 135.425669883000012, 34.666763135 ], [ 135.426268171, 34.667822973 ], [ 135.426110726, 34.668103973 ], [ 135.426127056000013, 34.66811 ], [ 135.426116005000011, 34.668131027 ], [ 135.426036472, 34.668191495 ], [ 135.425875888, 34.668138919 ], [ 135.425048858999986, 34.666666667 ], [ 135.425, 34.666579694 ], [ 135.424536641, 34.665754892 ], [ 135.424253528, 34.665672414 ], [ 135.424237197999986, 34.665667802 ], [ 135.423817977, 34.665546387 ], [ 135.423790726, 34.665539495 ], [ 135.423432502999987, 34.665434441 ], [ 135.422881154, 34.665325505 ], [ 135.422821284, 34.665304937 ], [ 135.422810246000012, 34.665322919 ], [ 135.422750363, 34.665306865 ], [ 135.422755914, 34.665291108 ], [ 135.422637665, 34.665256468 ], [ 135.422741777, 34.665000108 ], [ 135.421404812, 34.664615865 ], [ 135.421306693, 34.664845306 ], [ 135.421215331000013, 34.664812775 ], [ 135.421207004, 34.664833 ], [ 135.421054553, 34.664789468 ], [ 135.421060143, 34.664771468 ], [ 135.420964864000013, 34.664746225 ], [ 135.420956589000014, 34.664759694 ], [ 135.420809559, 34.664718441 ], [ 135.42081786, 34.664700441 ], [ 135.42080153, 34.664695865 ], [ 135.420804553000011, 34.664653054 ], [ 135.420781479, 34.664646532 ], [ 135.420727108, 34.664676 ], [ 135.420714423, 34.66467064 ], [ 135.420706109, 34.66468864 ], [ 135.420556393999988, 34.66464736 ], [ 135.420561920000011, 34.664633865 ], [ 135.420548301, 34.664631559 ], [ 135.420548638000014, 34.664581973 ], [ 135.420526887, 34.664572865 ], [ 135.420480272, 34.664606441 ], [ 135.420466667, 34.664604108 ], [ 135.420461115, 34.664617613 ], [ 135.420311387999988, 34.664576333 ], [ 135.420316939, 34.664560586 ], [ 135.420300583999989, 34.664558252 ], [ 135.420303645, 34.664510946 ], [ 135.420284617, 34.664504081 ], [ 135.420243411, 34.664542198 ], [ 135.420224384, 34.66453536 ], [ 135.420218833, 34.664548829 ], [ 135.420058223000012, 34.664503 ], [ 135.420063748, 34.664491775 ], [ 135.420050143, 34.664487198 ], [ 135.420053217, 34.66443536 ], [ 135.420028716, 34.664428495 ], [ 135.419987639, 34.664468865 ], [ 135.419965862999987, 34.664462 ], [ 135.419960311000011, 34.664477748 ], [ 135.419816031000011, 34.664434252 ], [ 135.419818859, 34.664420721 ], [ 135.419805253, 34.664416162 ], [ 135.419808366000012, 34.664362081 ], [ 135.41978655, 34.664357468 ], [ 135.419742633, 34.664397829 ], [ 135.41972358000001, 34.664393225 ], [ 135.419720751999989, 34.664406748 ], [ 135.41957102500001, 34.664365468 ], [ 135.419571088999987, 34.664354198 ], [ 135.419557497, 34.664349613 ], [ 135.419555136000014, 34.664295532 ], [ 135.419522476999987, 34.66428636 ], [ 135.419492166, 34.664329027 ], [ 135.419475863, 34.664322198 ], [ 135.419470272000012, 34.664337946 ], [ 135.41931786, 34.664292135 ], [ 135.419323385000013, 34.664280892 ], [ 135.41930978, 34.664276333 ], [ 135.419310117, 34.664226748 ], [ 135.419285616, 34.664219865 ], [ 135.419249883, 34.664258 ], [ 135.419233553999987, 34.664253414 ], [ 135.419224773, 34.664277162 ], [ 135.418871309999986, 34.664177333 ], [ 135.417913061, 34.663906721 ], [ 135.417893969, 34.663902108 ], [ 135.417892996, 34.663901829 ], [ 135.417706135, 34.663849387 ], [ 135.41758907900001, 34.663815 ], [ 135.417393645, 34.663759198 ], [ 135.417376783, 34.663753135 ], [ 135.417375136, 34.663752613 ], [ 135.417368807, 34.663738135 ], [ 135.417281581999987, 34.663712135 ], [ 135.416933995, 34.663879495 ], [ 135.41704511, 34.666267135 ], [ 135.417045422, 34.666274081 ], [ 135.417054449, 34.66651036 ], [ 135.417054553000014, 34.666513279 ], [ 135.417062140000013, 34.666666667 ], [ 135.417111997, 34.667673441 ], [ 135.417081997, 34.667673306 ], [ 135.417084448999987, 34.667711613 ], [ 135.417114475, 34.667709495 ], [ 135.417131051000013, 34.668067946 ], [ 135.417160246, 34.668575162 ], [ 135.41713022, 34.668577279 ], [ 135.417132724, 34.668611108 ], [ 135.417162724, 34.668611252 ], [ 135.417165253, 34.668686477 ], [ 135.417133684, 34.668687495 ], [ 135.41713546, 34.668751757 ], [ 135.417167458, 34.668751586 ], [ 135.417169494, 34.668811865 ], [ 135.417899235, 34.669782216 ], [ 135.417871854999987, 34.669795613 ], [ 135.4178962, 34.669825027 ], [ 135.41792358, 34.669811631 ], [ 135.418179222, 34.670155414 ], [ 135.418518145, 34.670607802 ], [ 135.418488029, 34.670625694 ], [ 135.417585304999989, 34.671906631 ], [ 135.416666666999987, 34.673210135 ], [ 135.414080311, 34.672490892 ], [ 135.414060830000011, 34.672544892 ], [ 135.413840803999989, 34.672483081 ], [ 135.412509078999989, 34.672109108 ], [ 135.412440999000012, 34.672090748 ], [ 135.412435472999988, 34.672102 ], [ 135.412503528, 34.67212036 ], [ 135.412436913, 34.672284559 ], [ 135.412347108, 34.672254829 ], [ 135.412292672, 34.672236532 ], [ 135.412126640999986, 34.672183892 ], [ 135.412126589, 34.672190667 ], [ 135.411997496999987, 34.672157946 ], [ 135.412024423, 34.672088108 ], [ 135.411793528, 34.672023721 ], [ 135.411766226, 34.672089586 ], [ 135.411600584000013, 34.672042973 ], [ 135.411519857, 34.672025198 ], [ 135.411419922, 34.671993414 ], [ 135.41135219200001, 34.671972 ], [ 135.411305279, 34.67195536 ], [ 135.411254553, 34.671936559 ], [ 135.411210466999989, 34.671922081 ], [ 135.41116406, 34.671910694 ], [ 135.411123333, 34.671898865 ], [ 135.411100532, 34.671883892 ], [ 135.411092192000012, 34.67187464 ], [ 135.41080358, 34.671796613 ], [ 135.410760052, 34.671780613 ], [ 135.410754384, 34.671779081 ], [ 135.41041700400001, 34.671686586 ], [ 135.410398222999987, 34.671639135 ], [ 135.410368418, 34.671644694 ], [ 135.410360169, 34.671620946 ], [ 135.410305525000012, 34.671631946 ], [ 135.410233333, 34.671426495 ], [ 135.410091478999988, 34.671042667 ], [ 135.409970972999986, 34.670726559 ], [ 135.409897173, 34.670746495 ], [ 135.409201478999989, 34.671201081 ], [ 135.409168975, 34.671222333 ], [ 135.409049831, 34.671300198 ], [ 135.409019948, 34.671319748 ], [ 135.408333333, 34.671768468 ], [ 135.408247276, 34.671824721 ], [ 135.407904721, 34.672046162 ], [ 135.407732049, 34.672158027 ], [ 135.407742918, 34.672167081 ], [ 135.407904617000014, 34.672061946 ], [ 135.408252672, 34.671836 ], [ 135.408333333, 34.672044252 ], [ 135.408466978, 34.672389225 ], [ 135.408693696, 34.672329279 ], [ 135.408707224000011, 34.672361081 ], [ 135.40878572, 34.672339667 ], [ 135.408794086, 34.672360694 ], [ 135.408800609999986, 34.672379468 ], [ 135.408805162, 34.67239764 ], [ 135.408728664, 34.672417532 ], [ 135.408978495000014, 34.673097586 ], [ 135.408912140000012, 34.673115027 ], [ 135.408753411, 34.673156892 ], [ 135.408769533, 34.673193027 ], [ 135.408774838, 34.673211081 ], [ 135.408875863, 34.673474721 ], [ 135.408970363, 34.673721387 ], [ 135.408975694, 34.673739441 ], [ 135.409329222, 34.674662946 ], [ 135.409282309, 34.674755108 ], [ 135.40927131, 34.674768586 ], [ 135.409148716, 34.675 ], [ 135.409108171000014, 34.675076559 ], [ 135.409097108, 34.675094532 ], [ 135.408914669000012, 34.675431721 ], [ 135.40890642, 34.675442946 ], [ 135.408900856, 34.675456441 ], [ 135.408333333, 34.675247559 ], [ 135.407883217, 34.675081892 ], [ 135.40765786, 34.675 ], [ 135.407216589, 34.674839667 ], [ 135.406825524999988, 34.673821306 ], [ 135.406803774, 34.673812198 ], [ 135.406773722, 34.673821054 ], [ 135.406768145, 34.673836802 ], [ 135.407148444, 34.674828054 ], [ 135.407167224, 34.674875468 ], [ 135.407506939, 34.675 ], [ 135.407882827, 34.675137775 ], [ 135.408333333, 34.675303613 ], [ 135.408870532, 34.67550136 ], [ 135.408876109, 34.675485613 ], [ 135.409333280999988, 34.675645613 ], [ 135.410605279, 34.676114333 ], [ 135.410723359, 34.676157721 ], [ 135.411972672, 34.676616306 ], [ 135.41205144, 34.676645973 ], [ 135.412168444, 34.676691613 ], [ 135.412252827, 34.676716802 ], [ 135.412260752, 34.676755162 ], [ 135.416666666999987, 34.678001667 ], [ 135.416782309000013, 34.678034387 ], [ 135.417111634, 34.678129 ], [ 135.421003385, 34.679231252 ], [ 135.421027834, 34.679249387 ], [ 135.421018716, 34.679271441 ], [ 135.421927224, 34.679536306 ], [ 135.422259728, 34.679632973 ], [ 135.420364955, 34.682847234 ], [ 135.420078392, 34.683333333 ], [ 135.418094384, 34.686698973 ], [ 135.418064254, 34.686704162 ], [ 135.418036783, 34.686714748 ], [ 135.418018444000012, 34.686729081 ], [ 135.418001440000012, 34.68674264 ], [ 135.417985162, 34.686759865 ], [ 135.41793511, 34.686894225 ], [ 135.417878301, 34.687040613 ], [ 135.41787642, 34.687045387 ], [ 135.417836355, 34.687138495 ], [ 135.41779496800001, 34.687220333 ], [ 135.417689637, 34.68742664 ], [ 135.417621414, 34.687583441 ], [ 135.417580026, 34.687697198 ], [ 135.417572697999987, 34.687730532 ], [ 135.417576005, 34.687756054 ], [ 135.417581051000013, 34.687782748 ], [ 135.417592724, 34.687802721 ], [ 135.417612724, 34.687827973 ], [ 135.41763516200001, 34.687848721 ], [ 135.417660117, 34.687869775 ], [ 135.417690467, 34.687884333 ], [ 135.417722801999986, 34.687895667 ], [ 135.417735357, 34.68792664 ], [ 135.417747977, 34.687949973 ], [ 135.417758833, 34.687971306 ], [ 135.41776489, 34.687995748 ], [ 135.417767808, 34.688032279 ], [ 135.417768003, 34.688051946 ], [ 135.417730778, 34.688049586 ], [ 135.417713606, 34.688063081 ], [ 135.416666666999987, 34.688547721 ], [ 135.416079688999986, 34.688819441 ], [ 135.414440389, 34.689578279 ], [ 135.414350467, 34.689557586 ], [ 135.414309533, 34.68955964 ], [ 135.414235811, 34.689570532 ], [ 135.414159274000014, 34.689588198 ], [ 135.414092023, 34.689605919 ], [ 135.414038949, 34.689625946 ], [ 135.413896719, 34.689672586 ], [ 135.413727082, 34.68974164 ], [ 135.413653139, 34.689779586 ], [ 135.412995499, 34.690143775 ], [ 135.412762969999989, 34.690273387 ], [ 135.412434254, 34.690456532 ], [ 135.412174034, 34.690601748 ], [ 135.411732996000012, 34.690845279 ], [ 135.411686446, 34.690869865 ], [ 135.411560337, 34.69095264 ], [ 135.411461634, 34.691017532 ], [ 135.411365668, 34.691086919 ], [ 135.41120380000001, 34.691210108 ], [ 135.411113281000013, 34.691279532 ], [ 135.411011699, 34.691364667 ], [ 135.4109238, 34.691445387 ], [ 135.410822166, 34.691544054 ], [ 135.410731479, 34.691633775 ], [ 135.410727834, 34.691637252 ], [ 135.410696718999986, 34.691666667 ], [ 135.410612918, 34.691745946 ], [ 135.410611050999989, 34.691747721 ], [ 135.41061061, 34.691748135 ], [ 135.41057489, 34.691781775 ], [ 135.410506226, 34.691846802 ], [ 135.410424189, 34.691933829 ], [ 135.410373748000012, 34.691994892 ], [ 135.410346718999989, 34.692021802 ], [ 135.410313645, 34.692071252 ], [ 135.410269585, 34.69212736 ], [ 135.410197860000011, 34.692235198 ], [ 135.40978703, 34.692850748 ], [ 135.409599494, 34.693129306 ], [ 135.409475227, 34.693340559 ], [ 135.40942275, 34.693428198 ], [ 135.409334253999987, 34.693594532 ], [ 135.40922642000001, 34.693794613 ], [ 135.409104553, 34.694046441 ], [ 135.408971673, 34.694318495 ], [ 135.408877497, 34.694514108 ], [ 135.408786109, 34.694700721 ], [ 135.408763943, 34.694747946 ], [ 135.408716615, 34.694882946 ], [ 135.408688612, 34.694981973 ], [ 135.408452023, 34.695832468 ], [ 135.408420661, 34.695823586 ], [ 135.408401115, 34.695886586 ], [ 135.408333333, 34.696121054 ], [ 135.408289209, 34.696273694 ], [ 135.40832738, 34.696278387 ], [ 135.408327354, 34.69628064 ], [ 135.408296563, 34.696390919 ], [ 135.408293787, 34.696397667 ], [ 135.408218651, 34.696602396 ], [ 135.407294021000013, 34.697096135 ], [ 135.407508611999987, 34.697385829 ], [ 135.408333333, 34.698462532 ], [ 135.408577782, 34.698781667 ], [ 135.409068885000011, 34.699291667 ], [ 135.40956, 34.699750829 ], [ 135.409877717, 34.7 ], [ 135.409986108999988, 34.700085 ], [ 135.410835006000013, 34.700720279 ], [ 135.411651388, 34.701263054 ], [ 135.412864721, 34.701996667 ], [ 135.413487782, 34.702270829 ], [ 135.413854163, 34.702432225 ], [ 135.414645006, 34.702764721 ], [ 135.415353606, 34.703032495 ], [ 135.41635, 34.703409162 ], [ 135.416666666999987, 34.703513306 ], [ 135.417776393999986, 34.703878892 ], [ 135.418925006, 34.704254721 ], [ 135.419798612, 34.704551387 ], [ 135.422283606, 34.705255559 ], [ 135.423981115, 34.705711667 ], [ 135.424565836999989, 34.705896667 ], [ 135.424625837, 34.705923613 ], [ 135.424912776000014, 34.706051946 ], [ 135.425, 34.706105441 ], [ 135.425194449, 34.706224721 ], [ 135.425530830000014, 34.706486667 ], [ 135.42557, 34.706517225 ], [ 135.42587, 34.706784162 ], [ 135.426209441999987, 34.707153892 ], [ 135.426556108999989, 34.707678892 ], [ 135.427033969, 34.708333333 ], [ 135.427090558, 34.708410829 ], [ 135.427412218, 34.708864162 ], [ 135.427863333, 34.709499441 ], [ 135.428361946, 34.710137775 ], [ 135.42853555100001, 34.710333613 ], [ 135.42868639400001, 34.710503892 ], [ 135.428795006, 34.710626946 ], [ 135.429423061, 34.711204162 ], [ 135.429578885000012, 34.711347225 ], [ 135.430135006, 34.711758613 ], [ 135.430546666999987, 34.712015279 ], [ 135.43109917000001, 34.712347775 ], [ 135.4318, 34.712705829 ], [ 135.432054163, 34.712832495 ], [ 135.432357782, 34.712983613 ], [ 135.43269917, 34.713153613 ], [ 135.43271, 34.713159162 ], [ 135.433333333, 34.713447946 ], [ 135.433659728, 34.713599162 ], [ 135.434671114999986, 34.714058333 ], [ 135.435909728000013, 34.714558054 ], [ 135.436978885, 34.714951387 ], [ 135.438163605999989, 34.715309441 ], [ 135.43819083, 34.715318054 ], [ 135.439582776, 34.715755279 ], [ 135.440729728, 34.716099441 ], [ 135.441316394000012, 34.716275559 ], [ 135.441405006, 34.716302225 ], [ 135.441666667, 34.716380775 ], [ 135.442027782, 34.716489162 ], [ 135.442515811, 34.716666667 ], [ 135.442823606, 34.716778613 ], [ 135.443486939, 34.71702 ], [ 135.444440272, 34.717370559 ], [ 135.445155551, 34.717746387 ], [ 135.445812776, 34.718086387 ], [ 135.446170271999989, 34.718339721 ], [ 135.446516939, 34.718661667 ], [ 135.446950272, 34.719126946 ], [ 135.447333332999989, 34.719674441 ], [ 135.447607782, 34.720199162 ], [ 135.447882218, 34.720776387 ], [ 135.448033891, 34.721289162 ], [ 135.448106109, 34.721688892 ], [ 135.448062776, 34.722307775 ], [ 135.448025551, 34.722529721 ], [ 135.447990557999987, 34.722737225 ], [ 135.447831673, 34.723202495 ], [ 135.447633891, 34.723742225 ], [ 135.447578885000013, 34.723892775 ], [ 135.44726834, 34.724453613 ], [ 135.446926886999989, 34.725 ], [ 135.446798612, 34.725205279 ], [ 135.446574721, 34.725524441 ], [ 135.446511945999987, 34.725637225 ], [ 135.446415836999989, 34.725810559 ], [ 135.446256939, 34.726210279 ], [ 135.446025551, 34.726912495 ], [ 135.445852218, 34.727526946 ], [ 135.445621115, 34.728414162 ], [ 135.445556109, 34.728997225 ], [ 135.445556109, 34.729081946 ], [ 135.445556109, 34.729504162 ], [ 135.445635551, 34.730033613 ], [ 135.445801673, 34.730564441 ], [ 135.445904449000011, 34.730837225 ], [ 135.446090558, 34.731332495 ], [ 135.446581673, 34.732291387 ], [ 135.446848885, 34.732713333 ], [ 135.447081387999987, 34.733039162 ], [ 135.447087224, 34.733047225 ], [ 135.447352411999987, 34.733333333 ], [ 135.44736917, 34.733351387 ], [ 135.447708612000014, 34.73362 ], [ 135.448113060999987, 34.733858613 ], [ 135.448582503000011, 34.734013613 ], [ 135.448986939, 34.734097225 ], [ 135.449796109, 34.734168613 ], [ 135.45, 34.734184306 ], [ 135.451775006, 34.734320829 ], [ 135.451891115, 34.734324162 ], [ 135.45252, 34.734341667 ], [ 135.45306083, 34.734356667 ], [ 135.454773061, 34.734332775 ], [ 135.455386667, 34.734308892 ], [ 135.45544917, 34.734300559 ], [ 135.456195837, 34.734201667 ], [ 135.457135005999987, 34.734046387 ], [ 135.458333333000013, 34.733762027 ], [ 135.458492776000014, 34.733724162 ], [ 135.458933605999988, 34.733600279 ], [ 135.459334449000011, 34.733487495 ], [ 135.459755226999988, 34.733333333 ], [ 135.460251115, 34.733151667 ], [ 135.460295006, 34.733135559 ], [ 135.460293891, 34.733138333 ], [ 135.46020736700001, 34.733333333 ], [ 135.460013606, 34.73377 ], [ 135.459998885, 34.733803333 ], [ 135.459996394, 34.733807225 ], [ 135.459861673, 34.734018054 ], [ 135.459733891000013, 34.734155829 ], [ 135.459713606, 34.734177775 ], [ 135.459345279, 34.734446108 ], [ 135.459315551, 34.734476946 ], [ 135.459208053999987, 34.734589162 ], [ 135.45911416300001, 34.734774162 ], [ 135.459034449, 34.735126108 ], [ 135.458897224, 34.735197775 ], [ 135.458853891, 34.735595829 ], [ 135.458861115, 34.735780829 ], [ 135.458839442, 34.735852495 ], [ 135.458629441999989, 34.735993892 ], [ 135.458485551, 34.736090829 ], [ 135.458723891, 34.736496387 ], [ 135.45889, 34.736948333 ], [ 135.458894449000013, 34.736964162 ], [ 135.459056108999988, 34.737555279 ], [ 135.459133060999989, 34.737946667 ], [ 135.459186394, 34.738217495 ], [ 135.459191946, 34.738277225 ], [ 135.45926500600001, 34.739068892 ], [ 135.459287497, 34.739313333 ], [ 135.45935972800001, 34.740534721 ], [ 135.459388612, 34.740700279 ], [ 135.459396394, 34.740796946 ], [ 135.459401388, 34.740857495 ], [ 135.459460830000012, 34.741588892 ], [ 135.459469195999986, 34.741666667 ], [ 135.45956917, 34.742595559 ], [ 135.459706109, 34.743530559 ], [ 135.4598, 34.744359721 ], [ 135.459801672999987, 34.744506667 ], [ 135.459803333, 34.744670279 ], [ 135.459803606, 34.744709162 ], [ 135.459805006000011, 34.744845559 ], [ 135.459807224, 34.745038054 ], [ 135.459796394, 34.745602775 ], [ 135.459792776, 34.745800279 ], [ 135.459807224, 34.745938054 ], [ 135.459836109, 34.746211946 ], [ 135.459973333, 34.747063054 ], [ 135.460197224000012, 34.747725279 ], [ 135.460181388, 34.747812225 ], [ 135.46016834, 34.747885 ], [ 135.45985, 34.748679162 ], [ 135.459814449, 34.748767775 ], [ 135.45938834, 34.749899441 ], [ 135.459344643, 34.75 ], [ 135.459243891, 34.750231946 ], [ 135.45924083, 34.750240559 ], [ 135.459186109, 34.750387225 ], [ 135.459186109, 34.750470559 ], [ 135.459243891, 34.750542225 ], [ 135.459756667, 34.750828613 ], [ 135.459937223999987, 34.750916667 ], [ 135.459937223999987, 34.751 ], [ 135.459905551, 34.751073613 ], [ 135.459778340000014, 34.75137 ], [ 135.459352218, 34.752031946 ], [ 135.459251115, 34.752091387 ], [ 135.459113890999987, 34.752097495 ], [ 135.458803061, 34.752085559 ], [ 135.458506938999989, 34.751996108 ], [ 135.458333333000013, 34.751920829 ], [ 135.458218054000014, 34.751870829 ], [ 135.457921946, 34.751685829 ], [ 135.45756083, 34.751405559 ], [ 135.457560558000011, 34.751405559 ], [ 135.457304449, 34.751216946 ], [ 135.457228612, 34.751161108 ], [ 135.457062503, 34.750958333 ], [ 135.457025279, 34.751009721 ], [ 135.456988612, 34.751060829 ], [ 135.456860272, 34.751238613 ], [ 135.456766394, 34.751429441 ], [ 135.456665006, 34.751668054 ], [ 135.45661, 34.751842775 ], [ 135.456571115, 34.751966108 ], [ 135.456491672999988, 34.752377775 ], [ 135.45639055800001, 34.752658333 ], [ 135.456310558000013, 34.752954721 ], [ 135.456231673, 34.753246108 ], [ 135.45621834, 34.753360829 ], [ 135.456163890999989, 34.753509441 ], [ 135.456043891, 34.753891667 ], [ 135.45604083, 34.753905 ], [ 135.456005551, 34.754058333 ], [ 135.455983890999988, 34.754215829 ], [ 135.455918340000011, 34.754485829 ], [ 135.455831115, 34.754904441 ], [ 135.45582, 34.755070829 ], [ 135.455836393999988, 34.755228333 ], [ 135.455841946, 34.755471387 ], [ 135.45588, 34.755628892 ], [ 135.455956394, 34.755973333 ], [ 135.455996109000012, 34.756092495 ], [ 135.456032776, 34.756202775 ], [ 135.456087497, 34.756441108 ], [ 135.45618527900001, 34.756652495 ], [ 135.45621834, 34.756755829 ], [ 135.456354449, 34.757179162 ], [ 135.456417224, 34.757421667 ], [ 135.456436394, 34.757496387 ], [ 135.456572776, 34.757825 ], [ 135.456658054, 34.758033613 ], [ 135.45673083, 34.758211946 ], [ 135.456731946, 34.758262495 ], [ 135.456733606, 34.758333333 ], [ 135.456736393999989, 34.758450559 ], [ 135.45669834, 34.758689162 ], [ 135.45669306100001, 34.758888613 ], [ 135.456692776000011, 34.758896108 ], [ 135.45667083, 34.759215559 ], [ 135.456638054, 34.759541667 ], [ 135.456523606, 34.759964721 ], [ 135.456447223999987, 34.760149441 ], [ 135.456408885, 34.760197225 ], [ 135.456288885, 34.760347495 ], [ 135.455983606, 34.760455 ], [ 135.455879728000014, 34.760491387 ], [ 135.455720272, 34.760433892 ], [ 135.455657497, 34.760411108 ], [ 135.455537782, 34.760368054 ], [ 135.455530558, 34.760365279 ], [ 135.455457497, 34.760328892 ], [ 135.455350558, 34.760275279 ], [ 135.455242503, 34.760179162 ], [ 135.455007224000013, 34.759969441 ], [ 135.454824721, 34.760006387 ], [ 135.454696109, 34.760032225 ], [ 135.454456109, 34.759892775 ], [ 135.454031945999986, 34.759456946 ], [ 135.453894448999989, 34.759278054 ], [ 135.45376, 34.759056387 ], [ 135.453670272000011, 34.758908333 ], [ 135.453366667000012, 34.758335829 ], [ 135.453364967999988, 34.758333333 ], [ 135.453200829999986, 34.758093054 ], [ 135.453062776, 34.757891387 ], [ 135.45288917, 34.757843613 ], [ 135.452592775999989, 34.757843613 ], [ 135.452383333, 34.757949441 ], [ 135.452277497000011, 34.758003054 ], [ 135.452151945999987, 34.758066387 ], [ 135.451996939, 34.758145 ], [ 135.451920558000012, 34.758183613 ], [ 135.45191778200001, 34.758185829 ], [ 135.451727885999986, 34.758333333 ], [ 135.451525837, 34.758490279 ], [ 135.45112360600001, 34.758802495 ], [ 135.451052776000012, 34.758857495 ], [ 135.450873605999988, 34.759077775 ], [ 135.450640558, 34.759364721 ], [ 135.450235837, 34.759776108 ], [ 135.450069442, 34.760032775 ], [ 135.450033333, 34.760274441 ], [ 135.450047782000013, 34.760453333 ], [ 135.450086938999988, 34.760609162 ], [ 135.450102776, 34.760672495 ], [ 135.450125006, 34.760760829 ], [ 135.450143606000012, 34.760835279 ], [ 135.450166109, 34.760923892 ], [ 135.450184449, 34.760997775 ], [ 135.45022083, 34.761142495 ], [ 135.450257497, 34.761288054 ], [ 135.450274449, 34.761342225 ], [ 135.450308611999986, 34.761450559 ], [ 135.450482502999989, 34.762003892 ], [ 135.450510558, 34.762093613 ], [ 135.450496109, 34.762326108 ], [ 135.450503333, 34.762597495 ], [ 135.450380272, 34.763068892 ], [ 135.450357223999987, 34.763137225 ], [ 135.450279169999988, 34.763366946 ], [ 135.450026109, 34.764035 ], [ 135.45, 34.764185108 ], [ 135.449975279, 34.764327225 ], [ 135.449953606, 34.764553892 ], [ 135.449903060999986, 34.764962495 ], [ 135.449946109, 34.765248892 ], [ 135.45, 34.765381865 ], [ 135.450018612, 34.765427775 ], [ 135.450072218, 34.7655 ], [ 135.450103606, 34.765542775 ], [ 135.450278884999989, 34.765779721 ], [ 135.450428612, 34.766006108 ], [ 135.450452503, 34.766041946 ], [ 135.45046, 34.766087775 ], [ 135.450474163, 34.766173333 ], [ 135.45046083, 34.766203892 ], [ 135.450408885, 34.766322495 ], [ 135.45030778200001, 34.766441667 ], [ 135.450099754, 34.766666667 ], [ 135.450042218, 34.766728892 ], [ 135.450040272, 34.766731108 ], [ 135.45, 34.766796441 ], [ 135.449823333000012, 34.767083054 ], [ 135.449642503, 34.767309721 ], [ 135.449490558, 34.767488613 ], [ 135.449038885, 34.767800829 ], [ 135.448998885, 34.767828613 ], [ 135.448738885000012, 34.76796 ], [ 135.448572503, 34.768085279 ], [ 135.44805917, 34.768323613 ], [ 135.447683061, 34.768466667 ], [ 135.447379442, 34.768532225 ], [ 135.447106394, 34.768568054 ], [ 135.447061115, 34.768573892 ], [ 135.44688, 34.768586387 ], [ 135.446714163, 34.768597775 ], [ 135.446418054, 34.768606108 ], [ 135.446186394, 34.768612775 ], [ 135.445513891, 34.768612775 ], [ 135.445386109, 34.768597775 ], [ 135.44521, 34.768576946 ], [ 135.444906393999986, 34.768529162 ], [ 135.444808054, 34.768529162 ], [ 135.444696666999988, 34.768529162 ], [ 135.444680557999988, 34.768575279 ], [ 135.444656667, 34.768644162 ], [ 135.444540558, 34.768978054 ], [ 135.444486939, 34.769131667 ], [ 135.444498612, 34.769327495 ], [ 135.444502776, 34.769395829 ], [ 135.444515837000012, 34.769615 ], [ 135.444501388, 34.769811946 ], [ 135.444664721, 34.770103892 ], [ 135.444761672999988, 34.770276946 ], [ 135.444855837, 34.770497495 ], [ 135.444978612, 34.77076 ], [ 135.445268054, 34.771198613 ], [ 135.445383606, 34.771419162 ], [ 135.445419728, 34.771681667 ], [ 135.445434162999987, 34.772051667 ], [ 135.445426938999987, 34.772170829 ], [ 135.445451673, 34.772697225 ], [ 135.445456939, 34.772807495 ], [ 135.445469442, 34.773079162 ], [ 135.445471115, 34.773116946 ], [ 135.445513891, 34.774046667 ], [ 135.445593333, 34.774249441 ], [ 135.445651115, 34.774595559 ], [ 135.445665551, 34.774905829 ], [ 135.445650661, 34.775 ], [ 135.445643891, 34.775042775 ], [ 135.445670557999989, 34.775095829 ], [ 135.445721946, 34.775197775 ], [ 135.445985837, 34.775249441 ], [ 135.44617917, 34.775287225 ], [ 135.446215279, 34.775382775 ], [ 135.446222503, 34.775713613 ], [ 135.446207781999988, 34.775958333 ], [ 135.446200557999987, 34.776292495 ], [ 135.446200557999987, 34.777067775 ], [ 135.446185006, 34.777155279 ], [ 135.446171673, 34.777228892 ], [ 135.446113606000011, 34.777306387 ], [ 135.445940272, 34.777354162 ], [ 135.445578885, 34.777396108 ], [ 135.445477497000013, 34.777473333 ], [ 135.445434162999987, 34.777598613 ], [ 135.445419728, 34.777980279 ], [ 135.44539, 34.778153054 ], [ 135.44536917, 34.778275559 ], [ 135.445296939, 34.778567775 ], [ 135.445123333, 34.779343333 ], [ 135.445007497, 34.779951667 ], [ 135.444971673, 34.780128892 ], [ 135.444964163, 34.780166387 ], [ 135.444985837, 34.780264721 ], [ 135.445123061, 34.780354162 ], [ 135.445165006, 34.780442495 ], [ 135.445188054, 34.780491387 ], [ 135.445130272, 34.780741946 ], [ 135.444884721, 34.781105829 ], [ 135.444790558, 34.781290829 ], [ 135.444703890999989, 34.781416108 ], [ 135.444508612, 34.781571108 ], [ 135.444479728, 34.78212 ], [ 135.444298885, 34.782221108 ], [ 135.443980829999987, 34.782239162 ], [ 135.443857782, 34.782256946 ], [ 135.443856667, 34.782259441 ], [ 135.44383, 34.782311387 ], [ 135.4438, 34.782370279 ], [ 135.443818171, 34.783333333 ], [ 135.443826783, 34.783788802 ], [ 135.443828884999988, 34.783900279 ], [ 135.443828884999988, 34.784067495 ], [ 135.443814449, 34.784156946 ], [ 135.443706109, 34.784210559 ], [ 135.443308339999987, 34.784216667 ], [ 135.443106938999989, 34.784238613 ], [ 135.442925006, 34.784258333 ], [ 135.44269055800001, 34.784300279 ], [ 135.442491115, 34.784335829 ], [ 135.442317497, 34.784484721 ], [ 135.442303061, 34.784881387 ], [ 135.442397224, 34.785305 ], [ 135.44252, 34.785466108 ], [ 135.442548885, 34.785537495 ], [ 135.442578054, 34.785609162 ], [ 135.442592502999986, 34.785901387 ], [ 135.442637782, 34.786002775 ], [ 135.442693606, 34.786128054 ], [ 135.442758612, 34.786235559 ], [ 135.442765837, 34.786331108 ], [ 135.442722503, 34.786515829 ], [ 135.442476667, 34.787141946 ], [ 135.442144163, 34.787878613 ], [ 135.441695837, 34.788863054 ], [ 135.441681388, 34.788944721 ], [ 135.441666667, 34.789027559 ], [ 135.441645005999987, 34.789149441 ], [ 135.441616394, 34.789375829 ], [ 135.44160083, 34.789498054 ], [ 135.441594449, 34.789548892 ], [ 135.441637781999987, 34.789647225 ], [ 135.441666667, 34.789667333 ], [ 135.441731946, 34.789712775 ], [ 135.44189083, 34.789695 ], [ 135.441945551, 34.789639162 ], [ 135.442042776, 34.789539721 ], [ 135.442086109, 34.789355279 ], [ 135.442158611999986, 34.789331387 ], [ 135.442274163, 34.789343333 ], [ 135.442387223999987, 34.789337775 ], [ 135.442874448999987, 34.789313333 ], [ 135.442324721, 34.789617495 ], [ 135.44236834, 34.789706946 ], [ 135.442476667, 34.789772495 ], [ 135.442686394, 34.789832225 ], [ 135.442736939000014, 34.789891667 ], [ 135.442708054, 34.790005 ], [ 135.44256333300001, 34.790052775 ], [ 135.442331946, 34.790130279 ], [ 135.442216394000013, 34.790285559 ], [ 135.442043891, 34.79034 ], [ 135.441804721000011, 34.790415829 ], [ 135.441666667, 34.790459414 ], [ 135.441594449, 34.790482225 ], [ 135.441436394, 34.790562495 ], [ 135.441370272, 34.790595829 ], [ 135.441276394, 34.790697225 ], [ 135.441435279, 34.790768613 ], [ 135.441666667, 34.790775559 ], [ 135.441833061000011, 34.790780559 ], [ 135.442063333, 34.790838333 ], [ 135.442454449, 34.790936667 ], [ 135.442664721, 34.790989441 ], [ 135.442758612, 34.791019162 ], [ 135.442794721000013, 34.791066946 ], [ 135.442787497000012, 34.791174441 ], [ 135.442671946, 34.79121 ], [ 135.442426109, 34.791233892 ], [ 135.441882412000012, 34.791666667 ], [ 135.441703061, 34.791809441 ], [ 135.441666667, 34.791867081 ], [ 135.441608885, 34.791958613 ], [ 135.441515006, 34.791964441 ], [ 135.441265006, 34.791913333 ], [ 135.441143333000014, 34.791888333 ], [ 135.441111388, 34.792042225 ], [ 135.44099472100001, 34.792605829 ], [ 135.441001946, 34.792975559 ], [ 135.441038053999989, 34.793011387 ], [ 135.441233333000014, 34.793017495 ], [ 135.441327224, 34.793017495 ], [ 135.441370557999988, 34.793050279 ], [ 135.441385279, 34.793211387 ], [ 135.441511946, 34.793465 ], [ 135.441523061, 34.793486946 ], [ 135.441603332999989, 34.793648054 ], [ 135.441666667, 34.793774468 ], [ 135.441751089, 34.793943802 ], [ 135.441775551, 34.793992775 ], [ 135.441811672999989, 34.794189441 ], [ 135.441978054, 34.794189441 ], [ 135.442151673000012, 34.794213333 ], [ 135.442346939, 34.794213333 ], [ 135.442535006000014, 34.794189441 ], [ 135.442896109, 34.794189441 ], [ 135.442925006, 34.794255279 ], [ 135.442961387999986, 34.794595 ], [ 135.44311, 34.795105559 ], [ 135.44311, 34.795106108 ], [ 135.443117224, 34.795131108 ], [ 135.443205006, 34.795433054 ], [ 135.443226939, 34.795507495 ], [ 135.443265006, 34.795638892 ], [ 135.443373333000011, 34.796014721 ], [ 135.443395006, 34.796172775 ], [ 135.443438612, 34.796214441 ], [ 135.443655551, 34.796244441 ], [ 135.44367, 34.79631 ], [ 135.443677224, 34.796638054 ], [ 135.443691672999989, 34.796763333 ], [ 135.443727782, 34.796965829 ], [ 135.443713333, 34.797037495 ], [ 135.443629442, 34.797144441 ], [ 135.443604721000014, 34.797176108 ], [ 135.443535006, 34.797265 ], [ 135.443506394, 34.797301387 ], [ 135.443475551, 34.797340829 ], [ 135.4434, 34.797437225 ], [ 135.443343891000012, 34.797508613 ], [ 135.443283891, 34.797585279 ], [ 135.443170830000014, 34.797729441 ], [ 135.443069728000012, 34.797848892 ], [ 135.442975837, 34.797968054 ], [ 135.442896109, 34.798045559 ], [ 135.442968611999987, 34.798170829 ], [ 135.442971387999989, 34.798185829 ], [ 135.442990272, 34.798284162 ], [ 135.442965837, 34.798462495 ], [ 135.442961387999986, 34.798496108 ], [ 135.442910558, 34.798663054 ], [ 135.442898885, 34.798726108 ], [ 135.44287917, 34.798831108 ], [ 135.442872503, 34.798867225 ], [ 135.442865837, 34.798903613 ], [ 135.442852776, 34.798973054 ], [ 135.442852776, 34.799128054 ], [ 135.442853891, 34.799251108 ], [ 135.442854163, 34.799299162 ], [ 135.442856667, 34.799561108 ], [ 135.442859442000014, 34.799891946 ], [ 135.44286, 34.799945279 ], [ 135.443091388, 34.799927495 ], [ 135.443201945999988, 34.799899441 ], [ 135.443215551, 34.799895829 ], [ 135.443279442, 34.799879721 ], [ 135.443351673, 34.799766387 ], [ 135.443467497, 34.799646946 ], [ 135.443691672999989, 34.799539721 ], [ 135.443872503, 34.799432225 ], [ 135.444048885, 34.799426387 ], [ 135.444053061, 34.799426387 ], [ 135.444288054, 34.799495829 ], [ 135.444388339999989, 34.799525279 ], [ 135.444537782, 34.799569441 ], [ 135.44471834, 34.799575559 ], [ 135.444869727999986, 34.799688613 ], [ 135.445029442, 34.799808054 ], [ 135.445152218, 34.799808054 ], [ 135.445203061, 34.799766387 ], [ 135.445268054, 34.799635 ], [ 135.44536917, 34.799605279 ], [ 135.445636667, 34.799599441 ], [ 135.445831672999986, 34.799623333 ], [ 135.445925837, 34.799706667 ], [ 135.445940415, 34.799778306 ], [ 135.446012633, 34.799808081 ], [ 135.446097912, 34.799813333 ], [ 135.44623072600001, 34.799822054 ], [ 135.446329974, 34.799828468 ], [ 135.446454228, 34.799836414 ], [ 135.44651944200001, 34.799840532 ], [ 135.446543190999989, 34.799339108 ], [ 135.447139830999987, 34.799348613 ], [ 135.44713022, 34.79945664 ], [ 135.447288003000011, 34.799478892 ], [ 135.44730725, 34.799526559 ], [ 135.447382309, 34.799528135 ], [ 135.447974968000011, 34.799561495 ], [ 135.447838521, 34.8 ], [ 135.44777869, 34.800192252 ], [ 135.447717108, 34.800508441 ], [ 135.447584033999988, 34.801415333 ], [ 135.447205551, 34.801570559 ], [ 135.447068339999987, 34.801654162 ], [ 135.446996109, 34.802113613 ], [ 135.446887497, 34.802653333 ], [ 135.446822503, 34.802814441 ], [ 135.446815279, 34.802891946 ], [ 135.446836939, 34.802939721 ], [ 135.447234721, 34.802844162 ], [ 135.447205551, 34.802915829 ], [ 135.447155837, 34.802974721 ], [ 135.447112776000012, 34.803025559 ], [ 135.447039442, 34.803112775 ], [ 135.447017224, 34.803139441 ], [ 135.446916394, 34.803261946 ], [ 135.446829728000012, 34.803393054 ], [ 135.446612776, 34.804007225 ], [ 135.446555006000011, 34.804162225 ], [ 135.446540558, 34.804281667 ], [ 135.446713891, 34.804406946 ], [ 135.447066939, 34.804435 ], [ 135.44719834, 34.804445559 ], [ 135.447491946000014, 34.804448892 ], [ 135.447755279, 34.804451667 ], [ 135.447892776, 34.804469441 ], [ 135.44803944200001, 34.804496946 ], [ 135.448275837000011, 34.804541108 ], [ 135.448528885, 34.804553054 ], [ 135.449013891, 34.804512495 ], [ 135.44912083, 34.804503613 ], [ 135.449172218, 34.804499441 ], [ 135.449193606, 34.804503054 ], [ 135.449425279, 34.804541108 ], [ 135.449635006, 34.804636667 ], [ 135.449815836999989, 34.804940829 ], [ 135.449931673, 34.805078054 ], [ 135.45, 34.805138495 ], [ 135.450032776, 34.805167495 ], [ 135.450235279, 34.805283892 ], [ 135.450481115, 34.805361387 ], [ 135.450575006, 34.805367225 ], [ 135.45066917, 34.805253892 ], [ 135.450835551000011, 34.805140559 ], [ 135.451008885, 34.805134721 ], [ 135.451153606, 34.805188333 ], [ 135.45129834, 34.80526 ], [ 135.451406666999986, 34.805277775 ], [ 135.451507782, 34.80526 ], [ 135.451681115000014, 34.80523 ], [ 135.451898054, 34.805248054 ], [ 135.452057223999986, 34.805283892 ], [ 135.452122218, 34.805343333 ], [ 135.452173061, 34.805528333 ], [ 135.452216394, 34.805659721 ], [ 135.452238054, 34.805785 ], [ 135.452310272, 34.805922225 ], [ 135.452404449, 34.806035559 ], [ 135.452411673, 34.806113054 ], [ 135.45236083, 34.806178613 ], [ 135.452122218, 34.806262225 ], [ 135.452042218, 34.806249162 ], [ 135.451905278999988, 34.806226387 ], [ 135.451803061, 34.806179162 ], [ 135.451724721, 34.806142775 ], [ 135.45158, 34.806130829 ], [ 135.451471387999987, 34.806154721 ], [ 135.451138885, 34.806327775 ], [ 135.451023333, 34.806381387 ], [ 135.450900558, 34.806399441 ], [ 135.450770272, 34.806387495 ], [ 135.450647497, 34.806351667 ], [ 135.450502776, 34.806250279 ], [ 135.450163061000012, 34.805993613 ], [ 135.45, 34.805928892 ], [ 135.449967781999987, 34.805916108 ], [ 135.449729170000012, 34.805862495 ], [ 135.449562776, 34.805838613 ], [ 135.449446939000012, 34.805850559 ], [ 135.449070272, 34.806036946 ], [ 135.44894083, 34.806101108 ], [ 135.448914163000012, 34.806110279 ], [ 135.448818053999986, 34.806142775 ], [ 135.448673332999988, 34.806154721 ], [ 135.44847083, 34.806136946 ], [ 135.448101946, 34.806077225 ], [ 135.448069442, 34.806182495 ], [ 135.447986394, 34.806452775 ], [ 135.448076939, 34.806882495 ], [ 135.448101946, 34.807001667 ], [ 135.44807917, 34.807353892 ], [ 135.448044163, 34.807890279 ], [ 135.44806083, 34.808032225 ], [ 135.448071946, 34.808127495 ], [ 135.448090272, 34.808285559 ], [ 135.448095888000012, 34.808333333 ], [ 135.4481, 34.808368333 ], [ 135.448106939000013, 34.808426667 ], [ 135.448148885, 34.808416946 ], [ 135.448492503000011, 34.808337775 ], [ 135.448505227, 34.808333333 ], [ 135.448731114999987, 34.808254162 ], [ 135.448774449000013, 34.808111108 ], [ 135.448919170000011, 34.807997775 ], [ 135.449201115, 34.807944162 ], [ 135.449353061000011, 34.807932225 ], [ 135.449533890999987, 34.807818892 ], [ 135.449671115, 34.807687495 ], [ 135.449851946, 34.807544441 ], [ 135.45, 34.807502252 ], [ 135.45004, 34.807490829 ], [ 135.450343606, 34.807436946 ], [ 135.450495550999989, 34.807395279 ], [ 135.450784449, 34.807353613 ], [ 135.45186917, 34.807332495 ], [ 135.452022776, 34.807342495 ], [ 135.452155006, 34.807351387 ], [ 135.45227778200001, 34.807359441 ], [ 135.452299728000014, 34.807360829 ], [ 135.452324721, 34.807362495 ], [ 135.452455006, 34.807356387 ], [ 135.452485005999989, 34.807350559 ], [ 135.452651388, 34.807318892 ], [ 135.452765836999987, 34.807296946 ], [ 135.452946667, 34.807255 ], [ 135.453105005999987, 34.807237225 ], [ 135.453205837000013, 34.807225829 ], [ 135.453377782, 34.807206667 ], [ 135.453423891, 34.807201387 ], [ 135.453518054, 34.807219162 ], [ 135.453648054000013, 34.807285 ], [ 135.453671388, 34.807336387 ], [ 135.453711115, 34.807422775 ], [ 135.453744721, 34.807496667 ], [ 135.453783061, 34.807580279 ], [ 135.453816394, 34.807653892 ], [ 135.453844449, 34.807715559 ], [ 135.453857497, 34.807744162 ], [ 135.453987782000013, 34.807875559 ], [ 135.454110558, 34.808030559 ], [ 135.454205006, 34.808120279 ], [ 135.45421083, 34.808125559 ], [ 135.454267781999988, 34.808179721 ], [ 135.45433834, 34.808246667 ], [ 135.4544, 34.808305 ], [ 135.454453411, 34.808333333 ], [ 135.454532503, 34.808375279 ], [ 135.454655279, 34.808440559 ], [ 135.454804720999988, 34.808519721 ], [ 135.455043333, 34.808609162 ], [ 135.455131115, 34.808644441 ], [ 135.455132217999989, 34.808644721 ], [ 135.455231115, 34.808684441 ], [ 135.455321387999987, 34.808720279 ], [ 135.455377223999989, 34.808742775 ], [ 135.455490272, 34.808788054 ], [ 135.455513333, 34.808797225 ], [ 135.455546938999987, 34.808806387 ], [ 135.455694720999986, 34.808846387 ], [ 135.455790830000012, 34.808872495 ], [ 135.455985836999986, 34.808925279 ], [ 135.456029728, 34.808937225 ], [ 135.456122502999989, 34.808962225 ], [ 135.456547497, 34.809077495 ], [ 135.456691946, 34.809131108 ], [ 135.456773891000012, 34.809266108 ], [ 135.45688, 34.809441387 ], [ 135.457140272, 34.809799441 ], [ 135.457386109, 34.810133333 ], [ 135.457476109, 34.810216667 ], [ 135.457501673, 34.810240559 ], [ 135.457646394, 34.810282225 ], [ 135.457755006000014, 34.81028 ], [ 135.45784, 34.810278613 ], [ 135.457974721, 34.810275829 ], [ 135.458268339999989, 34.810270559 ], [ 135.458333333000013, 34.810290802 ], [ 135.458803333, 34.810437225 ], [ 135.458969442000011, 34.810470279 ], [ 135.459237224, 34.810523892 ], [ 135.459291388, 34.810544441 ], [ 135.45940083, 34.810586108 ], [ 135.459504449, 34.810625279 ], [ 135.45967083, 34.810655 ], [ 135.459761945999986, 34.810683613 ], [ 135.45993834, 34.810738613 ], [ 135.460041115, 34.810770829 ], [ 135.460252776, 34.810836946 ], [ 135.460386667, 34.810878892 ], [ 135.460512776, 34.810918054 ], [ 135.46061083, 34.810948892 ], [ 135.460873606, 34.811030829 ], [ 135.461102503, 34.811102495 ], [ 135.461290558, 34.811197775 ], [ 135.461449728, 34.811388892 ], [ 135.461541673, 34.811590279 ], [ 135.46162416300001, 34.811771667 ], [ 135.46168083, 34.811895559 ], [ 135.461955550999988, 34.812498333 ], [ 135.462158054000014, 34.812719162 ], [ 135.462389441999989, 34.812829441 ], [ 135.462492218, 34.812867495 ], [ 135.462656394, 34.812928054 ], [ 135.462664163, 34.812930829 ], [ 135.462751115, 34.813002495 ], [ 135.462801673, 34.813205279 ], [ 135.462931946, 34.813402225 ], [ 135.463112503, 34.813491667 ], [ 135.463234449, 34.813561387 ], [ 135.46335083, 34.813627775 ], [ 135.463435837, 34.813676387 ], [ 135.463600558, 34.813770279 ], [ 135.463746109, 34.813853333 ], [ 135.46384389100001, 34.813909441 ], [ 135.464125005999989, 34.81407 ], [ 135.464292503, 34.814170559 ], [ 135.464418612, 34.814246387 ], [ 135.464908885, 34.814540829 ], [ 135.465006394, 34.814599441 ], [ 135.465100830000011, 34.814656108 ], [ 135.465325006, 34.814829162 ], [ 135.465476939000013, 34.814996108 ], [ 135.465481388, 34.815008892 ], [ 135.465527497000011, 34.815145279 ], [ 135.465650558, 34.815306387 ], [ 135.465711672999987, 34.815355 ], [ 135.465874721, 34.815485279 ], [ 135.466055278999988, 34.815550829 ], [ 135.466176667000013, 34.815574162 ], [ 135.466223606, 34.815583333 ], [ 135.466666667, 34.815668694 ], [ 135.466829170000011, 34.8157 ], [ 135.467053333, 34.815789441 ], [ 135.467061672999989, 34.815797225 ], [ 135.46710027200001, 34.815832775 ], [ 135.46724834, 34.815968333 ], [ 135.467500272, 34.816048054 ], [ 135.467660558, 34.816099721 ], [ 135.467906394000011, 34.816320279 ], [ 135.468270272000012, 34.81661 ], [ 135.468341556000013, 34.816666667 ], [ 135.468412503, 34.816723054 ], [ 135.46883917, 34.817039162 ], [ 135.468880272, 34.817133613 ], [ 135.468940272, 34.817271667 ], [ 135.469077782, 34.817378892 ], [ 135.46915, 34.817480279 ], [ 135.469285837, 34.817567225 ], [ 135.469663333, 34.817808613 ], [ 135.470234449, 34.818172495 ], [ 135.470408053999989, 34.818297775 ], [ 135.470863606, 34.818554162 ], [ 135.471015551, 34.818628613 ], [ 135.471239728, 34.81876 ], [ 135.471615551000014, 34.819082225 ], [ 135.471769728, 34.819172495 ], [ 135.471839728, 34.819213333 ], [ 135.471998885, 34.819314721 ], [ 135.472302503, 34.819505559 ], [ 135.472757782, 34.819726387 ], [ 135.473220558, 34.819851667 ], [ 135.473530272, 34.819935 ], [ 135.473531673, 34.819935279 ], [ 135.473806394, 34.820084162 ], [ 135.473914721, 34.820221387 ], [ 135.474117224, 34.820293054 ], [ 135.474326939, 34.820367495 ], [ 135.474594449, 34.820481108 ], [ 135.474731946, 34.820522775 ], [ 135.474862776, 34.820546387 ], [ 135.475, 34.820571252 ], [ 135.47502834, 34.820576387 ], [ 135.475158612, 34.820677495 ], [ 135.475324721, 34.820749162 ], [ 135.475527224, 34.820880279 ], [ 135.475773061000012, 34.821071387 ], [ 135.476148884999986, 34.821154721 ], [ 135.476163332999988, 34.820981667 ], [ 135.47617083, 34.820868333 ], [ 135.476338054, 34.820811108 ], [ 135.476517782, 34.820749441 ], [ 135.476628612000013, 34.820700748 ], [ 135.476722776, 34.820659441 ], [ 135.476782218000011, 34.820633613 ], [ 135.476887782, 34.820587225 ], [ 135.477056939, 34.820513054 ], [ 135.477114721, 34.820487775 ], [ 135.477210272, 34.820445829 ], [ 135.477320558, 34.820397495 ], [ 135.477428885, 34.820313892 ], [ 135.477660272, 34.820209441 ], [ 135.477807496999986, 34.820013613 ], [ 135.477978611999987, 34.819786108 ], [ 135.478101388, 34.819660829 ], [ 135.478253061, 34.819572495 ], [ 135.478374163000012, 34.819501667 ], [ 135.47852083, 34.819416108 ], [ 135.479164449, 34.819153613 ], [ 135.479323606, 34.819104162 ], [ 135.479547497, 34.819034441 ], [ 135.479756939, 34.819022495 ], [ 135.48019083, 34.819022495 ], [ 135.480598612, 34.818696387 ], [ 135.480682776, 34.818628892 ], [ 135.480783890999987, 34.818539441 ], [ 135.481065836999989, 34.818461946 ], [ 135.481297224, 34.818468054 ], [ 135.48147083, 34.818468054 ], [ 135.481622776, 34.818426108 ], [ 135.481962503, 34.818217495 ], [ 135.482121673, 34.818077225 ], [ 135.482302503, 34.817975829 ], [ 135.482743606000014, 34.817671667 ], [ 135.483076109, 34.817468613 ], [ 135.483227497, 34.817343613 ], [ 135.483333333, 34.817256306 ], [ 135.483524163, 34.817098892 ], [ 135.483755551, 34.817045279 ], [ 135.48424, 34.817045279 ], [ 135.484601672999986, 34.817075 ], [ 135.484948885, 34.817051108 ], [ 135.485353606, 34.817003333 ], [ 135.485476667, 34.816961946 ], [ 135.485708054000014, 34.816890279 ], [ 135.486048054, 34.81678 ], [ 135.486488885, 34.816708333 ], [ 135.486568885, 34.816689162 ], [ 135.486661919999989, 34.816666667 ], [ 135.486671115, 34.816664441 ], [ 135.486843606, 34.816623054 ], [ 135.486863891000013, 34.816618054 ], [ 135.487181115, 34.816541946 ], [ 135.487356393999988, 34.816499721 ], [ 135.487660272, 34.816469721 ], [ 135.48787, 34.816493613 ], [ 135.488036109, 34.816618892 ], [ 135.488081478999987, 34.816666667 ], [ 135.488166394, 34.816756108 ], [ 135.48828917, 34.816803892 ], [ 135.488419442, 34.816797775 ], [ 135.488621946, 34.816762225 ], [ 135.488860558, 34.816705559 ], [ 135.488960272000014, 34.816666667 ], [ 135.489656109, 34.816395279 ], [ 135.489836667, 34.816383333 ], [ 135.490140558, 34.816419162 ], [ 135.490313891, 34.816472775 ], [ 135.490631946, 34.816586108 ], [ 135.490973450000013, 34.816666667 ], [ 135.490986394, 34.816669721 ], [ 135.491195837, 34.816717495 ], [ 135.491398339999989, 34.816783054 ], [ 135.491564721, 34.816884441 ], [ 135.49157917, 34.817140829 ], [ 135.491615279, 34.817224441 ], [ 135.491666667, 34.817244495 ], [ 135.491926109, 34.817345829 ], [ 135.492302218, 34.817492775 ], [ 135.492432503, 34.817510829 ], [ 135.492562776, 34.817478054 ], [ 135.492707223999986, 34.817454162 ], [ 135.492830272, 34.81749 ], [ 135.492953061, 34.817716667 ], [ 135.492974721, 34.817937225 ], [ 135.492974449, 34.818187775 ], [ 135.49293834, 34.818318892 ], [ 135.492656667, 34.818718613 ], [ 135.492526394, 34.818915279 ], [ 135.49246861200001, 34.819201667 ], [ 135.492461115, 34.819821946 ], [ 135.492432218, 34.820075559 ], [ 135.492417782, 34.820260559 ], [ 135.492511673, 34.820421667 ], [ 135.492626939, 34.820620279 ], [ 135.49267083, 34.820696108 ], [ 135.492714162999988, 34.820845 ], [ 135.492793891, 34.821005829 ], [ 135.492945551, 34.821250559 ], [ 135.4933, 34.821793333 ], [ 135.493516938999988, 34.821924721 ], [ 135.49377, 34.821865 ], [ 135.494138885000012, 34.821727775 ], [ 135.494319442, 34.821691946 ], [ 135.494442502999988, 34.821733613 ], [ 135.494587224000014, 34.821870829 ], [ 135.494702776, 34.822043892 ], [ 135.494811387999988, 34.82219 ], [ 135.494883606, 34.822261667 ], [ 135.49499917, 34.822285559 ], [ 135.495158339999989, 34.822255559 ], [ 135.495411115, 34.822196108 ], [ 135.49570055800001, 34.822201946 ], [ 135.495953606, 34.822297495 ], [ 135.496011388, 34.822422775 ], [ 135.495996939, 34.822548054 ], [ 135.495962217999988, 34.822607775 ], [ 135.495902776, 34.822709162 ], [ 135.495837782, 34.823007225 ], [ 135.495859442000011, 34.823108613 ], [ 135.49591722400001, 34.823245829 ], [ 135.495975279, 34.823436667 ], [ 135.496061024999989, 34.823541559 ], [ 135.496185006, 34.823693054 ], [ 135.496291946000014, 34.823765559 ], [ 135.49643083, 34.82386 ], [ 135.496531946, 34.823919721 ], [ 135.496589728, 34.823985279 ], [ 135.496604448999989, 34.824068892 ], [ 135.496597224, 34.824182225 ], [ 135.496616252, 34.824322252 ], [ 135.496626109, 34.824393892 ], [ 135.496705551, 34.824573054 ], [ 135.496893605999986, 34.824716108 ], [ 135.497188054, 34.824872225 ], [ 135.497653891, 34.824883892 ], [ 135.49763153, 34.825 ], [ 135.497611115000012, 34.825106108 ], [ 135.497561673, 34.825340279 ], [ 135.497561673, 34.825650279 ], [ 135.49766083, 34.825738054 ], [ 135.497845278999989, 34.825784441 ], [ 135.498018054, 34.825821387 ], [ 135.498065006, 34.825831387 ], [ 135.498073891, 34.825861946 ], [ 135.498097782, 34.825943613 ], [ 135.498114721, 34.826001108 ], [ 135.49813834, 34.826082225 ], [ 135.498164163000013, 34.826170559 ], [ 135.498497224, 34.8262 ], [ 135.498876667, 34.826398892 ], [ 135.498990271999986, 34.826515829 ], [ 135.499096667, 34.826667775 ], [ 135.499188612000012, 34.826837495 ], [ 135.499273891, 34.827048054 ], [ 135.499373061, 34.827206108 ], [ 135.499578612, 34.827363892 ], [ 135.499727782, 34.827428333 ], [ 135.5, 34.827527387 ], [ 135.500146109000013, 34.827580559 ], [ 135.500337497, 34.827697495 ], [ 135.50042250300001, 34.827802775 ], [ 135.500493606, 34.827984162 ], [ 135.500578612, 34.828141667 ], [ 135.500713333, 34.828176946 ], [ 135.50089778200001, 34.828176946 ], [ 135.501039442, 34.828206108 ], [ 135.501045006, 34.828219441 ], [ 135.501113890999989, 34.828381667 ], [ 135.501128054, 34.828527775 ], [ 135.501099442, 34.828575279 ], [ 135.501078611999986, 34.828609721 ], [ 135.500915551, 34.82868 ], [ 135.500667224000011, 34.828756108 ], [ 135.50049, 34.828820279 ], [ 135.500135279, 34.828896387 ], [ 135.500071673, 34.829013333 ], [ 135.500085837, 34.829106946 ], [ 135.500121115000013, 34.829241667 ], [ 135.500142503, 34.829411108 ], [ 135.500220558, 34.829645279 ], [ 135.500243061, 34.829878333 ], [ 135.50027, 34.83016 ], [ 135.500341115, 34.830241946 ], [ 135.500461673, 34.830276946 ], [ 135.500592776, 34.830218613 ], [ 135.500649442, 34.830125 ], [ 135.500755837000014, 34.830119162 ], [ 135.500918885, 34.830125 ], [ 135.501131673, 34.830171667 ], [ 135.501322776, 34.830165829 ], [ 135.501549727999986, 34.830130829 ], [ 135.501904449, 34.830025559 ], [ 135.502180829999986, 34.830019721 ], [ 135.50235111500001, 34.830048892 ], [ 135.502478884999988, 34.830130829 ], [ 135.502556667, 34.830329721 ], [ 135.50259917, 34.830423054 ], [ 135.502734163000014, 34.830475559 ], [ 135.503024721, 34.830528333 ], [ 135.50328, 34.830551667 ], [ 135.503457223999987, 34.830586667 ], [ 135.50359917, 34.830610279 ], [ 135.503755278999989, 34.830651108 ], [ 135.504201946, 34.830680279 ], [ 135.504386394, 34.830691946 ], [ 135.504598885, 34.830709721 ], [ 135.504804721, 34.830773892 ], [ 135.505038612, 34.830873333 ], [ 135.505371673000013, 34.830867495 ], [ 135.505556109, 34.830844162 ], [ 135.505701388, 34.830809162 ], [ 135.505892776, 34.830703613 ], [ 135.50619083, 34.830563333 ], [ 135.506410558, 34.830306108 ], [ 135.506481388, 34.830183333 ], [ 135.506587782, 34.830107225 ], [ 135.506779169999987, 34.830025559 ], [ 135.506942503, 34.829966946 ], [ 135.507133891, 34.829914162 ], [ 135.507445837, 34.829832495 ], [ 135.507633891000012, 34.829727225 ], [ 135.507633891000012, 34.829719162 ], [ 135.507633891000012, 34.829604162 ], [ 135.507640830000014, 34.829463892 ], [ 135.507697497, 34.829376108 ], [ 135.507903333, 34.8293 ], [ 135.508144449000014, 34.829218054 ], [ 135.508333333, 34.829195027 ], [ 135.508335837, 34.829194721 ], [ 135.508491673, 34.829159721 ], [ 135.508626394, 34.829066108 ], [ 135.508754163, 34.828955 ], [ 135.508896666999988, 34.828921108 ], [ 135.509073333, 34.828878892 ], [ 135.509463333000014, 34.828843892 ], [ 135.509668612000013, 34.828837775 ], [ 135.509916939, 34.828831946 ], [ 135.510051673, 34.828820279 ], [ 135.51020749700001, 34.828814441 ], [ 135.510356394000013, 34.828738333 ], [ 135.510473606, 34.828633054 ], [ 135.51062944200001, 34.828457775 ], [ 135.510771388, 34.828323333 ], [ 135.510877782, 34.828183054 ], [ 135.511019442, 34.827984162 ], [ 135.511118885, 34.827726667 ], [ 135.511182502999986, 34.827539441 ], [ 135.51136, 34.827375829 ], [ 135.511466394, 34.827211946 ], [ 135.511579727999987, 34.827083333 ], [ 135.51177834, 34.826936946 ], [ 135.512115005999988, 34.826773054 ], [ 135.512263891, 34.826720559 ], [ 135.51242, 34.826679721 ], [ 135.512725006000011, 34.826656108 ], [ 135.512923605999987, 34.826679721 ], [ 135.513015551, 34.826931108 ], [ 135.513157497, 34.827053892 ], [ 135.513362776, 34.827165 ], [ 135.513518885, 34.827223613 ], [ 135.513830829999989, 34.827270559 ], [ 135.514114449, 34.827264441 ], [ 135.514362776000013, 34.827276387 ], [ 135.514561388, 34.827358054 ], [ 135.514972503, 34.827556946 ], [ 135.515149728000011, 34.827621387 ], [ 135.515263333, 34.827738333 ], [ 135.515313061, 34.827826108 ], [ 135.515486667, 34.828118613 ], [ 135.515713606, 34.828112775 ], [ 135.515856394, 34.828103333 ], [ 135.515987782, 34.828094721 ], [ 135.516153333, 34.828083613 ], [ 135.516528885000014, 34.827978333 ], [ 135.51666666700001, 34.827945252 ], [ 135.516748611999986, 34.827925559 ], [ 135.516982503, 34.827937225 ], [ 135.517152775999989, 34.827943054 ], [ 135.517457782, 34.827966667 ], [ 135.517631673000011, 34.828001108 ], [ 135.517812217999989, 34.828036667 ], [ 135.518103061, 34.828060279 ], [ 135.518433061, 34.827985 ], [ 135.518520271999989, 34.827965 ], [ 135.518744721, 34.827913892 ], [ 135.518766109000012, 34.827638892 ], [ 135.518757497, 34.827587775 ], [ 135.518737781999988, 34.827469441 ], [ 135.518624163, 34.827246946 ], [ 135.518581673, 34.827071387 ], [ 135.518595837, 34.826925279 ], [ 135.518624163, 34.826709162 ], [ 135.518702217999987, 34.826539441 ], [ 135.518801051, 34.82642536 ], [ 135.518936109, 34.826270279 ], [ 135.519071115, 34.826182495 ], [ 135.519283605999988, 34.826194441 ], [ 135.519503606, 34.826246946 ], [ 135.519723333, 34.826293892 ], [ 135.51996083, 34.826393333 ], [ 135.520485279000013, 34.826521946 ], [ 135.520767782, 34.826570559 ], [ 135.520859441999988, 34.826586387 ], [ 135.520884163, 34.826590559 ], [ 135.520995836999987, 34.826609721 ], [ 135.521166109, 34.826592225 ], [ 135.521336394, 34.826556946 ], [ 135.521456938999989, 34.826492775 ], [ 135.521623645, 34.826305694 ], [ 135.521634162999987, 34.826293892 ], [ 135.521797224000011, 34.826124162 ], [ 135.52193917, 34.825960279 ], [ 135.522088054, 34.825896108 ], [ 135.522272503000011, 34.825936946 ], [ 135.522527782, 34.826030559 ], [ 135.522783061000013, 34.826135829 ], [ 135.52292472100001, 34.826258613 ], [ 135.523123333, 34.826410829 ], [ 135.523243606, 34.826621387 ], [ 135.523335837, 34.826644721 ], [ 135.523435006, 34.826615559 ], [ 135.523513060999989, 34.826539441 ], [ 135.523583890999987, 34.826451667 ], [ 135.523683333, 34.826375559 ], [ 135.523924449, 34.826293892 ], [ 135.523986109, 34.82624 ], [ 135.524051945999986, 34.826182495 ], [ 135.524115837000011, 34.826053892 ], [ 135.524158340000014, 34.825855 ], [ 135.524122776000013, 34.825778892 ], [ 135.524030829999987, 34.825743892 ], [ 135.523910272, 34.825755559 ], [ 135.52376834, 34.825784721 ], [ 135.523548612000013, 34.825860829 ], [ 135.523339728, 34.825913613 ], [ 135.523261673, 34.825767225 ], [ 135.523254449, 34.825650279 ], [ 135.52326861200001, 34.82551 ], [ 135.523251388, 34.825465279 ], [ 135.523211946, 34.825363613 ], [ 135.523154449, 34.825226946 ], [ 135.523124449, 34.825156387 ], [ 135.523098612000013, 34.825094721 ], [ 135.523025668, 34.825 ], [ 135.522947224, 34.824898333 ], [ 135.522864449, 34.824790559 ], [ 135.522772218, 34.824644441 ], [ 135.522751115, 34.82458 ], [ 135.522779442, 34.824503892 ], [ 135.522864449, 34.824433892 ], [ 135.522900271999987, 34.824417775 ], [ 135.523020558000013, 34.824363613 ], [ 135.523296939, 34.824264162 ], [ 135.523509728, 34.824211387 ], [ 135.523686938999987, 34.824164721 ], [ 135.523871115, 34.824088613 ], [ 135.524137782, 34.823946946 ], [ 135.52437805400001, 34.823819441 ], [ 135.524551115, 34.823727775 ], [ 135.524775279000011, 34.823608892 ], [ 135.524807224, 34.823593054 ], [ 135.524917224, 34.823538892 ], [ 135.525, 34.823491775 ], [ 135.525240272, 34.823355 ], [ 135.525420558, 34.823252225 ], [ 135.525626109, 34.823117775 ], [ 135.525711388, 34.823023333 ], [ 135.52581917, 34.822903613 ], [ 135.525969728, 34.822736667 ], [ 135.526048054, 34.822649721 ], [ 135.526297224, 34.822393613 ], [ 135.526452218, 34.822234441 ], [ 135.52658, 34.822111667 ], [ 135.526650272000012, 34.822044721 ], [ 135.52704083, 34.821673054 ], [ 135.527182218, 34.821545829 ], [ 135.527196939, 34.821532495 ], [ 135.52736, 34.821427225 ], [ 135.527489728, 34.821333613 ], [ 135.527777496999988, 34.821126108 ], [ 135.527813606, 34.8211 ], [ 135.527999442, 34.820950559 ], [ 135.528207224, 34.820783892 ], [ 135.528370271999989, 34.820672775 ], [ 135.528505005999989, 34.820561667 ], [ 135.528994163, 34.820152225 ], [ 135.529106394, 34.820020559 ], [ 135.529164163, 34.819953054 ], [ 135.529263606, 34.819836387 ], [ 135.529277782, 34.819643333 ], [ 135.529231673, 34.819181108 ], [ 135.529224721, 34.818947225 ], [ 135.529210557999988, 34.818812775 ], [ 135.529184163, 34.818491667 ], [ 135.52916083, 34.818210279 ], [ 135.529139728, 34.818023054 ], [ 135.529188054, 34.817849721 ], [ 135.529245837, 34.817642775 ], [ 135.529428884999987, 34.817538613 ], [ 135.529539441999987, 34.817475559 ], [ 135.529789169999987, 34.817333613 ], [ 135.53015, 34.817128054 ], [ 135.530025032, 34.816666667 ], [ 135.530001115, 34.816578333 ], [ 135.529972776, 34.816438054 ], [ 135.529994163, 34.816344441 ], [ 135.530157224, 34.816293613 ], [ 135.53063666700001, 34.816144441 ], [ 135.531582776, 34.815850279 ], [ 135.531751115, 34.815798054 ], [ 135.531912218, 34.815747775 ], [ 135.532025837, 34.815783054 ], [ 135.532188612, 34.815823892 ], [ 135.53228083, 34.815771108 ], [ 135.532429728000011, 34.815566387 ], [ 135.532621115000012, 34.815455279 ], [ 135.53284083, 34.815431946 ], [ 135.532978054000012, 34.815435 ], [ 135.533137497000013, 34.815438613 ], [ 135.533333333, 34.815442973 ], [ 135.533474721, 34.815446108 ], [ 135.533628054, 34.815449441 ], [ 135.53379834, 34.815320829 ], [ 135.534018054, 34.815227225 ], [ 135.534251946000012, 34.815191946 ], [ 135.534478885, 34.815203892 ], [ 135.534541115, 34.815225559 ], [ 135.534738885, 34.815294721 ], [ 135.534988612, 34.815381946 ], [ 135.535383606000011, 34.81552 ], [ 135.53547834, 34.815553054 ], [ 135.535646394, 34.815611946 ], [ 135.535868612, 34.815689441 ], [ 135.536481946, 34.816081387 ], [ 135.536581115, 34.815794721 ], [ 135.536666394, 34.815706946 ], [ 135.536822218, 34.815654162 ], [ 135.537084721000014, 34.815595829 ], [ 135.537304449, 34.815554721 ], [ 135.537315279000012, 34.815540829 ], [ 135.537382503, 34.815455279 ], [ 135.537375551, 34.81535 ], [ 135.537304449, 34.815198054 ], [ 135.537169728, 34.815034162 ], [ 135.537113061000014, 34.8149 ], [ 135.537231115, 34.814762495 ], [ 135.537233606, 34.814759441 ], [ 135.53743917, 34.814613333 ], [ 135.538109442, 34.814203613 ], [ 135.538315006, 34.814063333 ], [ 135.538924721, 34.813648054 ], [ 135.539094721, 34.813548613 ], [ 135.53930749700001, 34.813466667 ], [ 135.539534449, 34.813408054 ], [ 135.540069728, 34.813367225 ], [ 135.540254162999986, 34.813332225 ], [ 135.540305837, 34.813423892 ], [ 135.540353333000013, 34.813507495 ], [ 135.540438612, 34.81373 ], [ 135.54070083, 34.813659721 ], [ 135.540793060999988, 34.813759162 ], [ 135.540886109000013, 34.813863892 ], [ 135.540927782000011, 34.813911108 ], [ 135.541112218, 34.813829441 ], [ 135.541317782, 34.813741667 ], [ 135.541438340000013, 34.81373 ], [ 135.541566109, 34.813747495 ], [ 135.541666666999987, 34.813804559 ], [ 135.541792776, 34.813876108 ], [ 135.541891946, 34.813893613 ], [ 135.541956667, 34.813677225 ], [ 135.542033890999988, 34.81342 ], [ 135.542033890999988, 34.813221108 ], [ 135.542076394, 34.813016387 ], [ 135.542140272000012, 34.812835 ], [ 135.542232218, 34.812700559 ], [ 135.54256917, 34.812326108 ], [ 135.542760558, 34.81218 ], [ 135.542973333, 34.812086387 ], [ 135.543136393999987, 34.811992775 ], [ 135.543682503000014, 34.811799721 ], [ 135.543859728, 34.811688613 ], [ 135.544072503, 34.811612495 ], [ 135.544221388000011, 34.811559721 ], [ 135.544358885, 34.811503613 ], [ 135.544621946, 34.811396387 ], [ 135.544926939, 34.811255829 ], [ 135.545083061000014, 34.811162225 ], [ 135.545395006, 34.811062775 ], [ 135.545514449, 34.811037495 ], [ 135.545806938999988, 34.810975279 ], [ 135.54613917, 34.810905 ], [ 135.546547782, 34.810815279 ], [ 135.546578885, 34.810808333 ], [ 135.546685837000012, 34.810785 ], [ 135.547018611999988, 34.810711946 ], [ 135.547249169999986, 34.810565559 ], [ 135.547334162999988, 34.810378333 ], [ 135.547435837, 34.810289162 ], [ 135.547561115, 34.810179441 ], [ 135.547979442000013, 34.810039162 ], [ 135.548142503, 34.809933892 ], [ 135.548355279, 34.809834721 ], [ 135.548589170000014, 34.809781946 ], [ 135.549099442, 34.809723613 ], [ 135.549397497, 34.809682495 ], [ 135.549581673, 34.80963 ], [ 135.549684449000011, 34.809609721 ], [ 135.549851946, 34.809576667 ], [ 135.55, 34.809547586 ], [ 135.550056939, 34.809536387 ], [ 135.550234163, 34.809524721 ], [ 135.550386667, 34.809460829 ], [ 135.550833333000014, 34.809273054 ], [ 135.551003606, 34.809202775 ], [ 135.55128, 34.809121108 ], [ 135.551414720999986, 34.809126946 ], [ 135.551544162999988, 34.809147495 ], [ 135.551634721, 34.809161946 ], [ 135.551704163000011, 34.809188613 ], [ 135.551826667, 34.809235559 ], [ 135.551833061, 34.809238054 ], [ 135.551996108999987, 34.80932 ], [ 135.552116667, 34.809337495 ], [ 135.552272503000012, 34.809238054 ], [ 135.55293917, 34.809046387 ], [ 135.552980272000013, 34.809034441 ], [ 135.553024163, 34.809021946 ], [ 135.553083061, 34.808965 ], [ 135.553187224, 34.808863892 ], [ 135.553173061, 34.808776108 ], [ 135.553085837, 34.808661667 ], [ 135.553031946, 34.808591387 ], [ 135.552967497, 34.808506946 ], [ 135.55289489, 34.808333333 ], [ 135.552846109, 34.808216667 ], [ 135.552838885, 34.808199721 ], [ 135.55277, 34.808035279 ], [ 135.552731946, 34.807944162 ], [ 135.552627224, 34.807693892 ], [ 135.55301, 34.807489162 ], [ 135.553389728000013, 34.807472495 ], [ 135.553694721, 34.807458892 ], [ 135.554028054000014, 34.807444162 ], [ 135.554088611999987, 34.807441387 ], [ 135.554467224, 34.807424721 ], [ 135.554673060999988, 34.807413054 ], [ 135.554695278999986, 34.80726 ], [ 135.554715550999987, 34.807120829 ], [ 135.554807782000012, 34.80677 ], [ 135.554936938999987, 34.806331387 ], [ 135.55499917, 34.806120559 ], [ 135.555190558, 34.806021108 ], [ 135.555162503, 34.805836108 ], [ 135.555156394, 34.805794721 ], [ 135.55511834, 34.805544721 ], [ 135.555099727999988, 34.805421387 ], [ 135.555084163, 34.805319162 ], [ 135.555077224, 34.805231387 ], [ 135.555013333, 34.805143613 ], [ 135.55492834, 34.805108613 ], [ 135.554843061000014, 34.805137775 ], [ 135.554843061000014, 34.805190559 ], [ 135.554864449, 34.805307495 ], [ 135.554821946, 34.805371667 ], [ 135.554781997, 34.805353225 ], [ 135.55470834, 34.805319162 ], [ 135.554605551, 34.805237225 ], [ 135.554548885, 34.805178613 ], [ 135.554435278999989, 34.805032495 ], [ 135.554378612, 34.804886387 ], [ 135.554343333, 34.804663892 ], [ 135.554321945999988, 34.804482495 ], [ 135.554243891, 34.804336667 ], [ 135.554165837, 34.804213892 ], [ 135.554095006000011, 34.804143613 ], [ 135.553776109000012, 34.803761387 ], [ 135.553680272, 34.803646387 ], [ 135.553481673, 34.803394721 ], [ 135.55336834, 34.803324721 ], [ 135.553276394, 34.803195829 ], [ 135.553297496999988, 34.802996946 ], [ 135.553354163, 34.802827495 ], [ 135.553411114999989, 34.802728054 ], [ 135.553496109, 34.802646108 ], [ 135.553666109, 34.802540829 ], [ 135.553931946, 34.802376946 ], [ 135.55408083, 34.80226 ], [ 135.554329169999988, 34.80202 ], [ 135.554397562, 34.801986225 ], [ 135.554400272, 34.801985 ], [ 135.554456939, 34.801956946 ], [ 135.554575006, 34.801898333 ], [ 135.55471917, 34.801827225 ], [ 135.554775837, 34.801727775 ], [ 135.55482111500001, 34.801526387 ], [ 135.554846667, 34.801411946 ], [ 135.554866939, 34.801288333 ], [ 135.554888885, 34.801156108 ], [ 135.554938885000013, 34.800853892 ], [ 135.554988611999988, 34.800551946 ], [ 135.554985837, 34.800186667 ], [ 135.55498500600001, 34.800095829 ], [ 135.55498500600001, 34.8 ], [ 135.55498500600001, 34.799797495 ], [ 135.554722503, 34.799189162 ], [ 135.554255006, 34.798291108 ], [ 135.554206666999988, 34.798198054 ], [ 135.554095279, 34.797984162 ], [ 135.553981946, 34.797767775 ], [ 135.553705279000013, 34.797194441 ], [ 135.553505551, 34.796796108 ], [ 135.553476667000012, 34.796738333 ], [ 135.553162776, 34.796112225 ], [ 135.553064721, 34.795936667 ], [ 135.552985837, 34.795794721 ], [ 135.552921672999986, 34.795679721 ], [ 135.552921672999986, 34.795679441 ], [ 135.552665837, 34.795100829 ], [ 135.552586394, 34.794920559 ], [ 135.552376109, 34.794445279 ], [ 135.551933606, 34.793562225 ], [ 135.551497497000014, 34.793130559 ], [ 135.551345006, 34.793058613 ], [ 135.551282218000011, 34.793048054 ], [ 135.551211673000012, 34.793036108 ], [ 135.55060360600001, 34.792932775 ], [ 135.550389728, 34.792852495 ], [ 135.550043891, 34.792722775 ], [ 135.55, 34.792707748 ], [ 135.549608885, 34.792573892 ], [ 135.54944805400001, 34.792518892 ], [ 135.54912834000001, 34.792386946 ], [ 135.54888834, 34.792285 ], [ 135.548474163, 34.792195 ], [ 135.548132503, 34.792075279 ], [ 135.547914449, 34.791979162 ], [ 135.547754449, 34.791895279 ], [ 135.547511115, 34.791733333 ], [ 135.54741083, 34.791666667 ], [ 135.546942776, 34.791354721 ], [ 135.546918885, 34.791338892 ], [ 135.546566394, 34.791104162 ], [ 135.545675837, 34.790548613 ], [ 135.54560693900001, 34.790505559 ], [ 135.545403333, 34.790378613 ], [ 135.544848054, 34.79007 ], [ 135.543854163, 34.789517495 ], [ 135.543633605999986, 34.789395 ], [ 135.543219442, 34.789173333 ], [ 135.542944162999987, 34.789014721 ], [ 135.542895550999987, 34.788986667 ], [ 135.542655006, 34.788848054 ], [ 135.542605279000014, 34.788819441 ], [ 135.542206394, 34.788533892 ], [ 135.542161946, 34.788501946 ], [ 135.542153332999987, 34.788493892 ], [ 135.542077782, 34.788421667 ], [ 135.541993606, 34.788341108 ], [ 135.541885551, 34.788238054 ], [ 135.541666666999987, 34.788057387 ], [ 135.541565837, 34.787974162 ], [ 135.541245837, 34.787818333 ], [ 135.540875279, 34.787758333 ], [ 135.540780829999989, 34.787866108 ], [ 135.540686394, 34.787974162 ], [ 135.540577496999987, 34.788094162 ], [ 135.540432218, 34.788364162 ], [ 135.540381387999986, 34.788495559 ], [ 135.54035221800001, 34.788627495 ], [ 135.540325005999989, 34.788666667 ], [ 135.539970558, 34.789179162 ], [ 135.539897782, 34.789299162 ], [ 135.539670558000012, 34.789158333 ], [ 135.53949083, 34.789047225 ], [ 135.539578054, 34.788909441 ], [ 135.539456939, 34.788832495 ], [ 135.539323606000011, 34.788747495 ], [ 135.538829442, 34.788441667 ], [ 135.538655006, 34.788327775 ], [ 135.538509728, 34.788249721 ], [ 135.538346939, 34.788200829 ], [ 135.538269727999989, 34.788177775 ], [ 135.53789917, 34.788135829 ], [ 135.537688339999988, 34.788105829 ], [ 135.537546666999987, 34.788051946 ], [ 135.537520558000011, 34.787983054 ], [ 135.537474163000013, 34.787860279 ], [ 135.537495837, 34.787770279 ], [ 135.537678340000014, 34.787554162 ], [ 135.537713606000011, 34.787512495 ], [ 135.537788885, 34.787383333 ], [ 135.53780805400001, 34.787350559 ], [ 135.53783, 34.787230829 ], [ 135.537684721, 34.787140829 ], [ 135.537248885, 34.786811108 ], [ 135.537110558, 34.786703054 ], [ 135.537013605999988, 34.786652225 ], [ 135.536893891, 34.786589721 ], [ 135.536812776, 34.786547225 ], [ 135.536892503, 34.786355279 ], [ 135.536769170000014, 34.786259441 ], [ 135.536718054, 34.786169441 ], [ 135.536696393999989, 34.786079441 ], [ 135.536750829999988, 34.785911667 ], [ 135.536836394, 34.785779162 ], [ 135.536925279, 34.785641667 ], [ 135.537092503, 34.785551946 ], [ 135.537223332999986, 34.785414162 ], [ 135.537419441999987, 34.785204162 ], [ 135.537492776, 34.785148892 ], [ 135.537506667, 34.785138333 ], [ 135.537650246, 34.785095748 ], [ 135.537820389, 34.785189135 ], [ 135.538011777, 34.785268162 ], [ 135.538245305, 34.785046919 ], [ 135.538378884999986, 34.784922495 ], [ 135.538466109000012, 34.784814441 ], [ 135.53859, 34.784581946 ], [ 135.538705837, 34.784364721 ], [ 135.539568106, 34.783333333 ], [ 135.539618053999988, 34.783273613 ], [ 135.539858054, 34.782997775 ], [ 135.540068612, 34.78268 ], [ 135.540186939, 34.782531387 ], [ 135.54024, 34.782464441 ], [ 135.540878885000012, 34.781661108 ], [ 135.541666666999987, 34.780671279 ], [ 135.542033333, 34.780210559 ], [ 135.542143606, 34.780072225 ], [ 135.542990558000014, 34.779082775 ], [ 135.543302776, 34.778671387 ], [ 135.543401673, 34.778540829 ], [ 135.543782502999989, 34.778039721 ], [ 135.544956394, 34.776588613 ], [ 135.545575837, 34.775771387 ], [ 135.545723061, 34.775576946 ], [ 135.545887224000012, 34.775360279 ], [ 135.546159948, 34.775 ], [ 135.54621, 34.774933892 ], [ 135.54625, 34.774891667 ], [ 135.546779728, 34.774334162 ], [ 135.546944163, 34.774160829 ], [ 135.547176667, 34.773975 ], [ 135.547285550999987, 34.773830829 ], [ 135.547481946, 34.773567225 ], [ 135.547914449, 34.773045559 ], [ 135.548539442, 34.772248333 ], [ 135.549004449, 34.771666667 ], [ 135.549604163, 34.770881387 ], [ 135.549628612, 34.770846387 ], [ 135.549659170000012, 34.770802495 ], [ 135.549757497, 34.770661667 ], [ 135.549896667000013, 34.770462495 ], [ 135.54993083, 34.770413892 ], [ 135.549989442, 34.770329721 ], [ 135.55, 34.770320333 ], [ 135.550265551, 34.770083892 ], [ 135.550418054, 34.769933892 ], [ 135.550461673, 34.769869162 ], [ 135.55063610900001, 34.76961 ], [ 135.550745279000012, 34.769454162 ], [ 135.550850558, 34.769352225 ], [ 135.55098888500001, 34.769268333 ], [ 135.551126939, 34.769196387 ], [ 135.551206939, 34.769124441 ], [ 135.551308612000014, 34.768938892 ], [ 135.551308612000014, 34.76881 ], [ 135.551308612000014, 34.768788892 ], [ 135.551279442, 34.768753054 ], [ 135.551126939, 34.768788892 ], [ 135.550821673, 34.768914721 ], [ 135.550632503, 34.768968613 ], [ 135.550450829999988, 34.768998613 ], [ 135.550203606, 34.769040559 ], [ 135.55, 34.769040559 ], [ 135.549680271999989, 34.769040559 ], [ 135.549595278999988, 34.768949721 ], [ 135.549556939000013, 34.768908613 ], [ 135.549533606000011, 34.768848613 ], [ 135.549505837, 34.768776667 ], [ 135.549273333, 34.768656667 ], [ 135.549086109, 34.768576108 ], [ 135.549012776000012, 34.768544721 ], [ 135.548924449, 34.768506667 ], [ 135.548772503, 34.768453054 ], [ 135.548916939, 34.76838 ], [ 135.548986667, 34.768344721 ], [ 135.549146109, 34.768264441 ], [ 135.549434448999989, 34.768171108 ], [ 135.549672776, 34.768103892 ], [ 135.549873333, 34.768052225 ], [ 135.55, 34.767955775 ], [ 135.550036393999989, 34.767928054 ], [ 135.550378054, 34.767674721 ], [ 135.550597497000012, 34.767467775 ], [ 135.550652503, 34.76741 ], [ 135.550829442, 34.767224721 ], [ 135.550917223999988, 34.767064441 ], [ 135.551061388, 34.766842225 ], [ 135.551143113, 34.766666667 ], [ 135.551155279, 34.766640559 ], [ 135.551180558, 34.766501108 ], [ 135.55120555100001, 34.766351108 ], [ 135.551277497, 34.765725279 ], [ 135.551290271999989, 34.765565 ], [ 135.551315279, 34.765389162 ], [ 135.55129083, 34.765243333 ], [ 135.551233606000011, 34.764903054 ], [ 135.551171114999988, 34.764727225 ], [ 135.551095837, 34.764525559 ], [ 135.551076939000012, 34.764318613 ], [ 135.551020558, 34.764246387 ], [ 135.550920272000013, 34.764442775 ], [ 135.550851388000012, 34.764530829 ], [ 135.550647497, 34.764670279 ], [ 135.550453333, 34.764768613 ], [ 135.550215006, 34.764913333 ], [ 135.55, 34.765065198 ], [ 135.549841673, 34.765176946 ], [ 135.549343606, 34.765528892 ], [ 135.549203891, 34.765398333 ], [ 135.549071919999989, 34.765275387 ], [ 135.549257691, 34.765138225 ], [ 135.54962834, 34.764899721 ], [ 135.549714720999987, 34.764832495 ], [ 135.54978917, 34.764774721 ], [ 135.549870272, 34.764711667 ], [ 135.549936667, 34.764669721 ], [ 135.55, 34.764629694 ], [ 135.550500272, 34.764313613 ], [ 135.550663332999989, 34.764179162 ], [ 135.550694721000013, 34.764111946 ], [ 135.550732218, 34.763998054 ], [ 135.550907782, 34.763745 ], [ 135.551033061, 34.763512225 ], [ 135.550964163, 34.763253613 ], [ 135.550882776, 34.762953613 ], [ 135.550691388, 34.762141667 ], [ 135.550672776, 34.761965829 ], [ 135.550585006, 34.761516108 ], [ 135.550591115, 34.761314721 ], [ 135.550585006, 34.761138892 ], [ 135.550572503000012, 34.761076667 ], [ 135.550453333, 34.761133613 ], [ 135.550434449, 34.761200829 ], [ 135.550095836999986, 34.761583333 ], [ 135.550033332999988, 34.761500559 ], [ 135.55002083, 34.761355829 ], [ 135.550026939, 34.761190559 ], [ 135.550064721000012, 34.760968054 ], [ 135.550082776000011, 34.760757775 ], [ 135.550102218, 34.760533613 ], [ 135.550105279, 34.760432775 ], [ 135.550108054, 34.760331667 ], [ 135.550111673, 34.760213054 ], [ 135.550224449000012, 34.759545829 ], [ 135.550253333, 34.759337495 ], [ 135.550266666999988, 34.759239721 ], [ 135.550287223999987, 34.759091108 ], [ 135.550349727999986, 34.758641108 ], [ 135.5504, 34.758532495 ], [ 135.550468884999987, 34.758357495 ], [ 135.550478444, 34.758333333 ], [ 135.55056221800001, 34.758121387 ], [ 135.550563061, 34.758118892 ], [ 135.550674163, 34.757893892 ], [ 135.550729170000011, 34.757782775 ], [ 135.550737223999988, 34.757633333 ], [ 135.550751388, 34.757374721 ], [ 135.550756394, 34.757282495 ], [ 135.550756667, 34.757280559 ], [ 135.550763606, 34.757152225 ], [ 135.551043061, 34.757119162 ], [ 135.551081946000011, 34.757114721 ], [ 135.551246394, 34.757095279 ], [ 135.55166, 34.757064162 ], [ 135.552234449, 34.757041108 ], [ 135.552319727999986, 34.757037775 ], [ 135.552400557999988, 34.757034441 ], [ 135.552562776, 34.757028054 ], [ 135.553782218, 34.756965559 ], [ 135.554897497000013, 34.756909162 ], [ 135.555768885, 34.756898613 ], [ 135.556973891000013, 34.756889441 ], [ 135.557063606000014, 34.756888613 ], [ 135.557313891, 34.756891946 ], [ 135.558254162999987, 34.756904162 ], [ 135.558271946, 34.756732495 ], [ 135.558284449000013, 34.756614162 ], [ 135.558291946, 34.756542225 ], [ 135.558281115, 34.756455 ], [ 135.558260558, 34.756288613 ], [ 135.558333333, 34.756204081 ], [ 135.558367224, 34.756164721 ], [ 135.558405005999987, 34.756129721 ], [ 135.5585, 34.756041667 ], [ 135.558573891, 34.755973333 ], [ 135.558667224, 34.755871108 ], [ 135.558835837, 34.755686108 ], [ 135.558971673, 34.755537225 ], [ 135.559093333, 34.755404162 ], [ 135.55909749700001, 34.755399441 ], [ 135.559724448999987, 34.754747775 ], [ 135.560359728, 34.754150559 ], [ 135.560528612000013, 34.753991946 ], [ 135.560725837, 34.754098333 ], [ 135.562131115, 34.754886387 ], [ 135.563106393999988, 34.755374441 ], [ 135.563459728, 34.755513333 ], [ 135.563701673, 34.755585279 ], [ 135.56407834, 34.755674162 ], [ 135.564367224, 34.755729721 ], [ 135.564596109, 34.755779721 ], [ 135.565308885, 34.755929441 ], [ 135.565490558, 34.755962775 ], [ 135.565712502999986, 34.756012775 ], [ 135.565887497, 34.756068054 ], [ 135.566666667, 34.756234829 ], [ 135.56759917, 34.756434441 ], [ 135.568728885000013, 34.756673054 ], [ 135.570407224, 34.757022495 ], [ 135.570802776, 34.757107775 ], [ 135.571590558, 34.757277775 ], [ 135.57272389100001, 34.757527495 ], [ 135.573053606, 34.757599721 ], [ 135.573191388, 34.757638892 ], [ 135.573688612000012, 34.75778 ], [ 135.574206667, 34.757927225 ], [ 135.574479169999989, 34.758004721 ], [ 135.574687782000012, 34.758104441 ], [ 135.574855837, 34.758182225 ], [ 135.575, 34.758243721 ], [ 135.57521, 34.758333333 ], [ 135.575441115, 34.758431946 ], [ 135.575827782, 34.758609441 ], [ 135.576386109, 34.758898054 ], [ 135.576507224000011, 34.759003333 ], [ 135.576632217999986, 34.759060829 ], [ 135.57674917, 34.759114441 ], [ 135.576910558, 34.759219721 ], [ 135.577327497, 34.759524721 ], [ 135.577475279, 34.759619162 ], [ 135.577636939, 34.759735559 ], [ 135.577791673, 34.759868613 ], [ 135.578248885, 34.760201667 ], [ 135.578703061, 34.760506946 ], [ 135.579503333, 34.761072775 ], [ 135.580047782, 34.761461108 ], [ 135.580205837, 34.761561108 ], [ 135.580206939, 34.761561946 ], [ 135.580367224000014, 34.761671946 ], [ 135.580528885, 34.761799721 ], [ 135.581719170000014, 34.762886946 ], [ 135.582532776, 34.763647225 ], [ 135.583333333000013, 34.764378829 ], [ 135.584184163, 34.765156387 ], [ 135.585004449, 34.765894441 ], [ 135.585263333, 34.766132775 ], [ 135.585855278999986, 34.766631946 ], [ 135.585907808, 34.766666667 ], [ 135.586023333000014, 34.766743054 ], [ 135.586158054, 34.766865 ], [ 135.58687083, 34.767414441 ], [ 135.587006108999987, 34.767522225 ], [ 135.587795279, 34.767051108 ], [ 135.588133891000012, 34.766848892 ], [ 135.588223891000013, 34.766795279 ], [ 135.588361946, 34.766712775 ], [ 135.588445447, 34.766666667 ], [ 135.588662218, 34.766546946 ], [ 135.589047782, 34.766333613 ], [ 135.589326938999989, 34.766179441 ], [ 135.589615837, 34.766019441 ], [ 135.58945917, 34.765855 ], [ 135.588889169999987, 34.765308333 ], [ 135.588853605999986, 34.765237775 ], [ 135.588953333, 34.765202495 ], [ 135.58916, 34.765168054 ], [ 135.589567497, 34.765100559 ], [ 135.589621673000011, 34.765091667 ], [ 135.589674449, 34.765082775 ], [ 135.589697782, 34.765078892 ], [ 135.590005006000013, 34.765055279 ], [ 135.590381946, 34.765026108 ], [ 135.591122776, 34.764985 ], [ 135.591585837, 34.764973333 ], [ 135.591666667, 34.764972387 ], [ 135.592102503, 34.764967225 ], [ 135.592237782000012, 34.764908613 ], [ 135.592344720999989, 34.764838333 ], [ 135.592473061, 34.764726667 ], [ 135.59269389100001, 34.764479721 ], [ 135.592921946, 34.764297495 ], [ 135.593064449, 34.764191667 ], [ 135.593113333, 34.764158333 ], [ 135.593162776000014, 34.764124441 ], [ 135.593520272, 34.763880279 ], [ 135.593691115000013, 34.763756667 ], [ 135.593901388, 34.763750829 ], [ 135.594022776, 34.763694721 ], [ 135.594079442, 34.763668613 ], [ 135.594207782000012, 34.763568613 ], [ 135.59438083, 34.763358892 ], [ 135.594421388, 34.76331 ], [ 135.594580558, 34.763246946 ], [ 135.594613891, 34.763233613 ], [ 135.594863333, 34.763215829 ], [ 135.595119727999986, 34.763215829 ], [ 135.595326394000011, 34.763227775 ], [ 135.595509442, 34.763233054 ], [ 135.595525837, 34.763233613 ], [ 135.595645006000012, 34.763232225 ], [ 135.596013333, 34.763227775 ], [ 135.596017497, 34.763227775 ], [ 135.596147497, 34.763214721 ], [ 135.59634083, 34.763195559 ], [ 135.596472776000013, 34.763182495 ], [ 135.596577782, 34.763171946 ], [ 135.596608885, 34.763168892 ], [ 135.596651114999986, 34.763160279 ], [ 135.596751946000012, 34.76314 ], [ 135.59690083000001, 34.763110279 ], [ 135.597189442, 34.763069162 ], [ 135.597186666999988, 34.762946387 ], [ 135.597182218, 34.762763613 ], [ 135.597203606, 34.762569721 ], [ 135.597168054, 34.761993613 ], [ 135.597159728, 34.761745829 ], [ 135.597136393999989, 34.761082495 ], [ 135.597136393999989, 34.760747495 ], [ 135.597098054000014, 34.760245829 ], [ 135.59707917, 34.760001108 ], [ 135.597061387999986, 34.759825279 ], [ 135.597022218, 34.759436946 ], [ 135.597015279, 34.759213333 ], [ 135.597000830000013, 34.759066387 ], [ 135.597015279, 34.758855 ], [ 135.597029442, 34.758637495 ], [ 135.59698666700001, 34.758437495 ], [ 135.596930609999987, 34.758333333 ], [ 135.596872776, 34.758225829 ], [ 135.596840558, 34.757885 ], [ 135.596833333, 34.757420829 ], [ 135.596847782, 34.757268054 ], [ 135.596897496999986, 34.757132775 ], [ 135.59696167300001, 34.757021108 ], [ 135.597058612000012, 34.756923054 ], [ 135.597095005999989, 34.756886108 ], [ 135.597182503, 34.756797775 ], [ 135.597202503, 34.756790279 ], [ 135.597309728, 34.756749441 ], [ 135.597367782, 34.756727225 ], [ 135.597667224, 34.756745 ], [ 135.597937782, 34.756791946 ], [ 135.597970557999986, 34.756794721 ], [ 135.59801083, 34.756798333 ], [ 135.59813749700001, 34.756809441 ], [ 135.59823, 34.756686108 ], [ 135.598308339999988, 34.756615559 ], [ 135.598393891, 34.756568613 ], [ 135.598543606, 34.756562775 ], [ 135.598693333, 34.756598054 ], [ 135.598864163, 34.756703892 ], [ 135.598942502999989, 34.756862495 ], [ 135.59912055800001, 34.756897775 ], [ 135.59930917, 34.756927225 ], [ 135.599423333, 34.75688 ], [ 135.599565837, 34.756786108 ], [ 135.599679728000012, 34.756639162 ], [ 135.59980083, 34.756533333 ], [ 135.59987917, 34.756427495 ], [ 135.599943333, 34.756245279 ], [ 135.6, 34.756150108 ], [ 135.60013583700001, 34.755921946 ], [ 135.600229727999988, 34.755892775 ], [ 135.600249728, 34.755886667 ], [ 135.600392218, 34.755880829 ], [ 135.600556109, 34.755851667 ], [ 135.601019442, 34.755757775 ], [ 135.601140558, 34.755693054 ], [ 135.601172776, 34.755627495 ], [ 135.601218885, 34.755534162 ], [ 135.601271115, 34.755410559 ], [ 135.601275837, 34.755399162 ], [ 135.601281672999988, 34.755380279 ], [ 135.601318612, 34.755258054 ], [ 135.601439728, 34.755175829 ], [ 135.601446667, 34.755176108 ], [ 135.601554163, 34.755179162 ], [ 135.60163917, 34.755181667 ], [ 135.601915006000013, 34.755267225 ], [ 135.602010272, 34.755296667 ], [ 135.602113061000011, 34.755328613 ], [ 135.602161673000012, 34.755358054 ], [ 135.602306938999988, 34.755445559 ], [ 135.602511946, 34.755569441 ], [ 135.602565006, 34.755655559 ], [ 135.602598339999986, 34.75571 ], [ 135.602775551, 34.755998613 ], [ 135.602918054000014, 34.756163333 ], [ 135.603074721000013, 34.756210279 ], [ 135.603264163, 34.756271667 ], [ 135.603274163, 34.756275 ], [ 135.603278053999986, 34.756275559 ], [ 135.603373891, 34.756288333 ], [ 135.603495278999986, 34.756304441 ], [ 135.603730272, 34.756239721 ], [ 135.604001114999988, 34.756139721 ], [ 135.604218339999989, 34.756022225 ], [ 135.604325279, 34.755933892 ], [ 135.604503333, 34.755804721 ], [ 135.604510272, 34.755792225 ], [ 135.604667782, 34.755505279 ], [ 135.604745551, 34.755363892 ], [ 135.605005837, 34.754873613 ], [ 135.605011946, 34.754861667 ], [ 135.605045006000012, 34.754799441 ], [ 135.60495917, 34.754775279 ], [ 135.604838612, 34.754741108 ], [ 135.604774163, 34.754723054 ], [ 135.604596109, 34.754676108 ], [ 135.60441083, 34.754581946 ], [ 135.604387782, 34.754562775 ], [ 135.604261115000014, 34.754458613 ], [ 135.604111388, 34.754323333 ], [ 135.604033061, 34.754158892 ], [ 135.604015551, 34.754019441 ], [ 135.603997497, 34.753876667 ], [ 135.603954449000014, 34.753532225 ], [ 135.603919170000012, 34.753249162 ], [ 135.603911673, 34.753053613 ], [ 135.603903605999989, 34.752861946 ], [ 135.60389, 34.752534721 ], [ 135.603878054, 34.752373333 ], [ 135.603861115, 34.752141108 ], [ 135.604034449000011, 34.751789162 ], [ 135.604558884999989, 34.750966108 ], [ 135.60464083, 34.750867225 ], [ 135.604826394000014, 34.750643892 ], [ 135.605307497000013, 34.750382495 ], [ 135.605418612, 34.750321946 ], [ 135.605612775999987, 34.750250279 ], [ 135.605867497, 34.750155829 ], [ 135.605967497, 34.750118892 ], [ 135.605984721, 34.750123613 ], [ 135.606097224, 34.750153892 ], [ 135.606114163, 34.750158333 ], [ 135.606278339999989, 34.750202495 ], [ 135.606407782, 34.750389441 ], [ 135.606805006, 34.750222495 ], [ 135.607272918, 34.75 ], [ 135.607281672999989, 34.749995829 ], [ 135.607483890999987, 34.749894162 ], [ 135.607606667, 34.749763054 ], [ 135.607700558, 34.749566108 ], [ 135.607723061, 34.749476108 ], [ 135.60774583700001, 34.749385559 ], [ 135.607753605999989, 34.749355559 ], [ 135.607774449, 34.749271946 ], [ 135.607793332999989, 34.749196946 ], [ 135.607818054, 34.749098333 ], [ 135.607841388, 34.749005559 ], [ 135.607866667, 34.748904441 ], [ 135.608011115000011, 34.747991667 ], [ 135.608057497, 34.747380279 ], [ 135.60810277600001, 34.747281946 ], [ 135.608119442, 34.747246108 ], [ 135.608170558000012, 34.747135559 ], [ 135.608333333, 34.746783748 ], [ 135.60835666700001, 34.746733333 ], [ 135.608418339999986, 34.746599162 ], [ 135.609025279, 34.746819721 ], [ 135.609129728, 34.746861108 ], [ 135.610188054, 34.747278892 ], [ 135.61021917, 34.747289441 ], [ 135.610497224, 34.747384162 ], [ 135.610554162999989, 34.747202775 ], [ 135.610621946, 34.746985559 ], [ 135.61088722400001, 34.746137495 ], [ 135.611024721, 34.745780829 ], [ 135.611089442, 34.745612775 ], [ 135.611234163, 34.745314441 ], [ 135.611400272, 34.745206946 ], [ 135.611430272, 34.745168333 ], [ 135.611519442, 34.745053333 ], [ 135.611594720999989, 34.744956387 ], [ 135.611826394, 34.744658613 ], [ 135.611898884999988, 34.744566108 ], [ 135.611907224, 34.744555559 ], [ 135.612041115000011, 34.744383892 ], [ 135.612143890999988, 34.744252775 ], [ 135.612396667000013, 34.744157495 ], [ 135.612873606, 34.744097775 ], [ 135.613675279, 34.744020279 ], [ 135.614975837, 34.743978333 ], [ 135.615580271999988, 34.743970829 ], [ 135.615928884999988, 34.744002225 ], [ 135.616345837000011, 34.744054441 ], [ 135.616666667, 34.744082468 ], [ 135.616822776, 34.744096108 ], [ 135.616831388, 34.744096946 ], [ 135.617314721000014, 34.74414 ], [ 135.617761946, 34.744179721 ], [ 135.617921673000012, 34.744194721 ], [ 135.618433333000013, 34.744243333 ], [ 135.618562776, 34.744255559 ], [ 135.618642776, 34.744263054 ], [ 135.618761388, 34.744233333 ], [ 135.61885722400001, 34.744209441 ], [ 135.618881115, 34.744203613 ], [ 135.61903306100001, 34.744072225 ], [ 135.619056394000012, 34.744033333 ], [ 135.619137497, 34.743899721 ], [ 135.619415837, 34.743440279 ], [ 135.619697497, 34.742986946 ], [ 135.619762503, 34.742945 ], [ 135.619899728, 34.742933613 ], [ 135.619977782, 34.742927225 ], [ 135.620097224, 34.742917225 ], [ 135.620102218, 34.742916946 ], [ 135.62026917, 34.742903054 ], [ 135.620381673, 34.742893613 ], [ 135.620572775999989, 34.742379441 ], [ 135.620574721, 34.742374441 ], [ 135.620634449, 34.742213613 ], [ 135.620870143, 34.741666667 ], [ 135.620937782, 34.741509721 ], [ 135.621128340000013, 34.741216667 ], [ 135.621147224, 34.741187775 ], [ 135.621343333, 34.740757495 ], [ 135.621480272000014, 34.740456387 ], [ 135.621718612, 34.739734721 ], [ 135.621819728, 34.739555829 ], [ 135.621872776, 34.739457225 ], [ 135.621932776, 34.739345559 ], [ 135.622002503, 34.739216108 ], [ 135.622178612, 34.738888892 ], [ 135.622311388000014, 34.738690279 ], [ 135.622306667, 34.738486667 ], [ 135.62230167300001, 34.738293054 ], [ 135.622488054, 34.737965279 ], [ 135.622757224, 34.737491387 ], [ 135.622907223999988, 34.737227495 ], [ 135.623166667, 34.736755829 ], [ 135.62336083, 34.736403613 ], [ 135.623404721000014, 34.736323613 ], [ 135.623303333, 34.736298054 ], [ 135.623262503, 34.736287775 ], [ 135.623032776, 34.736229721 ], [ 135.622994449, 34.736211946 ], [ 135.622808612, 34.736126387 ], [ 135.622786667000014, 34.736116387 ], [ 135.622658612, 34.736002775 ], [ 135.622640558, 34.735970279 ], [ 135.622540272, 34.735791387 ], [ 135.622483333, 34.735662225 ], [ 135.622417496999986, 34.735563054 ], [ 135.622402776, 34.735541108 ], [ 135.622349727999989, 34.735479162 ], [ 135.622322218, 34.735446946 ], [ 135.622178612, 34.735372775 ], [ 135.621928612, 34.735137495 ], [ 135.621625279, 34.734630559 ], [ 135.621560272000011, 34.734356108 ], [ 135.62158917, 34.734111667 ], [ 135.621612503, 34.734020559 ], [ 135.621646938999987, 34.733885279 ], [ 135.621646938999987, 34.733586946 ], [ 135.621485863, 34.733333333 ], [ 135.621415837, 34.733223054 ], [ 135.621379728, 34.732996387 ], [ 135.621400271999988, 34.732664721 ], [ 135.621494163, 34.732253054 ], [ 135.621653060999989, 34.731871387 ], [ 135.621541946, 34.731591108 ], [ 135.621270558, 34.730905279 ], [ 135.621180829999986, 34.730730559 ], [ 135.620973061, 34.730325559 ], [ 135.620869728, 34.729955559 ], [ 135.620756394000011, 34.729550279 ], [ 135.62076221800001, 34.729254441 ], [ 135.620763061, 34.729222775 ], [ 135.620765279000011, 34.729108333 ], [ 135.620766108999987, 34.729069162 ], [ 135.62077083, 34.728822775 ], [ 135.62083, 34.728171108 ], [ 135.620974448999988, 34.727455279 ], [ 135.621053891, 34.727115279 ], [ 135.621205837, 34.727 ], [ 135.621251115, 34.726965279 ], [ 135.621415006, 34.726840829 ], [ 135.621422776, 34.726825279 ], [ 135.621462775999987, 34.726744721 ], [ 135.62161, 34.726447495 ], [ 135.621624449, 34.726155 ], [ 135.621754449, 34.725910559 ], [ 135.621801115000011, 34.725786387 ], [ 135.621831115, 34.725706387 ], [ 135.621923061, 34.725462225 ], [ 135.621981388, 34.725306667 ], [ 135.622036667, 34.725159441 ], [ 135.622083256, 34.725 ], [ 135.622087224000012, 34.724986387 ], [ 135.622145279, 34.724820559 ], [ 135.622178885000011, 34.724724162 ], [ 135.622325550999989, 34.724724162 ], [ 135.622486109, 34.724713054 ], [ 135.622673333, 34.724646946 ], [ 135.622826939, 34.724586108 ], [ 135.622849728, 34.724522495 ], [ 135.622860558000013, 34.724492495 ], [ 135.622913891, 34.724343613 ], [ 135.622973605999988, 34.724244162 ], [ 135.623033891, 34.724111667 ], [ 135.623143891000012, 34.724015559 ], [ 135.623157782, 34.724003333 ], [ 135.623275837, 34.723900279 ], [ 135.623381388000013, 34.723808054 ], [ 135.623655279, 34.723532225 ], [ 135.623702218, 34.723394162 ], [ 135.623728885, 34.723228613 ], [ 135.623733891, 34.723159162 ], [ 135.623743333, 34.723025559 ], [ 135.623755279, 34.722859162 ], [ 135.62378917, 34.722384162 ], [ 135.623855837, 34.722196667 ], [ 135.623882775999988, 34.722042225 ], [ 135.623898340000011, 34.721969162 ], [ 135.623929442, 34.721821387 ], [ 135.623922776, 34.721678054 ], [ 135.623822503000014, 34.721611667 ], [ 135.623760272, 34.721603892 ], [ 135.623341673, 34.721551108 ], [ 135.623076667, 34.721529441 ], [ 135.622593061, 34.721490279 ], [ 135.622345837000012, 34.721446108 ], [ 135.622334449, 34.721437225 ], [ 135.622178885000011, 34.721317775 ], [ 135.622053061, 34.721287775 ], [ 135.621847224, 34.721256387 ], [ 135.621742503, 34.721240279 ], [ 135.621493606, 34.721181667 ], [ 135.621337782000012, 34.721144721 ], [ 135.621261673, 34.721111667 ], [ 135.621037497, 34.721015 ], [ 135.620618885, 34.720722495 ], [ 135.620609441999989, 34.720701667 ], [ 135.620562503, 34.720596108 ], [ 135.620514163, 34.720506667 ], [ 135.620464721, 34.720415559 ], [ 135.620294721, 34.720101667 ], [ 135.620223061, 34.719969721 ], [ 135.619984721, 34.719534441 ], [ 135.61992693900001, 34.719355559 ], [ 135.61981972800001, 34.719068054 ], [ 135.61978250300001, 34.718968054 ], [ 135.619645279, 34.718890279 ], [ 135.619377781999987, 34.718932225 ], [ 135.619153061, 34.719054441 ], [ 135.61893, 34.719176387 ], [ 135.618763890999986, 34.719337495 ], [ 135.618103606, 34.719758613 ], [ 135.618029442, 34.719805829 ], [ 135.617526109000011, 34.720126946 ], [ 135.617488885, 34.720150829 ], [ 135.617315279, 34.720261387 ], [ 135.617084162999987, 34.720404441 ], [ 135.616946939, 34.720464162 ], [ 135.616666667, 34.72051036 ], [ 135.616441388, 34.720547495 ], [ 135.61608, 34.720661108 ], [ 135.615623891000013, 34.720572495 ], [ 135.615588885, 34.720565559 ], [ 135.615241387999987, 34.720431946 ], [ 135.614967782, 34.720326946 ], [ 135.614800558000013, 34.720317495 ], [ 135.614576394000011, 34.720305 ], [ 135.614534721000012, 34.720302495 ], [ 135.614438611999987, 34.720297225 ], [ 135.614332217999987, 34.720291108 ], [ 135.614072218, 34.720303054 ], [ 135.613841115000014, 34.720285279 ], [ 135.613501388, 34.720291108 ], [ 135.613116939, 34.720427225 ], [ 135.612995837, 34.72047 ], [ 135.612424721, 34.720689721 ], [ 135.61229666700001, 34.720738892 ], [ 135.612187224, 34.720781108 ], [ 135.612154449, 34.720793892 ], [ 135.61200555100001, 34.720851108 ], [ 135.611485550999987, 34.721161387 ], [ 135.611177223999988, 34.721338613 ], [ 135.61109, 34.721388613 ], [ 135.61063834, 34.721647775 ], [ 135.610561115, 34.721692225 ], [ 135.609723061000011, 34.721996387 ], [ 135.609505551000012, 34.722067495 ], [ 135.609405837, 34.7221 ], [ 135.609376394, 34.722109721 ], [ 135.609195836999987, 34.722127775 ], [ 135.608942776, 34.722085829 ], [ 135.608841946000013, 34.722020559 ], [ 135.608738612, 34.721953892 ], [ 135.608509728, 34.721805559 ], [ 135.60849527900001, 34.720642225 ], [ 135.608499169999988, 34.720380279 ], [ 135.608501388, 34.720233892 ], [ 135.608507224, 34.719857495 ], [ 135.608507224, 34.71975 ], [ 135.608333333, 34.719705586 ], [ 135.607881946, 34.71959 ], [ 135.607327223999988, 34.719447775 ], [ 135.607228053999989, 34.719422495 ], [ 135.607040829999988, 34.719374441 ], [ 135.60702, 34.718829162 ], [ 135.607015006000012, 34.718700279 ], [ 135.607011946, 34.718622775 ], [ 135.60696333300001, 34.718545559 ], [ 135.60691083, 34.718461667 ], [ 135.60685306100001, 34.718360279 ], [ 135.606773606, 34.718317775 ], [ 135.606636667, 34.718244721 ], [ 135.606607223999987, 34.718228892 ], [ 135.606525551, 34.718163892 ], [ 135.606412218, 34.718073892 ], [ 135.605868612, 34.717830279 ], [ 135.605074163000012, 34.717436667 ], [ 135.603997782, 34.716905829 ], [ 135.603766394, 34.716798613 ], [ 135.603490558, 34.716713054 ], [ 135.60342, 34.716691108 ], [ 135.60320333300001, 34.716679162 ], [ 135.603138339999987, 34.716666667 ], [ 135.60298666700001, 34.716637495 ], [ 135.602856667, 34.716422775 ], [ 135.602553333, 34.716106667 ], [ 135.602076394, 34.715814441 ], [ 135.600928612, 34.715259441 ], [ 135.600831672999988, 34.715212495 ], [ 135.60049917, 34.715111108 ], [ 135.6, 34.714890721 ], [ 135.599971946000011, 34.714878333 ], [ 135.599885279, 34.714806946 ], [ 135.599770830000011, 34.714782495 ], [ 135.599626109000013, 34.714751387 ], [ 135.59935, 34.714692225 ], [ 135.598300558, 34.711320279 ], [ 135.597631115000013, 34.709075279 ], [ 135.59750834, 34.708681667 ], [ 135.597421051, 34.708333333 ], [ 135.59711834, 34.707125 ], [ 135.597039169999988, 34.706931946 ], [ 135.596681388, 34.706965279 ], [ 135.596458885, 34.706985829 ], [ 135.595782503, 34.707048892 ], [ 135.59550083, 34.707075 ], [ 135.594265551, 34.707104721 ], [ 135.594144449, 34.707118054 ], [ 135.59399083, 34.707135279 ], [ 135.593623333000011, 34.707175829 ], [ 135.593521388, 34.707187225 ], [ 135.593294449000012, 34.707212225 ], [ 135.593024163, 34.707242225 ], [ 135.592786939, 34.707244162 ], [ 135.592721946000012, 34.707244441 ], [ 135.59247083, 34.707246387 ], [ 135.59225111500001, 34.707247775 ], [ 135.592189442, 34.707248333 ], [ 135.591848885, 34.707251108 ], [ 135.591666667, 34.707252441 ], [ 135.591471115, 34.707253892 ], [ 135.591181946, 34.70723 ], [ 135.591065006, 34.707227225 ], [ 135.590929442, 34.707223892 ], [ 135.590727224, 34.707510279 ], [ 135.590623891, 34.707616108 ], [ 135.590517782, 34.707725 ], [ 135.59030834, 34.707695279 ], [ 135.590357224, 34.707579162 ], [ 135.590431115, 34.707402775 ], [ 135.590525006, 34.707247775 ], [ 135.590698339999989, 34.707128613 ], [ 135.590947497, 34.706987495 ], [ 135.59108834, 34.706908054 ], [ 135.591456666999989, 34.706615829 ], [ 135.591666667, 34.706434586 ], [ 135.591757224, 34.706356387 ], [ 135.591842776, 34.706282775 ], [ 135.592096667, 34.706063613 ], [ 135.59222917, 34.705949441 ], [ 135.592691673, 34.705550559 ], [ 135.592767224, 34.705485279 ], [ 135.593074449, 34.705220279 ], [ 135.593826109, 34.704575559 ], [ 135.594641946, 34.703884162 ], [ 135.594733061, 34.703784441 ], [ 135.594993891, 34.703499441 ], [ 135.595197782000014, 34.703287775 ], [ 135.595298885, 34.703216108 ], [ 135.59520834, 34.703126946 ], [ 135.595111115, 34.703031108 ], [ 135.595616939, 34.702494441 ], [ 135.595735006000012, 34.702392495 ], [ 135.595934721, 34.702220279 ], [ 135.596331946, 34.702017225 ], [ 135.596534721000012, 34.701891946 ], [ 135.596591946, 34.701856387 ], [ 135.596656939000013, 34.701659441 ], [ 135.596741114999986, 34.701176108 ], [ 135.596726667000013, 34.700913613 ], [ 135.596745279, 34.700770559 ], [ 135.596767782, 34.700597225 ], [ 135.59677, 34.700579721 ], [ 135.598261673, 34.700551108 ], [ 135.59861917, 34.700544162 ], [ 135.599319728000012, 34.700514441 ], [ 135.6, 34.700496892 ], [ 135.600482776, 34.700484441 ], [ 135.600852503, 34.700485279 ], [ 135.601013891, 34.700485829 ], [ 135.601152503, 34.700508333 ], [ 135.601562776, 34.700575279 ], [ 135.602292218, 34.700927225 ], [ 135.602360272, 34.700955279 ], [ 135.603188053999986, 34.701296946 ], [ 135.60318, 34.701133054 ], [ 135.603177497, 34.701083892 ], [ 135.603151946, 34.700569162 ], [ 135.603173606000013, 34.700396387 ], [ 135.603224163, 34.700283054 ], [ 135.604206393999988, 34.700807775 ], [ 135.60471917000001, 34.701052495 ], [ 135.60539834, 34.701386667 ], [ 135.605596394, 34.701505559 ], [ 135.605733606, 34.701445829 ], [ 135.605824449000011, 34.701302775 ], [ 135.605963890999988, 34.701082495 ], [ 135.606058612, 34.700932775 ], [ 135.606210272, 34.700712225 ], [ 135.606831672999988, 34.700085829 ], [ 135.606915694, 34.7 ], [ 135.607257782, 34.699650559 ], [ 135.607319728, 34.699539162 ], [ 135.607335837, 34.69951 ], [ 135.607388885, 34.699414721 ], [ 135.60746, 34.699286667 ], [ 135.607654720999989, 34.699048054 ], [ 135.607813606, 34.698755829 ], [ 135.607842503, 34.698588613 ], [ 135.607844449, 34.698562225 ], [ 135.607854449, 34.698415829 ], [ 135.607859728, 34.698341667 ], [ 135.607865551, 34.698255829 ], [ 135.607869442, 34.698201108 ], [ 135.608333333, 34.698166306 ], [ 135.609220271999988, 34.698099721 ], [ 135.609226109, 34.698285279 ], [ 135.60922917, 34.698378613 ], [ 135.609234721, 34.698553054 ], [ 135.609364721, 34.698248892 ], [ 135.609386109000013, 34.698137225 ], [ 135.609458612, 34.697759721 ], [ 135.60948, 34.697644441 ], [ 135.609487497, 34.697604441 ], [ 135.609642218, 34.697604721 ], [ 135.610744449, 34.697604721 ], [ 135.611085279, 34.697590559 ], [ 135.611973060999986, 34.697553892 ], [ 135.612861673, 34.697464441 ], [ 135.612867782, 34.697549162 ], [ 135.612905006, 34.698072495 ], [ 135.612998885, 34.698633333 ], [ 135.613131388, 34.698621108 ], [ 135.613258885, 34.698609441 ], [ 135.613526109, 34.698537775 ], [ 135.613822218, 34.698555829 ], [ 135.613834449, 34.69849 ], [ 135.613865837, 34.698323054 ], [ 135.613873332999987, 34.698237775 ], [ 135.613904721000011, 34.697883054 ], [ 135.613911946, 34.697799162 ], [ 135.613937497, 34.69751 ], [ 135.613945279, 34.697422495 ], [ 135.614375551, 34.697311946 ], [ 135.615223606, 34.697094441 ], [ 135.615425837, 34.697076667 ], [ 135.615628054000013, 34.697016946 ], [ 135.616525279, 34.696698054 ], [ 135.616666667, 34.696644667 ], [ 135.617053333, 34.696498613 ], [ 135.617071114999987, 34.696491946 ], [ 135.617083891, 34.696486946 ], [ 135.617283606, 34.696411667 ], [ 135.617583333, 34.696344721 ], [ 135.618273061, 34.696191108 ], [ 135.618785837, 34.695964441 ], [ 135.618803332999988, 34.696006387 ], [ 135.618836109, 34.696085279 ], [ 135.619024449, 34.696536946 ], [ 135.619024449, 34.696853054 ], [ 135.618966667, 34.697151387 ], [ 135.618891946, 34.697233333 ], [ 135.618884163, 34.697242225 ], [ 135.618793061, 34.697342225 ], [ 135.618667781999989, 34.697498892 ], [ 135.61856917, 34.697622495 ], [ 135.618391115, 34.697872775 ], [ 135.618321114999986, 34.697970829 ], [ 135.618280272, 34.698028333 ], [ 135.617955279, 34.698028333 ], [ 135.617933606, 34.698421946 ], [ 135.618388612, 34.698469721 ], [ 135.618377497000012, 34.698723054 ], [ 135.61842083, 34.699009162 ], [ 135.618394720999987, 34.699462775 ], [ 135.618384721000012, 34.699635559 ], [ 135.618046666999987, 34.7 ], [ 135.617864720999989, 34.700196108 ], [ 135.617835837, 34.700983613 ], [ 135.61857, 34.700999162 ], [ 135.618688053999989, 34.701001667 ], [ 135.618917497000012, 34.701153892 ], [ 135.619000272, 34.701208892 ], [ 135.619007224, 34.701209162 ], [ 135.619678612, 34.701230559 ], [ 135.622179442, 34.701310279 ], [ 135.622486667, 34.701306667 ], [ 135.622876667000014, 34.701301946 ], [ 135.623577782000012, 34.701265279 ], [ 135.623674720999986, 34.70126 ], [ 135.623756394, 34.701255829 ], [ 135.623870829999987, 34.701249721 ], [ 135.624084163, 34.701238613 ], [ 135.624809728, 34.701203333 ], [ 135.625, 34.701203333 ], [ 135.625005837, 34.701203333 ], [ 135.625210829999986, 34.701189162 ], [ 135.625859442, 34.701118613 ], [ 135.625985279, 34.701108613 ], [ 135.626123606, 34.701097495 ], [ 135.626302775999989, 34.701090559 ], [ 135.626550272, 34.701132775 ], [ 135.626695551000012, 34.701231387 ], [ 135.626712503, 34.701365279 ], [ 135.626849170000014, 34.701414721 ], [ 135.626994163, 34.701421667 ], [ 135.627156394, 34.701407775 ], [ 135.627241672999986, 34.701562775 ], [ 135.627344163, 34.701696667 ], [ 135.627250272, 34.701908054 ], [ 135.627229441999987, 34.702010829 ], [ 135.627194721, 34.702182775 ], [ 135.627119442, 34.702549721 ], [ 135.627119169999986, 34.702551387 ], [ 135.627083606000014, 34.702725279 ], [ 135.627006939000012, 34.702795829 ], [ 135.62692, 34.702884162 ], [ 135.626860558, 34.702944441 ], [ 135.626785006, 34.703021387 ], [ 135.626802218, 34.703246667 ], [ 135.626802218, 34.703394721 ], [ 135.62681917, 34.703571108 ], [ 135.62691306100001, 34.703930559 ], [ 135.62691306100001, 34.704233333 ], [ 135.626955837, 34.704353333 ], [ 135.627041115, 34.704445 ], [ 135.627092218, 34.704442775 ], [ 135.627211673, 34.704437775 ], [ 135.62728, 34.704339162 ], [ 135.627288612, 34.704240559 ], [ 135.627305551, 34.704127775 ], [ 135.627322776, 34.703592225 ], [ 135.62734834, 34.703415829 ], [ 135.627401673, 34.703281108 ], [ 135.627451388, 34.703155829 ], [ 135.627493333, 34.703049441 ], [ 135.627587224, 34.702922495 ], [ 135.627847497, 34.702760559 ], [ 135.628133061, 34.702603333 ], [ 135.628193891, 34.702570279 ], [ 135.62841083, 34.702450829 ], [ 135.628513333, 34.702359162 ], [ 135.628624163000012, 34.702133613 ], [ 135.628767782000011, 34.701919721 ], [ 135.628974163, 34.701611946 ], [ 135.629315279, 34.701640279 ], [ 135.629468885, 34.701654441 ], [ 135.629758885, 34.701647225 ], [ 135.630258340000012, 34.701647225 ], [ 135.630471672999988, 34.701611946 ], [ 135.630676394, 34.701598054 ], [ 135.630906939, 34.701590829 ], [ 135.631367782000012, 34.701534441 ], [ 135.631623606, 34.701541667 ], [ 135.631785837, 34.701548613 ], [ 135.632067497, 34.701562775 ], [ 135.632741388, 34.701569721 ], [ 135.633267497, 34.701569721 ], [ 135.633333333, 34.701569721 ], [ 135.633415551000013, 34.701569721 ], [ 135.633502502999988, 34.701450279 ], [ 135.633508054, 34.701442495 ], [ 135.633569169999987, 34.701358333 ], [ 135.63363834, 34.701197495 ], [ 135.633644721, 34.701182225 ], [ 135.633663061, 34.701139721 ], [ 135.633727224000012, 34.701013054 ], [ 135.633768612000011, 34.700926108 ], [ 135.633821114999989, 34.700815559 ], [ 135.634043061, 34.700428333 ], [ 135.634102776, 34.700202775 ], [ 135.634132218, 34.700061667 ], [ 135.634144942, 34.7 ], [ 135.634145279, 34.699998333 ], [ 135.634162503, 34.69978 ], [ 135.634102776, 34.699505 ], [ 135.634040558, 34.699327225 ], [ 135.634013891, 34.699250279 ], [ 135.633957497000011, 34.699089162 ], [ 135.633885006000014, 34.698958613 ], [ 135.633863606, 34.69892 ], [ 135.633863333, 34.698910559 ], [ 135.63386083, 34.698854721 ], [ 135.633855278999988, 34.698722775 ], [ 135.633916394000011, 34.698731946 ], [ 135.633964721000012, 34.698738892 ], [ 135.633998885000011, 34.698744162 ], [ 135.634025551, 34.698748054 ], [ 135.63409333300001, 34.698758054 ], [ 135.634280558, 34.698785829 ], [ 135.634473891, 34.698814441 ], [ 135.63465444900001, 34.698818054 ], [ 135.635173606, 34.698828613 ], [ 135.635404163, 34.698835559 ], [ 135.635568611999986, 34.698831667 ], [ 135.635694449, 34.698828613 ], [ 135.636410829999988, 34.698821387 ], [ 135.636590272, 34.698807495 ], [ 135.636987782, 34.698803054 ], [ 135.637230272000011, 34.698800279 ], [ 135.637389442, 34.698807775 ], [ 135.637415551, 34.698809162 ], [ 135.637424721, 34.698809441 ], [ 135.637445279, 34.698810559 ], [ 135.637673891, 34.698821387 ], [ 135.637772218, 34.698907775 ], [ 135.637801946, 34.698934162 ], [ 135.637895837, 34.699032775 ], [ 135.63793, 34.699286667 ], [ 135.638015279, 34.699371108 ], [ 135.638177496999987, 34.699378333 ], [ 135.638804721000014, 34.699448613 ], [ 135.63893022, 34.7 ], [ 135.638941115, 34.700047775 ], [ 135.638983891, 34.700202775 ], [ 135.63882, 34.700324162 ], [ 135.638574449, 34.700505829 ], [ 135.638796109, 34.701386387 ], [ 135.638616667, 34.701886946 ], [ 135.638838612, 34.701958892 ], [ 135.639051946, 34.702027775 ], [ 135.639227782, 34.702036387 ], [ 135.639835006, 34.702065829 ], [ 135.639911115, 34.702069721 ], [ 135.640031115, 34.702075559 ], [ 135.640074163, 34.702077495 ], [ 135.640208339999987, 34.702084162 ], [ 135.641311388, 34.702059162 ], [ 135.64145, 34.702056108 ], [ 135.64166666700001, 34.702056667 ], [ 135.644147782, 34.702063054 ], [ 135.64424917, 34.702063333 ], [ 135.644387782, 34.702031108 ], [ 135.644609441999989, 34.701979441 ], [ 135.64479500600001, 34.701936387 ], [ 135.645601672999987, 34.701943613 ], [ 135.645968612, 34.701950559 ], [ 135.646719442, 34.701957775 ], [ 135.646864720999986, 34.701943613 ], [ 135.647163333, 34.701866108 ], [ 135.647717782, 34.701858892 ], [ 135.647896939, 34.701851946 ], [ 135.648065837, 34.701856108 ], [ 135.648187224, 34.701858892 ], [ 135.648565032, 34.701880586 ], [ 135.648801673, 34.701894162 ], [ 135.649787497, 34.70188 ], [ 135.65, 34.70189664 ], [ 135.650060558, 34.701901387 ], [ 135.650205551, 34.701915279 ], [ 135.650410271999988, 34.701915279 ], [ 135.650987781999987, 34.701988054 ], [ 135.651024449, 34.701992775 ], [ 135.651144163, 34.702049162 ], [ 135.651314721, 34.702295829 ], [ 135.651434163, 34.702408613 ], [ 135.651621946, 34.702542495 ], [ 135.651826667, 34.702613054 ], [ 135.651997497, 34.702627225 ], [ 135.652236394, 34.70262 ], [ 135.652791115000014, 34.702585 ], [ 135.652927782, 34.702429721 ], [ 135.65312834, 34.702345279 ], [ 135.653273061, 34.702316946 ], [ 135.653486394, 34.702260829 ], [ 135.653870558, 34.702190279 ], [ 135.654152218, 34.702105559 ], [ 135.654356939, 34.702056387 ], [ 135.654493605999988, 34.702042225 ], [ 135.654660272, 34.702067225 ], [ 135.654962776, 34.702112775 ], [ 135.655227497, 34.702155 ], [ 135.655449442, 34.702169162 ], [ 135.655679728, 34.702161946 ], [ 135.656558612, 34.701985829 ], [ 135.65674639400001, 34.701929441 ], [ 135.65725834, 34.701809721 ], [ 135.657471673, 34.701732225 ], [ 135.657659442000011, 34.701689721 ], [ 135.657710830000013, 34.701682775 ], [ 135.657915551, 34.701654721 ], [ 135.658121946, 34.70162 ], [ 135.658333333, 34.701584225 ], [ 135.658333606000014, 34.701584162 ], [ 135.658623891, 34.70157 ], [ 135.658760272, 34.70157 ], [ 135.659020558, 34.701555829 ], [ 135.659728885, 34.701408054 ], [ 135.659908054, 34.701372775 ], [ 135.66003131, 34.701324441 ], [ 135.660232218, 34.701245829 ], [ 135.660667497, 34.701062775 ], [ 135.660812502999988, 34.700999441 ], [ 135.661077224, 34.700872495 ], [ 135.661397224000012, 34.700724721 ], [ 135.661627782000011, 34.700618892 ], [ 135.661755551, 34.700506108 ], [ 135.661866667, 34.700372225 ], [ 135.662028885000012, 34.700224162 ], [ 135.66208, 34.700190279 ], [ 135.662293061000014, 34.700048054 ], [ 135.66235128400001, 34.7 ], [ 135.662455279, 34.699914162 ], [ 135.662583332999986, 34.699829441 ], [ 135.662694163, 34.699709721 ], [ 135.662822218, 34.699435 ], [ 135.662916109, 34.699301108 ], [ 135.663014163000014, 34.699124721 ], [ 135.663133606, 34.699040279 ], [ 135.663227497, 34.698962775 ], [ 135.663372503, 34.698878333 ], [ 135.66362, 34.698920279 ], [ 135.663731115, 34.698931667 ], [ 135.663893333, 34.698948613 ], [ 135.664132218, 34.698962775 ], [ 135.664293891, 34.698956946 ], [ 135.664336939, 34.698955559 ], [ 135.664645914, 34.698955721 ], [ 135.664891673, 34.698955829 ], [ 135.665113333, 34.698892495 ], [ 135.66525834, 34.698843054 ], [ 135.66542917000001, 34.698864441 ], [ 135.666086394, 34.699131946 ], [ 135.66624834000001, 34.699202225 ], [ 135.666641115, 34.699322225 ], [ 135.666666666999987, 34.69932864 ], [ 135.666878612, 34.699381946 ], [ 135.667144449, 34.699448892 ], [ 135.667340558, 34.699498333 ], [ 135.667523891, 34.699540559 ], [ 135.66818111500001, 34.699822495 ], [ 135.668368885, 34.699921108 ], [ 135.668531115, 34.699970559 ], [ 135.668689144000012, 34.7 ], [ 135.669060272, 34.700069162 ], [ 135.669285551, 34.700085 ], [ 135.669461388, 34.700097495 ], [ 135.6697, 34.700188892 ], [ 135.6698207, 34.700313532 ], [ 135.669836667, 34.70033 ], [ 135.669836939, 34.700330559 ], [ 135.669930558, 34.700597775 ], [ 135.670015837, 34.700717495 ], [ 135.670160829999986, 34.700773892 ], [ 135.67022972800001, 34.700769441 ], [ 135.670374163, 34.700759721 ], [ 135.670598885, 34.700689162 ], [ 135.670732776, 34.700646946 ], [ 135.67104834, 34.700590829 ], [ 135.671193606, 34.700590829 ], [ 135.671423890999989, 34.700597775 ], [ 135.671472503, 34.700599721 ], [ 135.671927497000013, 34.700618892 ], [ 135.672038054000012, 34.700752775 ], [ 135.672115006000013, 34.700921946 ], [ 135.672277224, 34.701048892 ], [ 135.672592775999988, 34.701147495 ], [ 135.672865836999989, 34.701147495 ], [ 135.672942776000014, 34.700999441 ], [ 135.672951388, 34.700837225 ], [ 135.672942776000014, 34.700548333 ], [ 135.673135551, 34.700080559 ], [ 135.673173113, 34.7 ], [ 135.673204449, 34.699932775 ], [ 135.673463606000013, 34.699475279 ], [ 135.673551673, 34.69932 ], [ 135.67363083, 34.699183613 ], [ 135.673872776, 34.698766108 ], [ 135.67394, 34.69865 ], [ 135.674063606, 34.698394441 ], [ 135.674111946000011, 34.698161667 ], [ 135.674125551, 34.698014162 ], [ 135.674022503, 34.697628054 ], [ 135.673960558, 34.69735 ], [ 135.673847224000014, 34.696714441 ], [ 135.673778340000013, 34.696333892 ], [ 135.673661673, 34.695505 ], [ 135.673613333, 34.695232495 ], [ 135.673479728, 34.694920279 ], [ 135.673238884999989, 34.694528892 ], [ 135.67308778200001, 34.694267775 ], [ 135.67306917, 34.694153333 ], [ 135.673042775999988, 34.693988613 ], [ 135.673032776000014, 34.693926946 ], [ 135.673073891, 34.693733892 ], [ 135.673166939, 34.692950559 ], [ 135.673056939, 34.692547495 ], [ 135.673036109, 34.692201387 ], [ 135.673029442, 34.692031108 ], [ 135.673001946, 34.691667775 ], [ 135.673002049, 34.691666667 ], [ 135.673029442, 34.691389441 ], [ 135.67305, 34.691145279 ], [ 135.673050052, 34.691143387 ], [ 135.673063606, 34.690668613 ], [ 135.67306917, 34.690586108 ], [ 135.673098054, 34.690146108 ], [ 135.67338, 34.690066667 ], [ 135.673508612, 34.689936946 ], [ 135.673672218, 34.689771667 ], [ 135.673823333, 34.689584441 ], [ 135.67398834, 34.689368613 ], [ 135.674277224, 34.689084721 ], [ 135.674469728, 34.688942775 ], [ 135.674947497, 34.688483054 ], [ 135.675, 34.688447162 ], [ 135.675146939, 34.688346667 ], [ 135.675641946000013, 34.687915279 ], [ 135.675827497, 34.687699721 ], [ 135.675992503, 34.687546387 ], [ 135.676267497, 34.686956108 ], [ 135.676363606, 34.686746108 ], [ 135.676477224, 34.686518892 ], [ 135.676676394, 34.686189721 ], [ 135.676687496999989, 34.686055 ], [ 135.676697224, 34.685939721 ], [ 135.676703890999988, 34.685684441 ], [ 135.676772776, 34.685468613 ], [ 135.677130272, 34.684975 ], [ 135.677312503, 34.684770559 ], [ 135.677958612, 34.684481108 ], [ 135.678096109, 34.684407225 ], [ 135.678155837, 34.684144721 ], [ 135.678256939, 34.683701108 ], [ 135.678329728, 34.683381387 ], [ 135.6783407, 34.683333333 ], [ 135.678378054, 34.683169441 ], [ 135.678223333, 34.682488333 ], [ 135.678184163, 34.682144441 ], [ 135.678161388, 34.681943613 ], [ 135.678034449, 34.681001108 ], [ 135.677988029, 34.680425829 ], [ 135.677965551, 34.680149441 ], [ 135.677965551, 34.679967775 ], [ 135.677938054, 34.679808892 ], [ 135.67795888500001, 34.679748892 ], [ 135.677993061, 34.67965 ], [ 135.678059442, 34.679542775 ], [ 135.678137224000011, 34.679416667 ], [ 135.678165006, 34.679371946 ], [ 135.678515006, 34.678889162 ], [ 135.678560272, 34.678826946 ], [ 135.678585837000014, 34.678757225 ], [ 135.67869083, 34.678469162 ], [ 135.678745837, 34.678208054 ], [ 135.678716667, 34.677888613 ], [ 135.678704721, 34.677759441 ], [ 135.678688612, 34.677740279 ], [ 135.678206394, 34.677169162 ], [ 135.677766394, 34.676749162 ], [ 135.677580830000011, 34.676539162 ], [ 135.677477782000011, 34.676459721 ], [ 135.677309442, 34.676286387 ], [ 135.677208885, 34.676182775 ], [ 135.676975836999986, 34.675943054 ], [ 135.676933333, 34.675770829 ], [ 135.676924449000012, 34.675734441 ], [ 135.676886394, 34.675579721 ], [ 135.676875279, 34.675535 ], [ 135.676846939, 34.675422495 ], [ 135.676827224, 34.675343333 ], [ 135.676814721, 34.675293613 ], [ 135.67680639400001, 34.67526 ], [ 135.676785837000011, 34.675177775 ], [ 135.676762776, 34.675085829 ], [ 135.676742633, 34.675 ], [ 135.676722218, 34.674913054 ], [ 135.676692503, 34.674786108 ], [ 135.676615279, 34.674458054 ], [ 135.676542776, 34.674149162 ], [ 135.676538054, 34.674141387 ], [ 135.676506109, 34.67409 ], [ 135.676257782, 34.673689441 ], [ 135.676099442, 34.673507775 ], [ 135.675714449, 34.673172775 ], [ 135.675305551, 34.672792495 ], [ 135.675, 34.672493586 ], [ 135.674858612, 34.672355279 ], [ 135.674571115, 34.672054441 ], [ 135.674473606, 34.671952225 ], [ 135.674253606, 34.671617225 ], [ 135.673965278999987, 34.671015559 ], [ 135.673903333, 34.670788333 ], [ 135.673882776, 34.670572775 ], [ 135.673978885, 34.670158333 ], [ 135.673954449, 34.669925829 ], [ 135.673925551, 34.669833613 ], [ 135.673867782, 34.669744162 ], [ 135.673514163, 34.669433892 ], [ 135.673512503000012, 34.669432225 ], [ 135.673081115, 34.668980559 ], [ 135.672916394, 34.668790829 ], [ 135.672806939, 34.668664441 ], [ 135.672208054, 34.667960279 ], [ 135.671796938999989, 34.667599721 ], [ 135.671306109, 34.667164162 ], [ 135.671053605999987, 34.666919721 ], [ 135.670974163000011, 34.666716946 ], [ 135.670974163000011, 34.666666667 ], [ 135.670974163000011, 34.666514162 ], [ 135.671013476000013, 34.666277387 ], [ 135.671024721, 34.666209721 ], [ 135.671017497, 34.665929441 ], [ 135.670993891, 34.665832775 ], [ 135.67090944200001, 34.665485 ], [ 135.670879727999989, 34.665361946 ], [ 135.670858885, 34.665276387 ], [ 135.670793890999988, 34.664983892 ], [ 135.67080834, 34.664852775 ], [ 135.670842218, 34.664724441 ], [ 135.670873061, 34.664608333 ], [ 135.670671115, 34.664208613 ], [ 135.670375279000012, 34.663713613 ], [ 135.670108340000013, 34.663236387 ], [ 135.670072218, 34.663081387 ], [ 135.670072218, 34.662923333 ], [ 135.670187497, 34.662613054 ], [ 135.670555551, 34.662052225 ], [ 135.670901945999987, 34.661700559 ], [ 135.671104163, 34.661557495 ], [ 135.671198054, 34.661336667 ], [ 135.671198054, 34.661205559 ], [ 135.671154721, 34.661062225 ], [ 135.670815551, 34.660611946 ], [ 135.670382503000013, 34.660033333 ], [ 135.670180558, 34.659705279 ], [ 135.670072503, 34.65955 ], [ 135.670021946, 34.659341387 ], [ 135.67002917, 34.659228333 ], [ 135.670083333, 34.659145279 ], [ 135.670130272, 34.659073054 ], [ 135.670130272, 34.658971667 ], [ 135.669964163, 34.658571946 ], [ 135.669900829999989, 34.658455 ], [ 135.669855837, 34.658372225 ], [ 135.669836835000012, 34.658333333 ], [ 135.669733333000011, 34.658121667 ], [ 135.669698885, 34.657934441 ], [ 135.669697224, 34.657924721 ], [ 135.66957444900001, 34.657483333 ], [ 135.669516667000011, 34.657280559 ], [ 135.669372503, 34.657077775 ], [ 135.669191946000012, 34.656988333 ], [ 135.669006939000013, 34.657012775 ], [ 135.668831114999989, 34.657035829 ], [ 135.668564163000013, 34.656904721 ], [ 135.668138340000013, 34.656517225 ], [ 135.668015837000013, 34.656290559 ], [ 135.66795083, 34.656048892 ], [ 135.667921946, 34.655798333 ], [ 135.667791946, 34.655667225 ], [ 135.667713061, 34.655547775 ], [ 135.667611946, 34.655243613 ], [ 135.667416939, 34.654492225 ], [ 135.667186109, 34.654140279 ], [ 135.666854163000011, 34.653683892 ], [ 135.666673890999988, 34.653463333 ], [ 135.666666666999987, 34.653458081 ], [ 135.666197497000013, 34.653117225 ], [ 135.665887223999988, 34.652998054 ], [ 135.665576939, 34.652950279 ], [ 135.665245006, 34.652920279 ], [ 135.665028611999986, 34.652825 ], [ 135.664913332999987, 34.652723613 ], [ 135.664833891, 34.652508892 ], [ 135.664790558, 34.652246667 ], [ 135.66467500600001, 34.652001946 ], [ 135.66453083, 34.651745559 ], [ 135.664345006, 34.651346108 ], [ 135.664321388, 34.651295 ], [ 135.664256394, 34.651044441 ], [ 135.664247782, 34.650940279 ], [ 135.664235006000013, 34.650782225 ], [ 135.66417, 34.650549441 ], [ 135.664155551, 34.650233333 ], [ 135.664191673, 34.650078054 ], [ 135.664247198, 34.65 ], [ 135.664263606, 34.649976946 ], [ 135.664545279, 34.649827775 ], [ 135.664754448999986, 34.649762225 ], [ 135.665086394000014, 34.649708613 ], [ 135.665274163, 34.649672775 ], [ 135.665425551, 34.649607225 ], [ 135.665620558, 34.649440279 ], [ 135.665815006, 34.649153892 ], [ 135.665843891, 34.649025559 ], [ 135.665829441999989, 34.648912225 ], [ 135.665692503, 34.648661667 ], [ 135.665555551000011, 34.648435 ], [ 135.665476109, 34.648256108 ], [ 135.665425551, 34.647981667 ], [ 135.665432775999989, 34.647474441 ], [ 135.665403891000011, 34.646768054 ], [ 135.665409974, 34.646665892 ], [ 135.665425551, 34.646404162 ], [ 135.665411115000012, 34.645646387 ], [ 135.665338885000011, 34.64536 ], [ 135.665266939, 34.645205 ], [ 135.665216394, 34.644984441 ], [ 135.665223917, 34.64489236 ], [ 135.665238054000014, 34.644715829 ], [ 135.665353333000013, 34.644367225 ], [ 135.665382218, 34.644098613 ], [ 135.665375006, 34.643973333 ], [ 135.66531, 34.643842225 ], [ 135.66510083, 34.643663333 ], [ 135.664841115, 34.643496108 ], [ 135.664415279, 34.643335279 ], [ 135.664287224, 34.643275829 ], [ 135.664235006000013, 34.643251667 ], [ 135.664119441999986, 34.643108613 ], [ 135.664083333, 34.642965279 ], [ 135.664112218000014, 34.642708892 ], [ 135.664105279000012, 34.642464441 ], [ 135.664076394, 34.642109441 ], [ 135.664004162999987, 34.641936667 ], [ 135.663852776, 34.641781387 ], [ 135.663660725999989, 34.641666667 ], [ 135.663383606, 34.641501108 ], [ 135.66323917, 34.641322225 ], [ 135.663031673, 34.640949441 ], [ 135.662755551, 34.640454441 ], [ 135.662647497, 34.640260559 ], [ 135.662618611999989, 34.640117495 ], [ 135.662683606, 34.639786387 ], [ 135.662726939, 34.639488054 ], [ 135.662661945999986, 34.638986946 ], [ 135.662596939, 34.638432225 ], [ 135.66258250300001, 34.638211387 ], [ 135.662791946, 34.637385559 ], [ 135.662885550999988, 34.637063333 ], [ 135.662915279, 34.636901946 ], [ 135.663015551, 34.636353613 ], [ 135.663022776, 34.636096946 ], [ 135.662972218, 34.63593 ], [ 135.662784721, 34.635655559 ], [ 135.66256834, 34.635488613 ], [ 135.662294163000013, 34.635417225 ], [ 135.662034449, 34.635446946 ], [ 135.661565279, 34.635566387 ], [ 135.661549442, 34.635572775 ], [ 135.66119, 34.635715559 ], [ 135.661161115, 34.635626108 ], [ 135.661197224, 34.635393333 ], [ 135.661297224, 34.635188613 ], [ 135.661464163, 34.634847495 ], [ 135.661457224, 34.634740279 ], [ 135.661514721, 34.634591108 ], [ 135.661702502999987, 34.634382225 ], [ 135.66225083, 34.634030279 ], [ 135.662510558, 34.633916946 ], [ 135.66287834, 34.633684441 ], [ 135.663231946, 34.633427775 ], [ 135.663341608, 34.633333333 ], [ 135.663398054, 34.633284721 ], [ 135.663419728, 34.633183333 ], [ 135.663383606, 34.632667225 ], [ 135.663351115000012, 34.632483892 ], [ 135.663340272, 34.632422495 ], [ 135.663325837, 34.632142225 ], [ 135.663345837, 34.631436387 ], [ 135.663347497, 34.631373054 ], [ 135.663340272, 34.631110559 ], [ 135.663246394, 34.630272495 ], [ 135.663242218, 34.630210559 ], [ 135.663196109000012, 34.629520829 ], [ 135.663116667, 34.629288054 ], [ 135.663015551, 34.629091387 ], [ 135.66273416300001, 34.628757495 ], [ 135.662611387999988, 34.628638054 ], [ 135.662330272, 34.628477225 ], [ 135.662083333, 34.628393892 ], [ 135.661869728, 34.628321946 ], [ 135.661781946, 34.628292225 ], [ 135.661709728, 34.628250279 ], [ 135.661666394, 34.628136946 ], [ 135.661644720999988, 34.62797 ], [ 135.661653890999986, 34.627594279 ], [ 135.661656666999988, 34.627480559 ], [ 135.66165917, 34.627382495 ], [ 135.661637496999987, 34.627173613 ], [ 135.661601388, 34.627030559 ], [ 135.661392218, 34.626750279 ], [ 135.66127666700001, 34.626559441 ], [ 135.661262502999989, 34.626334721 ], [ 135.661255006, 34.626213613 ], [ 135.661262218, 34.625956946 ], [ 135.661218885000011, 34.625694441 ], [ 135.661153891, 34.625530559 ], [ 135.661038612, 34.625238054 ], [ 135.660844188999988, 34.625 ], [ 135.660648885, 34.624760829 ], [ 135.660107782000011, 34.624093054 ], [ 135.659552217999988, 34.624051387 ], [ 135.659386109, 34.623943892 ], [ 135.65925639400001, 34.623794721 ], [ 135.65903972800001, 34.623430829 ], [ 135.658940558000012, 34.623233333 ], [ 135.65888834, 34.623129721 ], [ 135.65911917, 34.622801667 ], [ 135.659173606, 34.622750279 ], [ 135.659321388, 34.622610829 ], [ 135.659521388, 34.622510829 ], [ 135.659631673, 34.622455559 ], [ 135.659638885, 34.621823613 ], [ 135.659624449, 34.621495559 ], [ 135.659494449, 34.620943613 ], [ 135.659379027, 34.620657198 ], [ 135.659335836999986, 34.62055 ], [ 135.659061388, 34.619768613 ], [ 135.658895551, 34.619518054 ], [ 135.658541946000014, 34.618554721 ], [ 135.65846250300001, 34.618351946 ], [ 135.658333333, 34.61794864 ], [ 135.65821, 34.617564441 ], [ 135.658065551, 34.617063613 ], [ 135.657979727999987, 34.616809721 ], [ 135.657931505, 34.616666667 ], [ 135.657914449, 34.616616108 ], [ 135.657777224, 34.616461108 ], [ 135.657784449, 34.616353613 ], [ 135.657907224000013, 34.616219441 ], [ 135.658333333, 34.615792802 ], [ 135.658592503, 34.615533333 ], [ 135.658920558, 34.615183054 ], [ 135.658933061, 34.615169441 ], [ 135.659061388, 34.615032495 ], [ 135.65911917, 34.614925279 ], [ 135.659097497, 34.614817775 ], [ 135.659005551, 34.614779721 ], [ 135.658982218, 34.61477 ], [ 135.658765550999988, 34.614732495 ], [ 135.658671946, 34.614716387 ], [ 135.658333333, 34.614619306 ], [ 135.65831834, 34.614615 ], [ 135.658188612, 34.614501667 ], [ 135.658065837, 34.614340559 ], [ 135.657892776000011, 34.614030279 ], [ 135.65777, 34.613800829 ], [ 135.657568054, 34.613633613 ], [ 135.657387497, 34.613526387 ], [ 135.657344163, 34.613436946 ], [ 135.657336939, 34.613341387 ], [ 135.657351388, 34.612917775 ], [ 135.657308054, 34.612780559 ], [ 135.657086109, 34.612708613 ], [ 135.656904163, 34.612649441 ], [ 135.656853606, 34.612541946 ], [ 135.656810272, 34.612040829 ], [ 135.656795837, 34.611736667 ], [ 135.656738053999987, 34.611593892 ], [ 135.656636939, 34.611534162 ], [ 135.656384449, 34.611486387 ], [ 135.65598055800001, 34.611474441 ], [ 135.655963606, 34.611475 ], [ 135.655388885, 34.611498333 ], [ 135.65519389100001, 34.611465559 ], [ 135.654739442, 34.611346108 ], [ 135.654493890999987, 34.611268613 ], [ 135.654226939000011, 34.611220829 ], [ 135.653346667, 34.611286667 ], [ 135.653224163, 34.611262775 ], [ 135.653108612000011, 34.611179162 ], [ 135.653065551, 34.611077775 ], [ 135.653115837, 34.610928613 ], [ 135.65318083, 34.610797495 ], [ 135.65315917, 34.610678054 ], [ 135.653087223999989, 34.610612495 ], [ 135.652877782, 34.610576667 ], [ 135.652415006000012, 34.610450829 ], [ 135.652264449, 34.610409721 ], [ 135.652148885, 34.610278333 ], [ 135.65191083, 34.610105559 ], [ 135.651651115, 34.610025 ], [ 135.651109728, 34.609983054 ], [ 135.650987224, 34.609953333 ], [ 135.650734721, 34.609715 ], [ 135.650734449, 34.609713613 ], [ 135.650684163, 34.609494162 ], [ 135.650727497, 34.609279441 ], [ 135.650727497, 34.609070829 ], [ 135.650619442, 34.608784441 ], [ 135.65054, 34.608563613 ], [ 135.650396861, 34.608333333 ], [ 135.650273061, 34.608134162 ], [ 135.650121388, 34.607832775 ], [ 135.650186394, 34.607641946 ], [ 135.650294721, 34.607504721 ], [ 135.650439442, 34.607399162 ], [ 135.650662503, 34.607236387 ], [ 135.65095138800001, 34.607045559 ], [ 135.651167781999987, 34.606973892 ], [ 135.651593333, 34.606908333 ], [ 135.65175917, 34.606854721 ], [ 135.651792503, 34.60681 ], [ 135.651669442000014, 34.606754441 ], [ 135.651603606, 34.606715559 ], [ 135.651431673, 34.606614162 ], [ 135.651121388, 34.606399721 ], [ 135.650969728, 34.606268333 ], [ 135.650883333, 34.606166946 ], [ 135.65084, 34.606047775 ], [ 135.650825551, 34.605880829 ], [ 135.650863333, 34.605647225 ], [ 135.650868885, 34.605612225 ], [ 135.650782217999989, 34.605451108 ], [ 135.650645006, 34.605296108 ], [ 135.650601673000011, 34.605158892 ], [ 135.650580272000013, 34.604914441 ], [ 135.650637782, 34.604472775 ], [ 135.650645006, 34.604237225 ], [ 135.650645006, 34.604123892 ], [ 135.650601673000011, 34.603980829 ], [ 135.650385279, 34.603658613 ], [ 135.65034917, 34.603497495 ], [ 135.650320271999988, 34.603300559 ], [ 135.650260272, 34.603156108 ], [ 135.650233891, 34.603092225 ], [ 135.650024449, 34.60277 ], [ 135.650024449, 34.602692495 ], [ 135.650248054, 34.602549441 ], [ 135.650464721, 34.602382225 ], [ 135.650551388, 34.602275 ], [ 135.650421388000012, 34.601943892 ], [ 135.650262503, 34.601693333 ], [ 135.65, 34.601347946 ], [ 135.649822776, 34.601114721 ], [ 135.649749273999987, 34.601007252 ], [ 135.649541115, 34.600703054 ], [ 135.649252503000014, 34.600339441 ], [ 135.649171115, 34.600257775 ], [ 135.649115551, 34.600202225 ], [ 135.64898452700001, 34.6 ], [ 135.648949442, 34.599945829 ], [ 135.64879083, 34.599790559 ], [ 135.648653606000011, 34.599689162 ], [ 135.648451673000011, 34.599596667 ], [ 135.648227782, 34.599513333 ], [ 135.647931946, 34.599346108 ], [ 135.647708612, 34.599220829 ], [ 135.647347782, 34.599298613 ], [ 135.64713834, 34.599388054 ], [ 135.646763061, 34.599692225 ], [ 135.646512724, 34.6 ], [ 135.646471388, 34.600050829 ], [ 135.646452776, 34.600073892 ], [ 135.646258053999986, 34.600241108 ], [ 135.646055837, 34.600330559 ], [ 135.645788885, 34.600372225 ], [ 135.64552917, 34.600372225 ], [ 135.645351115000011, 34.600311667 ], [ 135.645247782000013, 34.600276667 ], [ 135.64506, 34.60025 ], [ 135.644670558, 34.600273892 ], [ 135.644468885, 34.600265559 ], [ 135.644237782, 34.600255829 ], [ 135.643977782, 34.600190279 ], [ 135.64353778200001, 34.600100829 ], [ 135.643451115, 34.600100829 ], [ 135.643234721, 34.600214162 ], [ 135.643090272, 34.600327495 ], [ 135.642902776, 34.600357225 ], [ 135.642671673, 34.600345279 ], [ 135.642397497, 34.600273892 ], [ 135.642152218, 34.600178333 ], [ 135.641906939, 34.600035279 ], [ 135.641870506, 34.6 ], [ 135.641820558, 34.599951667 ], [ 135.641726667, 34.599772775 ], [ 135.64166666700001, 34.599711441 ], [ 135.641589442, 34.599632495 ], [ 135.641423605999989, 34.599560829 ], [ 135.641264721, 34.599537225 ], [ 135.641135006000013, 34.599537225 ], [ 135.640990558, 34.599578892 ], [ 135.640774163, 34.599757775 ], [ 135.640550272000013, 34.599912775 ], [ 135.640341115000012, 34.599984441 ], [ 135.640250195, 34.6 ], [ 135.640131673000013, 34.600020279 ], [ 135.639850272, 34.600020279 ], [ 135.639702672, 34.6 ], [ 135.639633890999988, 34.599990559 ], [ 135.639035279000012, 34.599877495 ], [ 135.638811388, 34.599853613 ], [ 135.638342503, 34.599880279 ], [ 135.637903191, 34.6 ], [ 135.637728885, 34.600047495 ], [ 135.637288885, 34.600202495 ], [ 135.63713, 34.600238333 ], [ 135.636432503, 34.600480559 ], [ 135.635802827, 34.600698973 ], [ 135.635326109, 34.600864441 ], [ 135.635008612, 34.600945 ], [ 135.634827224, 34.600964441 ], [ 135.634344721, 34.601016387 ], [ 135.634135551000014, 34.600986667 ], [ 135.633875550999988, 34.600986667 ], [ 135.633753061, 34.600983892 ], [ 135.633333333, 34.600974495 ], [ 135.632548054000011, 34.600956946 ], [ 135.631862503, 34.600945 ], [ 135.631862503, 34.600461946 ], [ 135.631845188, 34.6 ], [ 135.631840829999987, 34.599883333 ], [ 135.631587497, 34.599874162 ], [ 135.63127083, 34.599862495 ], [ 135.630823333, 34.599868333 ], [ 135.62905583700001, 34.599842495 ], [ 135.628168054000014, 34.599829721 ], [ 135.627854449000012, 34.599818054 ], [ 135.627533061, 34.599805829 ], [ 135.627064163, 34.59977 ], [ 135.626758612, 34.599781667 ], [ 135.626652503, 34.599785559 ], [ 135.626552218, 34.599789441 ], [ 135.626206394, 34.599802495 ], [ 135.625808611999986, 34.599817775 ], [ 135.62570138800001, 34.599816667 ], [ 135.625173333, 34.599811667 ], [ 135.625, 34.599785946 ], [ 135.624531115, 34.599716387 ], [ 135.624156109000012, 34.599596946 ], [ 135.624112776, 34.599310559 ], [ 135.623788053999988, 34.599185279 ], [ 135.623576109, 34.599097775 ], [ 135.623326394, 34.598994441 ], [ 135.623290272, 34.598875279 ], [ 135.62316, 34.598158333 ], [ 135.623138612, 34.59804 ], [ 135.622181388, 34.598117225 ], [ 135.621519442, 34.598212495 ], [ 135.621365837000013, 34.598245 ], [ 135.621261673, 34.598267225 ], [ 135.621238054, 34.598272225 ], [ 135.621186394, 34.598295 ], [ 135.621021673, 34.598367775 ], [ 135.620906109, 34.598588333 ], [ 135.620819442, 34.598683892 ], [ 135.620743606, 34.598686946 ], [ 135.620668054, 34.598689721 ], [ 135.620631946, 34.598600279 ], [ 135.620682503000012, 34.598272225 ], [ 135.620884448999988, 34.597842775 ], [ 135.621173061, 34.597389441 ], [ 135.621562776, 34.596870559 ], [ 135.621822775999988, 34.596431946 ], [ 135.62190917, 34.596286108 ], [ 135.622181673, 34.595898333 ], [ 135.622266939000014, 34.595747775 ], [ 135.622445006, 34.595393333 ], [ 135.622181673, 34.595331387 ], [ 135.622042502999989, 34.595290829 ], [ 135.620528885, 34.594848333 ], [ 135.620426667, 34.594818333 ], [ 135.619396109, 34.594501387 ], [ 135.618875279, 34.594341108 ], [ 135.618969170000014, 34.593929721 ], [ 135.618973891, 34.593863333 ], [ 135.618981946, 34.593746946 ], [ 135.618991673000011, 34.593608613 ], [ 135.618997224, 34.593528054 ], [ 135.618998054, 34.593518054 ], [ 135.618991673000011, 34.593386667 ], [ 135.618985006, 34.593245829 ], [ 135.618976108999988, 34.593063613 ], [ 135.61897221800001, 34.592982775 ], [ 135.618969170000014, 34.592921667 ], [ 135.618750272, 34.592923892 ], [ 135.618485837, 34.592926387 ], [ 135.617735278999987, 34.592933613 ], [ 135.616666667, 34.592939108 ], [ 135.61542, 34.592945559 ], [ 135.614264449, 34.592951387 ], [ 135.613016667000011, 34.592949441 ], [ 135.612732218, 34.592948892 ], [ 135.612361673, 34.592948054 ], [ 135.611269442, 34.592946108 ], [ 135.610923606, 34.592945559 ], [ 135.61077917, 34.592945279 ], [ 135.610812775999989, 34.592691667 ], [ 135.610836939, 34.59251 ], [ 135.610851387999986, 34.592122225 ], [ 135.61076083, 34.592112225 ], [ 135.61005972800001, 34.592034162 ], [ 135.609250558000014, 34.591944441 ], [ 135.608542218, 34.591865559 ], [ 135.608533554, 34.591666667 ], [ 135.608513606, 34.591209441 ], [ 135.608333333, 34.591205613 ], [ 135.607676394, 34.591191667 ], [ 135.60765, 34.590660279 ], [ 135.607647496999988, 34.590606946 ], [ 135.607647224, 34.590526387 ], [ 135.607646109, 34.590275279 ], [ 135.607646109, 34.590207775 ], [ 135.607645279, 34.590054721 ], [ 135.607640272, 34.588704162 ], [ 135.608333333, 34.588714559 ], [ 135.608436939, 34.588716108 ], [ 135.608454449, 34.588331946 ], [ 135.608487782, 34.587604441 ], [ 135.60843, 34.587556667 ], [ 135.608333333, 34.587556667 ], [ 135.60736917, 34.587556667 ], [ 135.607354721, 34.58733 ], [ 135.607282503, 34.587163054 ], [ 135.607044449, 34.587145 ], [ 135.606351946, 34.587115279 ], [ 135.60633834, 34.586600829 ], [ 135.606290558000012, 34.586104441 ], [ 135.605516666999989, 34.586166667 ], [ 135.605498054, 34.586031387 ], [ 135.605414449, 34.585429441 ], [ 135.605402503, 34.585344162 ], [ 135.605394163, 34.585283333 ], [ 135.605377497, 34.585163892 ], [ 135.605366667, 34.585085 ], [ 135.605347782, 34.584948333 ], [ 135.605334163, 34.584851108 ], [ 135.605330830000014, 34.584826108 ], [ 135.605324449, 34.584781108 ], [ 135.60531834, 34.584736387 ], [ 135.605304448999988, 34.584407775 ], [ 135.605310272, 34.584311667 ], [ 135.605317496999987, 34.58419 ], [ 135.60531834, 34.584175279 ], [ 135.605297782, 34.584050829 ], [ 135.60528917, 34.583798892 ], [ 135.605277224, 34.583445 ], [ 135.605240830000014, 34.583413054 ], [ 135.605167497, 34.583348613 ], [ 135.605038003, 34.583333333 ], [ 135.605023891, 34.583331667 ], [ 135.604994189, 34.583333333 ], [ 135.60446944200001, 34.583362775 ], [ 135.60381917, 34.583391108 ], [ 135.602634720999987, 34.583441667 ], [ 135.601608612, 34.583473054 ], [ 135.601156108999987, 34.583486946 ], [ 135.601135006, 34.583742775 ], [ 135.601128612, 34.583821387 ], [ 135.601098885, 34.583976946 ], [ 135.601094448999987, 34.583999721 ], [ 135.601094448999987, 34.584175279 ], [ 135.601091115, 34.584252225 ], [ 135.601073891, 34.584651387 ], [ 135.601077497, 34.584683054 ], [ 135.601094448999987, 34.584826946 ], [ 135.601075279000014, 34.584981667 ], [ 135.601066939, 34.585047775 ], [ 135.600895837, 34.585183892 ], [ 135.600231673, 34.585585829 ], [ 135.6, 34.585719495 ], [ 135.599841387999987, 34.585811108 ], [ 135.599697782, 34.585893892 ], [ 135.599416939, 34.586056108 ], [ 135.59930055800001, 34.586167225 ], [ 135.599131387999989, 34.586287495 ], [ 135.598984721, 34.586391946 ], [ 135.598808053999988, 34.586517495 ], [ 135.598767224, 34.586524441 ], [ 135.598755006, 34.586473892 ], [ 135.598774449, 34.586289721 ], [ 135.598779442, 34.586241387 ], [ 135.598755006, 34.586167225 ], [ 135.598673606, 34.586123613 ], [ 135.598581673000012, 34.586115559 ], [ 135.598210558, 34.586102775 ], [ 135.597931673, 34.586093333 ], [ 135.597686394, 34.586084721 ], [ 135.59753, 34.586079441 ], [ 135.597425006, 34.586075829 ], [ 135.596843060999987, 34.586092775 ], [ 135.596588223, 34.58560936 ], [ 135.596192503, 34.584857775 ], [ 135.595911672999989, 34.584959721 ], [ 135.59530917, 34.585240279 ], [ 135.594522218, 34.585574441 ], [ 135.593604721, 34.585982495 ], [ 135.59342, 34.586050279 ], [ 135.593187224, 34.586135279 ], [ 135.593065551, 34.585936946 ], [ 135.592908054, 34.58568 ], [ 135.592721673, 34.585376108 ], [ 135.59270834, 34.585353613 ], [ 135.59259, 34.585151387 ], [ 135.592509442, 34.585013613 ], [ 135.592009728, 34.584973892 ], [ 135.591666667, 34.585144919 ], [ 135.591441388, 34.585257225 ], [ 135.591615279, 34.585588613 ], [ 135.591666667, 34.585686414 ], [ 135.591735836999987, 34.585818054 ], [ 135.591750272000013, 34.585862225 ], [ 135.591797496999988, 34.586005 ], [ 135.591902218, 34.586207225 ], [ 135.591975279, 34.586347495 ], [ 135.591666667, 34.58659564 ], [ 135.591660558, 34.586600559 ], [ 135.59142, 34.586788892 ], [ 135.591348054, 34.586845279 ], [ 135.591073891, 34.586958613 ], [ 135.590938054, 34.586763054 ], [ 135.590825279, 34.586600559 ], [ 135.590724163, 34.586426667 ], [ 135.590592503000011, 34.586200279 ], [ 135.590496108999986, 34.586076108 ], [ 135.590311673, 34.585839162 ], [ 135.590222776, 34.585724721 ], [ 135.589599728, 34.585990559 ], [ 135.589435551, 34.586013333 ], [ 135.588374449000014, 34.585996387 ], [ 135.587902218000011, 34.585990559 ], [ 135.587347497, 34.585996387 ], [ 135.587354449, 34.586600559 ], [ 135.58740083, 34.586922775 ], [ 135.587414163, 34.587075559 ], [ 135.587415279, 34.58709 ], [ 135.587350272, 34.587227225 ], [ 135.58725834, 34.587233613 ], [ 135.58683083, 34.587262775 ], [ 135.586583606, 34.587336108 ], [ 135.586549170000012, 34.587346387 ], [ 135.586419442, 34.587489441 ], [ 135.586376109000014, 34.587650559 ], [ 135.586402217999989, 34.587866387 ], [ 135.586412218, 34.587948613 ], [ 135.586414448999989, 34.587955559 ], [ 135.586446939000012, 34.588060559 ], [ 135.586496667, 34.588221946 ], [ 135.586498885, 34.588228892 ], [ 135.586700830000012, 34.588545279 ], [ 135.586827224, 34.588723054 ], [ 135.58704, 34.589022495 ], [ 135.586036939, 34.589553333 ], [ 135.585843606, 34.589291108 ], [ 135.585454163, 34.588763613 ], [ 135.585438054, 34.588741946 ], [ 135.585243891, 34.588662495 ], [ 135.585013890999988, 34.588568333 ], [ 135.584695006, 34.588437775 ], [ 135.584842775999988, 34.588657775 ], [ 135.584896109, 34.588738054 ], [ 135.584948340000011, 34.588815559 ], [ 135.585047224, 34.588963333 ], [ 135.585432776, 34.589537495 ], [ 135.585745006, 34.590002775 ], [ 135.585755551, 34.590018613 ], [ 135.585678612, 34.590047225 ], [ 135.585257496999986, 34.590203333 ], [ 135.584297782, 34.590507775 ], [ 135.58420416300001, 34.590537495 ], [ 135.583333333000013, 34.590904252 ], [ 135.583085551000011, 34.591008613 ], [ 135.582356667, 34.591341667 ], [ 135.582198054, 34.591414162 ], [ 135.5815093, 34.591666667 ], [ 135.581043333, 34.591837495 ], [ 135.580596109, 34.591974721 ], [ 135.57871972800001, 34.592446108 ], [ 135.577911672999988, 34.592684721 ], [ 135.57755083, 34.592803892 ], [ 135.577183061, 34.592971108 ], [ 135.576973606, 34.593048613 ], [ 135.576834448999989, 34.593072495 ], [ 135.576454163, 34.593138054 ], [ 135.575883890999989, 34.593203613 ], [ 135.575857224, 34.593211108 ], [ 135.575571673000013, 34.593290559 ], [ 135.575491946, 34.593312225 ], [ 135.575255836999986, 34.593378054 ], [ 135.575124721, 34.593414441 ], [ 135.575123891, 34.593414721 ], [ 135.575003606, 34.593448054 ], [ 135.575, 34.593448775 ], [ 135.574729728, 34.593502775 ], [ 135.574108884999987, 34.593626946 ], [ 135.573525837, 34.593735829 ], [ 135.571871945999987, 34.594044441 ], [ 135.57177083, 34.594032495 ], [ 135.571705837, 34.593973054 ], [ 135.571705837, 34.593901387 ], [ 135.571766109, 34.593629441 ], [ 135.571828612, 34.593346667 ], [ 135.571922503, 34.593048333 ], [ 135.571886393999989, 34.593000559 ], [ 135.57177083, 34.592994441 ], [ 135.571157782, 34.593137775 ], [ 135.571078340000014, 34.593108054 ], [ 135.571054721, 34.593063892 ], [ 135.570962218, 34.592889441 ], [ 135.57094834, 34.592863333 ], [ 135.57198, 34.592547495 ], [ 135.571939728, 34.592376946 ], [ 135.571903333, 34.592224441 ], [ 135.57190083, 34.592213333 ], [ 135.571570272, 34.592185279 ], [ 135.571166939, 34.592151108 ], [ 135.570919442, 34.59213 ], [ 135.570944527, 34.591666667 ], [ 135.570962775999988, 34.591330559 ], [ 135.571003333, 34.590898333 ], [ 135.571025551, 34.590663613 ], [ 135.571027781999987, 34.590638613 ], [ 135.571049442, 34.590411946 ], [ 135.57099083, 34.590326946 ], [ 135.570905006, 34.590203054 ], [ 135.570912217999989, 34.590053892 ], [ 135.570991673, 34.589761946 ], [ 135.570984449, 34.589213054 ], [ 135.571035005999988, 34.588956387 ], [ 135.571120558, 34.588765279 ], [ 135.57120834, 34.588568892 ], [ 135.571222776000013, 34.588121387 ], [ 135.57123, 34.587817225 ], [ 135.571186667, 34.587548613 ], [ 135.571179441999988, 34.587399441 ], [ 135.5711, 34.587196946 ], [ 135.571056667, 34.586922495 ], [ 135.570941115000011, 34.586908892 ], [ 135.570905006, 34.586904721 ], [ 135.570730558, 34.586911387 ], [ 135.570511114999988, 34.58692 ], [ 135.570404449, 34.586923892 ], [ 135.570259442, 34.586929721 ], [ 135.570133333, 34.586934441 ], [ 135.569382776, 34.586999721 ], [ 135.569108612, 34.587071387 ], [ 135.569174449, 34.587309721 ], [ 135.569193061, 34.587376946 ], [ 135.569223891, 34.587488892 ], [ 135.569317782000013, 34.587870829 ], [ 135.56930834, 34.588206387 ], [ 135.569274449, 34.589403892 ], [ 135.569288885, 34.589576667 ], [ 135.569418612, 34.589767495 ], [ 135.569461946, 34.590095559 ], [ 135.569418612, 34.590316387 ], [ 135.569317496999986, 34.590531108 ], [ 135.569144163, 34.590728054 ], [ 135.568923061, 34.590966667 ], [ 135.568865279, 34.591028892 ], [ 135.568813060999986, 34.591085 ], [ 135.568812503, 34.591085829 ], [ 135.568766939, 34.591137225 ], [ 135.56856, 34.591372225 ], [ 135.568517496999988, 34.591407775 ], [ 135.56842834, 34.591482775 ], [ 135.568293333000014, 34.591595829 ], [ 135.568208859, 34.591666667 ], [ 135.568040558, 34.591807775 ], [ 135.567896109, 34.591962495 ], [ 135.567874448999987, 34.592117775 ], [ 135.567874448999987, 34.592559162 ], [ 135.567859442000014, 34.592636387 ], [ 135.567849169999988, 34.59269 ], [ 135.567824163000012, 34.592819162 ], [ 135.567816666999988, 34.592857495 ], [ 135.567792218, 34.592902775 ], [ 135.567742775999989, 34.592994162 ], [ 135.567705837, 34.593062775 ], [ 135.567644163000011, 34.593177225 ], [ 135.567607497000012, 34.593245 ], [ 135.567556939000013, 34.593328613 ], [ 135.567556939000013, 34.593512495 ], [ 135.567556939000013, 34.593531387 ], [ 135.567544449, 34.593710829 ], [ 135.567542503, 34.593740279 ], [ 135.567463061000012, 34.593925279 ], [ 135.567451388, 34.593953892 ], [ 135.567340272, 34.594223333 ], [ 135.567239441999988, 34.59445 ], [ 135.567196109, 34.594652775 ], [ 135.567167224, 34.594958613 ], [ 135.56714555100001, 34.595189721 ], [ 135.56716, 34.595535559 ], [ 135.566666667, 34.595674198 ], [ 135.566055837, 34.595845829 ], [ 135.566043060999988, 34.595848333 ], [ 135.565431946, 34.595966387 ], [ 135.564482776, 34.59615 ], [ 135.564396394, 34.596132225 ], [ 135.564360271999988, 34.596048613 ], [ 135.564348884999987, 34.595920829 ], [ 135.564257497, 34.59489136 ], [ 135.564243891, 34.594737495 ], [ 135.564224720999988, 34.594523054 ], [ 135.564223061, 34.594503613 ], [ 135.563909169999988, 34.594580559 ], [ 135.562736394000012, 34.594867495 ], [ 135.562601946, 34.594916667 ], [ 135.562426109, 34.594980829 ], [ 135.562231387999987, 34.595016667 ], [ 135.562163606000013, 34.595022775 ], [ 135.561971672999988, 34.595040559 ], [ 135.561224449, 34.595090559 ], [ 135.560954449, 34.595108333 ], [ 135.56081, 34.595118054 ], [ 135.559871388, 34.595072225 ], [ 135.559805278999988, 34.595068892 ], [ 135.559099728, 34.595034441 ], [ 135.558333333, 34.595025865 ], [ 135.558081673, 34.595023054 ], [ 135.557923606, 34.595021387 ], [ 135.557850272, 34.595020559 ], [ 135.557745278999988, 34.595019162 ], [ 135.557542218, 34.595016946 ], [ 135.557403891, 34.595015559 ], [ 135.557293891, 34.595014162 ], [ 135.556963891, 34.595010559 ], [ 135.556350272, 34.594998613 ], [ 135.556105006, 34.594980829 ], [ 135.555795006000011, 34.594933054 ], [ 135.555593061, 34.594956946 ], [ 135.555340272, 34.595010559 ], [ 135.555058885, 34.595004441 ], [ 135.554625837, 34.594962495 ], [ 135.554306667, 34.594940279 ], [ 135.553940272, 34.594915 ], [ 135.552432218, 34.594974441 ], [ 135.552321673, 34.594938892 ], [ 135.552078612, 34.594861108 ], [ 135.551840558, 34.594795559 ], [ 135.551443606, 34.594777775 ], [ 135.550563333000014, 34.594777775 ], [ 135.550210558, 34.594773054 ], [ 135.550156939, 34.594772495 ], [ 135.55, 34.594770387 ], [ 135.549801673, 34.594768054 ], [ 135.549639727999988, 34.594765829 ], [ 135.549531673, 34.594813613 ], [ 135.549524448999989, 34.594974441 ], [ 135.549538885, 34.595403054 ], [ 135.549553061000012, 34.595815559 ], [ 135.549401673, 34.595791946 ], [ 135.549271673, 34.595595 ], [ 135.549141946, 34.595445829 ], [ 135.54903083, 34.595384721 ], [ 135.548946939, 34.595338333 ], [ 135.548766667, 34.595171387 ], [ 135.54865834, 34.595064162 ], [ 135.548606939, 34.595056667 ], [ 135.548492218, 34.595040279 ], [ 135.547965551, 34.595016387 ], [ 135.547662503, 34.595046108 ], [ 135.547554163, 34.595087775 ], [ 135.547515551, 34.595187225 ], [ 135.54748917, 34.595255 ], [ 135.547243891, 34.595296667 ], [ 135.547164449, 34.59531 ], [ 135.54698, 34.595341387 ], [ 135.546890558, 34.595356387 ], [ 135.545743061, 34.595326387 ], [ 135.545317224, 34.595272775 ], [ 135.544877224, 34.595171387 ], [ 135.544696667000011, 34.595165559 ], [ 135.544413061, 34.595173054 ], [ 135.544343891000011, 34.595175 ], [ 135.54357834000001, 34.595195279 ], [ 135.543581945999989, 34.595351108 ], [ 135.543583606, 34.595429162 ], [ 135.543585006, 34.595504441 ], [ 135.543586393999988, 34.595563333 ], [ 135.54359, 34.595723892 ], [ 135.543591673, 34.595803613 ], [ 135.543595278999987, 34.595966108 ], [ 135.543597224, 34.596050559 ], [ 135.543597782, 34.596080279 ], [ 135.543613061, 34.596765829 ], [ 135.543621388, 34.597133892 ], [ 135.543616939, 34.597261108 ], [ 135.543602776, 34.597654162 ], [ 135.543599728, 34.597736387 ], [ 135.54359, 34.597842775 ], [ 135.543503606, 34.598789162 ], [ 135.543498885, 34.598839721 ], [ 135.543476667, 34.598985829 ], [ 135.54347, 34.599030559 ], [ 135.543465006, 34.599298054 ], [ 135.543462776000013, 34.599424162 ], [ 135.541666666999987, 34.599393532 ], [ 135.539977224000012, 34.599364721 ], [ 135.538591946, 34.599340829 ], [ 135.538506667, 34.599378054 ], [ 135.538452218, 34.599401946 ], [ 135.538346667000013, 34.599448054 ], [ 135.536939442, 34.599424162 ], [ 135.536888885, 34.599293054 ], [ 135.536463061, 34.599269162 ], [ 135.535517782, 34.599227495 ], [ 135.534760272, 34.599185279 ], [ 135.534728339999987, 34.599098613 ], [ 135.534688053999986, 34.598988892 ], [ 135.533333333, 34.598856441 ], [ 135.532977781999989, 34.598821667 ], [ 135.532731946000013, 34.598788613 ], [ 135.532314163, 34.598732225 ], [ 135.531967782, 34.598678613 ], [ 135.531987224, 34.59853 ], [ 135.532003890999988, 34.598404162 ], [ 135.531498612, 34.598308613 ], [ 135.531507782, 34.598251108 ], [ 135.531587497, 34.59775 ], [ 135.531663060999989, 34.597276946 ], [ 135.531715279, 34.596948613 ], [ 135.531754721, 34.596658333 ], [ 135.53178, 34.596471387 ], [ 135.531170272, 34.596361108 ], [ 135.531092503, 34.596346946 ], [ 135.531087224, 34.596346108 ], [ 135.531008054000011, 34.596131667 ], [ 135.531000557999988, 34.596099441 ], [ 135.530950272000013, 34.595881108 ], [ 135.530755279, 34.595529162 ], [ 135.530762503, 34.595087495 ], [ 135.530769728, 34.594848892 ], [ 135.530387497, 34.594795279 ], [ 135.530341388000011, 34.594696387 ], [ 135.530163891, 34.594317775 ], [ 135.530041114999989, 34.594055559 ], [ 135.530058612, 34.593923333 ], [ 135.53010805400001, 34.593548333 ], [ 135.530156667, 34.593178892 ], [ 135.530308885000011, 34.592250559 ], [ 135.530404527, 34.591666667 ], [ 135.530459728000011, 34.591329721 ], [ 135.53048, 34.591202225 ], [ 135.530485551, 34.591166387 ], [ 135.530524721, 34.590918333 ], [ 135.530395006, 34.590912775 ], [ 135.530360272, 34.590911108 ], [ 135.530250558, 34.590906387 ], [ 135.53013072600001, 34.591666667 ], [ 135.530114449, 34.59177 ], [ 135.530075006, 34.592022225 ], [ 135.530059728, 34.592117775 ], [ 135.530040558, 34.592240559 ], [ 135.530016939, 34.592391108 ], [ 135.53000834, 34.592444441 ], [ 135.530002218, 34.592482775 ], [ 135.52999, 34.592560559 ], [ 135.52998083, 34.592619721 ], [ 135.529959170000012, 34.592757495 ], [ 135.52994917, 34.59282 ], [ 135.529932218, 34.592927775 ], [ 135.52992083, 34.593001387 ], [ 135.52988250300001, 34.593244441 ], [ 135.529724163, 34.594114441 ], [ 135.529708340000013, 34.594201108 ], [ 135.529694721, 34.594276387 ], [ 135.529536109, 34.594413613 ], [ 135.529266667, 34.594467495 ], [ 135.528879442, 34.594544721 ], [ 135.528337224000012, 34.594638333 ], [ 135.528085551, 34.594681946 ], [ 135.527703061000011, 34.5947 ], [ 135.527418885, 34.594938333 ], [ 135.52738, 34.594970829 ], [ 135.527205006, 34.595117495 ], [ 135.527195006, 34.595131667 ], [ 135.52696, 34.595463333 ], [ 135.526625551, 34.595992495 ], [ 135.526570558, 34.596079721 ], [ 135.52636834, 34.596399721 ], [ 135.525, 34.595750892 ], [ 135.523626109, 34.595099441 ], [ 135.522503061, 34.594575 ], [ 135.52199, 34.594335279 ], [ 135.522295279, 34.593807225 ], [ 135.52257083, 34.59333 ], [ 135.522644721, 34.593202495 ], [ 135.522627224, 34.592798892 ], [ 135.522623061, 34.592701387 ], [ 135.522623061, 34.592146946 ], [ 135.522597224, 34.592002495 ], [ 135.522565279, 34.591824721 ], [ 135.522565279, 34.591666667 ], [ 135.522565279, 34.591305829 ], [ 135.522572503, 34.590619721 ], [ 135.522598885, 34.590386667 ], [ 135.522615836999989, 34.590238054 ], [ 135.522638339999986, 34.589960559 ], [ 135.522644721, 34.589880279 ], [ 135.522559728, 34.589878054 ], [ 135.521006938999989, 34.589838613 ], [ 135.520999728, 34.589433054 ], [ 135.521057496999987, 34.588860279 ], [ 135.521129441999989, 34.588281667 ], [ 135.521129441999989, 34.587965559 ], [ 135.521133606, 34.587827495 ], [ 135.521135006, 34.587783054 ], [ 135.52113917, 34.587647495 ], [ 135.521143061, 34.587516108 ], [ 135.521143891, 34.587488333 ], [ 135.521198340000012, 34.587451387 ], [ 135.521223333, 34.587434721 ], [ 135.521970558, 34.587320829 ], [ 135.52217, 34.587290559 ], [ 135.522240829999987, 34.587279721 ], [ 135.522294163, 34.587269721 ], [ 135.522594449, 34.587214162 ], [ 135.522654448999987, 34.587183054 ], [ 135.522789442, 34.587112495 ], [ 135.522811115, 34.586951667 ], [ 135.522792218, 34.586599441 ], [ 135.522794162999986, 34.586415 ], [ 135.522795551, 34.586252225 ], [ 135.522799442, 34.585874441 ], [ 135.522799442, 34.585701387 ], [ 135.522658054, 34.585673054 ], [ 135.522381388000014, 34.585617775 ], [ 135.52230917, 34.585593892 ], [ 135.52230917, 34.585534162 ], [ 135.522325005999988, 34.585298892 ], [ 135.522330829999987, 34.585213054 ], [ 135.522338053999988, 34.585105 ], [ 135.522330829999987, 34.58492 ], [ 135.522330829999987, 34.584568054 ], [ 135.522345279, 34.584007495 ], [ 135.522347223999986, 34.583898892 ], [ 135.522352503, 34.583589721 ], [ 135.522334863999987, 34.583333333 ], [ 135.522316394, 34.583064721 ], [ 135.522287497, 34.582692225 ], [ 135.52230972800001, 34.582497495 ], [ 135.522327497, 34.582343054 ], [ 135.522338053999988, 34.582250829 ], [ 135.522366939, 34.582083892 ], [ 135.522352503, 34.581928613 ], [ 135.522345279, 34.581344162 ], [ 135.522343060999987, 34.581199441 ], [ 135.522337782, 34.580874721 ], [ 135.522330829999987, 34.580440559 ], [ 135.522345279, 34.580225829 ], [ 135.522316394, 34.580046946 ], [ 135.522359728, 34.57985 ], [ 135.522366939, 34.579313054 ], [ 135.522403061, 34.578946108 ], [ 135.522374163, 34.578749162 ], [ 135.522393891, 34.577904441 ], [ 135.522403333, 34.577496946 ], [ 135.522422218, 34.576756667 ], [ 135.522424721, 34.576655559 ], [ 135.522864721, 34.576622775 ], [ 135.523541946, 34.576593054 ], [ 135.523677224000011, 34.576598613 ], [ 135.523830272, 34.576605 ], [ 135.525, 34.576605 ], [ 135.525611115, 34.576605 ], [ 135.525798611999988, 34.576622775 ], [ 135.526055279, 34.576633054 ], [ 135.526540829999988, 34.576652775 ], [ 135.527107497, 34.576656946 ], [ 135.527125278999989, 34.576657225 ], [ 135.527267497, 34.576658054 ], [ 135.527318611999988, 34.576658613 ], [ 135.527468612, 34.576659721 ], [ 135.527556939, 34.576660279 ], [ 135.527744721, 34.576661667 ], [ 135.528042503, 34.576666108 ], [ 135.528559441999988, 34.576673613 ], [ 135.529363891, 34.576664721 ], [ 135.529871388, 34.576658892 ], [ 135.530638612, 34.576654892 ], [ 135.530974449000013, 34.576653054 ], [ 135.531233891, 34.576665 ], [ 135.531760272000014, 34.576641108 ], [ 135.531765551, 34.576474162 ], [ 135.531778612000011, 34.576067495 ], [ 135.531781673000012, 34.575966946 ], [ 135.531780558, 34.575955 ], [ 135.531768612, 34.575837225 ], [ 135.53175, 34.575649441 ], [ 135.531739728, 34.575546387 ], [ 135.53170972800001, 34.575248054 ], [ 135.531623061, 34.575140829 ], [ 135.531616977999988, 34.575 ], [ 135.531601673000011, 34.574645559 ], [ 135.53124834, 34.574526667 ], [ 135.531190558, 34.574478892 ], [ 135.531147497, 34.574341667 ], [ 135.531212218, 34.574287775 ], [ 135.53158, 34.57427 ], [ 135.531673606, 34.574192495 ], [ 135.531644721, 34.573906108 ], [ 135.531651946000011, 34.573763054 ], [ 135.531724163, 34.573697225 ], [ 135.531846667, 34.573673333 ], [ 135.531928054, 34.573458613 ], [ 135.531965006, 34.573361387 ], [ 135.531998054000013, 34.573273892 ], [ 135.532019728, 34.573160559 ], [ 135.532005279, 34.573008333 ], [ 135.532005279, 34.572662225 ], [ 135.532026939, 34.572572775 ], [ 135.532185551, 34.572411667 ], [ 135.532546109, 34.572209162 ], [ 135.533194721, 34.571738054 ], [ 135.533333333, 34.571658802 ], [ 135.533378885, 34.571632775 ], [ 135.533497497000013, 34.571565 ], [ 135.533627497, 34.571570829 ], [ 135.533814449, 34.571618613 ], [ 135.533973061000012, 34.57172 ], [ 135.534052503, 34.571749721 ], [ 135.53423277600001, 34.571758892 ], [ 135.534831115, 34.571740829 ], [ 135.535011115, 34.571709441 ], [ 135.535338884999987, 34.571652495 ], [ 135.535395005999987, 34.571642495 ], [ 135.535566394, 34.571612775 ], [ 135.535566394, 34.571445559 ], [ 135.535596938999987, 34.571137775 ], [ 135.53561, 34.571008613 ], [ 135.535642503, 34.570681667 ], [ 135.535653061, 34.570574721 ], [ 135.535656109, 34.570516387 ], [ 135.535681673, 34.57002 ], [ 135.535533891, 34.569920279 ], [ 135.535407782, 34.569835279 ], [ 135.535371946, 34.569762495 ], [ 135.535297781999986, 34.569612225 ], [ 135.535263606, 34.569542775 ], [ 135.535393333, 34.569435559 ], [ 135.53560083, 34.569228333 ], [ 135.535735279, 34.569094162 ], [ 135.535811673000012, 34.569017775 ], [ 135.535869170000012, 34.568853892 ], [ 135.53588083, 34.568700559 ], [ 135.535898054, 34.568471946 ], [ 135.535861673, 34.567978054 ], [ 135.535850558, 34.567826387 ], [ 135.53584834, 34.567797225 ], [ 135.535833061, 34.567589441 ], [ 135.53589083, 34.567562495 ], [ 135.53681360600001, 34.567550559 ], [ 135.536835279, 34.567204721 ], [ 135.536871388, 34.567049441 ], [ 135.536911219, 34.566666667 ], [ 135.536921673, 34.566566387 ], [ 135.536928885, 34.566262225 ], [ 135.536943333000011, 34.565850559 ], [ 135.537129169999986, 34.565696667 ], [ 135.537260558000014, 34.565588333 ], [ 135.537714720999986, 34.565579441 ], [ 135.538507782000011, 34.565585279 ], [ 135.538940272, 34.565561387 ], [ 135.539141946, 34.565573333 ], [ 135.539704449, 34.565579721 ], [ 135.539881388, 34.565581946 ], [ 135.540063606, 34.565583892 ], [ 135.540173061, 34.565585279 ], [ 135.540761673, 34.565599441 ], [ 135.540835550999986, 34.565601108 ], [ 135.540915551000012, 34.565603054 ], [ 135.541065279, 34.565621387 ], [ 135.541333606, 34.565653892 ], [ 135.541666666999987, 34.565675973 ], [ 135.541693891, 34.565677775 ], [ 135.542256109, 34.565677775 ], [ 135.542421946, 34.565689721 ], [ 135.543114163000013, 34.56563 ], [ 135.543323061, 34.565588333 ], [ 135.54352500600001, 34.565594162 ], [ 135.544318054, 34.565570279 ], [ 135.54452, 34.565552495 ], [ 135.544743333000014, 34.565564441 ], [ 135.545262218, 34.565656946 ], [ 135.547057497, 34.565847775 ], [ 135.547242218, 34.565859441 ], [ 135.548037497, 34.565910279 ], [ 135.548065006, 34.565884721 ], [ 135.548199727999986, 34.565758892 ], [ 135.548424163, 34.56555 ], [ 135.548437497, 34.565537495 ], [ 135.548491673, 34.565486946 ], [ 135.548585551, 34.565451108 ], [ 135.548808885, 34.565295829 ], [ 135.548902776, 34.565135 ], [ 135.548931673, 34.564985829 ], [ 135.548981946, 34.564860559 ], [ 135.548981946, 34.564771108 ], [ 135.548859442, 34.564663613 ], [ 135.548674721, 34.564548054 ], [ 135.54839, 34.564369721 ], [ 135.548297497, 34.564311667 ], [ 135.548246939, 34.564198333 ], [ 135.54818917, 34.56396 ], [ 135.54811, 34.563775 ], [ 135.548073891, 34.563569162 ], [ 135.548031946, 34.563275559 ], [ 135.548021115000012, 34.563198054 ], [ 135.548001672999987, 34.563062225 ], [ 135.548012503, 34.562978892 ], [ 135.548023333, 34.562895 ], [ 135.548008885, 34.562716108 ], [ 135.547965837, 34.562537225 ], [ 135.547943890999989, 34.562450279 ], [ 135.547929728000014, 34.562393892 ], [ 135.547959170000013, 34.562329162 ], [ 135.548124449, 34.561964441 ], [ 135.548252776, 34.561831108 ], [ 135.548290558, 34.561791667 ], [ 135.548353333, 34.561726946 ], [ 135.54852083, 34.561553054 ], [ 135.548722776, 34.561505559 ], [ 135.548888612000013, 34.561445829 ], [ 135.54905444900001, 34.561377225 ], [ 135.549284721, 34.561192225 ], [ 135.549393060999989, 34.561066946 ], [ 135.549472218, 34.560923892 ], [ 135.549550558, 34.560718613 ], [ 135.549601946, 34.560583613 ], [ 135.549565836999989, 34.560470279 ], [ 135.549465006, 34.560345 ], [ 135.54937888500001, 34.560225829 ], [ 135.549316939, 34.560144162 ], [ 135.54909834, 34.559857225 ], [ 135.548497523, 34.559828198 ], [ 135.547857107999988, 34.559803279 ], [ 135.547564086, 34.559755865 ], [ 135.547225746, 34.559696 ], [ 135.547008248999987, 34.559676054 ], [ 135.546585305, 34.559646135 ], [ 135.546598911, 34.559481495 ], [ 135.546665357, 34.558698306 ], [ 135.546679196000014, 34.558333333 ], [ 135.546692724, 34.557976775 ], [ 135.546709338999989, 34.557270892 ], [ 135.546725939999988, 34.556422829 ], [ 135.546754643000014, 34.555552333 ], [ 135.546762191999989, 34.55476164 ], [ 135.545466226, 34.554791586 ], [ 135.545209441999987, 34.554799054 ], [ 135.54519131, 34.555138279 ], [ 135.544310726, 34.555168198 ], [ 135.544304695, 34.55476664 ], [ 135.543866667, 34.554746667 ], [ 135.54320808, 34.554711748 ], [ 135.543007198, 34.554731721 ], [ 135.542387912, 34.555090892 ], [ 135.542001245, 34.555245532 ], [ 135.541978586, 34.555502441 ], [ 135.541666666999987, 34.555611892 ], [ 135.541616083, 34.55562964 ], [ 135.541323061000014, 34.555731919 ], [ 135.541100363, 34.555745387 ], [ 135.541069053, 34.555730532 ], [ 135.541062724, 34.555649252 ], [ 135.541051362, 34.55560236 ], [ 135.540981725, 34.555593252 ], [ 135.540938833000013, 34.555434865 ], [ 135.540911051, 34.554822135 ], [ 135.540995278999986, 34.554597027 ], [ 135.541007367, 34.554185468 ], [ 135.541001336, 34.553803829 ], [ 135.540975667999987, 34.553584333 ], [ 135.540993773999986, 34.553387279 ], [ 135.541030025999987, 34.553227667 ], [ 135.541480143, 34.553242613 ], [ 135.541666666999987, 34.553242613 ], [ 135.541706719, 34.553242613 ], [ 135.541709728, 34.553058054 ], [ 135.541723307000012, 34.552948306 ], [ 135.542001245, 34.552666441 ], [ 135.541998223, 34.55204536 ], [ 135.542008807, 34.551192333 ], [ 135.541712749999988, 34.551194829 ], [ 135.541682555, 34.551045162 ], [ 135.541666666999987, 34.551002532 ], [ 135.541622139999987, 34.550883027 ], [ 135.541341167000013, 34.550501414 ], [ 135.541082892, 34.550142225 ], [ 135.541095109999986, 34.55 ], [ 135.541113113, 34.549790559 ], [ 135.541122166, 34.549548613 ], [ 135.540702243999988, 34.549556081 ], [ 135.540463606, 34.549603468 ], [ 135.540276329, 34.549660829 ], [ 135.539950052, 34.549613441 ], [ 135.539611724999986, 34.549553586 ], [ 135.539622283, 34.548944973 ], [ 135.539598106, 34.548528441 ], [ 135.539552802, 34.548411198 ], [ 135.539428949000012, 34.548366306 ], [ 135.539329248, 34.548366306 ], [ 135.539280921, 34.54822664 ], [ 135.538924474999988, 34.54822164 ], [ 135.538845914, 34.548236613 ], [ 135.538764358, 34.548236613 ], [ 135.538755305, 34.548106892 ], [ 135.53883083, 34.548039559 ], [ 135.539031699, 34.547845 ], [ 135.539010558, 34.547722775 ], [ 135.539345888000014, 34.547682865 ], [ 135.539832244, 34.547705333 ], [ 135.539904747, 34.547084252 ], [ 135.53997572, 34.546702613 ], [ 135.539978755, 34.546625306 ], [ 135.539960635999989, 34.54660036 ], [ 135.539924383999988, 34.546577919 ], [ 135.53988511, 34.546577919 ], [ 135.538703943, 34.546615333 ], [ 135.538580078, 34.546622802 ], [ 135.538525693999986, 34.546630279 ], [ 135.538522698, 34.546555468 ], [ 135.538525693999986, 34.546448198 ], [ 135.538395810999987, 34.546440721 ], [ 135.538407885999987, 34.546273613 ], [ 135.538441115000012, 34.54616636 ], [ 135.538308197, 34.545981775 ], [ 135.538353527999988, 34.545752306 ], [ 135.538419974, 34.545592667 ], [ 135.538883671, 34.545672495 ], [ 135.539054163, 34.545490414 ], [ 135.539170661000014, 34.545368162 ], [ 135.539391193, 34.54539064 ], [ 135.539684228, 34.545470441 ], [ 135.539759753999988, 34.545535306 ], [ 135.539777859999987, 34.545587667 ], [ 135.539812503, 34.545594441 ], [ 135.540058807, 34.545595162 ], [ 135.540342775999989, 34.545597667 ], [ 135.540542140000014, 34.54560764 ], [ 135.540764163, 34.545652532 ], [ 135.541003606, 34.545695829 ], [ 135.541168975, 34.54572236 ], [ 135.541310973, 34.545597667 ], [ 135.541404617000012, 34.545587694 ], [ 135.541326057, 34.545141198 ], [ 135.541181051, 34.544841892 ], [ 135.541072308999986, 34.54463236 ], [ 135.541084383999987, 34.544412865 ], [ 135.541461997, 34.544462775 ], [ 135.541666666999987, 34.544462775 ], [ 135.541676497999987, 34.544462775 ], [ 135.541703671, 34.544158468 ], [ 135.541714254, 34.544036225 ], [ 135.541666666999987, 34.544030892 ], [ 135.541403113, 34.544001306 ], [ 135.541421219, 34.543794279 ], [ 135.541164449, 34.543791802 ], [ 135.541508833, 34.543305414 ], [ 135.541507328, 34.542786613 ], [ 135.541529974000014, 34.541896135 ], [ 135.541551362, 34.541666667 ], [ 135.541593411, 34.541215198 ], [ 135.541522412, 34.540581667 ], [ 135.541549611, 34.540247414 ], [ 135.541641750999986, 34.539217279 ], [ 135.541656835, 34.539139973 ], [ 135.541666666999987, 34.539132721 ], [ 135.541768612, 34.53905764 ], [ 135.541826005, 34.539010252 ], [ 135.541835084000013, 34.538775802 ], [ 135.541869831000014, 34.538077414 ], [ 135.541946861000014, 34.536957468 ], [ 135.541993696, 34.535805108 ], [ 135.542182218, 34.533333333 ], [ 135.542190025999986, 34.533231027 ], [ 135.542217224000012, 34.532834414 ], [ 135.542253476000013, 34.53165464 ], [ 135.542276135, 34.530631973 ], [ 135.542442283000014, 34.530627 ], [ 135.542943748, 34.530689333 ], [ 135.543152192, 34.530706802 ], [ 135.543327419, 34.53068436 ], [ 135.543339494, 34.530255333 ], [ 135.54337725, 34.529856252 ], [ 135.543848495, 34.529866225 ], [ 135.544483502, 34.529902027 ], [ 135.545032698, 34.529921108 ], [ 135.545093113, 34.529923613 ], [ 135.545150532, 34.530103198 ], [ 135.545238106, 34.530330162 ], [ 135.545307613, 34.530444892 ], [ 135.545371050999989, 34.530512252 ], [ 135.545452606999987, 34.530567135 ], [ 135.545549948, 34.530595667 ], [ 135.545815772, 34.530473441 ], [ 135.546205499, 34.530463468 ], [ 135.546223606000012, 34.53060064 ], [ 135.546296109, 34.530782721 ], [ 135.546335383000013, 34.530855054 ], [ 135.546489442, 34.530892468 ], [ 135.546731115, 34.530902441 ], [ 135.546882165999989, 34.530917414 ], [ 135.547078521, 34.530989748 ], [ 135.547271855, 34.531104495 ], [ 135.547436498, 34.531226721 ], [ 135.54760869, 34.531246667 ], [ 135.54788661500001, 34.531309027 ], [ 135.547953087, 34.531368892 ], [ 135.54801649800001, 34.531411279 ], [ 135.548200778, 34.531321495 ], [ 135.548448495, 34.531314 ], [ 135.548560272, 34.531326468 ], [ 135.548629754, 34.531371387 ], [ 135.548759636999989, 34.53147864 ], [ 135.548943917, 34.531468667 ], [ 135.549046641, 34.531226721 ], [ 135.549320026, 34.531301532 ], [ 135.549380441000011, 34.531341441 ], [ 135.549398586, 34.531403802 ], [ 135.549341167, 34.531875225 ], [ 135.549277756, 34.532304225 ], [ 135.55, 34.532471946 ], [ 135.550341089, 34.532551162 ], [ 135.550614475, 34.532638468 ], [ 135.551490532, 34.532294252 ], [ 135.551596278, 34.532179532 ], [ 135.551620441000011, 34.531897667 ], [ 135.55166272400001, 34.531680667 ], [ 135.551865136, 34.530897468 ], [ 135.552008612, 34.530366198 ], [ 135.55244061, 34.530378667 ], [ 135.552498003000011, 34.53038864 ], [ 135.55264, 34.530441027 ], [ 135.55303269800001, 34.530623108 ], [ 135.553243554, 34.530459225 ], [ 135.553365966, 34.530322721 ], [ 135.55337406000001, 34.530191586 ], [ 135.553277393, 34.529872333 ], [ 135.553225279, 34.529736081 ], [ 135.553071945999989, 34.529636054 ], [ 135.552950169000013, 34.529503721 ], [ 135.552857445, 34.529344721 ], [ 135.552873839, 34.529086306 ], [ 135.552891505, 34.528911252 ], [ 135.552942944, 34.528645667 ], [ 135.553117082, 34.528649829 ], [ 135.55355834, 34.528727441 ], [ 135.553763748, 34.528744919 ], [ 135.553993333, 34.528782333 ], [ 135.554216887, 34.528849667 ], [ 135.554497833999989, 34.528872108 ], [ 135.554660973000011, 34.528812252 ], [ 135.554860337, 34.528645135 ], [ 135.5548693, 34.528406225 ], [ 135.5548693, 34.528235333 ], [ 135.554892672, 34.527976892 ], [ 135.555048340000013, 34.527957775 ], [ 135.555071946, 34.527867495 ], [ 135.555106109, 34.527737225 ], [ 135.555228612, 34.527373333 ], [ 135.555235837, 34.526967775 ], [ 135.555156394, 34.526544441 ], [ 135.55507, 34.526389162 ], [ 135.554810558000014, 34.526192225 ], [ 135.55476, 34.526132775 ], [ 135.554770272000013, 34.525984162 ], [ 135.554781673, 34.525822495 ], [ 135.55486083, 34.525747775 ], [ 135.554889728, 34.525610829 ], [ 135.554889728, 34.525425829 ], [ 135.55486083, 34.525270559 ], [ 135.554745551, 34.525121667 ], [ 135.554644720999988, 34.525067775 ], [ 135.554593333000014, 34.525 ], [ 135.554572503, 34.524972495 ], [ 135.554514721, 34.524853054 ], [ 135.554565279, 34.524662225 ], [ 135.554478885, 34.524501108 ], [ 135.554356109, 34.5244 ], [ 135.554277224, 34.524334441 ], [ 135.554248339999987, 34.524173333 ], [ 135.554248339999987, 34.52403 ], [ 135.554212218, 34.523857225 ], [ 135.554205005999989, 34.523699162 ], [ 135.554255551000011, 34.523573892 ], [ 135.554342217999988, 34.523412775 ], [ 135.55436360600001, 34.523311387 ], [ 135.554346667, 34.523257387 ], [ 135.554320558, 34.523174162 ], [ 135.554219442, 34.523001108 ], [ 135.554096939, 34.522887775 ], [ 135.554003333, 34.522738613 ], [ 135.553985006, 34.522510829 ], [ 135.553980272, 34.522454162 ], [ 135.553967224, 34.522291108 ], [ 135.553945551, 34.521957225 ], [ 135.55390778200001, 34.521875559 ], [ 135.553766394, 34.521569441 ], [ 135.553668054000013, 34.521356667 ], [ 135.553647496999986, 34.521311946 ], [ 135.553448054, 34.520880559 ], [ 135.553368885, 34.520755279 ], [ 135.553275006, 34.520427225 ], [ 135.553303891000013, 34.520224441 ], [ 135.553383333, 34.519973892 ], [ 135.553405006, 34.519854441 ], [ 135.553347224, 34.519591946 ], [ 135.553358054, 34.519517225 ], [ 135.553368885, 34.519442775 ], [ 135.553527497, 34.519335559 ], [ 135.553765279, 34.519159721 ], [ 135.553927224, 34.518981387 ], [ 135.554046394000011, 34.518849721 ], [ 135.554123606, 34.518789721 ], [ 135.554233606, 34.518704441 ], [ 135.554277224, 34.518670559 ], [ 135.554421388, 34.518557225 ], [ 135.55455834, 34.518390279 ], [ 135.55478917, 34.518235279 ], [ 135.554904721000014, 34.518112495 ], [ 135.555019728, 34.517990559 ], [ 135.554701946, 34.517872225 ], [ 135.554507782, 34.517799721 ], [ 135.55431333300001, 34.517698333 ], [ 135.554140272000012, 34.517608892 ], [ 135.554017781999988, 34.517573054 ], [ 135.553967224, 34.517701387 ], [ 135.55391666700001, 34.517829441 ], [ 135.553779728, 34.517877225 ], [ 135.553657224, 34.517853333 ], [ 135.553633333, 34.517866387 ], [ 135.553570558, 34.517901108 ], [ 135.553498612, 34.517972775 ], [ 135.553311115000014, 34.518020279 ], [ 135.553130829999986, 34.518026387 ], [ 135.552633606, 34.517990559 ], [ 135.550651115, 34.517889162 ], [ 135.550427782000014, 34.517889162 ], [ 135.55, 34.517860532 ], [ 135.549310558, 34.517814441 ], [ 135.548466939, 34.517736946 ], [ 135.548296939000011, 34.517712495 ], [ 135.547926394, 34.517659441 ], [ 135.547717224, 34.517683333 ], [ 135.547573061, 34.517802775 ], [ 135.547248612, 34.518184162 ], [ 135.547162218000011, 34.518285559 ], [ 135.546866394, 34.518205 ], [ 135.54675083, 34.518155559 ], [ 135.546643061, 34.518109721 ], [ 135.546499442, 34.518053333 ], [ 135.546383891, 34.518008054 ], [ 135.546289728, 34.517944162 ], [ 135.546181946, 34.517870829 ], [ 135.546017782, 34.517714721 ], [ 135.545850272, 34.517555 ], [ 135.545612503, 34.517441667 ], [ 135.545496939, 34.517358333 ], [ 135.54541805400001, 34.517242775 ], [ 135.54533834, 34.517125559 ], [ 135.54525917, 34.517036108 ], [ 135.545162218, 34.516956108 ], [ 135.545057224, 34.516869162 ], [ 135.544869728, 34.516737775 ], [ 135.544833774000011, 34.516666667 ], [ 135.544782218, 34.516564721 ], [ 135.544776109, 34.516552775 ], [ 135.544732775999989, 34.516409721 ], [ 135.544703891000012, 34.516254721 ], [ 135.544610272, 34.516165 ], [ 135.544480558, 34.516111387 ], [ 135.544141673000013, 34.516111387 ], [ 135.543946939, 34.516099441 ], [ 135.543759728, 34.516030829 ], [ 135.543615550999988, 34.515923613 ], [ 135.543579728, 34.515750559 ], [ 135.543644449, 34.515571667 ], [ 135.543759728, 34.515362775 ], [ 135.543882503, 34.515177775 ], [ 135.543968885, 34.514831667 ], [ 135.543990558, 34.514521946 ], [ 135.543976109, 34.514336946 ], [ 135.543925551, 34.514146108 ], [ 135.543853606, 34.5138 ], [ 135.543846394000013, 34.51363 ], [ 135.543889728000011, 34.513301946 ], [ 135.543961673000013, 34.512615829 ], [ 135.544005006, 34.511852495 ], [ 135.543961673000013, 34.511411108 ], [ 135.543579728, 34.511438054 ], [ 135.543578884999988, 34.511434441 ], [ 135.543501673, 34.511064441 ], [ 135.543476109000011, 34.510942225 ], [ 135.54346888500001, 34.510906387 ], [ 135.543427224, 34.510707775 ], [ 135.543370558, 34.510435829 ], [ 135.543167497000013, 34.51027 ], [ 135.543060272, 34.510182775 ], [ 135.543026667, 34.510155279 ], [ 135.542851388, 34.510012225 ], [ 135.542714448999988, 34.510167225 ], [ 135.542599169999988, 34.510405829 ], [ 135.542635279, 34.510566946 ], [ 135.542625279, 34.510616108 ], [ 135.542590272000012, 34.510789441 ], [ 135.542577497, 34.510853333 ], [ 135.542339442000014, 34.510990559 ], [ 135.542123333, 34.511515559 ], [ 135.541798612, 34.511781387 ], [ 135.541789728, 34.511788613 ], [ 135.541666666999987, 34.511889387 ], [ 135.541416938999987, 34.512093892 ], [ 135.541085551, 34.512064162 ], [ 135.540984449, 34.511974721 ], [ 135.540955551, 34.511736108 ], [ 135.540876394, 34.511599162 ], [ 135.54070333300001, 34.511142775 ], [ 135.540321115000012, 34.511351387 ], [ 135.539924721, 34.511542225 ], [ 135.539261388, 34.511774721 ], [ 135.538598054, 34.512132775 ], [ 135.538259728000014, 34.512299721 ], [ 135.53793527900001, 34.512508613 ], [ 135.537861673, 34.512549441 ], [ 135.537271946, 34.512875279 ], [ 135.537055551, 34.513054441 ], [ 135.536971673000011, 34.513112225 ], [ 135.536949170000014, 34.513127495 ], [ 135.536716939, 34.513286946 ], [ 135.536579728, 34.51343 ], [ 135.536406938999988, 34.513543333 ], [ 135.536339442000013, 34.513608613 ], [ 135.536185550999988, 34.513757225 ], [ 135.536150271999986, 34.513791387 ], [ 135.536149169999987, 34.513792225 ], [ 135.535613891, 34.514309721 ], [ 135.53552, 34.514303892 ], [ 135.535476667000012, 34.514208333 ], [ 135.53523194600001, 34.514023333 ], [ 135.535131115000013, 34.514047225 ], [ 135.535116667000011, 34.514202495 ], [ 135.53513834, 34.514441108 ], [ 135.53511, 34.514487775 ], [ 135.535073333000014, 34.514548333 ], [ 135.53506834, 34.514551108 ], [ 135.534906667, 34.514639162 ], [ 135.534828054, 34.514682225 ], [ 135.534712776, 34.514745279 ], [ 135.534280272, 34.514936108 ], [ 135.53407834, 34.515043613 ], [ 135.53389834, 34.515091387 ], [ 135.53379, 34.515061387 ], [ 135.53373250300001, 34.514995829 ], [ 135.53373250300001, 34.514882495 ], [ 135.533840558, 34.514643892 ], [ 135.534085551, 34.514232225 ], [ 135.534359728, 34.513886387 ], [ 135.534539728, 34.513713333 ], [ 135.534575837, 34.513576108 ], [ 135.534568611999987, 34.513343333 ], [ 135.53451834, 34.51323 ], [ 135.534431673, 34.513194162 ], [ 135.53430917, 34.513206108 ], [ 135.534150558, 34.513367225 ], [ 135.53405693900001, 34.513450829 ], [ 135.533869442, 34.513737225 ], [ 135.533660272, 34.513993613 ], [ 135.533660272, 34.514059162 ], [ 135.533718054, 34.514160559 ], [ 135.533681946, 34.514268054 ], [ 135.53345834000001, 34.514542495 ], [ 135.533333333, 34.514660613 ], [ 135.533306939, 34.514685559 ], [ 135.533141115, 34.514739441 ], [ 135.532975551, 34.514766108 ], [ 135.532816939000014, 34.514628892 ], [ 135.532643891, 34.514611108 ], [ 135.532672502999986, 34.514444162 ], [ 135.532805279, 34.514082225 ], [ 135.532867224, 34.513913054 ], [ 135.532636667, 34.513763892 ], [ 135.532903333, 34.512952775 ], [ 135.533076394, 34.512374162 ], [ 135.533098054, 34.51224 ], [ 135.533162776000012, 34.512073054 ], [ 135.533249442, 34.511923892 ], [ 135.533333333, 34.511646162 ], [ 135.533379169999989, 34.511494441 ], [ 135.533379169999989, 34.511381108 ], [ 135.533494448999988, 34.511005279 ], [ 135.533572217999989, 34.510630559 ], [ 135.533609727999988, 34.510450279 ], [ 135.53366749700001, 34.510247775 ], [ 135.533725279, 34.510095829 ], [ 135.533847782, 34.509505 ], [ 135.533999169999987, 34.508717775 ], [ 135.53402083, 34.508526667 ], [ 135.534114448999986, 34.508341946 ], [ 135.534119364, 34.508333333 ], [ 135.53422834, 34.508141946 ], [ 135.53432053200001, 34.507980468 ], [ 135.534381388000014, 34.507873892 ], [ 135.534871388, 34.507151946 ], [ 135.535116667000011, 34.506710559 ], [ 135.535195837, 34.506597225 ], [ 135.535311388, 34.506400279 ], [ 135.535606939, 34.505762225 ], [ 135.535673333, 34.505597495 ], [ 135.53580138800001, 34.505279162 ], [ 135.535892776, 34.50504 ], [ 135.535909728, 34.504995829 ], [ 135.535916394, 34.504986387 ], [ 135.535958612, 34.504926108 ], [ 135.536015279, 34.504845559 ], [ 135.53609, 34.504739162 ], [ 135.536262776, 34.50459 ], [ 135.536518612, 34.504400559 ], [ 135.536681388, 34.504280559 ], [ 135.536803333, 34.504190279 ], [ 135.537113333, 34.503975559 ], [ 135.537466667, 34.503647775 ], [ 135.537511946, 34.503602495 ], [ 135.537613333, 34.503500829 ], [ 135.537670272000014, 34.503443613 ], [ 135.53772834, 34.503385559 ], [ 135.537838054, 34.503275559 ], [ 135.53801639400001, 34.503094441 ], [ 135.538146109, 34.502951387 ], [ 135.538246939, 34.502855829 ], [ 135.538498612000012, 34.502751667 ], [ 135.538506394, 34.502748333 ], [ 135.538748340000012, 34.502648333 ], [ 135.538863606, 34.502493054 ], [ 135.538877781999986, 34.502361946 ], [ 135.538964449, 34.502218613 ], [ 135.53913, 34.501974162 ], [ 135.539193332999986, 34.501886946 ], [ 135.539360558, 34.501656946 ], [ 135.539497224, 34.501468613 ], [ 135.539533333, 34.501402775 ], [ 135.53960834, 34.501265279 ], [ 135.539705837000014, 34.501086667 ], [ 135.53965555100001, 34.500881387 ], [ 135.53959083, 34.500750279 ], [ 135.539594163, 34.500735279 ], [ 135.539619728, 34.500616667 ], [ 135.539684163, 34.500449441 ], [ 135.539764163, 34.500233613 ], [ 135.539794721, 34.500151667 ], [ 135.539806667, 34.500119162 ], [ 135.539840636, 34.5 ], [ 135.539852503, 34.499958333 ], [ 135.539873891000013, 34.499882225 ], [ 135.539921946, 34.499713333 ], [ 135.539935837, 34.499613892 ], [ 135.539943891, 34.499554162 ], [ 135.539961115000011, 34.499430829 ], [ 135.539967224, 34.499385559 ] ], [ [ 135.554651089, 34.755594054 ], [ 135.555158975000012, 34.75539136 ], [ 135.555527224, 34.755331946 ], [ 135.555563191, 34.755518919 ], [ 135.555484501, 34.755556 ], [ 135.555505032000013, 34.755659 ], [ 135.55449869, 34.755842162 ], [ 135.554295524999986, 34.75588936 ], [ 135.553819364, 34.756008162 ], [ 135.553762218, 34.756036135 ], [ 135.553698755, 34.756114775 ], [ 135.553552724000014, 34.756151468 ], [ 135.553468054, 34.755999441 ], [ 135.553647950999988, 34.755808973 ], [ 135.553762218, 34.755753054 ], [ 135.554050052, 34.755604532 ], [ 135.554157976999988, 34.755553865 ], [ 135.554344228, 34.755511919 ], [ 135.554617197999988, 34.755471748 ], [ 135.554651089, 34.755594054 ] ], [ [ 135.546446393999986, 34.806874721 ], [ 135.546326666999988, 34.807035559 ], [ 135.546097782, 34.807343613 ], [ 135.546016589, 34.807618279 ], [ 135.545857717, 34.807775667 ], [ 135.545476524, 34.807737892 ], [ 135.544378664, 34.807687532 ], [ 135.544070661, 34.807654054 ], [ 135.543930143000011, 34.807593252 ], [ 135.543792529, 34.80750564 ], [ 135.54353083, 34.807311108 ], [ 135.543406393999987, 34.807084162 ], [ 135.543396939, 34.807041946 ], [ 135.543367224, 34.806911387 ], [ 135.543419441999987, 34.806700559 ], [ 135.543511115, 34.806527775 ], [ 135.543516667, 34.806523892 ], [ 135.543701115, 34.806398054 ], [ 135.543897496999989, 34.806355 ], [ 135.544028340000011, 34.806311667 ], [ 135.544270558, 34.806295559 ], [ 135.54450834, 34.806283613 ], [ 135.544776394, 34.806270279 ], [ 135.544814163000012, 34.806268333 ], [ 135.544956109, 34.806256946 ], [ 135.545220272, 34.806236387 ], [ 135.545495550999988, 34.806214721 ], [ 135.545678611999989, 34.806122775 ], [ 135.545731115, 34.805993333 ], [ 135.545711388, 34.805831108 ], [ 135.545626109000011, 34.805685279 ], [ 135.545482217999989, 34.805588054 ], [ 135.545272503, 34.805512495 ], [ 135.545076109, 34.805269162 ], [ 135.545298885, 34.805063892 ], [ 135.545495279, 34.804993613 ], [ 135.545731115, 34.804945 ], [ 135.545953606000012, 34.804966667 ], [ 135.546078054, 34.804999162 ], [ 135.54620917, 34.805091108 ], [ 135.546320272, 34.805215279 ], [ 135.546381673000013, 34.80529 ], [ 135.54672, 34.805701387 ], [ 135.546818054, 34.805863613 ], [ 135.546818054, 34.806063333 ], [ 135.546805006, 34.806225559 ], [ 135.546752503, 34.806387495 ], [ 135.546634721, 34.806560559 ], [ 135.546514163000012, 34.806762495 ], [ 135.546451388, 34.806868054 ], [ 135.546446393999986, 34.806874721 ] ] ], [ [ [ 135.459008612, 34.583519973 ], [ 135.45902847, 34.583510414 ], [ 135.459046161, 34.583481135 ], [ 135.459042724, 34.583469586 ], [ 135.458995772, 34.583431829 ], [ 135.45896725, 34.583425919 ], [ 135.45892992200001, 34.583435865 ], [ 135.458900117000013, 34.583448721 ], [ 135.458887173, 34.583469387 ], [ 135.458878171, 34.583508306 ], [ 135.458898418, 34.583531027 ], [ 135.458920506, 34.583536919 ], [ 135.458960752, 34.583530829 ], [ 135.459008612, 34.583519973 ] ] ], [ [ [ 135.441237445000013, 34.603239225 ], [ 135.441245447, 34.603257694 ], [ 135.44112603100001, 34.603293081 ], [ 135.441117056, 34.603272387 ], [ 135.441082996, 34.603282495 ], [ 135.441090999000011, 34.603300946 ], [ 135.440965745999989, 34.603338081 ], [ 135.440956161, 34.603316 ], [ 135.440926109, 34.603324919 ], [ 135.440935188, 34.603345892 ], [ 135.440816641, 34.603381027 ], [ 135.440807367, 34.603359613 ], [ 135.440774747, 34.603369279 ], [ 135.440784838000013, 34.603392532 ], [ 135.440663256, 34.603428586 ], [ 135.440655058, 34.603409721 ], [ 135.440620661, 34.603419946 ], [ 135.440629144000013, 34.603439441 ], [ 135.440455837, 34.603490829 ], [ 135.440446394, 34.603469081 ], [ 135.440414306, 34.603478586 ], [ 135.440423191, 34.603499108 ], [ 135.440302192, 34.603534973 ], [ 135.440292581, 34.603512748 ], [ 135.440258807, 34.603522775 ], [ 135.440268716, 34.603545586 ], [ 135.440148275000013, 34.603581306 ], [ 135.440139468000012, 34.603561 ], [ 135.440107808, 34.603570387 ], [ 135.440116835, 34.603591162 ], [ 135.4399962, 34.603626919 ], [ 135.439987224, 34.603606162 ], [ 135.439953554, 34.603616162 ], [ 135.439962218, 34.603636135 ], [ 135.439841582000014, 34.603671919 ], [ 135.43983345, 34.603653135 ], [ 135.439798806999988, 34.603663387 ], [ 135.439806809, 34.603681829 ], [ 135.439636887, 34.603732198 ], [ 135.439628586, 34.603713054 ], [ 135.439597107999987, 34.603722387 ], [ 135.439605642, 34.603742027 ], [ 135.43948153, 34.603778829 ], [ 135.4394738, 34.603761054 ], [ 135.439440895, 34.603770802 ], [ 135.439449105, 34.603789865 ], [ 135.439325746, 34.603826414 ], [ 135.439316719, 34.603805559 ], [ 135.439286226, 34.603814586 ], [ 135.439294864, 34.603834586 ], [ 135.439173864999987, 34.603870441 ], [ 135.439164189, 34.603848162 ], [ 135.439134163, 34.603857054 ], [ 135.439144189, 34.603880135 ], [ 135.438957886, 34.60393536 ], [ 135.438947808, 34.603912108 ], [ 135.438917497, 34.603921081 ], [ 135.438926446000011, 34.603941775 ], [ 135.438901413999986, 34.603949198 ], [ 135.438920505999988, 34.603993279 ], [ 135.441666667, 34.603179054 ], [ 135.443026887, 34.602775775 ], [ 135.443008301, 34.602732919 ], [ 135.44298572, 34.602739613 ], [ 135.442976939, 34.602719306 ], [ 135.442940947000011, 34.602729973 ], [ 135.442949637, 34.602750081 ], [ 135.442768105999988, 34.602803892 ], [ 135.442760246, 34.602785748 ], [ 135.442722995999986, 34.602796775 ], [ 135.442730052, 34.602813054 ], [ 135.442612607, 34.602847892 ], [ 135.442603722, 34.602827414 ], [ 135.44256725, 34.602838225 ], [ 135.44257642, 34.60285936 ], [ 135.442459273999987, 34.602894108 ], [ 135.442450052, 34.602872802 ], [ 135.442411946, 34.602884108 ], [ 135.442421582, 34.602906333 ], [ 135.442307301999989, 34.602940225 ], [ 135.442298664, 34.602920306 ], [ 135.442260804, 34.602931559 ], [ 135.442269468, 34.602951532 ], [ 135.442099468, 34.603001946 ], [ 135.44208978, 34.602979613 ], [ 135.442053865, 34.602990252 ], [ 135.442063645, 34.603012775 ], [ 135.441946550000011, 34.603047495 ], [ 135.441937886, 34.603027441 ], [ 135.441902827, 34.603037829 ], [ 135.441911388, 34.603057559 ], [ 135.441791607999988, 34.603093054 ], [ 135.441783061, 34.60307336 ], [ 135.441748366000013, 34.603083667 ], [ 135.44175700400001, 34.603103586 ], [ 135.441666667, 34.60313036 ], [ 135.441641673, 34.603137775 ], [ 135.441633191, 34.603118198 ], [ 135.441592996, 34.603130108 ], [ 135.441601776999988, 34.60315036 ], [ 135.441486809, 34.603184441 ], [ 135.441477690999989, 34.603163468 ], [ 135.441439857, 34.603174694 ], [ 135.441450078, 34.603198252 ], [ 135.44127978, 34.603248748 ], [ 135.44127131, 34.603229198 ], [ 135.441237445000013, 34.603239225 ] ] ], [ [ [ 135.44386511, 34.625207721 ], [ 135.443859079, 34.625164613 ], [ 135.443464916000011, 34.625200919 ], [ 135.443383087, 34.625209559 ], [ 135.443388223, 34.625254667 ], [ 135.44386511, 34.625207721 ] ] ], [ [ [ 135.450271154, 34.642450505 ], [ 135.450025006, 34.643832225 ], [ 135.450032685, 34.643842802 ], [ 135.450045746, 34.643846919 ], [ 135.450058119, 34.643840126 ], [ 135.450303190999989, 34.642456324 ], [ 135.450271154, 34.642450505 ] ] ], [ [ [ 135.44702655, 34.809863694 ], [ 135.447046161, 34.809938667 ], [ 135.447083671, 34.809961081 ], [ 135.447266667, 34.810069252 ], [ 135.447292776000012, 34.810083748 ], [ 135.447474617000012, 34.810153586 ], [ 135.447547056, 34.810225198 ], [ 135.447598340000013, 34.810276667 ], [ 135.447623306999986, 34.810362387 ], [ 135.447643774, 34.81043164 ], [ 135.447650441, 34.810453721 ], [ 135.447683748, 34.810500441 ], [ 135.447742244000011, 34.810581532 ], [ 135.447787328, 34.81064336 ], [ 135.447864773, 34.810751081 ], [ 135.447955525, 34.810876919 ], [ 135.448068197, 34.810959306 ], [ 135.448130661, 34.811005468 ], [ 135.448208716000011, 34.811026027 ], [ 135.448254449, 34.811037559 ], [ 135.448318807, 34.811042802 ], [ 135.44841703, 34.811033532 ], [ 135.448480117, 34.811027054 ], [ 135.44869635500001, 34.810973721 ], [ 135.449211388, 34.810961667 ], [ 135.449189780000012, 34.810842441 ], [ 135.449147497000013, 34.810804721 ], [ 135.44895917, 34.810637225 ], [ 135.448775837, 34.810474441 ], [ 135.448676393999989, 34.810385829 ], [ 135.448631946, 34.810191387 ], [ 135.448582218000013, 34.809974162 ], [ 135.448563191, 34.809836775 ], [ 135.448554137, 34.809791802 ], [ 135.447802776, 34.809765559 ], [ 135.447583722, 34.809723198 ], [ 135.447085058, 34.80976236 ], [ 135.447032944, 34.809820802 ], [ 135.44702655, 34.809863694 ] ] ] ] } }
]
}
