{
"type": "FeatureCollection",
"name": "one_way_area",
"crs": { "type": "name", "properties": { "name": "urn:ogc:def:crs:OGC:1.3:CRS84" } },
"features": [
{ "type": "Feature", "properties": { "id": "高速往復.1", "Name": "外側高速高速往復エリア", "description": "説明: <br>id: 高速往復.1<br>tessellate: -1<br>extrude: 0<br>visibility: -1<br>N03_001: 京都府<br>N03_004: 木津川市<br>N03_007: 26214<br>layer: 京都府<br>path: MultiPolygon?crs=EPSG:6668&amp;field=N03_001:string(0,0)&amp;field=N03_002:string(0,0)&amp;field=N03_003:string(0,0)&amp;field=N03_004:string(0,0)&amp;field=N03_007:string(0,0)&amp;uid={bb0d786d-88b3-49bb-8d13-e8d895da564a}", "timestamp": null, "begin": null, "end": null, "altitudeMode": null, "tessellate": -1, "extrude": 0, "visibility": -1, "drawOrder": null, "icon": null, "______": "", "N03_001": "京都府", "N03_004": "木津川市", "N03_007": "26214", "layer": "京都府", "path": "MultiPolygon?crs=EPSG:6668&amp;field=N03_001:string(0,0)&amp;field=N03_002:string(0,0)&amp;field=N03_003:string(0,0)&amp;field=N03_004:string(0,0)&amp;field=N03_007:string(0,0)&amp;uid={bb0d786d-88b3-49bb-8d13-e8d895da564a}" }, "geometry": { "type": "LineString", "coordinates": [ [ 135.112071, 34.115205, 0.0 ], [ 134.773414, 34.122129, 0.0 ], [ 134.638688, 34.250706, 0.0 ], [ 134.68371, 34.698037, 0.0 ], [ 134.357813, 34.726567, 0.0 ], [ 134.322081, 34.722004, 0.0 ], [ 134.321729, 34.721946, 0.0 ], [ 134.32162, 34.723349, 0.0 ], [ 134.321954, 34.724408, 0.0 ], [ 134.321907, 34.725671, 0.0 ], [ 134.321735, 34.726612, 0.0 ], [ 134.321241, 34.727528, 0.0 ], [ 134.320977, 34.728995, 0.0 ], [ 134.321046, 34.729179, 0.0 ], [ 134.323651, 34.731044, 0.0 ], [ 134.323763, 34.732252, 0.0 ], [ 134.321841, 34.733313, 0.0 ], [ 134.321332, 34.734083, 0.0 ], [ 134.320709, 34.73555, 0.0 ], [ 134.318727, 34.735271, 0.0 ], [ 134.316926, 34.735235, 0.0 ], [ 134.316577, 34.735388, 0.0 ], [ 134.315981, 34.736024, 0.0 ], [ 134.315329, 34.73629, 0.0 ], [ 134.314884, 34.737267, 0.0 ], [ 134.314343, 34.737692, 0.0 ], [ 134.313276, 34.738095, 0.0 ], [ 134.313027, 34.738397, 0.0 ], [ 134.313653, 34.739049, 0.0 ], [ 134.313526, 34.74003, 0.0 ], [ 134.314632, 34.740578, 0.0 ], [ 134.314656, 34.741278, 0.0 ], [ 134.314852, 34.741777, 0.0 ], [ 134.316539, 34.743897, 0.0 ], [ 134.31652, 34.745464, 0.0 ], [ 134.31686, 34.746667, 0.0 ], [ 134.316823, 34.748085, 0.0 ], [ 134.317053, 34.749258, 0.0 ], [ 134.318156, 34.751061, 0.0 ], [ 134.318329, 34.75166, 0.0 ], [ 134.318298, 34.75258, 0.0 ], [ 134.31779, 34.753466, 0.0 ], [ 134.318217, 34.754946, 0.0 ], [ 134.31832, 34.755923, 0.0 ], [ 134.319005, 34.756975, 0.0 ], [ 134.320092, 34.757777, 0.0 ], [ 134.320482, 34.759588, 0.0 ], [ 134.321531, 34.761709, 0.0 ], [ 134.322592, 34.761956, 0.0 ], [ 134.323585, 34.762575, 0.0 ], [ 134.324474, 34.763577, 0.0 ], [ 134.325977, 34.763532, 0.0 ], [ 134.327764, 34.764221, 0.0 ], [ 134.327892, 34.764741, 0.0 ], [ 134.327443, 34.765927, 0.0 ], [ 134.327383, 34.766553, 0.0 ], [ 134.328956, 34.766824, 0.0 ], [ 134.329746, 34.766722, 0.0 ], [ 134.330259, 34.767481, 0.0 ], [ 134.330456, 34.767453, 0.0 ], [ 134.331142, 34.766531, 0.0 ], [ 134.333223, 34.765715, 0.0 ], [ 134.334147, 34.768037, 0.0 ], [ 134.334831, 34.769127, 0.0 ], [ 134.333911, 34.770074, 0.0 ], [ 134.333402, 34.769831, 0.0 ], [ 134.330761, 34.770794, 0.0 ], [ 134.330674, 34.771051, 0.0 ], [ 134.331043, 34.772606, 0.0 ], [ 134.329775, 34.773565, 0.0 ], [ 134.3296, 34.774238, 0.0 ], [ 134.329447, 34.774309, 0.0 ], [ 134.328136, 34.774211, 0.0 ], [ 134.325935, 34.775212, 0.0 ], [ 134.323003, 34.774259, 0.0 ], [ 134.322725, 34.774421, 0.0 ], [ 134.322479, 34.775053, 0.0 ], [ 134.320931, 34.775789, 0.0 ], [ 134.320075, 34.775954, 0.0 ], [ 134.320712, 34.776669, 0.0 ], [ 134.320618, 34.777045, 0.0 ], [ 134.319665, 34.778029, 0.0 ], [ 134.318084, 34.777924, 0.0 ], [ 134.317711, 34.778107, 0.0 ], [ 134.317574, 34.779584, 0.0 ], [ 134.316604, 34.780057, 0.0 ], [ 134.315828, 34.781041, 0.0 ], [ 134.316504, 34.782901, 0.0 ], [ 134.317249, 34.783154, 0.0 ], [ 134.317943, 34.783654, 0.0 ], [ 134.318165, 34.784284, 0.0 ], [ 134.319004, 34.785043, 0.0 ], [ 134.31897, 34.786352, 0.0 ], [ 134.319381, 34.787266, 0.0 ], [ 134.319209, 34.788188, 0.0 ], [ 134.317861, 34.789792, 0.0 ], [ 134.316902, 34.791248, 0.0 ], [ 134.31602, 34.79199, 0.0 ], [ 134.318118, 34.793021, 0.0 ], [ 134.318178, 34.79326, 0.0 ], [ 134.31745, 34.794361, 0.0 ], [ 134.317715, 34.795683, 0.0 ], [ 134.31757, 34.796056, 0.0 ], [ 134.316465, 34.79721, 0.0 ], [ 134.317116, 34.797709, 0.0 ], [ 134.317424, 34.798958, 0.0 ], [ 134.317304, 34.799429, 0.0 ], [ 134.316773, 34.800006, 0.0 ], [ 134.316585, 34.800766, 0.0 ], [ 134.317099, 34.801951, 0.0 ], [ 134.316361, 34.802574, 0.0 ], [ 134.314172, 34.803053, 0.0 ], [ 134.312989, 34.802742, 0.0 ], [ 134.311285, 34.802552, 0.0 ], [ 134.310837, 34.802682, 0.0 ], [ 134.310181, 34.803369, 0.0 ], [ 134.310352, 34.804219, 0.0 ], [ 134.309941, 34.804768, 0.0 ], [ 134.309462, 34.805124, 0.0 ], [ 134.308424, 34.805432, 0.0 ], [ 134.308383, 34.806006, 0.0 ], [ 134.308682, 34.806745, 0.0 ], [ 134.308679, 34.807133, 0.0 ], [ 134.307258, 34.807471, 0.0 ], [ 134.306341, 34.808616, 0.0 ], [ 134.307351, 34.810923, 0.0 ], [ 134.307325, 34.811169, 0.0 ], [ 134.306914, 34.811528, 0.0 ], [ 134.305564, 34.812431, 0.0 ], [ 134.305146, 34.812369, 0.0 ], [ 134.304687, 34.812573, 0.0 ], [ 134.304264, 34.812988, 0.0 ], [ 134.30385, 34.813748, 0.0 ], [ 134.302667, 34.814212, 0.0 ], [ 134.302145, 34.814662, 0.0 ], [ 134.301537, 34.814627, 0.0 ], [ 134.301199, 34.81379, 0.0 ], [ 134.300967, 34.81367, 0.0 ], [ 134.299705, 34.813994, 0.0 ], [ 134.298502, 34.813459, 0.0 ], [ 134.298337, 34.813514, 0.0 ], [ 134.298142, 34.813621, 0.0 ], [ 134.298022, 34.814303, 0.0 ], [ 134.297663, 34.814915, 0.0 ], [ 134.297147, 34.815157, 0.0 ], [ 134.297037, 34.815422, 0.0 ], [ 134.295762, 34.815731, 0.0 ], [ 134.295804, 34.816364, 0.0 ], [ 134.295302, 34.816954, 0.0 ], [ 134.295634, 34.817719, 0.0 ], [ 134.295607, 34.818056, 0.0 ], [ 134.295261, 34.818586, 0.0 ], [ 134.29466, 34.818788, 0.0 ], [ 134.29321, 34.81845, 0.0 ], [ 134.292183, 34.820111, 0.0 ], [ 134.290616, 34.820096, 0.0 ], [ 134.288813, 34.821222, 0.0 ], [ 134.287931, 34.821559, 0.0 ], [ 134.287863, 34.823037, 0.0 ], [ 134.287649, 34.823519, 0.0 ], [ 134.287649, 34.824025, 0.0 ], [ 134.288119, 34.824686, 0.0 ], [ 134.287965, 34.825249, 0.0 ], [ 134.288351, 34.826185, 0.0 ], [ 134.288419, 34.82693, 0.0 ], [ 134.287992, 34.827806, 0.0 ], [ 134.288364, 34.828211, 0.0 ], [ 134.287446, 34.828798, 0.0 ], [ 134.285803, 34.829136, 0.0 ], [ 134.284249, 34.829046, 0.0 ], [ 134.283866, 34.829181, 0.0 ], [ 134.2838, 34.829487, 0.0 ], [ 134.283347, 34.829745, 0.0 ], [ 134.282477, 34.829804, 0.0 ], [ 134.28186, 34.829143, 0.0 ], [ 134.280816, 34.829012, 0.0 ], [ 134.279172, 34.828393, 0.0 ], [ 134.277526, 34.828021, 0.0 ], [ 134.276543, 34.828167, 0.0 ], [ 134.275863, 34.828045, 0.0 ], [ 134.274923, 34.828629, 0.0 ], [ 134.274731, 34.828062, 0.0 ], [ 134.274386, 34.827641, 0.0 ], [ 134.273324, 34.827182, 0.0 ], [ 134.272532, 34.826526, 0.0 ], [ 134.271268, 34.826859, 0.0 ], [ 134.270413, 34.827377, 0.0 ], [ 134.270104, 34.827391, 0.0 ], [ 134.270002, 34.826765, 0.0 ], [ 134.26915, 34.826321, 0.0 ], [ 134.268552, 34.826062, 0.0 ], [ 134.267104, 34.826075, 0.0 ], [ 134.266295, 34.825641, 0.0 ], [ 134.266022, 34.825687, 0.0 ], [ 134.265361, 34.826431, 0.0 ], [ 134.264916, 34.826691, 0.0 ], [ 134.264231, 34.826479, 0.0 ], [ 134.263821, 34.826683, 0.0 ], [ 134.263426, 34.8275, 0.0 ], [ 134.262399, 34.828882, 0.0 ], [ 134.26221, 34.829705, 0.0 ], [ 134.261756, 34.830437, 0.0 ], [ 134.26173, 34.831149, 0.0 ], [ 134.263169, 34.832252, 0.0 ], [ 134.263347, 34.832721, 0.0 ], [ 134.262535, 34.834756, 0.0 ], [ 134.261782, 34.835769, 0.0 ], [ 134.262179, 34.836192, 0.0 ], [ 134.262878, 34.836395, 0.0 ], [ 134.263117, 34.836827, 0.0 ], [ 134.263755, 34.836859, 0.0 ], [ 134.264389, 34.837112, 0.0 ], [ 134.265404, 34.838357, 0.0 ], [ 134.265502, 34.838736, 0.0 ], [ 134.265099, 34.839439, 0.0 ], [ 134.265311, 34.840448, 0.0 ], [ 134.263693, 34.84105, 0.0 ], [ 134.263126, 34.841417, 0.0 ], [ 134.263014, 34.842015, 0.0 ], [ 134.26237, 34.843144, 0.0 ], [ 134.261865, 34.843672, 0.0 ], [ 134.261844, 34.844108, 0.0 ], [ 134.262856, 34.84523, 0.0 ], [ 134.262651, 34.845694, 0.0 ], [ 134.261574, 34.846326, 0.0 ], [ 134.261193, 34.846853, 0.0 ], [ 134.26036, 34.847172, 0.0 ], [ 134.259718, 34.847228, 0.0 ], [ 134.25908, 34.846823, 0.0 ], [ 134.258871, 34.846844, 0.0 ], [ 134.258226, 34.848304, 0.0 ], [ 134.257549, 34.848835, 0.0 ], [ 134.257134, 34.848761, 0.0 ], [ 134.255987, 34.848134, 0.0 ], [ 134.255486, 34.848345, 0.0 ], [ 134.254462, 34.849434, 0.0 ], [ 134.254273, 34.849878, 0.0 ], [ 134.254277, 34.850739, 0.0 ], [ 134.254033, 34.851144, 0.0 ], [ 134.253016, 34.851378, 0.0 ], [ 134.252738, 34.851899, 0.0 ], [ 134.252845, 34.852308, 0.0 ], [ 134.253761, 34.85329, 0.0 ], [ 134.253615, 34.855775, 0.0 ], [ 134.254001, 34.856958, 0.0 ], [ 134.254897, 34.857382, 0.0 ], [ 134.256002, 34.858467, 0.0 ], [ 134.255283, 34.859658, 0.0 ], [ 134.255313, 34.859915, 0.0 ], [ 134.256479, 34.861561, 0.0 ], [ 134.258532, 34.862639, 0.0 ], [ 134.258494, 34.86342, 0.0 ], [ 134.258731, 34.864389, 0.0 ], [ 134.259253, 34.864892, 0.0 ], [ 134.25948, 34.866054, 0.0 ], [ 134.260112, 34.867138, 0.0 ], [ 134.260052, 34.867753, 0.0 ], [ 134.259061, 34.868502, 0.0 ], [ 134.259202, 34.869368, 0.0 ], [ 134.258975, 34.870314, 0.0 ], [ 134.260726, 34.870479, 0.0 ], [ 134.261657, 34.871139, 0.0 ], [ 134.263365, 34.871114, 0.0 ], [ 134.264303, 34.872226, 0.0 ], [ 134.265566, 34.873052, 0.0 ], [ 134.265784, 34.873752, 0.0 ], [ 134.266463, 34.874346, 0.0 ], [ 134.267062, 34.875388, 0.0 ], [ 134.2669, 34.875919, 0.0 ], [ 134.266334, 34.876311, 0.0 ], [ 134.266399, 34.877076, 0.0 ], [ 134.265829, 34.877649, 0.0 ], [ 134.264166, 34.877936, 0.0 ], [ 134.263986, 34.878115, 0.0 ], [ 134.264296, 34.879016, 0.0 ], [ 134.263283, 34.879682, 0.0 ], [ 134.262681, 34.880894, 0.0 ], [ 134.262753, 34.881302, 0.0 ], [ 134.262354, 34.881983, 0.0 ], [ 134.262839, 34.884307, 0.0 ], [ 134.263394, 34.884782, 0.0 ], [ 134.263989, 34.884826, 0.0 ], [ 134.264541, 34.885164, 0.0 ], [ 134.265226, 34.884696, 0.0 ], [ 134.266444, 34.884358, 0.0 ], [ 134.267334, 34.88334, 0.0 ], [ 134.268526, 34.883678, 0.0 ], [ 134.26998, 34.883604, 0.0 ], [ 134.270126, 34.883794, 0.0 ], [ 134.26953, 34.885767, 0.0 ], [ 134.268713, 34.886416, 0.0 ], [ 134.268858, 34.887062, 0.0 ], [ 134.268721, 34.887849, 0.0 ], [ 134.269293, 34.889091, 0.0 ], [ 134.270367, 34.889809, 0.0 ], [ 134.271947, 34.889668, 0.0 ], [ 134.272236, 34.88981, 0.0 ], [ 134.273064, 34.890684, 0.0 ], [ 134.27285, 34.891416, 0.0 ], [ 134.273482, 34.892587, 0.0 ], [ 134.27523, 34.893191, 0.0 ], [ 134.275726, 34.893952, 0.0 ], [ 134.277112, 34.894597, 0.0 ], [ 134.277791, 34.895141, 0.0 ], [ 134.279161, 34.895275, 0.0 ], [ 134.280073, 34.895795, 0.0 ], [ 134.281188, 34.895925, 0.0 ], [ 134.282519, 34.895219, 0.0 ], [ 134.283444, 34.895303, 0.0 ], [ 134.283585, 34.895363, 0.0 ], [ 134.283819, 34.89656, 0.0 ], [ 134.284332, 34.897055, 0.0 ], [ 134.287209, 34.897162, 0.0 ], [ 134.289148, 34.897691, 0.0 ], [ 134.289384, 34.898251, 0.0 ], [ 134.289307, 34.898771, 0.0 ], [ 134.288331, 34.899478, 0.0 ], [ 134.288322, 34.900213, 0.0 ], [ 134.288421, 34.900368, 0.0 ], [ 134.289602, 34.900259, 0.0 ], [ 134.2903, 34.900393, 0.0 ], [ 134.290383, 34.901008, 0.0 ], [ 134.290629, 34.901279, 0.0 ], [ 134.292214, 34.901657, 0.0 ], [ 134.292533, 34.90283, 0.0 ], [ 134.293585, 34.902707, 0.0 ], [ 134.294106, 34.902802, 0.0 ], [ 134.294408, 34.903722, 0.0 ], [ 134.294939, 34.904077, 0.0 ], [ 134.294681, 34.904614, 0.0 ], [ 134.295015, 34.907462, 0.0 ], [ 134.293012, 34.908249, 0.0 ], [ 134.293127, 34.90961, 0.0 ], [ 134.292845, 34.911447, 0.0 ], [ 134.291843, 34.911004, 0.0 ], [ 134.290657, 34.910723, 0.0 ], [ 134.289822, 34.910769, 0.0 ], [ 134.287437, 34.912668, 0.0 ], [ 134.287407, 34.915281, 0.0 ], [ 134.285729, 34.916474, 0.0 ], [ 134.284019, 34.916966, 0.0 ], [ 134.283313, 34.9186, 0.0 ], [ 134.284319, 34.919494, 0.0 ], [ 134.284654, 34.92002, 0.0 ], [ 134.284714, 34.920458, 0.0 ], [ 134.284492, 34.921035, 0.0 ], [ 134.283277, 34.921386, 0.0 ], [ 134.281701, 34.921457, 0.0 ], [ 134.280168, 34.921802, 0.0 ], [ 134.279431, 34.921597, 0.0 ], [ 134.278481, 34.921591, 0.0 ], [ 134.277974, 34.921869, 0.0 ], [ 134.277171, 34.922702, 0.0 ], [ 134.277064, 34.923444, 0.0 ], [ 134.274799, 34.92428, 0.0 ], [ 134.274872, 34.924717, 0.0 ], [ 134.275343, 34.925403, 0.0 ], [ 134.275412, 34.926036, 0.0 ], [ 134.275814, 34.927049, 0.0 ], [ 134.275601, 34.928244, 0.0 ], [ 134.276096, 34.929511, 0.0 ], [ 134.276096, 34.92968, 0.0 ], [ 134.274919, 34.929761, 0.0 ], [ 134.274908, 34.93107, 0.0 ], [ 134.273522, 34.931734, 0.0 ], [ 134.273087, 34.932551, 0.0 ], [ 134.27287, 34.932669, 0.0 ], [ 134.271946, 34.932748, 0.0 ], [ 134.271271, 34.933465, 0.0 ], [ 134.269722, 34.933732, 0.0 ], [ 134.269093, 34.934032, 0.0 ], [ 134.268889, 34.934606, 0.0 ], [ 134.267354, 34.936475, 0.0 ], [ 134.267487, 34.935589, 0.0 ], [ 134.267162, 34.935385, 0.0 ], [ 134.265201, 34.936117, 0.0 ], [ 134.264777, 34.936961, 0.0 ], [ 134.263518, 34.936117, 0.0 ], [ 134.263237, 34.936238, 0.0 ], [ 134.263236, 34.936834, 0.0 ], [ 134.262884, 34.937657, 0.0 ], [ 134.262363, 34.937545, 0.0 ], [ 134.260997, 34.93676, 0.0 ], [ 134.260475, 34.936092, 0.0 ], [ 134.260201, 34.934826, 0.0 ], [ 134.259944, 34.934439, 0.0 ], [ 134.259156, 34.934108, 0.0 ], [ 134.258591, 34.934076, 0.0 ], [ 134.258387, 34.93572, 0.0 ], [ 134.257504, 34.935855, 0.0 ], [ 134.257165, 34.93643, 0.0 ], [ 134.256146, 34.936734, 0.0 ], [ 134.25548, 34.937544, 0.0 ], [ 134.254841, 34.937747, 0.0 ], [ 134.254094, 34.937657, 0.0 ], [ 134.254121, 34.93831, 0.0 ], [ 134.253727, 34.939087, 0.0 ], [ 134.253564, 34.941688, 0.0 ], [ 134.253347, 34.942206, 0.0 ], [ 134.253856, 34.942729, 0.0 ], [ 134.253907, 34.943369, 0.0 ], [ 134.253795, 34.943827, 0.0 ], [ 134.253299, 34.944178, 0.0 ], [ 134.253779, 34.944291, 0.0 ], [ 134.254404, 34.944783, 0.0 ], [ 134.254624, 34.945359, 0.0 ], [ 134.254203, 34.946004, 0.0 ], [ 134.254326, 34.946218, 0.0 ], [ 134.25552, 34.946744, 0.0 ], [ 134.256698, 34.946929, 0.0 ], [ 134.257768, 34.947777, 0.0 ], [ 134.258522, 34.948972, 0.0 ], [ 134.258869, 34.95007, 0.0 ], [ 134.259716, 34.950942, 0.0 ], [ 134.25999, 34.952306, 0.0 ], [ 134.262233, 34.952402, 0.0 ], [ 134.262829, 34.952131, 0.0 ], [ 134.264507, 34.953049, 0.0 ], [ 134.26535, 34.953717, 0.0 ], [ 134.266493, 34.95422, 0.0 ], [ 134.266938, 34.955043, 0.0 ], [ 134.26693, 34.956232, 0.0 ], [ 134.267512, 34.957604, 0.0 ], [ 134.268642, 34.958057, 0.0 ], [ 134.269614, 34.959211, 0.0 ], [ 134.271301, 34.959408, 0.0 ], [ 134.272619, 34.960003, 0.0 ], [ 134.273983, 34.961911, 0.0 ], [ 134.274499, 34.962159, 0.0 ], [ 134.275286, 34.962096, 0.0 ], [ 134.275612, 34.962722, 0.0 ], [ 134.276861, 34.963049, 0.0 ], [ 134.276973, 34.963204, 0.0 ], [ 134.275518, 34.964434, 0.0 ], [ 134.275012, 34.965303, 0.0 ], [ 134.274296, 34.965751, 0.0 ], [ 134.273345, 34.967417, 0.0 ], [ 134.274581, 34.968116, 0.0 ], [ 134.274978, 34.968575, 0.0 ], [ 134.274652, 34.969144, 0.0 ], [ 134.275056, 34.970086, 0.0 ], [ 134.274575, 34.971223, 0.0 ], [ 134.274764, 34.971673, 0.0 ], [ 134.275509, 34.972468, 0.0 ], [ 134.275817, 34.973816, 0.0 ], [ 134.276262, 34.974772, 0.0 ], [ 134.277075, 34.975789, 0.0 ], [ 134.276968, 34.976759, 0.0 ], [ 134.2769, 34.976971, 0.0 ], [ 134.276591, 34.977135, 0.0 ], [ 134.273901, 34.976932, 0.0 ], [ 134.273629, 34.977202, 0.0 ], [ 134.273358, 34.978081, 0.0 ], [ 134.272217, 34.978903, 0.0 ], [ 134.271687, 34.978869, 0.0 ], [ 134.270641, 34.978295, 0.0 ], [ 134.269649, 34.978565, 0.0 ], [ 134.26969, 34.979184, 0.0 ], [ 134.270012, 34.979918, 0.0 ], [ 134.271107, 34.981444, 0.0 ], [ 134.271142, 34.981711, 0.0 ], [ 134.270594, 34.982904, 0.0 ], [ 134.270645, 34.983298, 0.0 ], [ 134.271089, 34.983902, 0.0 ], [ 134.271951, 34.984026, 0.0 ], [ 134.272499, 34.984441, 0.0 ], [ 134.273218, 34.985524, 0.0 ], [ 134.27294, 34.986302, 0.0 ], [ 134.27367, 34.986064, 0.0 ], [ 134.275586, 34.986098, 0.0 ], [ 134.276184, 34.986492, 0.0 ], [ 134.277556, 34.98683, 0.0 ], [ 134.277837, 34.987107, 0.0 ], [ 134.278163, 34.988796, 0.0 ], [ 134.279009, 34.991143, 0.0 ], [ 134.281043, 34.991867, 0.0 ], [ 134.282889, 34.993312, 0.0 ], [ 134.283077, 34.994023, 0.0 ], [ 134.283275, 34.994228, 0.0 ], [ 134.283723, 34.994521, 0.0 ], [ 134.286125, 34.995264, 0.0 ], [ 134.286579, 34.995697, 0.0 ], [ 134.286681, 34.996112, 0.0 ], [ 134.286304, 34.996696, 0.0 ], [ 134.285544, 34.996897, 0.0 ], [ 134.282859, 34.996553, 0.0 ], [ 134.282161, 34.99671, 0.0 ], [ 134.280775, 34.997876, 0.0 ], [ 134.279481, 34.999766, 0.0 ], [ 134.278778, 35.000044, 0.0 ], [ 134.278736, 35.000358, 0.0 ], [ 134.278971, 35.001015, 0.0 ], [ 134.278646, 35.001405, 0.0 ], [ 134.27818, 35.001401, 0.0 ], [ 134.277225, 35.000783, 0.0 ], [ 134.276874, 35.000797, 0.0 ], [ 134.27636, 35.001099, 0.0 ], [ 134.276131, 35.001858, 0.0 ], [ 134.274638, 35.002677, 0.0 ], [ 134.273833, 35.002639, 0.0 ], [ 134.273235, 35.002883, 0.0 ], [ 134.271958, 35.002921, 0.0 ], [ 134.271376, 35.003202, 0.0 ], [ 134.26881, 35.003712, 0.0 ], [ 134.268476, 35.003909, 0.0 ], [ 134.267842, 35.005158, 0.0 ], [ 134.267375, 35.005425, 0.0 ], [ 134.266124, 35.004961, 0.0 ], [ 134.265762, 35.004967, 0.0 ], [ 134.265256, 35.005306, 0.0 ], [ 134.26522, 35.005532, 0.0 ], [ 134.265777, 35.006082, 0.0 ], [ 134.265921, 35.007727, 0.0 ], [ 134.266659, 35.008185, 0.0 ], [ 134.266435, 35.008914, 0.0 ], [ 134.265755, 35.009551, 0.0 ], [ 134.265654, 35.010681, 0.0 ], [ 134.263929, 35.010788, 0.0 ], [ 134.263589, 35.010895, 0.0 ], [ 134.263401, 35.011347, 0.0 ], [ 134.264174, 35.012635, 0.0 ], [ 134.264854, 35.012694, 0.0 ], [ 134.265476, 35.013051, 0.0 ], [ 134.266251, 35.012644, 0.0 ], [ 134.267237, 35.012676, 0.0 ], [ 134.268062, 35.012284, 0.0 ], [ 134.268583, 35.012439, 0.0 ], [ 134.268402, 35.01276, 0.0 ], [ 134.26608, 35.013476, 0.0 ], [ 134.265328, 35.014018, 0.0 ], [ 134.264503, 35.015776, 0.0 ], [ 134.264359, 35.016561, 0.0 ], [ 134.266232, 35.017528, 0.0 ], [ 134.267136, 35.017313, 0.0 ], [ 134.268623, 35.01803, 0.0 ], [ 134.268651, 35.018233, 0.0 ], [ 134.26774, 35.0198, 0.0 ], [ 134.267598, 35.021538, 0.0 ], [ 134.26821, 35.022081, 0.0 ], [ 134.269129, 35.022391, 0.0 ], [ 134.270322, 35.022527, 0.0 ], [ 134.272601, 35.023696, 0.0 ], [ 134.272846, 35.02375, 0.0 ], [ 134.273993, 35.023369, 0.0 ], [ 134.275208, 35.02331, 0.0 ], [ 134.275522, 35.023472, 0.0 ], [ 134.276347, 35.024657, 0.0 ], [ 134.276051, 35.025639, 0.0 ], [ 134.277012, 35.026712, 0.0 ], [ 134.277519, 35.027801, 0.0 ], [ 134.277823, 35.028958, 0.0 ], [ 134.278613, 35.029026, 0.0 ], [ 134.278823, 35.029269, 0.0 ], [ 134.278634, 35.029958, 0.0 ], [ 134.27967, 35.030637, 0.0 ], [ 134.279627, 35.031369, 0.0 ], [ 134.279918, 35.032192, 0.0 ], [ 134.280455, 35.032789, 0.0 ], [ 134.28104, 35.033074, 0.0 ], [ 134.281588, 35.033616, 0.0 ], [ 134.281475, 35.034374, 0.0 ], [ 134.280766, 35.035544, 0.0 ], [ 134.281066, 35.036669, 0.0 ], [ 134.281591, 35.037232, 0.0 ], [ 134.28348, 35.037978, 0.0 ], [ 134.284372, 35.037991, 0.0 ], [ 134.285081, 35.037686, 0.0 ], [ 134.285497, 35.036825, 0.0 ], [ 134.286206, 35.036361, 0.0 ], [ 134.28754, 35.036724, 0.0 ], [ 134.288394, 35.037366, 0.0 ], [ 134.288857, 35.037381, 0.0 ], [ 134.289457, 35.03692, 0.0 ], [ 134.290264, 35.037319, 0.0 ], [ 134.292547, 35.037538, 0.0 ], [ 134.29277, 35.037721, 0.0 ], [ 134.292753, 35.039388, 0.0 ], [ 134.293147, 35.03974, 0.0 ], [ 134.293793, 35.039925, 0.0 ], [ 134.294162, 35.040871, 0.0 ], [ 134.295095, 35.041626, 0.0 ], [ 134.295356, 35.041698, 0.0 ], [ 134.295992, 35.041275, 0.0 ], [ 134.296567, 35.041545, 0.0 ], [ 134.296567, 35.042093, 0.0 ], [ 134.297001, 35.043009, 0.0 ], [ 134.297349, 35.043104, 0.0 ], [ 134.299529, 35.042611, 0.0 ], [ 134.300712, 35.042694, 0.0 ], [ 134.301109, 35.042354, 0.0 ], [ 134.301178, 35.041777, 0.0 ], [ 134.301366, 35.041517, 0.0 ], [ 134.302458, 35.040486, 0.0 ], [ 134.304221, 35.040479, 0.0 ], [ 134.305305, 35.040169, 0.0 ], [ 134.305746, 35.040324, 0.0 ], [ 134.306401, 35.040984, 0.0 ], [ 134.307561, 35.041615, 0.0 ], [ 134.307449, 35.042044, 0.0 ], [ 134.306867, 35.042586, 0.0 ], [ 134.306816, 35.042917, 0.0 ], [ 134.307124, 35.043269, 0.0 ], [ 134.307064, 35.043402, 0.0 ], [ 134.306559, 35.043578, 0.0 ], [ 134.306271, 35.043911, 0.0 ], [ 134.307736, 35.045502, 0.0 ], [ 134.30775, 35.045913, 0.0 ], [ 134.309674, 35.045032, 0.0 ], [ 134.311934, 35.045282, 0.0 ], [ 134.312452, 35.044616, 0.0 ], [ 134.312777, 35.04461, 0.0 ], [ 134.313435, 35.045086, 0.0 ], [ 134.313897, 35.044802, 0.0 ], [ 134.314159, 35.044396, 0.0 ], [ 134.316332, 35.0432, 0.0 ], [ 134.316874, 35.043529, 0.0 ], [ 134.317139, 35.044503, 0.0 ], [ 134.317144, 35.045259, 0.0 ], [ 134.316386, 35.045629, 0.0 ], [ 134.317174, 35.046818, 0.0 ], [ 134.317131, 35.047176, 0.0 ], [ 134.316771, 35.047556, 0.0 ], [ 134.316104, 35.047742, 0.0 ], [ 134.315465, 35.048376, 0.0 ], [ 134.315106, 35.049146, 0.0 ], [ 134.314986, 35.049864, 0.0 ], [ 134.314309, 35.050616, 0.0 ], [ 134.315174, 35.051978, 0.0 ], [ 134.314601, 35.052783, 0.0 ], [ 134.314746, 35.053367, 0.0 ], [ 134.314575, 35.05381, 0.0 ], [ 134.315157, 35.054552, 0.0 ], [ 134.31484, 35.055375, 0.0 ], [ 134.314703, 35.056339, 0.0 ], [ 134.315243, 35.05757, 0.0 ], [ 134.314292, 35.058393, 0.0 ], [ 134.314703, 35.059301, 0.0 ], [ 134.31454, 35.060904, 0.0 ], [ 134.315276, 35.061159, 0.0 ], [ 134.315572, 35.061786, 0.0 ], [ 134.31612, 35.062248, 0.0 ], [ 134.316308, 35.062741, 0.0 ], [ 134.316813, 35.063261, 0.0 ], [ 134.316865, 35.063479, 0.0 ], [ 134.316445, 35.064049, 0.0 ], [ 134.317177, 35.065647, 0.0 ], [ 134.318191, 35.065924, 0.0 ], [ 134.319554, 35.067116, 0.0 ], [ 134.32019, 35.067408, 0.0 ], [ 134.321159, 35.067497, 0.0 ], [ 134.321731, 35.068803, 0.0 ], [ 134.321611, 35.069292, 0.0 ], [ 134.321254, 35.069654, 0.0 ], [ 134.321287, 35.070385, 0.0 ], [ 134.320689, 35.072039, 0.0 ], [ 134.321654, 35.072747, 0.0 ], [ 134.321191, 35.073386, 0.0 ], [ 134.320908, 35.074518, 0.0 ], [ 134.320043, 35.075281, 0.0 ], [ 134.319901, 35.075578, 0.0 ], [ 134.320761, 35.076072, 0.0 ], [ 134.320776, 35.076245, 0.0 ], [ 134.320053, 35.076611, 0.0 ], [ 134.31994, 35.077743, 0.0 ], [ 134.319452, 35.078583, 0.0 ], [ 134.319412, 35.079177, 0.0 ], [ 134.319879, 35.08012, 0.0 ], [ 134.320074, 35.081825, 0.0 ], [ 134.319127, 35.082729, 0.0 ], [ 134.318924, 35.083282, 0.0 ], [ 134.320204, 35.083844, 0.0 ], [ 134.322204, 35.084207, 0.0 ], [ 134.324783, 35.08573, 0.0 ], [ 134.326186, 35.085926, 0.0 ], [ 134.327318, 35.085569, 0.0 ], [ 134.328207, 35.085641, 0.0 ], [ 134.330737, 35.087138, 0.0 ], [ 134.331559, 35.087433, 0.0 ], [ 134.332147, 35.087258, 0.0 ], [ 134.332595, 35.086211, 0.0 ], [ 134.332841, 35.086153, 0.0 ], [ 134.33505, 35.087507, 0.0 ], [ 134.335961, 35.088564, 0.0 ], [ 134.336539, 35.088751, 0.0 ], [ 134.336719, 35.089489, 0.0 ], [ 134.337119, 35.090124, 0.0 ], [ 134.337179, 35.091362, 0.0 ], [ 134.338053, 35.090782, 0.0 ], [ 134.338817, 35.089359, 0.0 ], [ 134.339055, 35.089186, 0.0 ], [ 134.339748, 35.089118, 0.0 ], [ 134.340426, 35.088714, 0.0 ], [ 134.341094, 35.088848, 0.0 ], [ 134.341541, 35.089579, 0.0 ], [ 134.342139, 35.089951, 0.0 ], [ 134.343522, 35.090177, 0.0 ], [ 134.344577, 35.090064, 0.0 ], [ 134.345347, 35.090367, 0.0 ], [ 134.346054, 35.090283, 0.0 ], [ 134.346921, 35.090964, 0.0 ], [ 134.347244, 35.091021, 0.0 ], [ 134.348171, 35.090458, 0.0 ], [ 134.349551, 35.090223, 0.0 ], [ 134.349791, 35.090325, 0.0 ], [ 134.349778, 35.090766, 0.0 ], [ 134.350347, 35.091037, 0.0 ], [ 134.350061, 35.092231, 0.0 ], [ 134.350527, 35.092465, 0.0 ], [ 134.350656, 35.092845, 0.0 ], [ 134.350283, 35.093742, 0.0 ], [ 134.349954, 35.094108, 0.0 ], [ 134.35115, 35.095807, 0.0 ], [ 134.351171, 35.096303, 0.0 ], [ 134.35221, 35.096326, 0.0 ], [ 134.353079, 35.096772, 0.0 ], [ 134.353305, 35.097655, 0.0 ], [ 134.354166, 35.097982, 0.0 ], [ 134.354273, 35.098453, 0.0 ], [ 134.354915, 35.098848, 0.0 ], [ 134.355078, 35.099182, 0.0 ], [ 134.355031, 35.099428, 0.0 ], [ 134.354102, 35.100015, 0.0 ], [ 134.353886, 35.100349, 0.0 ], [ 134.354027, 35.101137, 0.0 ], [ 134.35329, 35.102245, 0.0 ], [ 134.353761, 35.103311, 0.0 ], [ 134.35347, 35.103812, 0.0 ], [ 134.3535, 35.10504, 0.0 ], [ 134.353292, 35.105547, 0.0 ], [ 134.35243, 35.106397, 0.0 ], [ 134.352349, 35.107463, 0.0 ], [ 134.352494, 35.108724, 0.0 ], [ 134.352284, 35.1111, 0.0 ], [ 134.352952, 35.113466, 0.0 ], [ 134.353812, 35.114678, 0.0 ], [ 134.355634, 35.115456, 0.0 ], [ 134.356648, 35.117066, 0.0 ], [ 134.357599, 35.117246, 0.0 ], [ 134.358286, 35.118358, 0.0 ], [ 134.360747, 35.120219, 0.0 ], [ 134.360248, 35.121266, 0.0 ], [ 134.360425, 35.121795, 0.0 ], [ 134.360221, 35.122797, 0.0 ], [ 134.359827, 35.123291, 0.0 ], [ 134.357502, 35.124311, 0.0 ], [ 134.356209, 35.124417, 0.0 ], [ 134.357327, 35.12586, 0.0 ], [ 134.358047, 35.126198, 0.0 ], [ 134.359283, 35.12729, 0.0 ], [ 134.359718, 35.128236, 0.0 ], [ 134.360424, 35.12908, 0.0 ], [ 134.360614, 35.129846, 0.0 ], [ 134.360506, 35.131636, 0.0 ], [ 134.361009, 35.132413, 0.0 ], [ 134.360886, 35.132729, 0.0 ], [ 134.360045, 35.133328, 0.0 ], [ 134.360221, 35.134023, 0.0 ], [ 134.360487, 35.134188, 0.0 ], [ 134.360845, 35.133888, 0.0 ], [ 134.361715, 35.134373, 0.0 ], [ 134.362421, 35.134508, 0.0 ], [ 134.363294, 35.135526, 0.0 ], [ 134.36306, 35.136343, 0.0 ], [ 134.361973, 35.137334, 0.0 ], [ 134.361796, 35.137672, 0.0 ], [ 134.362204, 35.138584, 0.0 ], [ 134.362693, 35.139091, 0.0 ], [ 134.362421, 35.139958, 0.0 ], [ 134.363364, 35.141303, 0.0 ], [ 134.364038, 35.141928, 0.0 ], [ 134.364323, 35.14257, 0.0 ], [ 134.365184, 35.143174, 0.0 ], [ 134.365532, 35.143854, 0.0 ], [ 134.36613, 35.144101, 0.0 ], [ 134.36685, 35.145396, 0.0 ], [ 134.367013, 35.146184, 0.0 ], [ 134.367393, 35.146961, 0.0 ], [ 134.369349, 35.147284, 0.0 ], [ 134.370254, 35.147169, 0.0 ], [ 134.371129, 35.147502, 0.0 ], [ 134.371483, 35.147964, 0.0 ], [ 134.371578, 35.148673, 0.0 ], [ 134.371822, 35.148999, 0.0 ], [ 134.373996, 35.150156, 0.0 ], [ 134.374936, 35.150976, 0.0 ], [ 134.375741, 35.150809, 0.0 ], [ 134.377293, 35.1492, 0.0 ], [ 134.379261, 35.149088, 0.0 ], [ 134.379532, 35.149152, 0.0 ], [ 134.379745, 35.149534, 0.0 ], [ 134.379919, 35.150756, 0.0 ], [ 134.381617, 35.15173, 0.0 ], [ 134.382169, 35.151677, 0.0 ], [ 134.383085, 35.15249, 0.0 ], [ 134.385802, 35.152096, 0.0 ], [ 134.387541, 35.151657, 0.0 ], [ 134.388257, 35.151263, 0.0 ], [ 134.389144, 35.151815, 0.0 ], [ 134.390122, 35.15186, 0.0 ], [ 134.391535, 35.152558, 0.0 ], [ 134.393173, 35.152251, 0.0 ], [ 134.39432, 35.152738, 0.0 ], [ 134.395761, 35.152259, 0.0 ], [ 134.396766, 35.152299, 0.0 ], [ 134.397472, 35.152141, 0.0 ], [ 134.403884, 35.148673, 0.0 ], [ 134.407021, 35.147331, 0.0 ], [ 134.408686, 35.14787, 0.0 ], [ 134.408622, 35.148396, 0.0 ], [ 134.409549, 35.150285, 0.0 ], [ 134.410012, 35.150788, 0.0 ], [ 134.411632, 35.151963, 0.0 ], [ 134.412004, 35.152648, 0.0 ], [ 134.412343, 35.153633, 0.0 ], [ 134.412253, 35.15445, 0.0 ], [ 134.412533, 35.157091, 0.0 ], [ 134.413128, 35.158822, 0.0 ], [ 134.412144, 35.159508, 0.0 ], [ 134.411097, 35.161251, 0.0 ], [ 134.411069, 35.162693, 0.0 ], [ 134.410433, 35.163088, 0.0 ], [ 134.407774, 35.163878, 0.0 ], [ 134.407477, 35.164317, 0.0 ], [ 134.407569, 35.164798, 0.0 ], [ 134.407289, 35.165261, 0.0 ], [ 134.406141, 35.165505, 0.0 ], [ 134.406547, 35.166823, 0.0 ], [ 134.406489, 35.168086, 0.0 ], [ 134.406977, 35.168684, 0.0 ], [ 134.407133, 35.169853, 0.0 ], [ 134.408156, 35.170328, 0.0 ], [ 134.40836, 35.171671, 0.0 ], [ 134.409543, 35.17259, 0.0 ], [ 134.41064, 35.174778, 0.0 ], [ 134.411903, 35.17611, 0.0 ], [ 134.412115, 35.17682, 0.0 ], [ 134.412633, 35.17765, 0.0 ], [ 134.412693, 35.178223, 0.0 ], [ 134.412248, 35.179446, 0.0 ], [ 134.41262, 35.180898, 0.0 ], [ 134.412494, 35.184223, 0.0 ], [ 134.412141, 35.18466, 0.0 ], [ 134.412069, 35.185457, 0.0 ], [ 134.411083, 35.186967, 0.0 ], [ 134.409696, 35.186948, 0.0 ], [ 134.408745, 35.187341, 0.0 ], [ 134.406459, 35.187647, 0.0 ], [ 134.40299, 35.187707, 0.0 ], [ 134.401409, 35.187516, 0.0 ], [ 134.399674, 35.187625, 0.0 ], [ 134.399236, 35.187909, 0.0 ], [ 134.398697, 35.188766, 0.0 ], [ 134.395182, 35.190557, 0.0 ], [ 134.39475, 35.191354, 0.0 ], [ 134.394185, 35.191414, 0.0 ], [ 134.393819, 35.191774, 0.0 ], [ 134.392696, 35.192228, 0.0 ], [ 134.392132, 35.192714, 0.0 ], [ 134.391367, 35.192457, 0.0 ], [ 134.38845, 35.192261, 0.0 ], [ 134.387426, 35.192719, 0.0 ], [ 134.386735, 35.192763, 0.0 ], [ 134.385719, 35.193398, 0.0 ], [ 134.383907, 35.193788, 0.0 ], [ 134.383458, 35.194266, 0.0 ], [ 134.382993, 35.194439, 0.0 ], [ 134.382987, 35.19469, 0.0 ], [ 134.38368, 35.195518, 0.0 ], [ 134.383552, 35.196263, 0.0 ], [ 134.383028, 35.197451, 0.0 ], [ 134.383632, 35.19908, 0.0 ], [ 134.382688, 35.199768, 0.0 ], [ 134.382243, 35.2027, 0.0 ], [ 134.381432, 35.204502, 0.0 ], [ 134.381316, 35.206347, 0.0 ], [ 134.380966, 35.206953, 0.0 ], [ 134.38078, 35.207843, 0.0 ], [ 134.379983, 35.209356, 0.0 ], [ 134.379896, 35.210263, 0.0 ], [ 134.379999, 35.210513, 0.0 ], [ 134.380734, 35.210693, 0.0 ], [ 134.381438, 35.211493, 0.0 ], [ 134.381328, 35.211849, 0.0 ], [ 134.380773, 35.212506, 0.0 ], [ 134.380949, 35.213396, 0.0 ], [ 134.380773, 35.213643, 0.0 ], [ 134.381015, 35.214344, 0.0 ], [ 134.38104, 35.215358, 0.0 ], [ 134.382157, 35.216893, 0.0 ], [ 134.381533, 35.217314, 0.0 ], [ 134.381152, 35.21789, 0.0 ], [ 134.381052, 35.218451, 0.0 ], [ 134.381923, 35.219146, 0.0 ], [ 134.382069, 35.219495, 0.0 ], [ 134.381943, 35.220478, 0.0 ], [ 134.382396, 35.221583, 0.0 ], [ 134.382517, 35.221724, 0.0 ], [ 134.383495, 35.221803, 0.0 ], [ 134.383992, 35.222269, 0.0 ], [ 134.384875, 35.222483, 0.0 ], [ 134.385269, 35.223429, 0.0 ], [ 134.385591, 35.223683, 0.0 ], [ 134.386247, 35.223688, 0.0 ], [ 134.387514, 35.223381, 0.0 ], [ 134.387909, 35.22346, 0.0 ], [ 134.388508, 35.223667, 0.0 ], [ 134.389753, 35.224498, 0.0 ], [ 134.391505, 35.224937, 0.0 ], [ 134.392986, 35.225512, 0.0 ], [ 134.393271, 35.225759, 0.0 ], [ 134.393506, 35.226468, 0.0 ], [ 134.393978, 35.226852, 0.0 ], [ 134.394929, 35.227212, 0.0 ], [ 134.396939, 35.227471, 0.0 ], [ 134.39687, 35.228317, 0.0 ], [ 134.397221, 35.229115, 0.0 ], [ 134.39689, 35.230353, 0.0 ], [ 134.397562, 35.231133, 0.0 ], [ 134.398459, 35.231476, 0.0 ], [ 134.398991, 35.232524, 0.0 ], [ 134.398943, 35.233128, 0.0 ], [ 134.399806, 35.235295, 0.0 ], [ 134.400127, 35.23654, 0.0 ], [ 134.40154, 35.239356, 0.0 ], [ 134.402814, 35.241024, 0.0 ], [ 134.403904, 35.240664, 0.0 ], [ 134.404592, 35.240764, 0.0 ], [ 134.404925, 35.241033, 0.0 ], [ 134.405459, 35.241033, 0.0 ], [ 134.406607, 35.240699, 0.0 ], [ 134.408353, 35.239564, 0.0 ], [ 134.41014, 35.239986, 0.0 ], [ 134.413962, 35.239351, 0.0 ], [ 134.414649, 35.239017, 0.0 ], [ 134.415538, 35.239069, 0.0 ], [ 134.416017, 35.238813, 0.0 ], [ 134.416588, 35.238213, 0.0 ], [ 134.419032, 35.23724, 0.0 ], [ 134.420633, 35.23725, 0.0 ], [ 134.421883, 35.236964, 0.0 ], [ 134.422847, 35.237166, 0.0 ], [ 134.423319, 35.236874, 0.0 ], [ 134.423431, 35.235556, 0.0 ], [ 134.424939, 35.234892, 0.0 ], [ 134.426502, 35.233564, 0.0 ], [ 134.426706, 35.233282, 0.0 ], [ 134.426739, 35.232189, 0.0 ], [ 134.427317, 35.231661, 0.0 ], [ 134.42951, 35.232021, 0.0 ], [ 134.430088, 35.231514, 0.0 ], [ 134.430822, 35.231222, 0.0 ], [ 134.432724, 35.229904, 0.0 ], [ 134.433689, 35.229803, 0.0 ], [ 134.434966, 35.229195, 0.0 ], [ 134.435319, 35.229173, 0.0 ], [ 134.436402, 35.229605, 0.0 ], [ 134.440345, 35.231661, 0.0 ], [ 134.440692, 35.232482, 0.0 ], [ 134.441311, 35.232669, 0.0 ], [ 134.441419, 35.23335, 0.0 ], [ 134.441717, 35.233766, 0.0 ], [ 134.442791, 35.234543, 0.0 ], [ 134.44313, 35.235782, 0.0 ], [ 134.444039, 35.236841, 0.0 ], [ 134.444964, 35.236525, 0.0 ], [ 134.445806, 35.236525, 0.0 ], [ 134.446173, 35.236705, 0.0 ], [ 134.446934, 35.237538, 0.0 ], [ 134.447766, 35.23792, 0.0 ], [ 134.451499, 35.237809, 0.0 ], [ 134.45211, 35.237674, 0.0 ], [ 134.453319, 35.237978, 0.0 ], [ 134.454705, 35.237809, 0.0 ], [ 134.457341, 35.238079, 0.0 ], [ 134.458632, 35.237696, 0.0 ], [ 134.459609, 35.237753, 0.0 ], [ 134.460561, 35.237583, 0.0 ], [ 134.462164, 35.237144, 0.0 ], [ 134.462821, 35.2367, 0.0 ], [ 134.463472, 35.236823, 0.0 ], [ 134.463821, 35.237403, 0.0 ], [ 134.463713, 35.239183, 0.0 ], [ 134.463631, 35.239464, 0.0 ], [ 134.462761, 35.240275, 0.0 ], [ 134.462177, 35.241626, 0.0 ], [ 134.462327, 35.2422, 0.0 ], [ 134.461769, 35.243101, 0.0 ], [ 134.461767, 35.244029, 0.0 ], [ 134.462204, 35.244182, 0.0 ], [ 134.463332, 35.244002, 0.0 ], [ 134.463672, 35.244238, 0.0 ], [ 134.464432, 35.244385, 0.0 ], [ 134.464938, 35.24488, 0.0 ], [ 134.465559, 35.245047, 0.0 ], [ 134.465723, 35.245353, 0.0 ], [ 134.466443, 35.24577, 0.0 ], [ 134.467258, 35.245973, 0.0 ], [ 134.467777, 35.246399, 0.0 ], [ 134.468359, 35.246294, 0.0 ], [ 134.468698, 35.246648, 0.0 ], [ 134.469119, 35.247515, 0.0 ], [ 134.469785, 35.247909, 0.0 ], [ 134.470559, 35.247876, 0.0 ], [ 134.471415, 35.248303, 0.0 ], [ 134.471239, 35.249058, 0.0 ], [ 134.47138, 35.249296, 0.0 ], [ 134.473046, 35.249373, 0.0 ], [ 134.476524, 35.249092, 0.0 ], [ 134.477459, 35.249479, 0.0 ], [ 134.477706, 35.250432, 0.0 ], [ 134.477896, 35.250646, 0.0 ], [ 134.47954, 35.251434, 0.0 ], [ 134.480138, 35.252031, 0.0 ], [ 134.480928, 35.253365, 0.0 ], [ 134.481784, 35.253819, 0.0 ], [ 134.482209, 35.254234, 0.0 ], [ 134.482383, 35.256176, 0.0 ], [ 134.483506, 35.260144, 0.0 ], [ 134.484327, 35.260893, 0.0 ], [ 134.485549, 35.261671, 0.0 ], [ 134.486393, 35.262738, 0.0 ], [ 134.490013, 35.261401, 0.0 ], [ 134.490327, 35.262341, 0.0 ], [ 134.491567, 35.263524, 0.0 ], [ 134.492748, 35.265177, 0.0 ], [ 134.495087, 35.266851, 0.0 ], [ 134.497269, 35.267548, 0.0 ], [ 134.499685, 35.26774, 0.0 ], [ 134.501364, 35.268413, 0.0 ], [ 134.501983, 35.268734, 0.0 ], [ 134.50216, 35.269387, 0.0 ], [ 134.502615, 35.270008, 0.0 ], [ 134.504472, 35.271613, 0.0 ], [ 134.507162, 35.272742, 0.0 ], [ 134.507781, 35.273478, 0.0 ], [ 134.508236, 35.273757, 0.0 ], [ 134.509006, 35.274047, 0.0 ], [ 134.510093, 35.27413, 0.0 ], [ 134.511242, 35.274979, 0.0 ], [ 134.512328, 35.276533, 0.0 ], [ 134.515371, 35.277308, 0.0 ], [ 134.515231, 35.279079, 0.0 ], [ 134.514608, 35.279644, 0.0 ], [ 134.513426, 35.280162, 0.0 ], [ 134.513221, 35.281361, 0.0 ], [ 134.512504, 35.282284, 0.0 ], [ 134.512616, 35.283024, 0.0 ], [ 134.512327, 35.283711, 0.0 ], [ 134.512309, 35.284604, 0.0 ], [ 134.5131, 35.286527, 0.0 ], [ 134.512039, 35.287656, 0.0 ], [ 134.510773, 35.289877, 0.0 ], [ 134.510615, 35.290503, 0.0 ], [ 134.510773, 35.29122, 0.0 ], [ 134.509786, 35.292677, 0.0 ], [ 134.509274, 35.294028, 0.0 ], [ 134.51013, 35.296478, 0.0 ], [ 134.510624, 35.296684, 0.0 ], [ 134.510456, 35.298309, 0.0 ], [ 134.510568, 35.298668, 0.0 ], [ 134.511591, 35.299896, 0.0 ], [ 134.511647, 35.300484, 0.0 ], [ 134.511294, 35.300942, 0.0 ], [ 134.511564, 35.30127, 0.0 ], [ 134.511601, 35.301606, 0.0 ], [ 134.510707, 35.302834, 0.0 ], [ 134.511554, 35.304429, 0.0 ], [ 134.511629, 35.305291, 0.0 ], [ 134.512596, 35.305681, 0.0 ], [ 134.513834, 35.305795, 0.0 ], [ 134.514095, 35.305956, 0.0 ], [ 134.514802, 35.307672, 0.0 ], [ 134.513825, 35.308886, 0.0 ], [ 134.512652, 35.309305, 0.0 ], [ 134.512336, 35.310129, 0.0 ], [ 134.511042, 35.31045, 0.0 ], [ 134.510809, 35.310648, 0.0 ], [ 134.510754, 35.310976, 0.0 ], [ 134.511126, 35.311862, 0.0 ], [ 134.510251, 35.312709, 0.0 ], [ 134.50838, 35.313128, 0.0 ], [ 134.50704, 35.314113, 0.0 ], [ 134.506584, 35.315234, 0.0 ], [ 134.505513, 35.315814, 0.0 ], [ 134.504787, 35.316692, 0.0 ], [ 134.504108, 35.317928, 0.0 ], [ 134.503428, 35.318508, 0.0 ], [ 134.503447, 35.319668, 0.0 ], [ 134.504117, 35.321011, 0.0 ], [ 134.503437, 35.322339, 0.0 ], [ 134.503, 35.324864, 0.0 ], [ 134.502069, 35.325864, 0.0 ], [ 134.50193, 35.326314, 0.0 ], [ 134.502572, 35.328855, 0.0 ], [ 134.502665, 35.330481, 0.0 ], [ 134.503688, 35.333269, 0.0 ], [ 134.504404, 35.334476, 0.0 ], [ 134.504527, 35.335365, 0.0 ], [ 134.504355, 35.336504, 0.0 ], [ 134.504481, 35.337156, 0.0 ], [ 134.506065, 35.337905, 0.0 ], [ 134.506839, 35.338521, 0.0 ], [ 134.507838, 35.338251, 0.0 ], [ 134.509074, 35.337207, 0.0 ], [ 134.509606, 35.336318, 0.0 ], [ 134.511591, 35.335035, 0.0 ], [ 134.513283, 35.334229, 0.0 ], [ 134.51508, 35.332498, 0.0 ], [ 134.516914, 35.331989, 0.0 ], [ 134.518875, 35.330444, 0.0 ], [ 134.520608, 35.330247, 0.0 ], [ 134.52353, 35.329428, 0.0 ], [ 134.523871, 35.329054, 0.0 ], [ 134.524036, 35.328578, 0.0 ], [ 134.523871, 35.327063, 0.0 ], [ 134.523656, 35.326721, 0.0 ], [ 134.523745, 35.32642, 0.0 ], [ 134.524946, 35.32557, 0.0 ], [ 134.525364, 35.32501, 0.0 ], [ 134.525908, 35.325031, 0.0 ], [ 134.526376, 35.324585, 0.0 ], [ 134.527021, 35.324263, 0.0 ], [ 134.527312, 35.323755, 0.0 ], [ 134.527907, 35.323496, 0.0 ], [ 134.528514, 35.322863, 0.0 ], [ 134.528805, 35.322697, 0.0 ], [ 134.529817, 35.322635, 0.0 ], [ 134.530374, 35.323278, 0.0 ], [ 134.530968, 35.323387, 0.0 ], [ 134.53136, 35.323231, 0.0 ], [ 134.531834, 35.322604, 0.0 ], [ 134.532499, 35.322588, 0.0 ], [ 134.53303, 35.322241, 0.0 ], [ 134.533966, 35.32234, 0.0 ], [ 134.53432, 35.322122, 0.0 ], [ 134.534826, 35.321546, 0.0 ], [ 134.53451, 35.320338, 0.0 ], [ 134.535984, 35.319612, 0.0 ], [ 134.536091, 35.318793, 0.0 ], [ 134.535693, 35.318004, 0.0 ], [ 134.535642, 35.317283, 0.0 ], [ 134.536401, 35.31719, 0.0 ], [ 134.537236, 35.317698, 0.0 ], [ 134.537932, 35.317781, 0.0 ], [ 134.53914, 35.317377, 0.0 ], [ 134.540481, 35.316573, 0.0 ], [ 134.541657, 35.316324, 0.0 ], [ 134.542138, 35.316418, 0.0 ], [ 134.542574, 35.316096, 0.0 ], [ 134.543473, 35.315998, 0.0 ], [ 134.544491, 35.316376, 0.0 ], [ 134.544617, 35.316024, 0.0 ], [ 134.545186, 35.315806, 0.0 ], [ 134.544782, 35.314774, 0.0 ], [ 134.544915, 35.31383, 0.0 ], [ 134.545616, 35.313441, 0.0 ], [ 134.546009, 35.312585, 0.0 ], [ 134.546996, 35.311641, 0.0 ], [ 134.547748, 35.311222, 0.0 ], [ 134.549247, 35.310802, 0.0 ], [ 134.55005, 35.309438, 0.0 ], [ 134.550689, 35.309205, 0.0 ], [ 134.551847, 35.309334, 0.0 ], [ 134.552296, 35.309241, 0.0 ], [ 134.552789, 35.308961, 0.0 ], [ 134.553118, 35.308468, 0.0 ], [ 134.554939, 35.308862, 0.0 ], [ 134.556249, 35.308671, 0.0 ], [ 134.557381, 35.307851, 0.0 ], [ 134.558406, 35.307903, 0.0 ], [ 134.558911, 35.307758, 0.0 ], [ 134.559392, 35.307151, 0.0 ], [ 134.560012, 35.307104, 0.0 ], [ 134.561283, 35.307359, 0.0 ], [ 134.561998, 35.306233, 0.0 ], [ 134.563282, 35.305896, 0.0 ], [ 134.563933, 35.305217, 0.0 ], [ 134.564243, 35.304579, 0.0 ], [ 134.565673, 35.303765, 0.0 ], [ 134.566369, 35.302806, 0.0 ], [ 134.568026, 35.302318, 0.0 ], [ 134.568285, 35.302126, 0.0 ], [ 134.56893, 35.300918, 0.0 ], [ 134.569822, 35.300379, 0.0 ], [ 134.570423, 35.300478, 0.0 ], [ 134.570733, 35.300317, 0.0 ], [ 134.572194, 35.298046, 0.0 ], [ 134.574927, 35.296962, 0.0 ], [ 134.579114, 35.296267, 0.0 ], [ 134.57962, 35.295997, 0.0 ], [ 134.579664, 35.295567, 0.0 ], [ 134.57912, 35.294784, 0.0 ], [ 134.579474, 35.29439, 0.0 ], [ 134.579455, 35.293192, 0.0 ], [ 134.580322, 35.292456, 0.0 ], [ 134.579702, 35.290936, 0.0 ], [ 134.580151, 35.289661, 0.0 ], [ 134.579816, 35.289059, 0.0 ], [ 134.579809, 35.288271, 0.0 ], [ 134.579948, 35.287934, 0.0 ], [ 134.581011, 35.287016, 0.0 ], [ 134.580942, 35.284968, 0.0 ], [ 134.581346, 35.283838, 0.0 ], [ 134.58122, 35.281716, 0.0 ], [ 134.582643, 35.280208, 0.0 ], [ 134.582605, 35.279165, 0.0 ], [ 134.583111, 35.278097, 0.0 ], [ 134.58411, 35.277325, 0.0 ], [ 134.585356, 35.276666, 0.0 ], [ 134.585477, 35.276381, 0.0 ], [ 134.585337, 35.275546, 0.0 ], [ 134.585483, 35.275364, 0.0 ], [ 134.5869, 35.27511, 0.0 ], [ 134.587209, 35.274846, 0.0 ], [ 134.587469, 35.274281, 0.0 ], [ 134.589493, 35.274353, 0.0 ], [ 134.590239, 35.274685, 0.0 ], [ 134.592067, 35.273913, 0.0 ], [ 134.593193, 35.273047, 0.0 ], [ 134.594078, 35.271309, 0.0 ], [ 134.597621, 35.268665, 0.0 ], [ 134.600056, 35.267638, 0.0 ], [ 134.600613, 35.266622, 0.0 ], [ 134.602598, 35.266108, 0.0 ], [ 134.603395, 35.266103, 0.0 ], [ 134.605034, 35.26685, 0.0 ], [ 134.605824, 35.26699, 0.0 ], [ 134.606451, 35.267415, 0.0 ], [ 134.607481, 35.267374, 0.0 ], [ 134.608291, 35.268001, 0.0 ], [ 134.608961, 35.268167, 0.0 ], [ 134.609189, 35.268582, 0.0 ], [ 134.610404, 35.268338, 0.0 ], [ 134.610796, 35.26881, 0.0 ], [ 134.612288, 35.269069, 0.0 ], [ 134.61337, 35.269443, 0.0 ], [ 134.61387, 35.270247, 0.0 ], [ 134.614875, 35.271315, 0.0 ], [ 134.614964, 35.272, 0.0 ], [ 134.615457, 35.272881, 0.0 ], [ 134.616425, 35.273498, 0.0 ], [ 134.616634, 35.274349, 0.0 ], [ 134.617171, 35.274499, 0.0 ], [ 134.617557, 35.275323, 0.0 ], [ 134.618607, 35.275956, 0.0 ], [ 134.619398, 35.276786, 0.0 ], [ 134.619752, 35.277963, 0.0 ], [ 134.620599, 35.278258, 0.0 ], [ 134.621529, 35.279249, 0.0 ], [ 134.622684, 35.27977, 0.0 ], [ 134.624204, 35.279493, 0.0 ], [ 134.62485, 35.279661, 0.0 ], [ 134.626258, 35.279627, 0.0 ], [ 134.627038, 35.280476, 0.0 ], [ 134.627759, 35.280753, 0.0 ], [ 134.628557, 35.279918, 0.0 ], [ 134.629407, 35.279432, 0.0 ], [ 134.629546, 35.278964, 0.0 ], [ 134.630192, 35.278306, 0.0 ], [ 134.632509, 35.278418, 0.0 ], [ 134.633597, 35.278709, 0.0 ], [ 134.634068, 35.278666, 0.0 ], [ 134.635506, 35.278051, 0.0 ], [ 134.635948, 35.277106, 0.0 ], [ 134.637746, 35.276767, 0.0 ], [ 134.638328, 35.276514, 0.0 ], [ 134.63976, 35.275444, 0.0 ], [ 134.640354, 35.274728, 0.0 ], [ 134.641326, 35.274313, 0.0 ], [ 134.641657, 35.273793, 0.0 ], [ 134.641029, 35.272126, 0.0 ], [ 134.642513, 35.271375, 0.0 ], [ 134.643671, 35.270192, 0.0 ], [ 134.643893, 35.269104, 0.0 ], [ 134.644567, 35.268879, 0.0 ], [ 134.645481, 35.267934, 0.0 ], [ 134.646913, 35.267061, 0.0 ], [ 134.647646, 35.266091, 0.0 ], [ 134.647611, 35.264707, 0.0 ], [ 134.648781, 35.263467, 0.0 ], [ 134.649014, 35.262798, 0.0 ], [ 134.651237, 35.261835, 0.0 ], [ 134.651429, 35.261214, 0.0 ], [ 134.651446, 35.260274, 0.0 ], [ 134.651138, 35.259769, 0.0 ], [ 134.650347, 35.259296, 0.0 ], [ 134.65044, 35.257329, 0.0 ], [ 134.652482, 35.255166, 0.0 ], [ 134.653791, 35.253413, 0.0 ], [ 134.654536, 35.253346, 0.0 ], [ 134.656079, 35.253809, 0.0 ], [ 134.657533, 35.253298, 0.0 ], [ 134.659154, 35.252423, 0.0 ], [ 134.660952, 35.251935, 0.0 ], [ 134.661324, 35.252136, 0.0 ], [ 134.661365, 35.252725, 0.0 ], [ 134.66166, 35.253101, 0.0 ], [ 134.662054, 35.254623, 0.0 ], [ 134.66298, 35.255763, 0.0 ], [ 134.664586, 35.256186, 0.0 ], [ 134.665465, 35.256873, 0.0 ], [ 134.666449, 35.256863, 0.0 ], [ 134.668381, 35.256257, 0.0 ], [ 134.669143, 35.255759, 0.0 ], [ 134.669492, 35.254313, 0.0 ], [ 134.669993, 35.253817, 0.0 ], [ 134.670035, 35.2531, 0.0 ], [ 134.670231, 35.252791, 0.0 ], [ 134.670653, 35.252571, 0.0 ], [ 134.670194, 35.251105, 0.0 ], [ 134.670276, 35.250233, 0.0 ], [ 134.671057, 35.249812, 0.0 ], [ 134.672533, 35.249359, 0.0 ], [ 134.67296, 35.248699, 0.0 ], [ 134.674286, 35.247748, 0.0 ], [ 134.674622, 35.246976, 0.0 ], [ 134.675335, 35.246814, 0.0 ], [ 134.675775, 35.245517, 0.0 ], [ 134.67647, 35.244759, 0.0 ], [ 134.676665, 35.244126, 0.0 ], [ 134.677832, 35.244045, 0.0 ], [ 134.678273, 35.243464, 0.0 ], [ 134.678899, 35.243211, 0.0 ], [ 134.679253, 35.242536, 0.0 ], [ 134.68047, 35.242361, 0.0 ], [ 134.682037, 35.241654, 0.0 ], [ 134.682641, 35.241974, 0.0 ], [ 134.683558, 35.241956, 0.0 ], [ 134.684366, 35.242161, 0.0 ], [ 134.686046, 35.243163, 0.0 ], [ 134.687204, 35.244356, 0.0 ], [ 134.687259, 35.246017, 0.0 ], [ 134.688607, 35.247014, 0.0 ], [ 134.689851, 35.247655, 0.0 ], [ 134.691073, 35.247778, 0.0 ], [ 134.692757, 35.248668, 0.0 ], [ 134.693824, 35.248649, 0.0 ], [ 134.694429, 35.248845, 0.0 ], [ 134.695321, 35.247178, 0.0 ], [ 134.695507, 35.24604, 0.0 ], [ 134.695385, 35.244777, 0.0 ], [ 134.695634, 35.244046, 0.0 ], [ 134.695898, 35.243777, 0.0 ], [ 134.69672, 35.243636, 0.0 ], [ 134.697065, 35.243222, 0.0 ], [ 134.697278, 35.242723, 0.0 ], [ 134.697115, 35.241816, 0.0 ], [ 134.696475, 35.240918, 0.0 ], [ 134.695471, 35.240071, 0.0 ], [ 134.69529, 35.239054, 0.0 ], [ 134.695094, 35.238756, 0.0 ], [ 134.693755, 35.237521, 0.0 ], [ 134.692801, 35.23707, 0.0 ], [ 134.691812, 35.23609, 0.0 ], [ 134.691076, 35.235781, 0.0 ], [ 134.690408, 35.234736, 0.0 ], [ 134.691975, 35.232552, 0.0 ], [ 134.692434, 35.231549, 0.0 ], [ 134.695027, 35.230417, 0.0 ], [ 134.69633, 35.229017, 0.0 ], [ 134.697419, 35.228969, 0.0 ], [ 134.697742, 35.228593, 0.0 ], [ 134.697701, 35.228106, 0.0 ], [ 134.698173, 35.227122, 0.0 ], [ 134.697933, 35.226428, 0.0 ], [ 134.69811, 35.225851, 0.0 ], [ 134.697956, 35.225202, 0.0 ], [ 134.69875, 35.224165, 0.0 ], [ 134.698278, 35.223211, 0.0 ], [ 134.698201, 35.222481, 0.0 ], [ 134.698555, 35.221459, 0.0 ], [ 134.698387, 35.220244, 0.0 ], [ 134.698787, 35.219159, 0.0 ], [ 134.698687, 35.218987, 0.0 ], [ 134.697615, 35.21879, 0.0 ], [ 134.698001, 35.217249, 0.0 ], [ 134.698342, 35.216773, 0.0 ], [ 134.698446, 35.216229, 0.0 ], [ 134.698256, 35.215299, 0.0 ], [ 134.697752, 35.214483, 0.0 ], [ 134.699409, 35.213976, 0.0 ], [ 134.701943, 35.211702, 0.0 ], [ 134.703541, 35.210755, 0.0 ], [ 134.705283, 35.210994, 0.0 ], [ 134.706051, 35.211486, 0.0 ], [ 134.706814, 35.21146, 0.0 ], [ 134.709029, 35.211777, 0.0 ], [ 134.709561, 35.211698, 0.0 ], [ 134.709892, 35.211806, 0.0 ], [ 134.710164, 35.212131, 0.0 ], [ 134.7104, 35.212056, 0.0 ], [ 134.710677, 35.21149, 0.0 ], [ 134.711254, 35.210889, 0.0 ], [ 134.711536, 35.210106, 0.0 ], [ 134.712448, 35.20945, 0.0 ], [ 134.712539, 35.209048, 0.0 ], [ 134.712317, 35.20832, 0.0 ], [ 134.712761, 35.207839, 0.0 ], [ 134.712807, 35.206596, 0.0 ], [ 134.713474, 35.206149, 0.0 ], [ 134.714042, 35.205173, 0.0 ], [ 134.715881, 35.204587, 0.0 ], [ 134.71742, 35.203379, 0.0 ], [ 134.719518, 35.202789, 0.0 ], [ 134.720204, 35.202278, 0.0 ], [ 134.720803, 35.200794, 0.0 ], [ 134.721675, 35.19981, 0.0 ], [ 134.722102, 35.19785, 0.0 ], [ 134.722102, 35.197113, 0.0 ], [ 134.721253, 35.196024, 0.0 ], [ 134.721289, 35.195774, 0.0 ], [ 134.723995, 35.194555, 0.0 ], [ 134.726619, 35.194123, 0.0 ], [ 134.728241, 35.193266, 0.0 ], [ 134.727519, 35.191844, 0.0 ], [ 134.727315, 35.190721, 0.0 ], [ 134.72712, 35.190478, 0.0 ], [ 134.727406, 35.189184, 0.0 ], [ 134.727274, 35.188901, 0.0 ], [ 134.725849, 35.188241, 0.0 ], [ 134.725204, 35.188342, 0.0 ], [ 134.722711, 35.187662, 0.0 ], [ 134.722175, 35.186905, 0.0 ], [ 134.721385, 35.186749, 0.0 ], [ 134.719621, 35.185681, 0.0 ], [ 134.719669, 35.184917, 0.0 ], [ 134.719218, 35.184169, 0.0 ], [ 134.71917, 35.183775, 0.0 ], [ 134.719218, 35.181536, 0.0 ], [ 134.717529, 35.179347, 0.0 ], [ 134.717933, 35.178371, 0.0 ], [ 134.718441, 35.177945, 0.0 ], [ 134.719075, 35.177024, 0.0 ], [ 134.718998, 35.176457, 0.0 ], [ 134.719746, 35.17533, 0.0 ], [ 134.72038, 35.175417, 0.0 ], [ 134.721512, 35.17485, 0.0 ], [ 134.722385, 35.174677, 0.0 ], [ 134.723147, 35.173724, 0.0 ], [ 134.722802, 35.172999, 0.0 ], [ 134.723541, 35.170849, 0.0 ], [ 134.723464, 35.170329, 0.0 ], [ 134.723646, 35.170022, 0.0 ], [ 134.724282, 35.169478, 0.0 ], [ 134.724467, 35.169125, 0.0 ], [ 134.725553, 35.168505, 0.0 ], [ 134.726779, 35.167181, 0.0 ], [ 134.728574, 35.165738, 0.0 ], [ 134.727279, 35.16547, 0.0 ], [ 134.726477, 35.164249, 0.0 ], [ 134.724212, 35.162067, 0.0 ], [ 134.724032, 35.161781, 0.0 ], [ 134.723933, 35.160988, 0.0 ], [ 134.723521, 35.1603, 0.0 ], [ 134.723515, 35.159947, 0.0 ], [ 134.72373, 35.159413, 0.0 ], [ 134.724689, 35.158195, 0.0 ], [ 134.724416, 35.156606, 0.0 ], [ 134.724927, 35.155924, 0.0 ], [ 134.725078, 35.154882, 0.0 ], [ 134.726222, 35.154773, 0.0 ], [ 134.726704, 35.154405, 0.0 ], [ 134.727302, 35.154606, 0.0 ], [ 134.727953, 35.153949, 0.0 ], [ 134.72804, 35.153449, 0.0 ], [ 134.72761, 35.152924, 0.0 ], [ 134.727436, 35.152069, 0.0 ], [ 134.728185, 35.151497, 0.0 ], [ 134.728313, 35.150446, 0.0 ], [ 134.729074, 35.149029, 0.0 ], [ 134.729986, 35.147954, 0.0 ], [ 134.729579, 35.147234, 0.0 ], [ 134.730642, 35.146199, 0.0 ], [ 134.732867, 35.143492, 0.0 ], [ 134.734272, 35.142408, 0.0 ], [ 134.735283, 35.141071, 0.0 ], [ 134.737443, 35.140558, 0.0 ], [ 134.738541, 35.140577, 0.0 ], [ 134.739639, 35.140018, 0.0 ], [ 134.740231, 35.140109, 0.0 ], [ 134.743501, 35.139514, 0.0 ], [ 134.745011, 35.139037, 0.0 ], [ 134.745511, 35.138646, 0.0 ], [ 134.746236, 35.138373, 0.0 ], [ 134.747249, 35.138205, 0.0 ], [ 134.748538, 35.138226, 0.0 ], [ 134.749761, 35.137754, 0.0 ], [ 134.750442, 35.137168, 0.0 ], [ 134.751138, 35.137041, 0.0 ], [ 134.752977, 35.137081, 0.0 ], [ 134.755212, 35.136606, 0.0 ], [ 134.755989, 35.136772, 0.0 ], [ 134.758282, 35.136842, 0.0 ], [ 134.758168, 35.137174, 0.0 ], [ 134.757747, 35.137587, 0.0 ], [ 134.756306, 35.137973, 0.0 ], [ 134.755998, 35.138539, 0.0 ], [ 134.7585, 35.141011, 0.0 ], [ 134.759148, 35.142065, 0.0 ], [ 134.762671, 35.14293, 0.0 ], [ 134.763327, 35.143386, 0.0 ], [ 134.764064, 35.144763, 0.0 ], [ 134.76617, 35.145389, 0.0 ], [ 134.767013, 35.145519, 0.0 ], [ 134.767515, 35.145352, 0.0 ], [ 134.768098, 35.144408, 0.0 ], [ 134.766162, 35.141164, 0.0 ], [ 134.766187, 35.140046, 0.0 ], [ 134.766494, 35.138399, 0.0 ], [ 134.766511, 35.136746, 0.0 ], [ 134.766656, 35.136306, 0.0 ], [ 134.767466, 35.135827, 0.0 ], [ 134.768025, 35.134087, 0.0 ], [ 134.768366, 35.133575, 0.0 ], [ 134.769167, 35.133083, 0.0 ], [ 134.769969, 35.133229, 0.0 ], [ 134.77231, 35.128019, 0.0 ], [ 134.773744, 35.125793, 0.0 ], [ 134.77414, 35.125467, 0.0 ], [ 134.774772, 35.126019, 0.0 ], [ 134.775971, 35.126345, 0.0 ], [ 134.778651, 35.128212, 0.0 ], [ 134.779389, 35.130025, 0.0 ], [ 134.779243, 35.131576, 0.0 ], [ 134.780271, 35.132763, 0.0 ], [ 134.781024, 35.134626, 0.0 ], [ 134.782126, 35.135149, 0.0 ], [ 134.782482, 35.135894, 0.0 ], [ 134.783341, 35.136347, 0.0 ], [ 134.784443, 35.136513, 0.0 ], [ 134.78552, 35.137401, 0.0 ], [ 134.786362, 35.137834, 0.0 ], [ 134.78718, 35.139667, 0.0 ], [ 134.787342, 35.141324, 0.0 ], [ 134.788103, 35.141444, 0.0 ], [ 134.79029, 35.142492, 0.0 ], [ 134.791489, 35.142571, 0.0 ], [ 134.793141, 35.142202, 0.0 ], [ 134.796591, 35.142233, 0.0 ], [ 134.801103, 35.141224, 0.0 ], [ 134.805436, 35.14005, 0.0 ], [ 134.807266, 35.140589, 0.0 ], [ 134.808854, 35.140659, 0.0 ], [ 134.81015, 35.141211, 0.0 ], [ 134.812636, 35.14196, 0.0 ], [ 134.813552, 35.14208, 0.0 ], [ 134.815317, 35.143348, 0.0 ], [ 134.815658, 35.1438, 0.0 ], [ 134.816038, 35.14396, 0.0 ], [ 134.816889, 35.14394, 0.0 ], [ 134.817172, 35.141604, 0.0 ], [ 134.817763, 35.14052, 0.0 ], [ 134.818233, 35.140004, 0.0 ], [ 134.818379, 35.139093, 0.0 ], [ 134.819942, 35.138514, 0.0 ], [ 134.821262, 35.137765, 0.0 ], [ 134.821853, 35.137685, 0.0 ], [ 134.821489, 35.136468, 0.0 ], [ 134.822388, 35.135876, 0.0 ], [ 134.823319, 35.135763, 0.0 ], [ 134.825231, 35.134515, 0.0 ], [ 134.825693, 35.134522, 0.0 ], [ 134.826348, 35.135034, 0.0 ], [ 134.827361, 35.135526, 0.0 ], [ 134.827426, 35.135792, 0.0 ], [ 134.827223, 35.136385, 0.0 ], [ 134.828268, 35.13706, 0.0 ], [ 134.830997, 35.137958, 0.0 ], [ 134.832067, 35.1389, 0.0 ], [ 134.835266, 35.139935, 0.0 ], [ 134.837566, 35.141558, 0.0 ], [ 134.838497, 35.142553, 0.0 ], [ 134.839105, 35.143878, 0.0 ], [ 134.840004, 35.144836, 0.0 ], [ 134.840676, 35.14617, 0.0 ], [ 134.843122, 35.147451, 0.0 ], [ 134.843908, 35.148668, 0.0 ], [ 134.844402, 35.149034, 0.0 ], [ 134.844548, 35.149307, 0.0 ], [ 134.843867, 35.150934, 0.0 ], [ 134.844037, 35.152734, 0.0 ], [ 134.844751, 35.153493, 0.0 ], [ 134.846006, 35.154151, 0.0 ], [ 134.845811, 35.155129, 0.0 ], [ 134.846208, 35.156158, 0.0 ], [ 134.845585, 35.157315, 0.0 ], [ 134.845487, 35.157734, 0.0 ], [ 134.845649, 35.158443, 0.0 ], [ 134.844734, 35.159395, 0.0 ], [ 134.844669, 35.159854, 0.0 ], [ 134.844856, 35.160569, 0.0 ], [ 134.844005, 35.161141, 0.0 ], [ 134.844329, 35.162173, 0.0 ], [ 134.846637, 35.162506, 0.0 ], [ 134.846937, 35.162812, 0.0 ], [ 134.847326, 35.1637, 0.0 ], [ 134.847909, 35.164066, 0.0 ], [ 134.849002, 35.164359, 0.0 ], [ 134.849877, 35.164166, 0.0 ], [ 134.850104, 35.164398, 0.0 ], [ 134.851262, 35.164442, 0.0 ], [ 134.851869, 35.164734, 0.0 ], [ 134.853571, 35.164508, 0.0 ], [ 134.854243, 35.164581, 0.0 ], [ 134.855028, 35.166009, 0.0 ], [ 134.855733, 35.166474, 0.0 ], [ 134.857677, 35.166192, 0.0 ], [ 134.85894, 35.166358, 0.0 ], [ 134.860123, 35.166804, 0.0 ], [ 134.861289, 35.16691, 0.0 ], [ 134.861945, 35.167166, 0.0 ], [ 134.863597, 35.167213, 0.0 ], [ 134.865419, 35.168135, 0.0 ], [ 134.866448, 35.168102, 0.0 ], [ 134.867606, 35.169306, 0.0 ], [ 134.867495, 35.170491, 0.0 ], [ 134.868134, 35.17125, 0.0 ], [ 134.86916, 35.171596, 0.0 ], [ 134.870101, 35.171609, 0.0 ], [ 134.870959, 35.172355, 0.0 ], [ 134.872844, 35.172911, 0.0 ], [ 134.874032, 35.173078, 0.0 ], [ 134.875207, 35.174249, 0.0 ], [ 134.876394, 35.174249, 0.0 ], [ 134.877153, 35.174789, 0.0 ], [ 134.877683, 35.174954, 0.0 ], [ 134.879199, 35.174986, 0.0 ], [ 134.879515, 35.175307, 0.0 ], [ 134.879717, 35.176676, 0.0 ], [ 134.880198, 35.177029, 0.0 ], [ 134.880578, 35.177699, 0.0 ], [ 134.88169, 35.178808, 0.0 ], [ 134.882612, 35.180074, 0.0 ], [ 134.88265, 35.180831, 0.0 ], [ 134.883193, 35.183019, 0.0 ], [ 134.883214, 35.184124, 0.0 ], [ 134.883037, 35.184954, 0.0 ], [ 134.883137, 35.185576, 0.0 ], [ 134.885083, 35.186136, 0.0 ], [ 134.885475, 35.186976, 0.0 ], [ 134.885576, 35.187609, 0.0 ], [ 134.886613, 35.188563, 0.0 ], [ 134.887396, 35.188905, 0.0 ], [ 134.886788, 35.189909, 0.0 ], [ 134.886485, 35.192056, 0.0 ], [ 134.887142, 35.19303, 0.0 ], [ 134.887268, 35.193549, 0.0 ], [ 134.888557, 35.194804, 0.0 ], [ 134.889877, 35.195639, 0.0 ], [ 134.89061, 35.195287, 0.0 ], [ 134.891065, 35.194488, 0.0 ], [ 134.891571, 35.194146, 0.0 ], [ 134.894199, 35.194354, 0.0 ], [ 134.896764, 35.194364, 0.0 ], [ 134.89799, 35.194198, 0.0 ], [ 134.900877, 35.194354, 0.0 ], [ 134.90161, 35.194561, 0.0 ], [ 134.902911, 35.19508, 0.0 ], [ 134.904669, 35.197291, 0.0 ], [ 134.905402, 35.197571, 0.0 ], [ 134.906097, 35.198753, 0.0 ], [ 134.906615, 35.199137, 0.0 ], [ 134.906703, 35.199603, 0.0 ], [ 134.906185, 35.200485, 0.0 ], [ 134.906424, 35.20158, 0.0 ], [ 134.907207, 35.201943, 0.0 ], [ 134.908167, 35.201871, 0.0 ], [ 134.910998, 35.202337, 0.0 ], [ 134.911301, 35.203115, 0.0 ], [ 134.911529, 35.203271, 0.0 ], [ 134.91211, 35.203416, 0.0 ], [ 134.913121, 35.203385, 0.0 ], [ 134.913677, 35.204049, 0.0 ], [ 134.91422, 35.204287, 0.0 ], [ 134.915436, 35.205324, 0.0 ], [ 134.915726, 35.206475, 0.0 ], [ 134.915651, 35.207305, 0.0 ], [ 134.91613, 35.208124, 0.0 ], [ 134.916749, 35.208725, 0.0 ], [ 134.916838, 35.209524, 0.0 ], [ 134.917129, 35.210177, 0.0 ], [ 134.917508, 35.210343, 0.0 ], [ 134.918329, 35.211306, 0.0 ], [ 134.918708, 35.212011, 0.0 ], [ 134.917179, 35.213089, 0.0 ], [ 134.915006, 35.214043, 0.0 ], [ 134.914298, 35.214634, 0.0 ], [ 134.913673, 35.215723, 0.0 ], [ 134.913685, 35.21676, 0.0 ], [ 134.914014, 35.217901, 0.0 ], [ 134.913849, 35.218357, 0.0 ], [ 134.913293, 35.218689, 0.0 ], [ 134.912131, 35.220016, 0.0 ], [ 134.910349, 35.220317, 0.0 ], [ 134.909951, 35.220968, 0.0 ], [ 134.909471, 35.221289, 0.0 ], [ 134.909193, 35.22187, 0.0 ], [ 134.90798, 35.222036, 0.0 ], [ 134.906742, 35.222876, 0.0 ], [ 134.906135, 35.222855, 0.0 ], [ 134.90496, 35.223114, 0.0 ], [ 134.902434, 35.225191, 0.0 ], [ 134.900829, 35.225678, 0.0 ], [ 134.9004, 35.22602, 0.0 ], [ 134.899351, 35.226176, 0.0 ], [ 134.899705, 35.227368, 0.0 ], [ 134.900008, 35.227711, 0.0 ], [ 134.902079, 35.228225, 0.0 ], [ 134.905023, 35.228484, 0.0 ], [ 134.906703, 35.22892, 0.0 ], [ 134.906843, 35.229314, 0.0 ], [ 134.90774, 35.229913, 0.0 ], [ 134.907651, 35.230639, 0.0 ], [ 134.908194, 35.231386, 0.0 ], [ 134.909104, 35.234582, 0.0 ], [ 134.90894, 35.23482, 0.0 ], [ 134.908283, 35.234592, 0.0 ], [ 134.908081, 35.234727, 0.0 ], [ 134.908182, 35.235307, 0.0 ], [ 134.908068, 35.235567, 0.0 ], [ 134.906969, 35.235463, 0.0 ], [ 134.906602, 35.235826, 0.0 ], [ 134.905933, 35.236075, 0.0 ], [ 134.905212, 35.236884, 0.0 ], [ 134.904788, 35.237921, 0.0 ], [ 134.90374, 35.238647, 0.0 ], [ 134.903159, 35.240617, 0.0 ], [ 134.903474, 35.242081, 0.0 ], [ 134.903272, 35.24317, 0.0 ], [ 134.901895, 35.245799, 0.0 ], [ 134.901844, 35.246596, 0.0 ], [ 134.901453, 35.247872, 0.0 ], [ 134.902034, 35.248701, 0.0 ], [ 134.902173, 35.249558, 0.0 ], [ 134.901945, 35.250211, 0.0 ], [ 134.902008, 35.250605, 0.0 ], [ 134.902741, 35.251808, 0.0 ], [ 134.903209, 35.252078, 0.0 ], [ 134.903866, 35.252897, 0.0 ], [ 134.902992, 35.254198, 0.0 ], [ 134.903512, 35.254883, 0.0 ], [ 134.905172, 35.256252, 0.0 ], [ 134.906047, 35.258398, 0.0 ], [ 134.907086, 35.259438, 0.0 ], [ 134.907127, 35.260515, 0.0 ], [ 134.90838, 35.261066, 0.0 ], [ 134.909266, 35.262151, 0.0 ], [ 134.909826, 35.26241, 0.0 ], [ 134.910773, 35.263254, 0.0 ], [ 134.912382, 35.263588, 0.0 ], [ 134.912953, 35.264523, 0.0 ], [ 134.912993, 35.265299, 0.0 ], [ 134.913554, 35.266001, 0.0 ], [ 134.914205, 35.266376, 0.0 ], [ 134.914877, 35.266364, 0.0 ], [ 134.915224, 35.266539, 0.0 ], [ 134.915621, 35.268427, 0.0 ], [ 134.916751, 35.269963, 0.0 ], [ 134.91668, 35.270426, 0.0 ], [ 134.915549, 35.272472, 0.0 ], [ 134.91558, 35.272839, 0.0 ], [ 134.917383, 35.273825, 0.0 ], [ 134.918371, 35.273925, 0.0 ], [ 134.919297, 35.275027, 0.0 ], [ 134.919491, 35.275612, 0.0 ], [ 134.920672, 35.276255, 0.0 ], [ 134.921854, 35.276664, 0.0 ], [ 134.922994, 35.27739, 0.0 ], [ 134.922709, 35.278213, 0.0 ], [ 134.924237, 35.279658, 0.0 ], [ 134.924634, 35.280968, 0.0 ], [ 134.924502, 35.281586, 0.0 ], [ 134.923921, 35.282104, 0.0 ], [ 134.924542, 35.28291, 0.0 ], [ 134.924542, 35.283778, 0.0 ], [ 134.924827, 35.284296, 0.0 ], [ 134.924277, 35.285148, 0.0 ], [ 134.924094, 35.286267, 0.0 ], [ 134.925092, 35.288943, 0.0 ], [ 134.925347, 35.28926, 0.0 ], [ 134.926874, 35.289928, 0.0 ], [ 134.927913, 35.290847, 0.0 ], [ 134.928789, 35.29126, 0.0 ], [ 134.929217, 35.291636, 0.0 ], [ 134.929594, 35.292438, 0.0 ], [ 134.930011, 35.29278, 0.0 ], [ 134.929909, 35.293014, 0.0 ], [ 134.929482, 35.293214, 0.0 ], [ 134.929369, 35.293581, 0.0 ], [ 134.92994, 35.295251, 0.0 ], [ 134.930917, 35.295623, 0.0 ], [ 134.931243, 35.296141, 0.0 ], [ 134.931376, 35.296851, 0.0 ], [ 134.933453, 35.297577, 0.0 ], [ 134.935633, 35.299239, 0.0 ], [ 134.937059, 35.299523, 0.0 ], [ 134.938169, 35.300437, 0.0 ], [ 134.938699, 35.301999, 0.0 ], [ 134.938882, 35.303927, 0.0 ], [ 134.938586, 35.305201, 0.0 ], [ 134.938678, 35.305693, 0.0 ], [ 134.937614, 35.307611, 0.0 ], [ 134.938796, 35.308078, 0.0 ], [ 134.939886, 35.30822, 0.0 ], [ 134.940619, 35.308729, 0.0 ], [ 134.940904, 35.308746, 0.0 ], [ 134.941719, 35.308304, 0.0 ], [ 134.943317, 35.308312, 0.0 ], [ 134.944255, 35.307519, 0.0 ], [ 134.945681, 35.307352, 0.0 ], [ 134.946007, 35.307151, 0.0 ], [ 134.946729, 35.306058, 0.0 ], [ 134.947123, 35.303933, 0.0 ], [ 134.948732, 35.303415, 0.0 ], [ 134.950484, 35.303323, 0.0 ], [ 134.951676, 35.302906, 0.0 ], [ 134.952735, 35.302171, 0.0 ], [ 134.954354, 35.300292, 0.0 ], [ 134.955209, 35.299683, 0.0 ], [ 134.956788, 35.299666, 0.0 ], [ 134.957776, 35.298848, 0.0 ], [ 134.960053, 35.297913, 0.0 ], [ 134.963496, 35.298121, 0.0 ], [ 134.966236, 35.297888, 0.0 ], [ 134.967101, 35.297403, 0.0 ], [ 134.967295, 35.296685, 0.0 ], [ 134.967906, 35.295951, 0.0 ], [ 134.970116, 35.29585, 0.0 ], [ 134.971247, 35.295525, 0.0 ], [ 134.976451, 35.295082, 0.0 ], [ 134.977897, 35.294514, 0.0 ], [ 134.980545, 35.29403, 0.0 ], [ 134.983061, 35.292728, 0.0 ], [ 134.984762, 35.292911, 0.0 ], [ 134.986443, 35.292586, 0.0 ], [ 134.987471, 35.291918, 0.0 ], [ 134.989203, 35.291467, 0.0 ], [ 134.990201, 35.290582, 0.0 ], [ 134.991912, 35.290014, 0.0 ], [ 134.992523, 35.289546, 0.0 ], [ 134.992686, 35.289112, 0.0 ], [ 134.992859, 35.289054, 0.0 ], [ 134.995456, 35.289655, 0.0 ], [ 134.996505, 35.289563, 0.0 ], [ 134.996923, 35.289822, 0.0 ], [ 134.997177, 35.29044, 0.0 ], [ 134.9982, 35.290593, 0.0 ], [ 134.998775, 35.290974, 0.0 ], [ 134.999291, 35.290843, 0.0 ], [ 134.999601, 35.289782, 0.0 ], [ 134.999077, 35.288744, 0.0 ], [ 134.999521, 35.288244, 0.0 ], [ 134.999878, 35.287331, 0.0 ], [ 135.001161, 35.287258, 0.0 ], [ 135.002121, 35.28696, 0.0 ], [ 135.002863, 35.286506, 0.0 ], [ 135.003367, 35.285899, 0.0 ], [ 135.004136, 35.285566, 0.0 ], [ 135.007512, 35.285524, 0.0 ], [ 135.008727, 35.284107, 0.0 ], [ 135.009814, 35.283691, 0.0 ], [ 135.011149, 35.281644, 0.0 ], [ 135.011727, 35.28112, 0.0 ], [ 135.011914, 35.280506, 0.0 ], [ 135.011448, 35.279653, 0.0 ], [ 135.011848, 35.27801, 0.0 ], [ 135.011659, 35.277201, 0.0 ], [ 135.011972, 35.276172, 0.0 ], [ 135.011455, 35.274878, 0.0 ], [ 135.0104, 35.273776, 0.0 ], [ 135.010458, 35.272438, 0.0 ], [ 135.009702, 35.271532, 0.0 ], [ 135.009411, 35.270882, 0.0 ], [ 135.00944, 35.270685, 0.0 ], [ 135.010356, 35.269815, 0.0 ], [ 135.010851, 35.269582, 0.0 ], [ 135.012037, 35.269242, 0.0 ], [ 135.013587, 35.269153, 0.0 ], [ 135.01493, 35.268645, 0.0 ], [ 135.01573, 35.268674, 0.0 ], [ 135.018292, 35.269265, 0.0 ], [ 135.01859, 35.269044, 0.0 ], [ 135.018939, 35.268251, 0.0 ], [ 135.019389, 35.26789, 0.0 ], [ 135.021077, 35.267258, 0.0 ], [ 135.021819, 35.266679, 0.0 ], [ 135.023652, 35.266351, 0.0 ], [ 135.023929, 35.265922, 0.0 ], [ 135.023965, 35.265164, 0.0 ], [ 135.02517, 35.265358, 0.0 ], [ 135.025897, 35.265215, 0.0 ], [ 135.026806, 35.265459, 0.0 ], [ 135.028669, 35.265018, 0.0 ], [ 135.030182, 35.264195, 0.0 ], [ 135.032654, 35.263576, 0.0 ], [ 135.033164, 35.262919, 0.0 ], [ 135.034073, 35.262901, 0.0 ], [ 135.035964, 35.262478, 0.0 ], [ 135.036786, 35.261977, 0.0 ], [ 135.037179, 35.260993, 0.0 ], [ 135.03747, 35.260689, 0.0 ], [ 135.038591, 35.26076, 0.0 ], [ 135.039854, 35.261649, 0.0 ], [ 135.040981, 35.263205, 0.0 ], [ 135.041803, 35.263521, 0.0 ], [ 135.042109, 35.264082, 0.0 ], [ 135.042291, 35.26413, 0.0 ], [ 135.042967, 35.263617, 0.0 ], [ 135.04496, 35.26274, 0.0 ], [ 135.046137, 35.262583, 0.0 ], [ 135.047127, 35.262249, 0.0 ], [ 135.048386, 35.262303, 0.0 ], [ 135.049593, 35.261963, 0.0 ], [ 135.050786, 35.262446, 0.0 ], [ 135.051484, 35.262428, 0.0 ], [ 135.052401, 35.262863, 0.0 ], [ 135.053144, 35.263416, 0.0 ], [ 135.054592, 35.264919, 0.0 ], [ 135.055022, 35.264996, 0.0 ], [ 135.055756, 35.26443, 0.0 ], [ 135.056789, 35.264603, 0.0 ], [ 135.056949, 35.264311, 0.0 ], [ 135.0566, 35.262124, 0.0 ], [ 135.056862, 35.261409, 0.0 ], [ 135.056673, 35.260825, 0.0 ], [ 135.056942, 35.260247, 0.0 ], [ 135.056404, 35.259671, 0.0 ], [ 135.0558, 35.259462, 0.0 ], [ 135.055822, 35.259211, 0.0 ], [ 135.056186, 35.258663, 0.0 ], [ 135.057299, 35.257762, 0.0 ], [ 135.057865, 35.257018, 0.0 ], [ 135.058025, 35.254936, 0.0 ], [ 135.058323, 35.254167, 0.0 ], [ 135.058767, 35.253654, 0.0 ], [ 135.059713, 35.253302, 0.0 ], [ 135.060027, 35.252389, 0.0 ], [ 135.061169, 35.252013, 0.0 ], [ 135.061379, 35.251739, 0.0 ], [ 135.060871, 35.250528, 0.0 ], [ 135.060609, 35.248685, 0.0 ], [ 135.060958, 35.248345, 0.0 ], [ 135.061852, 35.247957, 0.0 ], [ 135.063291, 35.247665, 0.0 ], [ 135.063916, 35.247092, 0.0 ], [ 135.064337, 35.246436, 0.0 ], [ 135.064373, 35.246186, 0.0 ], [ 135.064054, 35.245691, 0.0 ], [ 135.064504, 35.245017, 0.0 ], [ 135.064759, 35.243466, 0.0 ], [ 135.064657, 35.243031, 0.0 ], [ 135.064207, 35.242577, 0.0 ], [ 135.064214, 35.242369, 0.0 ], [ 135.065006, 35.241224, 0.0 ], [ 135.067426, 35.238891, 0.0 ], [ 135.067875, 35.237351, 0.0 ], [ 135.069091, 35.237868, 0.0 ], [ 135.070494, 35.238834, 0.0 ], [ 135.071483, 35.238912, 0.0 ], [ 135.072871, 35.23955, 0.0 ], [ 135.07415, 35.240898, 0.0 ], [ 135.074521, 35.24267, 0.0 ], [ 135.074993, 35.243552, 0.0 ], [ 135.078089, 35.244608, 0.0 ], [ 135.080073, 35.24406, 0.0 ], [ 135.081236, 35.244984, 0.0 ], [ 135.081991, 35.246082, 0.0 ], [ 135.0829, 35.24638, 0.0 ], [ 135.083525, 35.247561, 0.0 ], [ 135.083619, 35.248575, 0.0 ], [ 135.084186, 35.249225, 0.0 ], [ 135.084433, 35.249785, 0.0 ], [ 135.084273, 35.25003, 0.0 ], [ 135.084317, 35.250525, 0.0 ], [ 135.084862, 35.251646, 0.0 ], [ 135.08492, 35.252273, 0.0 ], [ 135.085423, 35.253191, 0.0 ], [ 135.085888, 35.25337, 0.0 ], [ 135.087619, 35.253525, 0.0 ], [ 135.089605, 35.254467, 0.0 ], [ 135.091129, 35.256626, 0.0 ], [ 135.091063, 35.257544, 0.0 ], [ 135.091384, 35.258313, 0.0 ], [ 135.092211, 35.258891, 0.0 ], [ 135.093208, 35.258963, 0.0 ], [ 135.093346, 35.25978, 0.0 ], [ 135.094648, 35.260024, 0.0 ], [ 135.095361, 35.259458, 0.0 ], [ 135.096373, 35.259327, 0.0 ], [ 135.097478, 35.258605, 0.0 ], [ 135.098904, 35.25882, 0.0 ], [ 135.100448, 35.259812, 0.0 ], [ 135.101647, 35.261499, 0.0 ], [ 135.102542, 35.262012, 0.0 ], [ 135.104085, 35.263389, 0.0 ], [ 135.104536, 35.263609, 0.0 ], [ 135.105176, 35.263628, 0.0 ], [ 135.106538, 35.264333, 0.0 ], [ 135.107186, 35.264863, 0.0 ], [ 135.107861, 35.265791, 0.0 ], [ 135.10877, 35.26628, 0.0 ], [ 135.109316, 35.266292, 0.0 ], [ 135.109914, 35.265745, 0.0 ], [ 135.110852, 35.265358, 0.0 ], [ 135.111543, 35.264541, 0.0 ], [ 135.112716, 35.264024, 0.0 ], [ 135.114577, 35.263774, 0.0 ], [ 135.115419, 35.263416, 0.0 ], [ 135.117877, 35.263275, 0.0 ], [ 135.119463, 35.262595, 0.0 ], [ 135.120903, 35.262774, 0.0 ], [ 135.12166, 35.263138, 0.0 ], [ 135.122836, 35.263246, 0.0 ], [ 135.123244, 35.262888, 0.0 ], [ 135.123506, 35.26213, 0.0 ], [ 135.124597, 35.262023, 0.0 ], [ 135.126194, 35.262309, 0.0 ], [ 135.127437, 35.261737, 0.0 ], [ 135.128674, 35.260717, 0.0 ], [ 135.130948, 35.261176, 0.0 ], [ 135.13217, 35.262613, 0.0 ], [ 135.133905, 35.263633, 0.0 ], [ 135.134792, 35.264993, 0.0 ], [ 135.137764, 35.26525, 0.0 ], [ 135.138317, 35.265005, 0.0 ], [ 135.13903, 35.264289, 0.0 ], [ 135.139761, 35.263061, 0.0 ], [ 135.140671, 35.262918, 0.0 ], [ 135.14198, 35.26228, 0.0 ], [ 135.144442, 35.262464, 0.0 ], [ 135.144719, 35.262566, 0.0 ], [ 135.145417, 35.26355, 0.0 ], [ 135.147014, 35.263997, 0.0 ], [ 135.148003, 35.263884, 0.0 ], [ 135.149007, 35.26315, 0.0 ], [ 135.150073, 35.263198, 0.0 ], [ 135.150975, 35.262518, 0.0 ], [ 135.152525, 35.26219, 0.0 ], [ 135.153503, 35.261516, 0.0 ], [ 135.154478, 35.261719, 0.0 ], [ 135.15753, 35.261093, 0.0 ], [ 135.159247, 35.259399, 0.0 ], [ 135.160076, 35.259059, 0.0 ], [ 135.160618, 35.258349, 0.0 ], [ 135.161455, 35.258349, 0.0 ], [ 135.161979, 35.257818, 0.0 ], [ 135.160709, 35.256739, 0.0 ], [ 135.160833, 35.256101, 0.0 ], [ 135.161422, 35.255016, 0.0 ], [ 135.161215, 35.253703, 0.0 ], [ 135.162273, 35.25326, 0.0 ], [ 135.161927, 35.252676, 0.0 ], [ 135.162223, 35.252318, 0.0 ], [ 135.162861, 35.252136, 0.0 ], [ 135.163127, 35.251865, 0.0 ], [ 135.163013, 35.251346, 0.0 ], [ 135.162676, 35.251142, 0.0 ], [ 135.162966, 35.250431, 0.0 ], [ 135.162982, 35.249929, 0.0 ], [ 135.164716, 35.248993, 0.0 ], [ 135.165029, 35.248323, 0.0 ], [ 135.164854, 35.247882, 0.0 ], [ 135.165023, 35.247379, 0.0 ], [ 135.165372, 35.24733, 0.0 ], [ 135.165695, 35.246497, 0.0 ], [ 135.166011, 35.246265, 0.0 ], [ 135.166317, 35.244979, 0.0 ], [ 135.16625, 35.244499, 0.0 ], [ 135.167026, 35.242745, 0.0 ], [ 135.166788, 35.241217, 0.0 ], [ 135.166674, 35.241189, 0.0 ], [ 135.166858, 35.240345, 0.0 ], [ 135.166421, 35.239059, 0.0 ], [ 135.164932, 35.238088, 0.0 ], [ 135.164734, 35.236256, 0.0 ], [ 135.164506, 35.235865, 0.0 ], [ 135.162821, 35.234469, 0.0 ], [ 135.162445, 35.233972, 0.0 ], [ 135.162304, 35.233586, 0.0 ], [ 135.162411, 35.23299, 0.0 ], [ 135.161857, 35.231489, 0.0 ], [ 135.161981, 35.231241, 0.0 ], [ 135.160785, 35.230794, 0.0 ], [ 135.16028, 35.230165, 0.0 ], [ 135.156472, 35.229828, 0.0 ], [ 135.154875, 35.227467, 0.0 ], [ 135.154692, 35.226699, 0.0 ], [ 135.154778, 35.226502, 0.0 ], [ 135.155249, 35.226253, 0.0 ], [ 135.156284, 35.226215, 0.0 ], [ 135.156539, 35.226055, 0.0 ], [ 135.157147, 35.22462, 0.0 ], [ 135.157571, 35.224008, 0.0 ], [ 135.159517, 35.222606, 0.0 ], [ 135.161635, 35.221668, 0.0 ], [ 135.161749, 35.221464, 0.0 ], [ 135.161622, 35.220962, 0.0 ], [ 135.163067, 35.220091, 0.0 ], [ 135.163565, 35.219947, 0.0 ], [ 135.164714, 35.21998, 0.0 ], [ 135.165148, 35.2195, 0.0 ], [ 135.165504, 35.219583, 0.0 ], [ 135.166176, 35.220311, 0.0 ], [ 135.167104, 35.220151, 0.0 ], [ 135.168442, 35.220703, 0.0 ], [ 135.169565, 35.220333, 0.0 ], [ 135.170967, 35.220267, 0.0 ], [ 135.171367, 35.2195, 0.0 ], [ 135.171777, 35.217536, 0.0 ], [ 135.173555, 35.215528, 0.0 ], [ 135.174651, 35.215136, 0.0 ], [ 135.175131, 35.214601, 0.0 ], [ 135.175972, 35.214744, 0.0 ], [ 135.176597, 35.214628, 0.0 ], [ 135.177767, 35.214987, 0.0 ], [ 135.178483, 35.214794, 0.0 ], [ 135.178947, 35.214468, 0.0 ], [ 135.179491, 35.215092, 0.0 ], [ 135.181585, 35.215842, 0.0 ], [ 135.182312, 35.215924, 0.0 ], [ 135.182864, 35.214886, 0.0 ], [ 135.183627, 35.214189, 0.0 ], [ 135.184674, 35.214051, 0.0 ], [ 135.184892, 35.213849, 0.0 ], [ 135.185027, 35.212656, 0.0 ], [ 135.185354, 35.211928, 0.0 ], [ 135.186364, 35.211409, 0.0 ], [ 135.187214, 35.211278, 0.0 ], [ 135.187494, 35.210461, 0.0 ], [ 135.188104, 35.210014, 0.0 ], [ 135.188352, 35.209471, 0.0 ], [ 135.188221, 35.209, 0.0 ], [ 135.18882, 35.207503, 0.0 ], [ 135.188835, 35.206829, 0.0 ], [ 135.189434, 35.206399, 0.0 ], [ 135.190495, 35.206083, 0.0 ], [ 135.191814, 35.20424, 0.0 ], [ 135.192774, 35.204449, 0.0 ], [ 135.193239, 35.204789, 0.0 ], [ 135.193617, 35.204795, 0.0 ], [ 135.195837, 35.204055, 0.0 ], [ 135.197058, 35.203018, 0.0 ], [ 135.197519, 35.202278, 0.0 ], [ 135.197497, 35.201419, 0.0 ], [ 135.198094, 35.200906, 0.0 ], [ 135.19825, 35.200477, 0.0 ], [ 135.198359, 35.198968, 0.0 ], [ 135.198711, 35.198264, 0.0 ], [ 135.198849, 35.197471, 0.0 ], [ 135.200132, 35.19552, 0.0 ], [ 135.199104, 35.193582, 0.0 ], [ 135.198406, 35.193361, 0.0 ], [ 135.196836, 35.193486, 0.0 ], [ 135.195292, 35.194214, 0.0 ], [ 135.192894, 35.194071, 0.0 ], [ 135.191742, 35.193266, 0.0 ], [ 135.190543, 35.192854, 0.0 ], [ 135.189311, 35.192181, 0.0 ], [ 135.188126, 35.191984, 0.0 ], [ 135.1872, 35.191166, 0.0 ], [ 135.186713, 35.190224, 0.0 ], [ 135.187349, 35.187367, 0.0 ], [ 135.187756, 35.186974, 0.0 ], [ 135.189224, 35.186228, 0.0 ], [ 135.188981, 35.185238, 0.0 ], [ 135.189381, 35.184958, 0.0 ], [ 135.19014, 35.183186, 0.0 ], [ 135.189675, 35.18284, 0.0 ], [ 135.189482, 35.182107, 0.0 ], [ 135.188247, 35.181379, 0.0 ], [ 135.188371, 35.18052, 0.0 ], [ 135.188029, 35.179763, 0.0 ], [ 135.188033, 35.179351, 0.0 ], [ 135.188331, 35.178582, 0.0 ], [ 135.188636, 35.178325, 0.0 ], [ 135.187535, 35.17746, 0.0 ], [ 135.187441, 35.177073, 0.0 ], [ 135.187731, 35.176303, 0.0 ], [ 135.187371, 35.17557, 0.0 ], [ 135.187444, 35.174675, 0.0 ], [ 135.186867, 35.173166, 0.0 ], [ 135.187259, 35.171759, 0.0 ], [ 135.187731, 35.172009, 0.0 ], [ 135.189054, 35.17183, 0.0 ], [ 135.189926, 35.171991, 0.0 ], [ 135.191194, 35.171633, 0.0 ], [ 135.193091, 35.172164, 0.0 ], [ 135.194257, 35.171454, 0.0 ], [ 135.194861, 35.171293, 0.0 ], [ 135.195275, 35.170661, 0.0 ], [ 135.196162, 35.170023, 0.0 ], [ 135.196454, 35.169552, 0.0 ], [ 135.197074, 35.169442, 0.0 ], [ 135.198944, 35.168358, 0.0 ], [ 135.19912, 35.167967, 0.0 ], [ 135.198936, 35.166971, 0.0 ], [ 135.20013, 35.165943, 0.0 ], [ 135.200349, 35.165219, 0.0 ], [ 135.200627, 35.165162, 0.0 ], [ 135.200985, 35.165518, 0.0 ], [ 135.201322, 35.165579, 0.0 ], [ 135.203793, 35.164622, 0.0 ], [ 135.205046, 35.163165, 0.0 ], [ 135.204784, 35.162405, 0.0 ], [ 135.205128, 35.161628, 0.0 ], [ 135.205631, 35.161014, 0.0 ], [ 135.206213, 35.160685, 0.0 ], [ 135.20663, 35.160614, 0.0 ], [ 135.208011, 35.161014, 0.0 ], [ 135.209566, 35.161242, 0.0 ], [ 135.210589, 35.16122, 0.0 ], [ 135.212686, 35.162335, 0.0 ], [ 135.213445, 35.162537, 0.0 ], [ 135.214183, 35.162252, 0.0 ], [ 135.215708, 35.161984, 0.0 ], [ 135.216461, 35.161633, 0.0 ], [ 135.217826, 35.162318, 0.0 ], [ 135.218152, 35.162195, 0.0 ], [ 135.219563, 35.162559, 0.0 ], [ 135.220038, 35.162357, 0.0 ], [ 135.220912, 35.162735, 0.0 ], [ 135.222159, 35.162893, 0.0 ], [ 135.222983, 35.163301, 0.0 ], [ 135.223979, 35.164096, 0.0 ], [ 135.224668, 35.163789, 0.0 ], [ 135.225261, 35.163775, 0.0 ], [ 135.226381, 35.164653, 0.0 ], [ 135.226589, 35.165114, 0.0 ], [ 135.227529, 35.165127, 0.0 ], [ 135.228571, 35.165781, 0.0 ], [ 135.228809, 35.166199, 0.0 ], [ 135.228926, 35.166984, 0.0 ], [ 135.228742, 35.168582, 0.0 ], [ 135.229301, 35.16946, 0.0 ], [ 135.229748, 35.171463, 0.0 ], [ 135.229588, 35.172357, 0.0 ], [ 135.23022, 35.172977, 0.0 ], [ 135.230733, 35.174314, 0.0 ], [ 135.231343, 35.174904, 0.0 ], [ 135.231492, 35.175989, 0.0 ], [ 135.231921, 35.176723, 0.0 ], [ 135.23203, 35.177457, 0.0 ], [ 135.232189, 35.177504, 0.0 ], [ 135.233447, 35.177367, 0.0 ], [ 135.236408, 35.177683, 0.0 ], [ 135.236684, 35.177558, 0.0 ], [ 135.237382, 35.176473, 0.0 ], [ 135.237858, 35.176288, 0.0 ], [ 135.238483, 35.176622, 0.0 ], [ 135.240278, 35.176467, 0.0 ], [ 135.241931, 35.176914, 0.0 ], [ 135.243923, 35.176669, 0.0 ], [ 135.246273, 35.177164, 0.0 ], [ 135.24837, 35.176811, 0.0 ], [ 135.249216, 35.17688, 0.0 ], [ 135.249454, 35.17699, 0.0 ], [ 135.24996, 35.178049, 0.0 ], [ 135.25234, 35.177133, 0.0 ], [ 135.253564, 35.176436, 0.0 ], [ 135.254279, 35.176723, 0.0 ], [ 135.255471, 35.176761, 0.0 ], [ 135.257489, 35.177591, 0.0 ], [ 135.258073, 35.177314, 0.0 ], [ 135.259666, 35.176026, 0.0 ], [ 135.260023, 35.175926, 0.0 ], [ 135.261634, 35.176504, 0.0 ], [ 135.262869, 35.176079, 0.0 ], [ 135.263404, 35.175654, 0.0 ], [ 135.264561, 35.17575, 0.0 ], [ 135.266093, 35.175525, 0.0 ], [ 135.267436, 35.175711, 0.0 ], [ 135.268596, 35.176434, 0.0 ], [ 135.269305, 35.176501, 0.0 ], [ 135.269683, 35.176258, 0.0 ], [ 135.270401, 35.176721, 0.0 ], [ 135.271933, 35.176723, 0.0 ], [ 135.272973, 35.177191, 0.0 ], [ 135.273874, 35.177277, 0.0 ], [ 135.274095, 35.177229, 0.0 ], [ 135.274183, 35.176795, 0.0 ], [ 135.274869, 35.175571, 0.0 ], [ 135.276688, 35.174674, 0.0 ], [ 135.277287, 35.174579, 0.0 ], [ 135.278683, 35.175105, 0.0 ], [ 135.280363, 35.174891, 0.0 ], [ 135.281197, 35.174024, 0.0 ], [ 135.281805, 35.172554, 0.0 ], [ 135.283433, 35.171453, 0.0 ], [ 135.284723, 35.171186, 0.0 ], [ 135.285357, 35.171214, 0.0 ], [ 135.287383, 35.171654, 0.0 ], [ 135.287964, 35.172078, 0.0 ], [ 135.289319, 35.172417, 0.0 ], [ 135.288447, 35.172967, 0.0 ], [ 135.288284, 35.173556, 0.0 ], [ 135.287057, 35.173957, 0.0 ], [ 135.286883, 35.174248, 0.0 ], [ 135.287086, 35.175116, 0.0 ], [ 135.286703, 35.176345, 0.0 ], [ 135.286365, 35.176884, 0.0 ], [ 135.286534, 35.177997, 0.0 ], [ 135.286836, 35.178426, 0.0 ], [ 135.286342, 35.178765, 0.0 ], [ 135.286348, 35.180224, 0.0 ], [ 135.286604, 35.180905, 0.0 ], [ 135.287749, 35.182005, 0.0 ], [ 135.287662, 35.182461, 0.0 ], [ 135.287932, 35.183412, 0.0 ], [ 135.287444, 35.184068, 0.0 ], [ 135.287403, 35.184479, 0.0 ], [ 135.287089, 35.184983, 0.0 ], [ 135.28713, 35.185401, 0.0 ], [ 135.287519, 35.185887, 0.0 ], [ 135.287548, 35.186234, 0.0 ], [ 135.286938, 35.186952, 0.0 ], [ 135.287036, 35.187337, 0.0 ], [ 135.286566, 35.187909, 0.0 ], [ 135.28574, 35.188363, 0.0 ], [ 135.285066, 35.18931, 0.0 ], [ 135.284577, 35.189496, 0.0 ], [ 135.284159, 35.190245, 0.0 ], [ 135.283514, 35.190486, 0.0 ], [ 135.283554, 35.191525, 0.0 ], [ 135.284793, 35.192124, 0.0 ], [ 135.285037, 35.192401, 0.0 ], [ 135.285217, 35.195414, 0.0 ], [ 135.285379, 35.195761, 0.0 ], [ 135.285699, 35.195894, 0.0 ], [ 135.285566, 35.196324, 0.0 ], [ 135.284507, 35.19689, 0.0 ], [ 135.283781, 35.19751, 0.0 ], [ 135.283426, 35.198319, 0.0 ], [ 135.284839, 35.198611, 0.0 ], [ 135.285007, 35.19902, 0.0 ], [ 135.284647, 35.19965, 0.0 ], [ 135.285993, 35.200049, 0.0 ], [ 135.286586, 35.200407, 0.0 ], [ 135.287225, 35.199748, 0.0 ], [ 135.288414, 35.199958, 0.0 ], [ 135.289519, 35.199319, 0.0 ], [ 135.290568, 35.199292, 0.0 ], [ 135.292615, 35.198142, 0.0 ], [ 135.293847, 35.198352, 0.0 ], [ 135.2944, 35.200407, 0.0 ], [ 135.294853, 35.201311, 0.0 ], [ 135.294946, 35.203014, 0.0 ], [ 135.295271, 35.203224, 0.0 ], [ 135.295556, 35.203815, 0.0 ], [ 135.296132, 35.204116, 0.0 ], [ 135.296231, 35.20433, 0.0 ], [ 135.296126, 35.206276, 0.0 ], [ 135.297155, 35.206957, 0.0 ], [ 135.299533, 35.209478, 0.0 ], [ 135.299986, 35.210516, 0.0 ], [ 135.299167, 35.210788, 0.0 ], [ 135.297835, 35.211849, 0.0 ], [ 135.296684, 35.211959, 0.0 ], [ 135.296423, 35.212961, 0.0 ], [ 135.295103, 35.215319, 0.0 ], [ 135.29387, 35.216026, 0.0 ], [ 135.294021, 35.216856, 0.0 ], [ 135.29387, 35.217757, 0.0 ], [ 135.293079, 35.21898, 0.0 ], [ 135.293219, 35.219357, 0.0 ], [ 135.294422, 35.220094, 0.0 ], [ 135.295544, 35.220013, 0.0 ], [ 135.296544, 35.219393, 0.0 ], [ 135.297669, 35.219221, 0.0 ], [ 135.298777, 35.219813, 0.0 ], [ 135.299256, 35.220275, 0.0 ], [ 135.299361, 35.220643, 0.0 ], [ 135.297169, 35.223129, 0.0 ], [ 135.296576, 35.224214, 0.0 ], [ 135.29489, 35.225235, 0.0 ], [ 135.294536, 35.225789, 0.0 ], [ 135.294265, 35.226817, 0.0 ], [ 135.293643, 35.227183, 0.0 ], [ 135.293091, 35.22804, 0.0 ], [ 135.291614, 35.229321, 0.0 ], [ 135.290916, 35.230609, 0.0 ], [ 135.289766, 35.231401, 0.0 ], [ 135.288568, 35.231599, 0.0 ], [ 135.288283, 35.23178, 0.0 ], [ 135.288411, 35.232782, 0.0 ], [ 135.289016, 35.233582, 0.0 ], [ 135.288998, 35.234191, 0.0 ], [ 135.288748, 35.234615, 0.0 ], [ 135.291457, 35.234601, 0.0 ], [ 135.292108, 35.234401, 0.0 ], [ 135.293268, 35.234909, 0.0 ], [ 135.294129, 35.234785, 0.0 ], [ 135.298463, 35.235313, 0.0 ], [ 135.299242, 35.235165, 0.0 ], [ 135.299312, 35.235995, 0.0 ], [ 135.299044, 35.236671, 0.0 ], [ 135.299056, 35.23706, 0.0 ], [ 135.300027, 35.237808, 0.0 ], [ 135.301672, 35.23871, 0.0 ], [ 135.301875, 35.240039, 0.0 ], [ 135.302558, 35.241079, 0.0 ], [ 135.30289, 35.24252, 0.0 ], [ 135.303151, 35.242971, 0.0 ], [ 135.302873, 35.243651, 0.0 ], [ 135.302948, 35.243961, 0.0 ], [ 135.30389, 35.244114, 0.0 ], [ 135.305297, 35.243769, 0.0 ], [ 135.306192, 35.244227, 0.0 ], [ 135.308515, 35.244492, 0.0 ], [ 135.309323, 35.24485, 0.0 ], [ 135.309704, 35.245426, 0.0 ], [ 135.310459, 35.245478, 0.0 ], [ 135.310611, 35.245712, 0.0 ], [ 135.310605, 35.246058, 0.0 ], [ 135.310337, 35.246387, 0.0 ], [ 135.310436, 35.24723, 0.0 ], [ 135.310012, 35.24761, 0.0 ], [ 135.310378, 35.248288, 0.0 ], [ 135.312756, 35.249258, 0.0 ], [ 135.313512, 35.249871, 0.0 ], [ 135.314157, 35.24998, 0.0 ], [ 135.314692, 35.250928, 0.0 ], [ 135.315407, 35.251176, 0.0 ], [ 135.316814, 35.252135, 0.0 ], [ 135.317727, 35.253194, 0.0 ], [ 135.320054, 35.254044, 0.0 ], [ 135.322274, 35.254531, 0.0 ], [ 135.322801, 35.254883, 0.0 ], [ 135.323397, 35.254883, 0.0 ], [ 135.324175, 35.254609, 0.0 ], [ 135.325129, 35.258173, 0.0 ], [ 135.324772, 35.25912, 0.0 ], [ 135.324827, 35.259774, 0.0 ], [ 135.324294, 35.260566, 0.0 ], [ 135.323858, 35.26084, 0.0 ], [ 135.323217, 35.261627, 0.0 ], [ 135.322906, 35.26219, 0.0 ], [ 135.322299, 35.262584, 0.0 ], [ 135.321566, 35.263531, 0.0 ], [ 135.321603, 35.263988, 0.0 ], [ 135.322362, 35.265082, 0.0 ], [ 135.321107, 35.265242, 0.0 ], [ 135.320718, 35.265645, 0.0 ], [ 135.321131, 35.267227, 0.0 ], [ 135.319577, 35.268819, 0.0 ], [ 135.319508, 35.269185, 0.0 ], [ 135.319966, 35.27026, 0.0 ], [ 135.319819, 35.270539, 0.0 ], [ 135.319168, 35.270882, 0.0 ], [ 135.318893, 35.271303, 0.0 ], [ 135.318925, 35.272753, 0.0 ], [ 135.31859, 35.273412, 0.0 ], [ 135.318627, 35.273847, 0.0 ], [ 135.318803, 35.273966, 0.0 ], [ 135.319535, 35.274081, 0.0 ], [ 135.321833, 35.273807, 0.0 ], [ 135.323001, 35.274251, 0.0 ], [ 135.323643, 35.273798, 0.0 ], [ 135.324508, 35.273458, 0.0 ], [ 135.32721, 35.273137, 0.0 ], [ 135.328179, 35.272421, 0.0 ], [ 135.329253, 35.271293, 0.0 ], [ 135.332253, 35.271037, 0.0 ], [ 135.334107, 35.272413, 0.0 ], [ 135.334487, 35.273168, 0.0 ], [ 135.334845, 35.275783, 0.0 ], [ 135.335759, 35.277224, 0.0 ], [ 135.336528, 35.277751, 0.0 ], [ 135.336391, 35.278414, 0.0 ], [ 135.336831, 35.2787, 0.0 ], [ 135.337266, 35.279291, 0.0 ], [ 135.338856, 35.279968, 0.0 ], [ 135.341709, 35.280391, 0.0 ], [ 135.342491, 35.280878, 0.0 ], [ 135.345124, 35.281894, 0.0 ], [ 135.345483, 35.282383, 0.0 ], [ 135.346009, 35.283994, 0.0 ], [ 135.346009, 35.284571, 0.0 ], [ 135.346813, 35.285216, 0.0 ], [ 135.348499, 35.285751, 0.0 ], [ 135.348922, 35.286812, 0.0 ], [ 135.349902, 35.288254, 0.0 ], [ 135.350843, 35.288747, 0.0 ], [ 135.351599, 35.289456, 0.0 ], [ 135.352446, 35.289557, 0.0 ], [ 135.353454, 35.290129, 0.0 ], [ 135.354461, 35.290054, 0.0 ], [ 135.355432, 35.290694, 0.0 ], [ 135.355996, 35.290809, 0.0 ], [ 135.358765, 35.292078, 0.0 ], [ 135.360207, 35.290691, 0.0 ], [ 135.362694, 35.291698, 0.0 ], [ 135.363583, 35.291908, 0.0 ], [ 135.364342, 35.291918, 0.0 ], [ 135.366055, 35.291611, 0.0 ], [ 135.367252, 35.291996, 0.0 ], [ 135.368431, 35.292969, 0.0 ], [ 135.368866, 35.293784, 0.0 ], [ 135.369605, 35.294525, 0.0 ], [ 135.369734, 35.296413, 0.0 ], [ 135.369926, 35.296917, 0.0 ], [ 135.370705, 35.297347, 0.0 ], [ 135.372189, 35.298774, 0.0 ], [ 135.372507, 35.298795, 0.0 ], [ 135.373172, 35.298508, 0.0 ], [ 135.373919, 35.298516, 0.0 ], [ 135.375363, 35.299127, 0.0 ], [ 135.375598, 35.299362, 0.0 ], [ 135.375933, 35.300246, 0.0 ], [ 135.37727, 35.301672, 0.0 ], [ 135.378434, 35.301912, 0.0 ], [ 135.378996, 35.302399, 0.0 ], [ 135.379304, 35.302911, 0.0 ], [ 135.379412, 35.305396, 0.0 ], [ 135.381539, 35.307234, 0.0 ], [ 135.382394, 35.308969, 0.0 ], [ 135.382417, 35.309188, 0.0 ], [ 135.382019, 35.309689, 0.0 ], [ 135.382267, 35.31084, 0.0 ], [ 135.381953, 35.311281, 0.0 ], [ 135.381983, 35.311481, 0.0 ], [ 135.382301, 35.311701, 0.0 ], [ 135.382601, 35.312211, 0.0 ], [ 135.382612, 35.312666, 0.0 ], [ 135.384613, 35.314942, 0.0 ], [ 135.385553, 35.315202, 0.0 ], [ 135.386377, 35.314993, 0.0 ], [ 135.386722, 35.315083, 0.0 ], [ 135.387981, 35.316405, 0.0 ], [ 135.390027, 35.316661, 0.0 ], [ 135.39087, 35.316507, 0.0 ], [ 135.391081, 35.3173, 0.0 ], [ 135.39174, 35.317476, 0.0 ], [ 135.392631, 35.317998, 0.0 ], [ 135.393187, 35.318841, 0.0 ], [ 135.392946, 35.319148, 0.0 ], [ 135.393167, 35.319444, 0.0 ], [ 135.394142, 35.320109, 0.0 ], [ 135.396665, 35.320913, 0.0 ], [ 135.397315, 35.321754, 0.0 ], [ 135.39769, 35.322605, 0.0 ], [ 135.398334, 35.323344, 0.0 ], [ 135.399687, 35.323371, 0.0 ], [ 135.400315, 35.324473, 0.0 ], [ 135.401, 35.32494, 0.0 ], [ 135.402982, 35.325668, 0.0 ], [ 135.403266, 35.326331, 0.0 ], [ 135.404405, 35.326097, 0.0 ], [ 135.405076, 35.325651, 0.0 ], [ 135.405645, 35.325665, 0.0 ], [ 135.405938, 35.325758, 0.0 ], [ 135.406031, 35.326076, 0.0 ], [ 135.406756, 35.32602, 0.0 ], [ 135.408132, 35.326473, 0.0 ], [ 135.409493, 35.326533, 0.0 ], [ 135.410518, 35.327243, 0.0 ], [ 135.411699, 35.327088, 0.0 ], [ 135.412528, 35.327912, 0.0 ], [ 135.414282, 35.328555, 0.0 ], [ 135.416037, 35.330507, 0.0 ], [ 135.416206, 35.331064, 0.0 ], [ 135.416155, 35.331767, 0.0 ], [ 135.416351, 35.332089, 0.0 ], [ 135.416534, 35.333138, 0.0 ], [ 135.416911, 35.333674, 0.0 ], [ 135.416803, 35.334741, 0.0 ], [ 135.418006, 35.335305, 0.0 ], [ 135.41844, 35.335736, 0.0 ], [ 135.419363, 35.336082, 0.0 ], [ 135.420882, 35.336599, 0.0 ], [ 135.422773, 35.336875, 0.0 ], [ 135.423443, 35.337163, 0.0 ], [ 135.423736, 35.337442, 0.0 ], [ 135.423876, 35.338055, 0.0 ], [ 135.424588, 35.338802, 0.0 ], [ 135.425004, 35.339025, 0.0 ], [ 135.425661, 35.339776, 0.0 ], [ 135.426497, 35.340176, 0.0 ], [ 135.426922, 35.340924, 0.0 ], [ 135.427355, 35.34113, 0.0 ], [ 135.427739, 35.341773, 0.0 ], [ 135.428538, 35.342303, 0.0 ], [ 135.429158, 35.342119, 0.0 ], [ 135.429835, 35.342167, 0.0 ], [ 135.430368, 35.341748, 0.0 ], [ 135.430591, 35.341251, 0.0 ], [ 135.431889, 35.341231, 0.0 ], [ 135.434254, 35.341734, 0.0 ], [ 135.434763, 35.342292, 0.0 ], [ 135.435367, 35.342488, 0.0 ], [ 135.435751, 35.342963, 0.0 ], [ 135.436373, 35.343225, 0.0 ], [ 135.437095, 35.343377, 0.0 ], [ 135.439431, 35.343383, 0.0 ], [ 135.440036, 35.343131, 0.0 ], [ 135.440955, 35.341771, 0.0 ], [ 135.441271, 35.341603, 0.0 ], [ 135.442159, 35.341857, 0.0 ], [ 135.442882, 35.342487, 0.0 ], [ 135.444483, 35.343028, 0.0 ], [ 135.446001, 35.344129, 0.0 ], [ 135.447086, 35.344107, 0.0 ], [ 135.448574, 35.344386, 0.0 ], [ 135.449493, 35.344191, 0.0 ], [ 135.449811, 35.344288, 0.0 ], [ 135.451243, 35.345508, 0.0 ], [ 135.45233, 35.345759, 0.0 ], [ 135.453909, 35.346555, 0.0 ], [ 135.454404, 35.347368, 0.0 ], [ 135.454692, 35.347547, 0.0 ], [ 135.45498, 35.348313, 0.0 ], [ 135.455329, 35.34854, 0.0 ], [ 135.455704, 35.348426, 0.0 ], [ 135.45621, 35.347888, 0.0 ], [ 135.456145, 35.346851, 0.0 ], [ 135.456566, 35.345857, 0.0 ], [ 135.457164, 35.345475, 0.0 ], [ 135.45768, 35.344694, 0.0 ], [ 135.457876, 35.344636, 0.0 ], [ 135.45937, 35.345099, 0.0 ], [ 135.460109, 35.344799, 0.0 ], [ 135.460664, 35.345003, 0.0 ], [ 135.461256, 35.344912, 0.0 ], [ 135.461577, 35.345075, 0.0 ], [ 135.462003, 35.345923, 0.0 ], [ 135.462929, 35.345739, 0.0 ], [ 135.463285, 35.345178, 0.0 ], [ 135.463656, 35.345062, 0.0 ], [ 135.463989, 35.345126, 0.0 ], [ 135.464725, 35.345686, 0.0 ], [ 135.465722, 35.34561, 0.0 ], [ 135.467069, 35.345806, 0.0 ], [ 135.467535, 35.346025, 0.0 ], [ 135.467897, 35.345649, 0.0 ], [ 135.468697, 35.345523, 0.0 ], [ 135.469409, 35.345003, 0.0 ], [ 135.470204, 35.345303, 0.0 ], [ 135.470878, 35.345336, 0.0 ], [ 135.472029, 35.344882, 0.0 ], [ 135.472891, 35.344835, 0.0 ], [ 135.473597, 35.34443, 0.0 ], [ 135.474328, 35.344322, 0.0 ], [ 135.475606, 35.343784, 0.0 ], [ 135.476647, 35.343859, 0.0 ], [ 135.478251, 35.344262, 0.0 ], [ 135.479345, 35.343533, 0.0 ], [ 135.481296, 35.344014, 0.0 ], [ 135.48269, 35.344821, 0.0 ], [ 135.482906, 35.345301, 0.0 ], [ 135.486259, 35.345658, 0.0 ], [ 135.486838, 35.345287, 0.0 ], [ 135.487853, 35.34502, 0.0 ], [ 135.488437, 35.344425, 0.0 ], [ 135.489044, 35.344279, 0.0 ], [ 135.489975, 35.343756, 0.0 ], [ 135.490553, 35.34375, 0.0 ], [ 135.491217, 35.344009, 0.0 ], [ 135.492551, 35.343778, 0.0 ], [ 135.493266, 35.343443, 0.0 ], [ 135.494322, 35.34341, 0.0 ], [ 135.495077, 35.343497, 0.0 ], [ 135.495837, 35.34398, 0.0 ], [ 135.496117, 35.343998, 0.0 ], [ 135.496903, 35.343335, 0.0 ], [ 135.497177, 35.342699, 0.0 ], [ 135.498103, 35.342153, 0.0 ], [ 135.49823, 35.342771, 0.0 ], [ 135.498565, 35.342988, 0.0 ], [ 135.498999, 35.343717, 0.0 ], [ 135.499034, 35.344231, 0.0 ], [ 135.499543, 35.344604, 0.0 ], [ 135.499519, 35.344811, 0.0 ], [ 135.498956, 35.345408, 0.0 ], [ 135.498786, 35.346487, 0.0 ], [ 135.498952, 35.346736, 0.0 ], [ 135.499496, 35.346991, 0.0 ], [ 135.499784, 35.347594, 0.0 ], [ 135.500107, 35.347811, 0.0 ], [ 135.501811, 35.347911, 0.0 ], [ 135.503324, 35.34847, 0.0 ], [ 135.504069, 35.348583, 0.0 ], [ 135.505615, 35.349178, 0.0 ], [ 135.505887, 35.349592, 0.0 ], [ 135.505131, 35.351198, 0.0 ], [ 135.50532, 35.352238, 0.0 ], [ 135.504784, 35.352962, 0.0 ], [ 135.504583, 35.353579, 0.0 ], [ 135.503222, 35.35413, 0.0 ], [ 135.502744, 35.354494, 0.0 ], [ 135.501626, 35.354854, 0.0 ], [ 135.500517, 35.356854, 0.0 ], [ 135.500014, 35.358245, 0.0 ], [ 135.499881, 35.359413, 0.0 ], [ 135.500052, 35.359857, 0.0 ], [ 135.500714, 35.360435, 0.0 ], [ 135.5021, 35.361001, 0.0 ], [ 135.504527, 35.36077, 0.0 ], [ 135.506776, 35.361854, 0.0 ], [ 135.508023, 35.362147, 0.0 ], [ 135.508999, 35.362593, 0.0 ], [ 135.509979, 35.362637, 0.0 ], [ 135.511293, 35.363801, 0.0 ], [ 135.512046, 35.364704, 0.0 ], [ 135.512899, 35.364709, 0.0 ], [ 135.514738, 35.364389, 0.0 ], [ 135.515492, 35.364678, 0.0 ], [ 135.516362, 35.364701, 0.0 ], [ 135.51744, 35.365771, 0.0 ], [ 135.517898, 35.365942, 0.0 ], [ 135.518817, 35.367143, 0.0 ], [ 135.520797, 35.36869, 0.0 ], [ 135.521438, 35.369479, 0.0 ], [ 135.52178, 35.369681, 0.0 ], [ 135.523393, 35.36979, 0.0 ], [ 135.524789, 35.370169, 0.0 ], [ 135.525998, 35.369691, 0.0 ], [ 135.528205, 35.369207, 0.0 ], [ 135.529365, 35.369718, 0.0 ], [ 135.532441, 35.370021, 0.0 ], [ 135.532863, 35.370858, 0.0 ], [ 135.534403, 35.371248, 0.0 ], [ 135.534575, 35.372106, 0.0 ], [ 135.534212, 35.37275, 0.0 ], [ 135.53424, 35.373064, 0.0 ], [ 135.53473, 35.373567, 0.0 ], [ 135.534769, 35.373791, 0.0 ], [ 135.533976, 35.3763, 0.0 ], [ 135.534272, 35.377249, 0.0 ], [ 135.534502, 35.377439, 0.0 ], [ 135.536023, 35.376808, 0.0 ], [ 135.53698, 35.376671, 0.0 ], [ 135.540249, 35.376622, 0.0 ], [ 135.544195, 35.376858, 0.0 ], [ 135.545386, 35.377181, 0.0 ], [ 135.546096, 35.376842, 0.0 ], [ 135.546995, 35.376875, 0.0 ], [ 135.547976, 35.376671, 0.0 ], [ 135.549153, 35.377075, 0.0 ], [ 135.550719, 35.376889, 0.0 ], [ 135.551229, 35.377658, 0.0 ], [ 135.552788, 35.377869, 0.0 ], [ 135.553847, 35.377708, 0.0 ], [ 135.55478, 35.377057, 0.0 ], [ 135.5565, 35.377587, 0.0 ], [ 135.557738, 35.377526, 0.0 ], [ 135.558575, 35.376619, 0.0 ], [ 135.559029, 35.376426, 0.0 ], [ 135.560399, 35.37678, 0.0 ], [ 135.561934, 35.376597, 0.0 ], [ 135.562807, 35.377165, 0.0 ], [ 135.563918, 35.377312, 0.0 ], [ 135.564385, 35.377695, 0.0 ], [ 135.566078, 35.377191, 0.0 ], [ 135.566605, 35.376025, 0.0 ], [ 135.568084, 35.374881, 0.0 ], [ 135.568429, 35.374828, 0.0 ], [ 135.569092, 35.375218, 0.0 ], [ 135.56952, 35.375229, 0.0 ], [ 135.57082, 35.37485, 0.0 ], [ 135.571226, 35.374363, 0.0 ], [ 135.571482, 35.374285, 0.0 ], [ 135.57186, 35.374281, 0.0 ], [ 135.572578, 35.374597, 0.0 ], [ 135.574277, 35.374357, 0.0 ], [ 135.574814, 35.374581, 0.0 ], [ 135.575555, 35.37523, 0.0 ], [ 135.576587, 35.374824, 0.0 ], [ 135.578856, 35.375083, 0.0 ], [ 135.579331, 35.375012, 0.0 ], [ 135.580045, 35.374349, 0.0 ], [ 135.580081, 35.373668, 0.0 ], [ 135.580752, 35.373525, 0.0 ], [ 135.582713, 35.372119, 0.0 ], [ 135.583457, 35.371271, 0.0 ], [ 135.583948, 35.370202, 0.0 ], [ 135.584779, 35.369882, 0.0 ], [ 135.585378, 35.369334, 0.0 ], [ 135.586869, 35.369029, 0.0 ], [ 135.588102, 35.368257, 0.0 ], [ 135.588367, 35.368281, 0.0 ], [ 135.588806, 35.368661, 0.0 ], [ 135.589685, 35.368311, 0.0 ], [ 135.589993, 35.368354, 0.0 ], [ 135.590829, 35.368862, 0.0 ], [ 135.591655, 35.369936, 0.0 ], [ 135.593869, 35.370482, 0.0 ], [ 135.594948, 35.37265, 0.0 ], [ 135.59573, 35.372922, 0.0 ], [ 135.596888, 35.372458, 0.0 ], [ 135.597816, 35.372464, 0.0 ], [ 135.599177, 35.372054, 0.0 ], [ 135.59953, 35.371826, 0.0 ], [ 135.599859, 35.371164, 0.0 ], [ 135.600967, 35.371333, 0.0 ], [ 135.603023, 35.372109, 0.0 ], [ 135.605186, 35.371275, 0.0 ], [ 135.60644, 35.371711, 0.0 ], [ 135.606906, 35.371656, 0.0 ], [ 135.607874, 35.370037, 0.0 ], [ 135.609454, 35.369283, 0.0 ], [ 135.610294, 35.367791, 0.0 ], [ 135.610735, 35.36745, 0.0 ], [ 135.611145, 35.366801, 0.0 ], [ 135.611707, 35.369272, 0.0 ], [ 135.612557, 35.369489, 0.0 ], [ 135.614995, 35.37106, 0.0 ], [ 135.616316, 35.370116, 0.0 ], [ 135.617077, 35.370205, 0.0 ], [ 135.617581, 35.369854, 0.0 ], [ 135.618701, 35.370479, 0.0 ], [ 135.620228, 35.370119, 0.0 ], [ 135.621152, 35.36963, 0.0 ], [ 135.623471, 35.369899, 0.0 ], [ 135.624361, 35.369272, 0.0 ], [ 135.624857, 35.368609, 0.0 ], [ 135.62624, 35.368394, 0.0 ], [ 135.627112, 35.367843, 0.0 ], [ 135.627513, 35.367304, 0.0 ], [ 135.628368, 35.366879, 0.0 ], [ 135.629343, 35.366758, 0.0 ], [ 135.629989, 35.366233, 0.0 ], [ 135.630999, 35.365869, 0.0 ], [ 135.632358, 35.365602, 0.0 ], [ 135.633642, 35.365645, 0.0 ], [ 135.63388, 35.365332, 0.0 ], [ 135.633972, 35.364797, 0.0 ], [ 135.634281, 35.364522, 0.0 ], [ 135.635754, 35.364293, 0.0 ], [ 135.636438, 35.363719, 0.0 ], [ 135.638978, 35.364372, 0.0 ], [ 135.639539, 35.364971, 0.0 ], [ 135.640645, 35.36562, 0.0 ], [ 135.640742, 35.366808, 0.0 ], [ 135.642056, 35.366906, 0.0 ], [ 135.644082, 35.365313, 0.0 ], [ 135.64543, 35.364831, 0.0 ], [ 135.646389, 35.363675, 0.0 ], [ 135.648119, 35.362809, 0.0 ], [ 135.649483, 35.361229, 0.0 ], [ 135.65273, 35.35984, 0.0 ], [ 135.654162, 35.359854, 0.0 ], [ 135.655481, 35.359265, 0.0 ], [ 135.656979, 35.358937, 0.0 ], [ 135.657947, 35.359138, 0.0 ], [ 135.658409, 35.359077, 0.0 ], [ 135.659328, 35.358497, 0.0 ], [ 135.660082, 35.356969, 0.0 ], [ 135.660488, 35.356566, 0.0 ], [ 135.660904, 35.356407, 0.0 ], [ 135.661771, 35.356384, 0.0 ], [ 135.664627, 35.356884, 0.0 ], [ 135.66628, 35.356571, 0.0 ], [ 135.667702, 35.357066, 0.0 ], [ 135.668198, 35.357066, 0.0 ], [ 135.669026, 35.356276, 0.0 ], [ 135.66961, 35.354218, 0.0 ], [ 135.670448, 35.354041, 0.0 ], [ 135.672179, 35.354088, 0.0 ], [ 135.673285, 35.353551, 0.0 ], [ 135.674079, 35.352891, 0.0 ], [ 135.675249, 35.351418, 0.0 ], [ 135.675364, 35.350865, 0.0 ], [ 135.675193, 35.350272, 0.0 ], [ 135.676202, 35.35079, 0.0 ], [ 135.676784, 35.350001, 0.0 ], [ 135.677114, 35.349838, 0.0 ], [ 135.67836, 35.350047, 0.0 ], [ 135.680855, 35.349888, 0.0 ], [ 135.681381, 35.349661, 0.0 ], [ 135.681922, 35.349054, 0.0 ], [ 135.68304, 35.348344, 0.0 ], [ 135.684183, 35.348022, 0.0 ], [ 135.684884, 35.347387, 0.0 ], [ 135.686374, 35.347966, 0.0 ], [ 135.687537, 35.348143, 0.0 ], [ 135.689953, 35.347854, 0.0 ], [ 135.691048, 35.346708, 0.0 ], [ 135.692351, 35.345941, 0.0 ], [ 135.693149, 35.34574, 0.0 ], [ 135.694868, 35.345726, 0.0 ], [ 135.695885, 35.345277, 0.0 ], [ 135.696723, 35.345108, 0.0 ], [ 135.697538, 35.344632, 0.0 ], [ 135.698487, 35.344992, 0.0 ], [ 135.699513, 35.344875, 0.0 ], [ 135.700319, 35.34442, 0.0 ], [ 135.700884, 35.343678, 0.0 ], [ 135.701905, 35.344373, 0.0 ], [ 135.704143, 35.344824, 0.0 ], [ 135.704948, 35.346571, 0.0 ], [ 135.705313, 35.346576, 0.0 ], [ 135.705852, 35.346075, 0.0 ], [ 135.70645, 35.345991, 0.0 ], [ 135.70746, 35.346997, 0.0 ], [ 135.70955, 35.347446, 0.0 ], [ 135.710724, 35.348001, 0.0 ], [ 135.711267, 35.348597, 0.0 ], [ 135.711347, 35.349125, 0.0 ], [ 135.712414, 35.350724, 0.0 ], [ 135.7125, 35.352436, 0.0 ], [ 135.713082, 35.353382, 0.0 ], [ 135.7138, 35.353764, 0.0 ], [ 135.715086, 35.354101, 0.0 ], [ 135.716723, 35.353471, 0.0 ], [ 135.717106, 35.353822, 0.0 ], [ 135.717813, 35.354975, 0.0 ], [ 135.718385, 35.355417, 0.0 ], [ 135.718802, 35.355403, 0.0 ], [ 135.719693, 35.354435, 0.0 ], [ 135.720417, 35.354398, 0.0 ], [ 135.721359, 35.353368, 0.0 ], [ 135.722425, 35.353364, 0.0 ], [ 135.723049, 35.353116, 0.0 ], [ 135.723597, 35.352132, 0.0 ], [ 135.72403, 35.351843, 0.0 ], [ 135.725017, 35.351735, 0.0 ], [ 135.72621, 35.352076, 0.0 ], [ 135.726697, 35.351942, 0.0 ], [ 135.727205, 35.352423, 0.0 ], [ 135.727798, 35.352581, 0.0 ], [ 135.729699, 35.351814, 0.0 ], [ 135.731479, 35.350552, 0.0 ], [ 135.732294, 35.350968, 0.0 ], [ 135.734013, 35.350879, 0.0 ], [ 135.735166, 35.351174, 0.0 ], [ 135.735662, 35.351048, 0.0 ], [ 135.73637, 35.351146, 0.0 ], [ 135.737125, 35.351606, 0.0 ], [ 135.737781, 35.351774, 0.0 ], [ 135.738254, 35.352409, 0.0 ], [ 135.739499, 35.353536, 0.0 ], [ 135.740753, 35.354045, 0.0 ], [ 135.741114, 35.356058, 0.0 ], [ 135.740429, 35.357297, 0.0 ], [ 135.740235, 35.358409, 0.0 ], [ 135.741088, 35.358216, 0.0 ], [ 135.741955, 35.358232, 0.0 ], [ 135.743238, 35.35847, 0.0 ], [ 135.744141, 35.358938, 0.0 ], [ 135.745128, 35.358906, 0.0 ], [ 135.746196, 35.358288, 0.0 ], [ 135.74716, 35.357954, 0.0 ], [ 135.750754, 35.357004, 0.0 ], [ 135.755182, 35.354446, 0.0 ], [ 135.757676, 35.354202, 0.0 ], [ 135.758476, 35.353952, 0.0 ], [ 135.75964, 35.353089, 0.0 ], [ 135.759903, 35.353333, 0.0 ], [ 135.760034, 35.354354, 0.0 ], [ 135.761761, 35.355656, 0.0 ], [ 135.763058, 35.356269, 0.0 ], [ 135.763917, 35.35649, 0.0 ], [ 135.764811, 35.356422, 0.0 ], [ 135.765465, 35.355407, 0.0 ], [ 135.765804, 35.355237, 0.0 ], [ 135.768785, 35.356014, 0.0 ], [ 135.769611, 35.355174, 0.0 ], [ 135.769722, 35.354301, 0.0 ], [ 135.769222, 35.353485, 0.0 ], [ 135.76767, 35.3531, 0.0 ], [ 135.7676, 35.351838, 0.0 ], [ 135.767329, 35.350876, 0.0 ], [ 135.7662, 35.350341, 0.0 ], [ 135.765978, 35.350075, 0.0 ], [ 135.765951, 35.349417, 0.0 ], [ 135.766276, 35.34882, 0.0 ], [ 135.766249, 35.348502, 0.0 ], [ 135.765264, 35.34782, 0.0 ], [ 135.764009, 35.346303, 0.0 ], [ 135.763732, 35.345416, 0.0 ], [ 135.764073, 35.344558, 0.0 ], [ 135.765022, 35.344104, 0.0 ], [ 135.767588, 35.343888, 0.0 ], [ 135.768788, 35.343938, 0.0 ], [ 135.769931, 35.343348, 0.0 ], [ 135.771081, 35.343484, 0.0 ], [ 135.772522, 35.342888, 0.0 ], [ 135.774314, 35.34282, 0.0 ], [ 135.777906, 35.341064, 0.0 ], [ 135.77869, 35.340098, 0.0 ], [ 135.77905, 35.339928, 0.0 ], [ 135.780819, 35.340562, 0.0 ], [ 135.781913, 35.339535, 0.0 ], [ 135.782509, 35.338438, 0.0 ], [ 135.78255, 35.337772, 0.0 ], [ 135.782259, 35.336888, 0.0 ], [ 135.782257, 35.336269, 0.0 ], [ 135.783661, 35.334908, 0.0 ], [ 135.784, 35.334371, 0.0 ], [ 135.784223, 35.333391, 0.0 ], [ 135.784843, 35.332154, 0.0 ], [ 135.785836, 35.331642, 0.0 ], [ 135.785733, 35.330719, 0.0 ], [ 135.785909, 35.330483, 0.0 ], [ 135.786729, 35.330145, 0.0 ], [ 135.787605, 35.329324, 0.0 ], [ 135.788759, 35.328662, 0.0 ], [ 135.790034, 35.328219, 0.0 ], [ 135.790423, 35.327012, 0.0 ], [ 135.790376, 35.326303, 0.0 ], [ 135.790829, 35.325164, 0.0 ], [ 135.790845, 35.323903, 0.0 ], [ 135.791136, 35.323528, 0.0 ], [ 135.791733, 35.323091, 0.0 ], [ 135.792676, 35.322956, 0.0 ], [ 135.794853, 35.322066, 0.0 ], [ 135.795101, 35.321804, 0.0 ], [ 135.79519, 35.321239, 0.0 ], [ 135.797059, 35.320624, 0.0 ], [ 135.798316, 35.31968, 0.0 ], [ 135.801326, 35.318576, 0.0 ], [ 135.803414, 35.317323, 0.0 ], [ 135.805863, 35.316816, 0.0 ], [ 135.807326, 35.317072, 0.0 ], [ 135.808782, 35.316878, 0.0 ], [ 135.809047, 35.316681, 0.0 ], [ 135.809373, 35.316133, 0.0 ], [ 135.80925, 35.315266, 0.0 ], [ 135.81034, 35.315043, 0.0 ], [ 135.810512, 35.314332, 0.0 ], [ 135.811037, 35.313994, 0.0 ], [ 135.811249, 35.31353, 0.0 ], [ 135.81119, 35.312634, 0.0 ], [ 135.811433, 35.311918, 0.0 ], [ 135.811274, 35.310069, 0.0 ], [ 135.810919, 35.30971, 0.0 ], [ 135.810259, 35.309391, 0.0 ], [ 135.810159, 35.309184, 0.0 ], [ 135.810672, 35.308317, 0.0 ], [ 135.814364, 35.307112, 0.0 ], [ 135.814623, 35.306822, 0.0 ], [ 135.815769, 35.303116, 0.0 ], [ 135.815522, 35.301849, 0.0 ], [ 135.814967, 35.301258, 0.0 ], [ 135.815062, 35.300968, 0.0 ], [ 135.816624, 35.299956, 0.0 ], [ 135.81841, 35.299835, 0.0 ], [ 135.819679, 35.299307, 0.0 ], [ 135.820134, 35.298324, 0.0 ], [ 135.821367, 35.297057, 0.0 ], [ 135.821315, 35.294681, 0.0 ], [ 135.820531, 35.294403, 0.0 ], [ 135.820625, 35.293592, 0.0 ], [ 135.820224, 35.292333, 0.0 ], [ 135.820413, 35.29155, 0.0 ], [ 135.820053, 35.29094, 0.0 ], [ 135.82092, 35.289648, 0.0 ], [ 135.822076, 35.288632, 0.0 ], [ 135.822489, 35.287828, 0.0 ], [ 135.823492, 35.28673, 0.0 ], [ 135.824343, 35.285383, 0.0 ], [ 135.825186, 35.28476, 0.0 ], [ 135.825535, 35.283512, 0.0 ], [ 135.825517, 35.282703, 0.0 ], [ 135.825222, 35.281861, 0.0 ], [ 135.827169, 35.280321, 0.0 ], [ 135.828325, 35.27869, 0.0 ], [ 135.828543, 35.278091, 0.0 ], [ 135.829623, 35.276735, 0.0 ], [ 135.831416, 35.276209, 0.0 ], [ 135.834024, 35.274288, 0.0 ], [ 135.834609, 35.274079, 0.0 ], [ 135.835504, 35.2742, 0.0 ], [ 135.837161, 35.274717, 0.0 ], [ 135.837964, 35.274616, 0.0 ], [ 135.838053, 35.275196, 0.0 ], [ 135.838519, 35.275688, 0.0 ], [ 135.83974, 35.275496, 0.0 ], [ 135.840288, 35.275675, 0.0 ], [ 135.840348, 35.277145, 0.0 ], [ 135.840999, 35.277814, 0.0 ], [ 135.841951, 35.278161, 0.0 ], [ 135.845019, 35.278356, 0.0 ], [ 135.846076, 35.278709, 0.0 ], [ 135.846577, 35.279245, 0.0 ], [ 135.847926, 35.279096, 0.0 ], [ 135.849203, 35.279694, 0.0 ], [ 135.849616, 35.280282, 0.0 ], [ 135.850324, 35.282566, 0.0 ], [ 135.850649, 35.283157, 0.0 ], [ 135.851097, 35.283563, 0.0 ], [ 135.851823, 35.286123, 0.0 ], [ 135.85371, 35.286868, 0.0 ], [ 135.854265, 35.287677, 0.0 ], [ 135.855073, 35.288338, 0.0 ], [ 135.857084, 35.289041, 0.0 ], [ 135.858431, 35.289229, 0.0 ], [ 135.858537, 35.287097, 0.0 ], [ 135.85967, 35.285592, 0.0 ], [ 135.860054, 35.283515, 0.0 ], [ 135.860231, 35.283293, 0.0 ], [ 135.861872, 35.282348, 0.0 ], [ 135.862304, 35.281559, 0.0 ], [ 135.862555, 35.281411, 0.0 ], [ 135.864197, 35.280641, 0.0 ], [ 135.865769, 35.280173, 0.0 ], [ 135.866353, 35.280515, 0.0 ], [ 135.868135, 35.281092, 0.0 ], [ 135.869381, 35.281988, 0.0 ], [ 135.872782, 35.281554, 0.0 ], [ 135.873747, 35.281598, 0.0 ], [ 135.87423, 35.281745, 0.0 ], [ 135.875146, 35.282774, 0.0 ], [ 135.875664, 35.283114, 0.0 ], [ 135.877895, 35.283768, 0.0 ], [ 135.880774, 35.283842, 0.0 ], [ 135.882898, 35.284656, 0.0 ], [ 135.884342, 35.283941, 0.0 ], [ 135.885888, 35.283941, 0.0 ], [ 135.887488, 35.283587, 0.0 ], [ 135.888148, 35.282827, 0.0 ], [ 135.891235, 35.281449, 0.0 ], [ 135.89168, 35.281157, 0.0 ], [ 135.89218, 35.280513, 0.0 ], [ 135.894033, 35.280359, 0.0 ], [ 135.89523, 35.279969, 0.0 ], [ 135.896029, 35.279121, 0.0 ], [ 135.897441, 35.278028, 0.0 ], [ 135.89941, 35.277758, 0.0 ], [ 135.900971, 35.276829, 0.0 ], [ 135.902537, 35.276128, 0.0 ], [ 135.90306, 35.276029, 0.0 ], [ 135.904602, 35.276233, 0.0 ], [ 135.905337, 35.275861, 0.0 ], [ 135.906281, 35.274882, 0.0 ], [ 135.905364, 35.273384, 0.0 ], [ 135.905109, 35.272718, 0.0 ], [ 135.904998, 35.271624, 0.0 ], [ 135.904517, 35.270968, 0.0 ], [ 135.904584, 35.270738, 0.0 ], [ 135.905689, 35.269534, 0.0 ], [ 135.907391, 35.268303, 0.0 ], [ 135.90764, 35.267898, 0.0 ], [ 135.908228, 35.267484, 0.0 ], [ 135.908834, 35.266636, 0.0 ], [ 135.909191, 35.265788, 0.0 ], [ 135.909049, 35.265126, 0.0 ], [ 135.909894, 35.264371, 0.0 ], [ 135.910674, 35.264114, 0.0 ], [ 135.912812, 35.264701, 0.0 ], [ 135.914006, 35.264355, 0.0 ], [ 135.915094, 35.264468, 0.0 ], [ 135.915882, 35.264841, 0.0 ], [ 135.91675, 35.265845, 0.0 ], [ 135.917137, 35.26598, 0.0 ], [ 135.917187, 35.26361, 0.0 ], [ 135.917789, 35.26217, 0.0 ], [ 135.918409, 35.261245, 0.0 ], [ 135.919033, 35.260642, 0.0 ], [ 135.921313, 35.259773, 0.0 ], [ 135.923117, 35.259875, 0.0 ], [ 135.925345, 35.259681, 0.0 ], [ 135.926571, 35.259169, 0.0 ], [ 135.927893, 35.258275, 0.0 ], [ 135.928928, 35.25841, 0.0 ], [ 135.929898, 35.258913, 0.0 ], [ 135.932229, 35.261029, 0.0 ], [ 135.933393, 35.261191, 0.0 ], [ 135.935235, 35.260643, 0.0 ], [ 135.936737, 35.260496, 0.0 ], [ 135.93717, 35.260617, 0.0 ], [ 135.937757, 35.261149, 0.0 ], [ 135.938052, 35.261903, 0.0 ], [ 135.938485, 35.264224, 0.0 ], [ 135.939924, 35.26577, 0.0 ], [ 135.940485, 35.267063, 0.0 ], [ 135.941046, 35.267246, 0.0 ], [ 135.944163, 35.267107, 0.0 ], [ 135.945269, 35.267308, 0.0 ], [ 135.944895, 35.267625, 0.0 ], [ 135.94498, 35.268511, 0.0 ], [ 135.945746, 35.269458, 0.0 ], [ 135.945501, 35.26983, 0.0 ], [ 135.945555, 35.270041, 0.0 ], [ 135.946223, 35.27048, 0.0 ], [ 135.945809, 35.271241, 0.0 ], [ 135.946649, 35.271522, 0.0 ], [ 135.947078, 35.271833, 0.0 ], [ 135.947595, 35.272848, 0.0 ], [ 135.948073, 35.273222, 0.0 ], [ 135.948665, 35.274183, 0.0 ], [ 135.949641, 35.274774, 0.0 ], [ 135.950963, 35.274687, 0.0 ], [ 135.952585, 35.275314, 0.0 ], [ 135.953533, 35.275289, 0.0 ], [ 135.954999, 35.275626, 0.0 ], [ 135.955632, 35.275483, 0.0 ], [ 135.955771, 35.276433, 0.0 ], [ 135.956532, 35.277647, 0.0 ], [ 135.956844, 35.277702, 0.0 ], [ 135.958466, 35.277165, 0.0 ], [ 135.959749, 35.277147, 0.0 ], [ 135.960007, 35.276829, 0.0 ], [ 135.960804, 35.276428, 0.0 ], [ 135.962061, 35.27639, 0.0 ], [ 135.96391, 35.275502, 0.0 ], [ 135.964557, 35.274918, 0.0 ], [ 135.965256, 35.274655, 0.0 ], [ 135.966481, 35.274688, 0.0 ], [ 135.968313, 35.275009, 0.0 ], [ 135.970727, 35.274746, 0.0 ], [ 135.971119, 35.274571, 0.0 ], [ 135.971898, 35.274608, 0.0 ], [ 135.975267, 35.273489, 0.0 ], [ 135.975623, 35.272843, 0.0 ], [ 135.976078, 35.272783, 0.0 ], [ 135.97679, 35.272316, 0.0 ], [ 135.979374, 35.272173, 0.0 ], [ 135.980314, 35.271943, 0.0 ], [ 135.983692, 35.272308, 0.0 ], [ 135.983817, 35.271666, 0.0 ], [ 135.985189, 35.270609, 0.0 ], [ 135.98579, 35.269916, 0.0 ], [ 135.985697, 35.269563, 0.0 ], [ 135.985884, 35.269334, 0.0 ], [ 135.985995, 35.268566, 0.0 ], [ 135.986856, 35.268514, 0.0 ], [ 135.987542, 35.267813, 0.0 ], [ 135.987925, 35.267009, 0.0 ], [ 135.989404, 35.266811, 0.0 ], [ 135.990941, 35.267166, 0.0 ], [ 136.256983, 35.30045, 0.0 ], [ 136.2574, 35.300461, 0.0 ], [ 136.258538, 35.299547, 0.0 ], [ 136.258368, 35.298826, 0.0 ], [ 136.258654, 35.298338, 0.0 ], [ 136.25921, 35.298163, 0.0 ], [ 136.259411, 35.298327, 0.0 ], [ 136.259462, 35.298742, 0.0 ], [ 136.259672, 35.298787, 0.0 ], [ 136.259821, 35.298628, 0.0 ], [ 136.259662, 35.296513, 0.0 ], [ 136.260667, 35.295113, 0.0 ], [ 136.260566, 35.29453, 0.0 ], [ 136.261435, 35.294373, 0.0 ], [ 136.26232, 35.293979, 0.0 ], [ 136.263311, 35.294661, 0.0 ], [ 136.263888, 35.294633, 0.0 ], [ 136.265114, 35.295146, 0.0 ], [ 136.266066, 35.294567, 0.0 ], [ 136.267253, 35.294246, 0.0 ], [ 136.268523, 35.294144, 0.0 ], [ 136.268644, 35.294235, 0.0 ], [ 136.268839, 35.29601, 0.0 ], [ 136.269919, 35.296773, 0.0 ], [ 136.271524, 35.296603, 0.0 ], [ 136.272098, 35.296708, 0.0 ], [ 136.273909, 35.296457, 0.0 ], [ 136.274712, 35.296612, 0.0 ], [ 136.275464, 35.296397, 0.0 ], [ 136.279539, 35.296327, 0.0 ], [ 136.279691, 35.297151, 0.0 ], [ 136.285186, 35.296964, 0.0 ], [ 136.286212, 35.297058, 0.0 ], [ 136.286533, 35.297961, 0.0 ], [ 136.286519, 35.299222, 0.0 ], [ 136.286946, 35.299716, 0.0 ], [ 136.287302, 35.300705, 0.0 ], [ 136.28823, 35.301574, 0.0 ], [ 136.289446, 35.301136, 0.0 ], [ 136.291486, 35.299443, 0.0 ], [ 136.292965, 35.299024, 0.0 ], [ 136.29347, 35.299102, 0.0 ], [ 136.294568, 35.299671, 0.0 ], [ 136.294783, 35.300654, 0.0 ], [ 136.295408, 35.300562, 0.0 ], [ 136.296641, 35.299409, 0.0 ], [ 136.296679, 35.298938, 0.0 ], [ 136.296865, 35.298788, 0.0 ], [ 136.297892, 35.298966, 0.0 ], [ 136.299124, 35.299816, 0.0 ], [ 136.300517, 35.301061, 0.0 ], [ 136.300754, 35.301886, 0.0 ], [ 136.30108, 35.302071, 0.0 ], [ 136.301618, 35.300913, 0.0 ], [ 136.301008, 35.299922, 0.0 ], [ 136.300826, 35.298221, 0.0 ], [ 136.301228, 35.297599, 0.0 ], [ 136.301981, 35.297432, 0.0 ], [ 136.302509, 35.296471, 0.0 ], [ 136.302644, 35.295812, 0.0 ], [ 136.30339, 35.295497, 0.0 ], [ 136.303739, 35.29517, 0.0 ], [ 136.304833, 35.29492, 0.0 ], [ 136.305026, 35.294308, 0.0 ], [ 136.305388, 35.294114, 0.0 ], [ 136.30751, 35.294525, 0.0 ], [ 136.308301, 35.294367, 0.0 ], [ 136.309412, 35.29447, 0.0 ], [ 136.311489, 35.293414, 0.0 ], [ 136.312394, 35.293517, 0.0 ], [ 136.313709, 35.293022, 0.0 ], [ 136.315338, 35.291517, 0.0 ], [ 136.317499, 35.288679, 0.0 ], [ 136.317591, 35.286645, 0.0 ], [ 136.317327, 35.285851, 0.0 ], [ 136.317581, 35.285467, 0.0 ], [ 136.318413, 35.285228, 0.0 ], [ 136.318674, 35.284936, 0.0 ], [ 136.318892, 35.280897, 0.0 ], [ 136.320184, 35.280871, 0.0 ], [ 136.323109, 35.279853, 0.0 ], [ 136.323953, 35.281504, 0.0 ], [ 136.324781, 35.282363, 0.0 ], [ 136.325639, 35.283918, 0.0 ], [ 136.325722, 35.284703, 0.0 ], [ 136.325448, 35.285865, 0.0 ], [ 136.324928, 35.286519, 0.0 ], [ 136.324803, 35.286926, 0.0 ], [ 136.325022, 35.28808, 0.0 ], [ 136.325425, 35.288674, 0.0 ], [ 136.326384, 35.289573, 0.0 ], [ 136.326373, 35.290503, 0.0 ], [ 136.3277, 35.291, 0.0 ], [ 136.32848, 35.291611, 0.0 ], [ 136.326107, 35.295665, 0.0 ], [ 136.32611, 35.295891, 0.0 ], [ 136.326906, 35.29678, 0.0 ], [ 136.326044, 35.298161, 0.0 ], [ 136.326009, 35.298441, 0.0 ], [ 136.328443, 35.298009, 0.0 ], [ 136.328791, 35.297811, 0.0 ], [ 136.328664, 35.296926, 0.0 ], [ 136.32897, 35.295844, 0.0 ], [ 136.330273, 35.295309, 0.0 ], [ 136.330804, 35.294499, 0.0 ], [ 136.330723, 35.293471, 0.0 ], [ 136.331068, 35.292946, 0.0 ], [ 136.331427, 35.291768, 0.0 ], [ 136.33174, 35.291485, 0.0 ], [ 136.33237, 35.29111, 0.0 ], [ 136.333654, 35.291228, 0.0 ], [ 136.335492, 35.290157, 0.0 ], [ 136.336594, 35.289788, 0.0 ], [ 136.337403, 35.289673, 0.0 ], [ 136.339709, 35.289826, 0.0 ], [ 136.340332, 35.289473, 0.0 ], [ 136.341363, 35.288235, 0.0 ], [ 136.342108, 35.287978, 0.0 ], [ 136.343069, 35.28702, 0.0 ], [ 136.34428, 35.286636, 0.0 ], [ 136.345755, 35.286586, 0.0 ], [ 136.346134, 35.286425, 0.0 ], [ 136.348345, 35.281358, 0.0 ], [ 136.348711, 35.278905, 0.0 ], [ 136.349726, 35.277725, 0.0 ], [ 136.349911, 35.27524, 0.0 ], [ 136.350346, 35.274658, 0.0 ], [ 136.351525, 35.27413, 0.0 ], [ 136.353047, 35.274676, 0.0 ], [ 136.353887, 35.274386, 0.0 ], [ 136.354514, 35.274401, 0.0 ], [ 136.355514, 35.274787, 0.0 ], [ 136.357529, 35.276638, 0.0 ], [ 136.357765, 35.277139, 0.0 ], [ 136.357709, 35.277625, 0.0 ], [ 136.359343, 35.278309, 0.0 ], [ 136.359966, 35.278755, 0.0 ], [ 136.362516, 35.279667, 0.0 ], [ 136.362976, 35.279996, 0.0 ], [ 136.363279, 35.280672, 0.0 ], [ 136.36405, 35.281121, 0.0 ], [ 136.369922, 35.282022, 0.0 ], [ 136.370339, 35.282524, 0.0 ], [ 136.370596, 35.283232, 0.0 ], [ 136.371103, 35.283566, 0.0 ], [ 136.371648, 35.284289, 0.0 ], [ 136.372698, 35.284659, 0.0 ], [ 136.373722, 35.286195, 0.0 ], [ 136.374977, 35.286481, 0.0 ], [ 136.376474, 35.287089, 0.0 ], [ 136.376772, 35.287562, 0.0 ], [ 136.37708, 35.287669, 0.0 ], [ 136.377564, 35.287553, 0.0 ], [ 136.37784, 35.286222, 0.0 ], [ 136.378126, 35.285972, 0.0 ], [ 136.378533, 35.28582, 0.0 ], [ 136.379359, 35.286061, 0.0 ], [ 136.380152, 35.285544, 0.0 ], [ 136.380834, 35.28407, 0.0 ], [ 136.382717, 35.285293, 0.0 ], [ 136.383521, 35.285615, 0.0 ], [ 136.385249, 35.286839, 0.0 ], [ 136.386262, 35.286839, 0.0 ], [ 136.387902, 35.287383, 0.0 ], [ 136.390093, 35.286901, 0.0 ], [ 136.391128, 35.28683, 0.0 ], [ 136.391729, 35.287111, 0.0 ], [ 136.393252, 35.285999, 0.0 ], [ 136.394739, 35.283445, 0.0 ], [ 136.394342, 35.283016, 0.0 ], [ 136.394507, 35.282355, 0.0 ], [ 136.395735, 35.280945, 0.0 ], [ 136.395961, 35.280229, 0.0 ], [ 136.395652, 35.278684, 0.0 ], [ 136.395828, 35.278211, 0.0 ], [ 136.39585, 35.274764, 0.0 ], [ 136.395531, 35.273522, 0.0 ], [ 136.395124, 35.273129, 0.0 ], [ 136.394727, 35.272236, 0.0 ], [ 136.394463, 35.271039, 0.0 ], [ 136.394661, 35.270342, 0.0 ], [ 136.394573, 35.269199, 0.0 ], [ 136.394837, 35.267091, 0.0 ], [ 136.394264, 35.266096, 0.0 ], [ 136.394001, 35.265198, 0.0 ], [ 136.394562, 35.26426, 0.0 ], [ 136.393712, 35.262711, 0.0 ], [ 136.393541, 35.261913, 0.0 ], [ 136.394362, 35.260072, 0.0 ], [ 136.39454, 35.258982, 0.0 ], [ 136.396147, 35.258348, 0.0 ], [ 136.39694, 35.25791, 0.0 ], [ 136.396962, 35.257731, 0.0 ], [ 136.396269, 35.256713, 0.0 ], [ 136.394496, 35.255097, 0.0 ], [ 136.393858, 35.2539, 0.0 ], [ 136.39388, 35.253391, 0.0 ], [ 136.393373, 35.25321, 0.0 ], [ 136.391371, 35.251312, 0.0 ], [ 136.390223, 35.250744, 0.0 ], [ 136.389154, 35.249767, 0.0 ], [ 136.388717, 35.249587, 0.0 ], [ 136.387332, 35.249471, 0.0 ], [ 136.385127, 35.248338, 0.0 ], [ 136.38347, 35.24844, 0.0 ], [ 136.381726, 35.248162, 0.0 ], [ 136.380962, 35.248628, 0.0 ], [ 136.379215, 35.247505, 0.0 ], [ 136.378576, 35.245417, 0.0 ], [ 136.379032, 35.244995, 0.0 ], [ 136.379043, 35.244561, 0.0 ], [ 136.378125, 35.24372, 0.0 ], [ 136.377338, 35.243413, 0.0 ], [ 136.37729, 35.243161, 0.0 ], [ 136.377557, 35.242879, 0.0 ], [ 136.378701, 35.242387, 0.0 ], [ 136.379039, 35.241379, 0.0 ], [ 136.379743, 35.240937, 0.0 ], [ 136.381439, 35.240524, 0.0 ], [ 136.382161, 35.240509, 0.0 ], [ 136.382974, 35.239905, 0.0 ], [ 136.383613, 35.239667, 0.0 ], [ 136.383927, 35.23901, 0.0 ], [ 136.384614, 35.238355, 0.0 ], [ 136.38533, 35.237002, 0.0 ], [ 136.385686, 35.235115, 0.0 ], [ 136.387144, 35.234657, 0.0 ], [ 136.388357, 35.234531, 0.0 ], [ 136.388849, 35.234273, 0.0 ], [ 136.391381, 35.234379, 0.0 ], [ 136.39205, 35.234181, 0.0 ], [ 136.392695, 35.233374, 0.0 ], [ 136.393032, 35.232381, 0.0 ], [ 136.393654, 35.231464, 0.0 ], [ 136.393829, 35.230806, 0.0 ], [ 136.393609, 35.230463, 0.0 ], [ 136.39249, 35.230007, 0.0 ], [ 136.392472, 35.22982, 0.0 ], [ 136.394981, 35.229138, 0.0 ], [ 136.395474, 35.228833, 0.0 ], [ 136.396214, 35.228726, 0.0 ], [ 136.397519, 35.228181, 0.0 ], [ 136.398584, 35.228047, 0.0 ], [ 136.399046, 35.227157, 0.0 ], [ 136.399134, 35.226059, 0.0 ], [ 136.399297, 35.225868, 0.0 ], [ 136.400864, 35.225931, 0.0 ], [ 136.401861, 35.225016, 0.0 ], [ 136.402227, 35.225011, 0.0 ], [ 136.403146, 35.225395, 0.0 ], [ 136.404796, 35.224056, 0.0 ], [ 136.405972, 35.224167, 0.0 ], [ 136.406943, 35.223695, 0.0 ], [ 136.408389, 35.223622, 0.0 ], [ 136.410726, 35.221484, 0.0 ], [ 136.410732, 35.221109, 0.0 ], [ 136.411697, 35.22001, 0.0 ], [ 136.412146, 35.219088, 0.0 ], [ 136.41201, 35.218447, 0.0 ], [ 136.413897, 35.218188, 0.0 ], [ 136.415131, 35.217744, 0.0 ], [ 136.41569, 35.21719, 0.0 ], [ 136.415993, 35.216094, 0.0 ], [ 136.416025, 35.215132, 0.0 ], [ 136.416661, 35.214702, 0.0 ], [ 136.416799, 35.214389, 0.0 ], [ 136.416072, 35.211164, 0.0 ], [ 136.416458, 35.208877, 0.0 ], [ 136.416469, 35.207966, 0.0 ], [ 136.415922, 35.206441, 0.0 ], [ 136.416269, 35.205257, 0.0 ], [ 136.417315, 35.204727, 0.0 ], [ 136.418002, 35.203778, 0.0 ], [ 136.41755, 35.20326, 0.0 ], [ 136.417349, 35.202736, 0.0 ], [ 136.415233, 35.201858, 0.0 ], [ 136.414454, 35.20074, 0.0 ], [ 136.413747, 35.199309, 0.0 ], [ 136.413735, 35.197848, 0.0 ], [ 136.413103, 35.196446, 0.0 ], [ 136.412623, 35.195911, 0.0 ], [ 136.412935, 35.194656, 0.0 ], [ 136.412707, 35.192053, 0.0 ], [ 136.411377, 35.190839, 0.0 ], [ 136.410835, 35.189723, 0.0 ], [ 136.410102, 35.188893, 0.0 ], [ 136.409624, 35.18783, 0.0 ], [ 136.408901, 35.187486, 0.0 ], [ 136.408653, 35.187183, 0.0 ], [ 136.409946, 35.186459, 0.0 ], [ 136.41115, 35.186122, 0.0 ], [ 136.413103, 35.186226, 0.0 ], [ 136.41458, 35.185558, 0.0 ], [ 136.416294, 35.185057, 0.0 ], [ 136.416916, 35.184607, 0.0 ], [ 136.417192, 35.184158, 0.0 ], [ 136.418688, 35.183563, 0.0 ], [ 136.419568, 35.182645, 0.0 ], [ 136.419921, 35.182859, 0.0 ], [ 136.420806, 35.182932, 0.0 ], [ 136.422077, 35.183381, 0.0 ], [ 136.422925, 35.184055, 0.0 ], [ 136.423978, 35.184412, 0.0 ], [ 136.424461, 35.18451, 0.0 ], [ 136.424703, 35.184381, 0.0 ], [ 136.424992, 35.183755, 0.0 ], [ 136.425503, 35.183441, 0.0 ], [ 136.425663, 35.183111, 0.0 ], [ 136.426166, 35.182806, 0.0 ], [ 136.427598, 35.182459, 0.0 ], [ 136.428669, 35.181786, 0.0 ], [ 136.428879, 35.181385, 0.0 ], [ 136.429913, 35.181157, 0.0 ], [ 136.43102, 35.179973, 0.0 ], [ 136.431948, 35.179667, 0.0 ], [ 136.432607, 35.178924, 0.0 ], [ 136.433644, 35.178108, 0.0 ], [ 136.434146, 35.17699, 0.0 ], [ 136.435724, 35.176503, 0.0 ], [ 136.4361, 35.176064, 0.0 ], [ 136.436729, 35.174716, 0.0 ], [ 136.436828, 35.173716, 0.0 ], [ 136.437009, 35.17334, 0.0 ], [ 136.438732, 35.172026, 0.0 ], [ 136.440083, 35.171418, 0.0 ], [ 136.441701, 35.171695, 0.0 ], [ 136.443019, 35.171315, 0.0 ], [ 136.443777, 35.171719, 0.0 ], [ 136.444646, 35.171142, 0.0 ], [ 136.444699, 35.170316, 0.0 ], [ 136.445983, 35.169641, 0.0 ], [ 136.446219, 35.169171, 0.0 ], [ 136.446073, 35.168601, 0.0 ], [ 136.445095, 35.168348, 0.0 ], [ 136.444845, 35.168001, 0.0 ], [ 136.444863, 35.167263, 0.0 ], [ 136.445335, 35.166183, 0.0 ], [ 136.446614, 35.166004, 0.0 ], [ 136.447076, 35.166138, 0.0 ], [ 136.447907, 35.166738, 0.0 ], [ 136.448536, 35.166824, 0.0 ], [ 136.450355, 35.166634, 0.0 ], [ 136.451928, 35.166227, 0.0 ], [ 136.452554, 35.165839, 0.0 ], [ 136.454535, 35.162458, 0.0 ], [ 136.454612, 35.161295, 0.0 ], [ 136.452931, 35.158868, 0.0 ], [ 136.454104, 35.157628, 0.0 ], [ 136.454549, 35.154403, 0.0 ], [ 136.454408, 35.153851, 0.0 ], [ 136.455038, 35.152481, 0.0 ], [ 136.454344, 35.151985, 0.0 ], [ 136.451954, 35.150941, 0.0 ], [ 136.451301, 35.149659, 0.0 ], [ 136.450394, 35.149499, 0.0 ], [ 136.449042, 35.149745, 0.0 ], [ 136.44624, 35.149898, 0.0 ], [ 136.445061, 35.149659, 0.0 ], [ 136.444299, 35.149244, 0.0 ], [ 136.444227, 35.148798, 0.0 ], [ 136.444544, 35.148075, 0.0 ], [ 136.444539, 35.147668, 0.0 ], [ 136.443914, 35.146155, 0.0 ], [ 136.443411, 35.145585, 0.0 ], [ 136.44313, 35.144921, 0.0 ], [ 136.443243, 35.144126, 0.0 ], [ 136.444023, 35.142211, 0.0 ], [ 136.442948, 35.139057, 0.0 ], [ 136.44039, 35.138371, 0.0 ], [ 136.439061, 35.137011, 0.0 ], [ 136.437951, 35.136564, 0.0 ], [ 136.437466, 35.135411, 0.0 ], [ 136.437429, 35.134281, 0.0 ], [ 136.437089, 35.132836, 0.0 ], [ 136.436582, 35.13187, 0.0 ], [ 136.435585, 35.130778, 0.0 ], [ 136.43641, 35.130298, 0.0 ], [ 136.437304, 35.130025, 0.0 ], [ 136.438904, 35.128605, 0.0 ], [ 136.440746, 35.128326, 0.0 ], [ 136.442247, 35.127535, 0.0 ], [ 136.444369, 35.126786, 0.0 ], [ 136.445299, 35.125946, 0.0 ], [ 136.446773, 35.125238, 0.0 ], [ 136.447796, 35.124224, 0.0 ], [ 136.448055, 35.123719, 0.0 ], [ 136.447932, 35.123368, 0.0 ], [ 136.447357, 35.122831, 0.0 ], [ 136.446282, 35.122618, 0.0 ], [ 136.445974, 35.122384, 0.0 ], [ 136.445112, 35.120072, 0.0 ], [ 136.444519, 35.119007, 0.0 ], [ 136.443326, 35.118667, 0.0 ], [ 136.441702, 35.117508, 0.0 ], [ 136.439966, 35.116632, 0.0 ], [ 136.439839, 35.115813, 0.0 ], [ 136.440003, 35.114828, 0.0 ], [ 136.441353, 35.113296, 0.0 ], [ 136.441516, 35.11216, 0.0 ], [ 136.442586, 35.110702, 0.0 ], [ 136.441829, 35.109841, 0.0 ], [ 136.440823, 35.107749, 0.0 ], [ 136.440932, 35.106736, 0.0 ], [ 136.441503, 35.105924, 0.0 ], [ 136.441521, 35.105591, 0.0 ], [ 136.441856, 35.105264, 0.0 ], [ 136.44129, 35.103254, 0.0 ], [ 136.441449, 35.102122, 0.0 ], [ 136.441911, 35.10144, 0.0 ], [ 136.441453, 35.100783, 0.0 ], [ 136.439853, 35.099479, 0.0 ], [ 136.439176, 35.098083, 0.0 ], [ 136.438699, 35.096368, 0.0 ], [ 136.439163, 35.095184, 0.0 ], [ 136.439609, 35.093286, 0.0 ], [ 136.439017, 35.092809, 0.0 ], [ 136.438764, 35.092243, 0.0 ], [ 136.438072, 35.091672, 0.0 ], [ 136.439779, 35.090403, 0.0 ], [ 136.440089, 35.089427, 0.0 ], [ 136.441226, 35.088255, 0.0 ], [ 136.442109, 35.085974, 0.0 ], [ 136.441627, 35.085648, 0.0 ], [ 136.440558, 35.085399, 0.0 ], [ 136.439227, 35.084249, 0.0 ], [ 136.438401, 35.084018, 0.0 ], [ 136.438207, 35.083859, 0.0 ], [ 136.438274, 35.083333, 0.0 ], [ 136.436226, 35.082902, 0.0 ], [ 136.435662, 35.083006, 0.0 ], [ 136.435292, 35.082709, 0.0 ], [ 136.435267, 35.082487, 0.0 ], [ 136.436, 35.081536, 0.0 ], [ 136.435848, 35.079853, 0.0 ], [ 136.436202, 35.079456, 0.0 ], [ 136.436345, 35.078985, 0.0 ], [ 136.436678, 35.078802, 0.0 ], [ 136.437214, 35.077981, 0.0 ], [ 136.437467, 35.077037, 0.0 ], [ 136.438057, 35.076495, 0.0 ], [ 136.438654, 35.076336, 0.0 ], [ 136.439227, 35.0759, 0.0 ], [ 136.440301, 35.074646, 0.0 ], [ 136.440309, 35.074097, 0.0 ], [ 136.439594, 35.07258, 0.0 ], [ 136.440605, 35.070463, 0.0 ], [ 136.441026, 35.070131, 0.0 ], [ 136.440975, 35.069197, 0.0 ], [ 136.441262, 35.068141, 0.0 ], [ 136.441262, 35.067455, 0.0 ], [ 136.441598, 35.066719, 0.0 ], [ 136.441556, 35.066304, 0.0 ], [ 136.441161, 35.065661, 0.0 ], [ 136.441185, 35.065201, 0.0 ], [ 136.440933, 35.064468, 0.0 ], [ 136.440453, 35.064683, 0.0 ], [ 136.439854, 35.065313, 0.0 ], [ 136.438633, 35.065521, 0.0 ], [ 136.438245, 35.065159, 0.0 ], [ 136.437866, 35.064156, 0.0 ], [ 136.437359, 35.063718, 0.0 ], [ 136.436442, 35.063448, 0.0 ], [ 136.435617, 35.062317, 0.0 ], [ 136.434596, 35.062206, 0.0 ], [ 136.433636, 35.061687, 0.0 ], [ 136.433324, 35.061138, 0.0 ], [ 136.433349, 35.060605, 0.0 ], [ 136.433703, 35.060029, 0.0 ], [ 136.433508, 35.059585, 0.0 ], [ 136.432801, 35.059288, 0.0 ], [ 136.432034, 35.059371, 0.0 ], [ 136.430956, 35.059191, 0.0 ], [ 136.430349, 35.058725, 0.0 ], [ 136.42965, 35.057429, 0.0 ], [ 136.428849, 35.056369, 0.0 ], [ 136.427155, 35.056943, 0.0 ], [ 136.424838, 35.057005, 0.0 ], [ 136.42456, 35.056871, 0.0 ], [ 136.424358, 35.055843, 0.0 ], [ 136.423062, 35.054927, 0.0 ], [ 136.42269, 35.054343, 0.0 ], [ 136.42258, 35.052838, 0.0 ], [ 136.42221, 35.051383, 0.0 ], [ 136.421637, 35.051009, 0.0 ], [ 136.420095, 35.050558, 0.0 ], [ 136.419294, 35.049725, 0.0 ], [ 136.418914, 35.049551, 0.0 ], [ 136.417769, 35.049468, 0.0 ], [ 136.41787, 35.049004, 0.0 ], [ 136.418341, 35.048562, 0.0 ], [ 136.418383, 35.048313, 0.0 ], [ 136.417786, 35.04694, 0.0 ], [ 136.417751, 35.044858, 0.0 ], [ 136.417356, 35.043984, 0.0 ], [ 136.417751, 35.042459, 0.0 ], [ 136.417549, 35.042327, 0.0 ], [ 136.416329, 35.042327, 0.0 ], [ 136.415857, 35.041433, 0.0 ], [ 136.416009, 35.041011, 0.0 ], [ 136.416909, 35.040552, 0.0 ], [ 136.417162, 35.039881, 0.0 ], [ 136.416455, 35.037295, 0.0 ], [ 136.41659, 35.036267, 0.0 ], [ 136.416985, 35.035338, 0.0 ], [ 136.416961, 35.033911, 0.0 ], [ 136.417778, 35.03312, 0.0 ], [ 136.418376, 35.031934, 0.0 ], [ 136.417871, 35.031123, 0.0 ], [ 136.418073, 35.030422, 0.0 ], [ 136.419159, 35.029854, 0.0 ], [ 136.420316, 35.029854, 0.0 ], [ 136.421116, 35.029626, 0.0 ], [ 136.422309, 35.029825, 0.0 ], [ 136.423828, 35.029771, 0.0 ], [ 136.424223, 35.029688, 0.0 ], [ 136.424469, 35.029404, 0.0 ], [ 136.423761, 35.028551, 0.0 ], [ 136.422726, 35.028073, 0.0 ], [ 136.422389, 35.027283, 0.0 ], [ 136.422077, 35.026942, 0.0 ], [ 136.422195, 35.026679, 0.0 ], [ 136.422885, 35.026388, 0.0 ], [ 136.422959, 35.025943, 0.0 ], [ 136.422791, 35.025507, 0.0 ], [ 136.421991, 35.025196, 0.0 ], [ 136.421756, 35.024391, 0.0 ], [ 136.421377, 35.023934, 0.0 ], [ 136.421672, 35.022436, 0.0 ], [ 136.421419, 35.021437, 0.0 ], [ 136.420188, 35.020599, 0.0 ], [ 136.418174, 35.020279, 0.0 ], [ 136.417097, 35.019518, 0.0 ], [ 136.417577, 35.019073, 0.0 ], [ 136.417678, 35.018491, 0.0 ], [ 136.418386, 35.017901, 0.0 ], [ 136.418765, 35.016869, 0.0 ], [ 136.417821, 35.016302, 0.0 ], [ 136.416831, 35.014837, 0.0 ], [ 136.416591, 35.013984, 0.0 ], [ 136.41708, 35.013207, 0.0 ], [ 136.416962, 35.011238, 0.0 ], [ 136.417957, 35.009393, 0.0 ], [ 136.41858, 35.008943, 0.0 ], [ 136.419077, 35.006183, 0.0 ], [ 136.419439, 35.005568, 0.0 ], [ 136.420189, 35.005088, 0.0 ], [ 136.419886, 35.003778, 0.0 ], [ 136.419914, 35.003077, 0.0 ], [ 136.421003, 35.002075, 0.0 ], [ 136.421364, 35.001218, 0.0 ], [ 136.421364, 35.000056, 0.0 ], [ 136.421169, 34.999633, 0.0 ], [ 136.420875, 34.999543, 0.0 ], [ 136.420367, 34.999024, 0.0 ], [ 136.419719, 34.998984, 0.0 ], [ 136.41907, 34.998378, 0.0 ], [ 136.418605, 34.998363, 0.0 ], [ 136.418391, 34.998152, 0.0 ], [ 136.417686, 34.998105, 0.0 ], [ 136.416914, 34.997701, 0.0 ], [ 136.416357, 34.997651, 0.0 ], [ 136.414912, 34.996557, 0.0 ], [ 136.414276, 34.996541, 0.0 ], [ 136.414, 34.995901, 0.0 ], [ 136.413467, 34.995376, 0.0 ], [ 136.414477, 34.994429, 0.0 ], [ 136.414881, 34.993204, 0.0 ], [ 136.415572, 34.993219, 0.0 ], [ 136.416369, 34.992266, 0.0 ], [ 136.415494, 34.990394, 0.0 ], [ 136.415904, 34.988481, 0.0 ], [ 136.4161, 34.988144, 0.0 ], [ 136.415507, 34.987011, 0.0 ], [ 136.415593, 34.98646, 0.0 ], [ 136.415305, 34.985905, 0.0 ], [ 136.415396, 34.985314, 0.0 ], [ 136.415103, 34.983742, 0.0 ], [ 136.415317, 34.983151, 0.0 ], [ 136.415127, 34.982703, 0.0 ], [ 136.415268, 34.982263, 0.0 ], [ 136.414638, 34.98176, 0.0 ], [ 136.415268, 34.981609, 0.0 ], [ 136.415874, 34.980801, 0.0 ], [ 136.415801, 34.980529, 0.0 ], [ 136.41438, 34.979435, 0.0 ], [ 136.414307, 34.978992, 0.0 ], [ 136.413548, 34.977938, 0.0 ], [ 136.411197, 34.976696, 0.0 ], [ 136.410805, 34.976086, 0.0 ], [ 136.40974, 34.975708, 0.0 ], [ 136.408919, 34.975056, 0.0 ], [ 136.408386, 34.974083, 0.0 ], [ 136.407486, 34.973549, 0.0 ], [ 136.407504, 34.972303, 0.0 ], [ 136.407106, 34.971727, 0.0 ], [ 136.406244, 34.971319, 0.0 ], [ 136.405724, 34.970876, 0.0 ], [ 136.404859, 34.970785, 0.0 ], [ 136.404474, 34.970569, 0.0 ], [ 136.403739, 34.969354, 0.0 ], [ 136.403146, 34.969152, 0.0 ], [ 136.403029, 34.968526, 0.0 ], [ 136.403464, 34.967188, 0.0 ], [ 136.403378, 34.966433, 0.0 ], [ 136.403041, 34.966095, 0.0 ], [ 136.402093, 34.965736, 0.0 ], [ 136.402007, 34.964995, 0.0 ], [ 136.401768, 34.964754, 0.0 ], [ 136.399159, 34.963234, 0.0 ], [ 136.399208, 34.96266, 0.0 ], [ 136.399685, 34.961787, 0.0 ], [ 136.399556, 34.961106, 0.0 ], [ 136.399287, 34.960794, 0.0 ], [ 136.398902, 34.960663, 0.0 ], [ 136.398602, 34.960077, 0.0 ], [ 136.397757, 34.959427, 0.0 ], [ 136.397298, 34.958327, 0.0 ], [ 136.396471, 34.957419, 0.0 ], [ 136.39619, 34.956043, 0.0 ], [ 136.3963, 34.954101, 0.0 ], [ 136.395357, 34.952924, 0.0 ], [ 136.395113, 34.951636, 0.0 ], [ 136.394788, 34.951423, 0.0 ], [ 136.393159, 34.951059, 0.0 ], [ 136.392252, 34.951125, 0.0 ], [ 136.391377, 34.951492, 0.0 ], [ 136.390532, 34.951589, 0.0 ], [ 136.389987, 34.952427, 0.0 ], [ 136.389528, 34.952507, 0.0 ], [ 136.388592, 34.952351, 0.0 ], [ 136.387709, 34.953081, 0.0 ], [ 136.387428, 34.953092, 0.0 ], [ 136.38627, 34.952543, 0.0 ], [ 136.385671, 34.952649, 0.0 ], [ 136.384642, 34.951676, 0.0 ], [ 136.384354, 34.950788, 0.0 ], [ 136.382567, 34.949804, 0.0 ], [ 136.381654, 34.948512, 0.0 ], [ 136.380289, 34.947881, 0.0 ], [ 136.379591, 34.946787, 0.0 ], [ 136.378826, 34.946006, 0.0 ], [ 136.37858, 34.945829, 0.0 ], [ 136.377307, 34.945567, 0.0 ], [ 136.375243, 34.943867, 0.0 ], [ 136.374061, 34.943367, 0.0 ], [ 136.373217, 34.942476, 0.0 ], [ 136.37269, 34.942257, 0.0 ], [ 136.372659, 34.942096, 0.0 ], [ 136.374048, 34.940619, 0.0 ], [ 136.375353, 34.939892, 0.0 ], [ 136.375389, 34.939011, 0.0 ], [ 136.374913, 34.938486, 0.0 ], [ 136.374925, 34.937649, 0.0 ], [ 136.374038, 34.936363, 0.0 ], [ 136.372972, 34.935438, 0.0 ], [ 136.372838, 34.93498, 0.0 ], [ 136.371903, 34.934588, 0.0 ], [ 136.371813, 34.934414, 0.0 ], [ 136.371871, 34.931796, 0.0 ], [ 136.371537, 34.930871, 0.0 ], [ 136.371794, 34.930269, 0.0 ], [ 136.372535, 34.92984, 0.0 ], [ 136.372956, 34.928507, 0.0 ], [ 136.372579, 34.927982, 0.0 ], [ 136.37189, 34.927912, 0.0 ], [ 136.371704, 34.927823, 0.0 ], [ 136.371691, 34.927596, 0.0 ], [ 136.373768, 34.925404, 0.0 ], [ 136.374232, 34.925094, 0.0 ], [ 136.375189, 34.924844, 0.0 ], [ 136.37524, 34.924509, 0.0 ], [ 136.373913, 34.923779, 0.0 ], [ 136.373442, 34.923899, 0.0 ], [ 136.372652, 34.923582, 0.0 ], [ 136.370757, 34.923495, 0.0 ], [ 136.369279, 34.922918, 0.0 ], [ 136.368018, 34.922175, 0.0 ], [ 136.367812, 34.921901, 0.0 ], [ 136.367785, 34.921319, 0.0 ], [ 136.367177, 34.920296, 0.0 ], [ 136.367358, 34.919789, 0.0 ], [ 136.368031, 34.919293, 0.0 ], [ 136.368103, 34.918895, 0.0 ], [ 136.367819, 34.918113, 0.0 ], [ 136.367382, 34.91751, 0.0 ], [ 136.367225, 34.916839, 0.0 ], [ 136.367372, 34.916545, 0.0 ], [ 136.367931, 34.916253, 0.0 ], [ 136.3685, 34.914867, 0.0 ], [ 136.366931, 34.913498, 0.0 ], [ 136.365318, 34.912878, 0.0 ], [ 136.364737, 34.911548, 0.0 ], [ 136.364833, 34.910371, 0.0 ], [ 136.365134, 34.909367, 0.0 ], [ 136.365081, 34.909003, 0.0 ], [ 136.365858, 34.908449, 0.0 ], [ 136.36605, 34.908111, 0.0 ], [ 136.365762, 34.906866, 0.0 ], [ 136.366034, 34.904899, 0.0 ], [ 136.365605, 34.90482, 0.0 ], [ 136.36334, 34.905047, 0.0 ], [ 136.36208, 34.904952, 0.0 ], [ 136.361375, 34.904454, 0.0 ], [ 136.360193, 34.904116, 0.0 ], [ 136.359981, 34.903248, 0.0 ], [ 136.359209, 34.902042, 0.0 ], [ 136.358327, 34.901164, 0.0 ], [ 136.357357, 34.900482, 0.0 ], [ 136.355443, 34.899749, 0.0 ], [ 136.35383, 34.89985, 0.0 ], [ 136.353105, 34.899546, 0.0 ], [ 136.35222, 34.899538, 0.0 ], [ 136.351766, 34.899304, 0.0 ], [ 136.350563, 34.899095, 0.0 ], [ 136.350168, 34.898805, 0.0 ], [ 136.349675, 34.897275, 0.0 ], [ 136.348738, 34.896238, 0.0 ], [ 136.348, 34.895675, 0.0 ], [ 136.346955, 34.895246, 0.0 ], [ 136.346214, 34.894733, 0.0 ], [ 136.346046, 34.894728, 0.0 ], [ 136.345594, 34.895201, 0.0 ], [ 136.344679, 34.895348, 0.0 ], [ 136.343743, 34.895754, 0.0 ], [ 136.34305, 34.895578, 0.0 ], [ 136.342512, 34.8959, 0.0 ], [ 136.342057, 34.895687, 0.0 ], [ 136.341179, 34.895827, 0.0 ], [ 136.339409, 34.895472, 0.0 ], [ 136.338015, 34.894491, 0.0 ], [ 136.335431, 34.893285, 0.0 ], [ 136.333019, 34.892609, 0.0 ], [ 136.330524, 34.892344, 0.0 ], [ 136.329841, 34.891826, 0.0 ], [ 136.328177, 34.889941, 0.0 ], [ 136.326986, 34.889223, 0.0 ], [ 136.326486, 34.888654, 0.0 ], [ 136.32533, 34.888902, 0.0 ], [ 136.32438, 34.889913, 0.0 ], [ 136.322446, 34.889369, 0.0 ], [ 136.321278, 34.88973, 0.0 ], [ 136.320114, 34.889837, 0.0 ], [ 136.319057, 34.889566, 0.0 ], [ 136.317225, 34.888259, 0.0 ], [ 136.315332, 34.887431, 0.0 ], [ 136.314088, 34.887053, 0.0 ], [ 136.313226, 34.886972, 0.0 ], [ 136.313036, 34.885926, 0.0 ], [ 136.313712, 34.884021, 0.0 ], [ 136.313753, 34.883295, 0.0 ], [ 136.313357, 34.882292, 0.0 ], [ 136.313508, 34.881581, 0.0 ], [ 136.312918, 34.880627, 0.0 ], [ 136.311429, 34.8801, 0.0 ], [ 136.310206, 34.879987, 0.0 ], [ 136.31007, 34.87904, 0.0 ], [ 136.308247, 34.878248, 0.0 ], [ 136.307854, 34.877517, 0.0 ], [ 136.306511, 34.876575, 0.0 ], [ 136.305621, 34.875608, 0.0 ], [ 136.304869, 34.875118, 0.0 ], [ 136.303748, 34.874842, 0.0 ], [ 136.303447, 34.874921, 0.0 ], [ 136.302429, 34.876195, 0.0 ], [ 136.301889, 34.876426, 0.0 ], [ 136.300693, 34.876127, 0.0 ], [ 136.300023, 34.875609, 0.0 ], [ 136.29947, 34.875682, 0.0 ], [ 136.298937, 34.875502, 0.0 ], [ 136.297552, 34.873081, 0.0 ], [ 136.296921, 34.872667, 0.0 ], [ 136.29458, 34.871876, 0.0 ], [ 136.294289, 34.871399, 0.0 ], [ 136.292932, 34.870309, 0.0 ], [ 136.291993, 34.870663, 0.0 ], [ 136.289273, 34.869545, 0.0 ], [ 136.28759, 34.870142, 0.0 ], [ 136.286447, 34.870084, 0.0 ], [ 136.285241, 34.870491, 0.0 ], [ 136.283722, 34.870292, 0.0 ], [ 136.283656, 34.869263, 0.0 ], [ 136.283191, 34.868474, 0.0 ], [ 136.283123, 34.867702, 0.0 ], [ 136.282747, 34.867099, 0.0 ], [ 136.282132, 34.866603, 0.0 ], [ 136.281161, 34.866141, 0.0 ], [ 136.280956, 34.865865, 0.0 ], [ 136.280977, 34.865093, 0.0 ], [ 136.281489, 34.864625, 0.0 ], [ 136.281379, 34.864315, 0.0 ], [ 136.280601, 34.863628, 0.0 ], [ 136.28033, 34.862706, 0.0 ], [ 136.279795, 34.862332, 0.0 ], [ 136.278902, 34.861029, 0.0 ], [ 136.277731, 34.860698, 0.0 ], [ 136.27771, 34.859464, 0.0 ], [ 136.277949, 34.858838, 0.0 ], [ 136.278881, 34.858227, 0.0 ], [ 136.27989, 34.856916, 0.0 ], [ 136.280888, 34.856494, 0.0 ], [ 136.282875, 34.856679, 0.0 ], [ 136.28436, 34.855665, 0.0 ], [ 136.284011, 34.854016, 0.0 ], [ 136.284333, 34.853467, 0.0 ], [ 136.284469, 34.852696, 0.0 ], [ 136.285434, 34.851342, 0.0 ], [ 136.285624, 34.850306, 0.0 ], [ 136.286813, 34.847286, 0.0 ], [ 136.287312, 34.846238, 0.0 ], [ 136.287657, 34.845899, 0.0 ], [ 136.287627, 34.845269, 0.0 ], [ 136.289731, 34.844694, 0.0 ], [ 136.289684, 34.841984, 0.0 ], [ 136.289882, 34.840913, 0.0 ], [ 136.289014, 34.840214, 0.0 ], [ 136.287558, 34.839617, 0.0 ], [ 136.286779, 34.838586, 0.0 ], [ 136.285747, 34.837583, 0.0 ], [ 136.28516, 34.837555, 0.0 ], [ 136.284463, 34.837938, 0.0 ], [ 136.283875, 34.837921, 0.0 ], [ 136.282529, 34.836516, 0.0 ], [ 136.280591, 34.836335, 0.0 ], [ 136.280427, 34.836227, 0.0 ], [ 136.28011, 34.835244, 0.0 ], [ 136.279016, 34.835244, 0.0 ], [ 136.27846, 34.834926, 0.0 ], [ 136.278449, 34.834024, 0.0 ], [ 136.277494, 34.832781, 0.0 ], [ 136.277555, 34.832191, 0.0 ], [ 136.277817, 34.831706, 0.0 ], [ 136.277769, 34.83113, 0.0 ], [ 136.276887, 34.830271, 0.0 ], [ 136.276784, 34.829964, 0.0 ], [ 136.27684, 34.828876, 0.0 ], [ 136.277515, 34.827648, 0.0 ], [ 136.278992, 34.826631, 0.0 ], [ 136.278492, 34.825367, 0.0 ], [ 136.278596, 34.824541, 0.0 ], [ 136.277722, 34.823505, 0.0 ], [ 136.277714, 34.823234, 0.0 ], [ 136.278167, 34.822972, 0.0 ], [ 136.27765, 34.821793, 0.0 ], [ 136.276944, 34.821211, 0.0 ], [ 136.275513, 34.821072, 0.0 ], [ 136.275545, 34.820345, 0.0 ], [ 136.275219, 34.820096, 0.0 ], [ 136.275284, 34.819656, 0.0 ], [ 136.274926, 34.819453, 0.0 ], [ 136.273012, 34.81904, 0.0 ], [ 136.27074, 34.819478, 0.0 ], [ 136.26997, 34.818706, 0.0 ], [ 136.269549, 34.818522, 0.0 ], [ 136.269174, 34.818489, 0.0 ], [ 136.268793, 34.818737, 0.0 ], [ 136.267125, 34.818587, 0.0 ], [ 136.266974, 34.818312, 0.0 ], [ 136.267308, 34.817807, 0.0 ], [ 136.267149, 34.817152, 0.0 ], [ 136.267419, 34.815991, 0.0 ], [ 136.267974, 34.815657, 0.0 ], [ 136.269533, 34.815801, 0.0 ], [ 136.271953, 34.815474, 0.0 ], [ 136.272114, 34.814896, 0.0 ], [ 136.271884, 34.814392, 0.0 ], [ 136.273003, 34.813689, 0.0 ], [ 136.272432, 34.812764, 0.0 ], [ 136.272741, 34.812332, 0.0 ], [ 136.273582, 34.812058, 0.0 ], [ 136.274005, 34.812437, 0.0 ], [ 136.275006, 34.811952, 0.0 ], [ 136.275735, 34.812306, 0.0 ], [ 136.276515, 34.811952, 0.0 ], [ 136.276198, 34.811361, 0.0 ], [ 136.276269, 34.811197, 0.0 ], [ 136.277428, 34.810615, 0.0 ], [ 136.278126, 34.810595, 0.0 ], [ 136.278454, 34.810398, 0.0 ], [ 136.279182, 34.810607, 0.0 ], [ 136.279666, 34.81046, 0.0 ], [ 136.280461, 34.810569, 0.0 ], [ 136.281578, 34.810479, 0.0 ], [ 136.281814, 34.811088, 0.0 ], [ 136.282541, 34.811877, 0.0 ], [ 136.283133, 34.811896, 0.0 ], [ 136.283722, 34.812319, 0.0 ], [ 136.284253, 34.812416, 0.0 ], [ 136.284887, 34.812212, 0.0 ], [ 136.286081, 34.812399, 0.0 ], [ 136.286821, 34.8123, 0.0 ], [ 136.287632, 34.81255, 0.0 ], [ 136.288169, 34.812387, 0.0 ], [ 136.288895, 34.812427, 0.0 ], [ 136.289544, 34.811701, 0.0 ], [ 136.29205, 34.81202, 0.0 ], [ 136.293187, 34.812865, 0.0 ], [ 136.293716, 34.812935, 0.0 ], [ 136.294887, 34.812126, 0.0 ], [ 136.295586, 34.812114, 0.0 ], [ 136.297851, 34.810891, 0.0 ], [ 136.298577, 34.810897, 0.0 ], [ 136.299306, 34.810629, 0.0 ], [ 136.300208, 34.810716, 0.0 ], [ 136.300661, 34.810467, 0.0 ], [ 136.301218, 34.80965, 0.0 ], [ 136.302014, 34.809557, 0.0 ], [ 136.302903, 34.809877, 0.0 ], [ 136.304203, 34.808457, 0.0 ], [ 136.304797, 34.808073, 0.0 ], [ 136.305663, 34.808073, 0.0 ], [ 136.306575, 34.808337, 0.0 ], [ 136.308708, 34.807844, 0.0 ], [ 136.308947, 34.807452, 0.0 ], [ 136.309226, 34.807324, 0.0 ], [ 136.310132, 34.807452, 0.0 ], [ 136.312241, 34.806848, 0.0 ], [ 136.311931, 34.806109, 0.0 ], [ 136.311204, 34.805855, 0.0 ], [ 136.31056, 34.804838, 0.0 ], [ 136.309982, 34.804387, 0.0 ], [ 136.309917, 34.803733, 0.0 ], [ 136.310059, 34.803441, 0.0 ], [ 136.309824, 34.802442, 0.0 ], [ 136.309884, 34.802117, 0.0 ], [ 136.310064, 34.801788, 0.0 ], [ 136.311216, 34.80159, 0.0 ], [ 136.311489, 34.800995, 0.0 ], [ 136.312067, 34.80063, 0.0 ], [ 136.312274, 34.800031, 0.0 ], [ 136.31311, 34.799801, 0.0 ], [ 136.313236, 34.79922, 0.0 ], [ 136.313541, 34.79904, 0.0 ], [ 136.31425, 34.797778, 0.0 ], [ 136.314042, 34.797332, 0.0 ], [ 136.313459, 34.796892, 0.0 ], [ 136.31328, 34.796256, 0.0 ], [ 136.314016, 34.795471, 0.0 ], [ 136.313896, 34.794653, 0.0 ], [ 136.315151, 34.792707, 0.0 ], [ 136.314878, 34.792062, 0.0 ], [ 136.314605, 34.791837, 0.0 ], [ 136.314633, 34.791444, 0.0 ], [ 136.314764, 34.791188, 0.0 ], [ 136.315871, 34.790625, 0.0 ], [ 136.316335, 34.789188, 0.0 ], [ 136.316911, 34.78827, 0.0 ], [ 136.317449, 34.787774, 0.0 ], [ 136.318474, 34.787828, 0.0 ], [ 136.31919, 34.787386, 0.0 ], [ 136.320991, 34.787346, 0.0 ], [ 136.323654, 34.786211, 0.0 ], [ 136.324238, 34.785539, 0.0 ], [ 136.324774, 34.785728, 0.0 ], [ 136.325477, 34.785445, 0.0 ], [ 136.326001, 34.785472, 0.0 ], [ 136.326641, 34.785778, 0.0 ], [ 136.327611, 34.785495, 0.0 ], [ 136.327753, 34.785985, 0.0 ], [ 136.32807, 34.786378, 0.0 ], [ 136.329271, 34.786779, 0.0 ], [ 136.329478, 34.787188, 0.0 ], [ 136.330078, 34.787039, 0.0 ], [ 136.332234, 34.787202, 0.0 ], [ 136.332704, 34.78676, 0.0 ], [ 136.332562, 34.786134, 0.0 ], [ 136.333047, 34.785842, 0.0 ], [ 136.33331, 34.785372, 0.0 ], [ 136.333834, 34.785143, 0.0 ], [ 136.333915, 34.784085, 0.0 ], [ 136.333741, 34.783656, 0.0 ], [ 136.333943, 34.783142, 0.0 ], [ 136.334243, 34.782963, 0.0 ], [ 136.334778, 34.782157, 0.0 ], [ 136.336551, 34.781982, 0.0 ], [ 136.337211, 34.780999, 0.0 ], [ 136.336928, 34.780161, 0.0 ], [ 136.337053, 34.779274, 0.0 ], [ 136.336665, 34.778516, 0.0 ], [ 136.336477, 34.777491, 0.0 ], [ 136.337469, 34.776864, 0.0 ], [ 136.339396, 34.776485, 0.0 ], [ 136.339539, 34.776343, 0.0 ], [ 136.339953, 34.774833, 0.0 ], [ 136.340607, 34.774541, 0.0 ], [ 136.340915, 34.774033, 0.0 ], [ 136.341811, 34.773349, 0.0 ], [ 136.341961, 34.772325, 0.0 ], [ 136.342269, 34.771921, 0.0 ], [ 136.342337, 34.771338, 0.0 ], [ 136.341992, 34.770115, 0.0 ], [ 136.342126, 34.769714, 0.0 ], [ 136.341908, 34.769391, 0.0 ], [ 136.341276, 34.768976, 0.0 ], [ 136.340952, 34.768211, 0.0 ], [ 136.338074, 34.767781, 0.0 ], [ 136.337254, 34.767462, 0.0 ], [ 136.336493, 34.766803, 0.0 ], [ 136.335864, 34.766705, 0.0 ], [ 136.335519, 34.766311, 0.0 ], [ 136.334495, 34.766008, 0.0 ], [ 136.333695, 34.766103, 0.0 ], [ 136.333501, 34.76575, 0.0 ], [ 136.333267, 34.764295, 0.0 ], [ 136.332879, 34.764066, 0.0 ], [ 136.330838, 34.764221, 0.0 ], [ 136.330271, 34.764024, 0.0 ], [ 136.329531, 34.763436, 0.0 ], [ 136.328619, 34.763281, 0.0 ], [ 136.327641, 34.761979, 0.0 ], [ 136.326202, 34.761124, 0.0 ], [ 136.325201, 34.760893, 0.0 ], [ 136.324753, 34.759959, 0.0 ], [ 136.323791, 34.758664, 0.0 ], [ 136.323286, 34.758313, 0.0 ], [ 136.322924, 34.757587, 0.0 ], [ 136.321943, 34.757511, 0.0 ], [ 136.321506, 34.757324, 0.0 ], [ 136.320821, 34.756728, 0.0 ], [ 136.320624, 34.755875, 0.0 ], [ 136.319683, 34.755283, 0.0 ], [ 136.318934, 34.755193, 0.0 ], [ 136.318775, 34.754763, 0.0 ], [ 136.318819, 34.753595, 0.0 ], [ 136.319109, 34.753018, 0.0 ], [ 136.318855, 34.751842, 0.0 ], [ 136.319267, 34.750052, 0.0 ], [ 136.318821, 34.749475, 0.0 ], [ 136.317582, 34.749084, 0.0 ], [ 136.317027, 34.747621, 0.0 ], [ 136.314317, 34.746878, 0.0 ], [ 136.312332, 34.747132, 0.0 ], [ 136.309771, 34.745424, 0.0 ], [ 136.307134, 34.744841, 0.0 ], [ 136.305527, 34.744083, 0.0 ], [ 136.304817, 34.744053, 0.0 ], [ 136.304066, 34.744297, 0.0 ], [ 136.303615, 34.744069, 0.0 ], [ 136.303101, 34.743364, 0.0 ], [ 136.302598, 34.743001, 0.0 ], [ 136.301963, 34.743181, 0.0 ], [ 136.301114, 34.743118, 0.0 ], [ 136.300504, 34.742381, 0.0 ], [ 136.300388, 34.741498, 0.0 ], [ 136.300638, 34.740937, 0.0 ], [ 136.301109, 34.740769, 0.0 ], [ 136.301135, 34.739935, 0.0 ], [ 136.300905, 34.739126, 0.0 ], [ 136.300561, 34.738846, 0.0 ], [ 136.299531, 34.738592, 0.0 ], [ 136.299276, 34.738059, 0.0 ], [ 136.298098, 34.737457, 0.0 ], [ 136.297676, 34.736996, 0.0 ], [ 136.297468, 34.736603, 0.0 ], [ 136.297357, 34.735438, 0.0 ], [ 136.296441, 34.73505, 0.0 ], [ 136.296653, 34.733895, 0.0 ], [ 136.297496, 34.733827, 0.0 ], [ 136.298237, 34.733472, 0.0 ], [ 136.298807, 34.733132, 0.0 ], [ 136.299438, 34.732348, 0.0 ], [ 136.301301, 34.731363, 0.0 ], [ 136.302703, 34.731411, 0.0 ], [ 136.303931, 34.73178, 0.0 ], [ 136.305325, 34.731443, 0.0 ], [ 136.306421, 34.73056, 0.0 ], [ 136.306706, 34.729902, 0.0 ], [ 136.308154, 34.729253, 0.0 ], [ 136.308757, 34.728644, 0.0 ], [ 136.308788, 34.726887, 0.0 ], [ 136.308921, 34.726409, 0.0 ], [ 136.309627, 34.725331, 0.0 ], [ 136.309564, 34.724906, 0.0 ], [ 136.309067, 34.724565, 0.0 ], [ 136.306644, 34.723642, 0.0 ], [ 136.305966, 34.723116, 0.0 ], [ 136.30469, 34.722912, 0.0 ], [ 136.303901, 34.722232, 0.0 ], [ 136.302976, 34.720749, 0.0 ], [ 136.302929, 34.720176, 0.0 ], [ 136.302191, 34.71946, 0.0 ], [ 136.300623, 34.719314, 0.0 ], [ 136.299764, 34.718074, 0.0 ], [ 136.299791, 34.717633, 0.0 ], [ 136.300376, 34.716801, 0.0 ], [ 136.30024, 34.716437, 0.0 ], [ 136.298448, 34.716247, 0.0 ], [ 136.296939, 34.71548, 0.0 ], [ 136.295851, 34.715604, 0.0 ], [ 136.295273, 34.715872, 0.0 ], [ 136.294603, 34.715526, 0.0 ], [ 136.294251, 34.71459, 0.0 ], [ 136.294535, 34.713595, 0.0 ], [ 136.295076, 34.713276, 0.0 ], [ 136.294659, 34.711971, 0.0 ], [ 136.294208, 34.711523, 0.0 ], [ 136.292963, 34.71148, 0.0 ], [ 136.292427, 34.711277, 0.0 ], [ 136.291575, 34.710455, 0.0 ], [ 136.29104, 34.709462, 0.0 ], [ 136.290574, 34.709165, 0.0 ], [ 136.289712, 34.708999, 0.0 ], [ 136.289501, 34.70776, 0.0 ], [ 136.288991, 34.707621, 0.0 ], [ 136.288585, 34.707308, 0.0 ], [ 136.287519, 34.704499, 0.0 ], [ 136.285764, 34.703723, 0.0 ], [ 136.2853, 34.702481, 0.0 ], [ 136.284566, 34.702008, 0.0 ], [ 136.284782, 34.701021, 0.0 ], [ 136.283878, 34.700164, 0.0 ], [ 136.283072, 34.698175, 0.0 ], [ 136.281786, 34.697037, 0.0 ], [ 136.281877, 34.69665, 0.0 ], [ 136.283093, 34.696249, 0.0 ], [ 136.283228, 34.696121, 0.0 ], [ 136.283191, 34.695802, 0.0 ], [ 136.282584, 34.695058, 0.0 ], [ 136.281599, 34.694876, 0.0 ], [ 136.279382, 34.693337, 0.0 ], [ 136.279239, 34.692066, 0.0 ], [ 136.278786, 34.691406, 0.0 ], [ 136.278559, 34.689846, 0.0 ], [ 136.276374, 34.689524, 0.0 ], [ 136.275659, 34.687733, 0.0 ], [ 136.274074, 34.686727, 0.0 ], [ 136.273224, 34.686473, 0.0 ], [ 136.272661, 34.685953, 0.0 ], [ 136.271687, 34.685652, 0.0 ], [ 136.270647, 34.686465, 0.0 ], [ 136.270431, 34.686278, 0.0 ], [ 136.271281, 34.684765, 0.0 ], [ 136.272332, 34.683536, 0.0 ], [ 136.272893, 34.682198, 0.0 ], [ 136.272839, 34.681581, 0.0 ], [ 136.273384, 34.680239, 0.0 ], [ 136.273306, 34.679826, 0.0 ], [ 136.272978, 34.679476, 0.0 ], [ 136.273019, 34.678963, 0.0 ], [ 136.272736, 34.678666, 0.0 ], [ 136.272838, 34.677991, 0.0 ], [ 136.27266, 34.677284, 0.0 ], [ 136.272937, 34.676769, 0.0 ], [ 136.271446, 34.676485, 0.0 ], [ 136.271089, 34.675389, 0.0 ], [ 136.270754, 34.67516, 0.0 ], [ 136.268359, 34.675704, 0.0 ], [ 136.267383, 34.675494, 0.0 ], [ 136.267163, 34.674795, 0.0 ], [ 136.26582, 34.673841, 0.0 ], [ 136.265772, 34.67343, 0.0 ], [ 136.266087, 34.672259, 0.0 ], [ 136.26708, 34.671802, 0.0 ], [ 136.267125, 34.671459, 0.0 ], [ 136.26754, 34.670798, 0.0 ], [ 136.268785, 34.670167, 0.0 ], [ 136.269457, 34.670044, 0.0 ], [ 136.269826, 34.669476, 0.0 ], [ 136.270643, 34.669303, 0.0 ], [ 136.270845, 34.668994, 0.0 ], [ 136.271877, 34.668311, 0.0 ], [ 136.272673, 34.66743, 0.0 ], [ 136.273291, 34.667294, 0.0 ], [ 136.274074, 34.66687, 0.0 ], [ 136.274131, 34.666664, 0.0 ], [ 136.273674, 34.666081, 0.0 ], [ 136.274566, 34.664466, 0.0 ], [ 136.275024, 34.663226, 0.0 ], [ 136.273423, 34.663129, 0.0 ], [ 136.271889, 34.662291, 0.0 ], [ 136.271608, 34.662282, 0.0 ], [ 136.270907, 34.662997, 0.0 ], [ 136.270832, 34.66395, 0.0 ], [ 136.270494, 34.66416, 0.0 ], [ 136.269993, 34.664071, 0.0 ], [ 136.269036, 34.663441, 0.0 ], [ 136.269305, 34.661708, 0.0 ], [ 136.269186, 34.661132, 0.0 ], [ 136.268893, 34.660745, 0.0 ], [ 136.268188, 34.660461, 0.0 ], [ 136.267124, 34.660517, 0.0 ], [ 136.267188, 34.660019, 0.0 ], [ 136.268125, 34.659565, 0.0 ], [ 136.268016, 34.657922, 0.0 ], [ 136.268169, 34.657359, 0.0 ], [ 136.265713, 34.656132, 0.0 ], [ 136.262617, 34.656181, 0.0 ], [ 136.261667, 34.656048, 0.0 ], [ 136.261191, 34.655745, 0.0 ], [ 136.260951, 34.655235, 0.0 ], [ 136.261116, 34.654274, 0.0 ], [ 136.260725, 34.653334, 0.0 ], [ 136.260673, 34.652526, 0.0 ], [ 136.259878, 34.651893, 0.0 ], [ 136.259541, 34.650613, 0.0 ], [ 136.25797, 34.649859, 0.0 ], [ 136.257519, 34.648305, 0.0 ], [ 136.257186, 34.647896, 0.0 ], [ 136.256793, 34.647716, 0.0 ], [ 136.257688, 34.646916, 0.0 ], [ 136.257883, 34.646146, 0.0 ], [ 136.258396, 34.645589, 0.0 ], [ 136.256522, 34.644841, 0.0 ], [ 136.255566, 34.644106, 0.0 ], [ 136.254707, 34.644159, 0.0 ], [ 136.253009, 34.644772, 0.0 ], [ 136.251355, 34.643973, 0.0 ], [ 136.251104, 34.642747, 0.0 ], [ 136.251325, 34.642011, 0.0 ], [ 136.250683, 34.641529, 0.0 ], [ 136.250458, 34.641157, 0.0 ], [ 136.25026, 34.638204, 0.0 ], [ 136.250017, 34.637829, 0.0 ], [ 136.25011, 34.637179, 0.0 ], [ 136.249979, 34.636394, 0.0 ], [ 136.249788, 34.636131, 0.0 ], [ 136.250623, 34.635711, 0.0 ], [ 136.25032, 34.63517, 0.0 ], [ 136.250567, 34.634741, 0.0 ], [ 136.251504, 34.634351, 0.0 ], [ 136.251393, 34.633504, 0.0 ], [ 136.249996, 34.633569, 0.0 ], [ 136.249623, 34.633113, 0.0 ], [ 136.24999, 34.632887, 0.0 ], [ 136.249024, 34.632717, 0.0 ], [ 136.248408, 34.632149, 0.0 ], [ 136.247786, 34.632009, 0.0 ], [ 136.247324, 34.631314, 0.0 ], [ 136.245574, 34.630934, 0.0 ], [ 136.245239, 34.630599, 0.0 ], [ 136.245357, 34.630067, 0.0 ], [ 136.245897, 34.629507, 0.0 ], [ 136.246312, 34.628625, 0.0 ], [ 136.246004, 34.62804, 0.0 ], [ 136.246656, 34.627804, 0.0 ], [ 136.245894, 34.627046, 0.0 ], [ 136.245831, 34.625219, 0.0 ], [ 136.246774, 34.624561, 0.0 ], [ 136.247714, 34.624774, 0.0 ], [ 136.248935, 34.624204, 0.0 ], [ 136.249549, 34.622867, 0.0 ], [ 136.249234, 34.622021, 0.0 ], [ 136.24923, 34.621547, 0.0 ], [ 136.249771, 34.620844, 0.0 ], [ 136.249749, 34.619973, 0.0 ], [ 136.250354, 34.619463, 0.0 ], [ 136.250465, 34.619129, 0.0 ], [ 136.250503, 34.618711, 0.0 ], [ 136.249962, 34.617979, 0.0 ], [ 136.249962, 34.617399, 0.0 ], [ 136.249549, 34.616256, 0.0 ], [ 136.249929, 34.615111, 0.0 ], [ 136.249925, 34.614408, 0.0 ], [ 136.249311, 34.613418, 0.0 ], [ 136.249494, 34.612916, 0.0 ], [ 136.250657, 34.612397, 0.0 ], [ 136.251376, 34.612302, 0.0 ], [ 136.251231, 34.611817, 0.0 ], [ 136.250043, 34.609989, 0.0 ], [ 136.250026, 34.609356, 0.0 ], [ 136.250342, 34.608429, 0.0 ], [ 136.250759, 34.60778, 0.0 ], [ 136.250726, 34.607028, 0.0 ], [ 136.250074, 34.606537, 0.0 ], [ 136.249772, 34.60595, 0.0 ], [ 136.249192, 34.605397, 0.0 ], [ 136.249528, 34.604719, 0.0 ], [ 136.249217, 34.604049, 0.0 ], [ 136.249282, 34.603393, 0.0 ], [ 136.24995, 34.60282, 0.0 ], [ 136.250529, 34.60203, 0.0 ], [ 136.249916, 34.601086, 0.0 ], [ 136.250091, 34.599677, 0.0 ], [ 136.250295, 34.599428, 0.0 ], [ 136.253504, 34.599059, 0.0 ], [ 136.253836, 34.598624, 0.0 ], [ 136.254808, 34.598139, 0.0 ], [ 136.255694, 34.597277, 0.0 ], [ 136.257073, 34.596591, 0.0 ], [ 136.257404, 34.596247, 0.0 ], [ 136.257219, 34.595699, 0.0 ], [ 136.257385, 34.595312, 0.0 ], [ 136.258125, 34.595081, 0.0 ], [ 136.259062, 34.59452, 0.0 ], [ 136.258241, 34.593094, 0.0 ], [ 136.257061, 34.592393, 0.0 ], [ 136.255916, 34.591467, 0.0 ], [ 136.255052, 34.591028, 0.0 ], [ 136.253923, 34.59065, 0.0 ], [ 136.252885, 34.590579, 0.0 ], [ 136.251216, 34.588836, 0.0 ], [ 136.250955, 34.587153, 0.0 ], [ 136.252031, 34.586805, 0.0 ], [ 136.254812, 34.586837, 0.0 ], [ 136.255524, 34.586227, 0.0 ], [ 136.255648, 34.585579, 0.0 ], [ 136.256192, 34.584969, 0.0 ], [ 136.256213, 34.584759, 0.0 ], [ 136.255928, 34.58442, 0.0 ], [ 136.255943, 34.584064, 0.0 ], [ 136.2548, 34.583455, 0.0 ], [ 136.253706, 34.583739, 0.0 ], [ 136.252312, 34.58337, 0.0 ], [ 136.251477, 34.583696, 0.0 ], [ 136.250904, 34.583626, 0.0 ], [ 136.250115, 34.583151, 0.0 ], [ 136.249162, 34.583081, 0.0 ], [ 136.248157, 34.581814, 0.0 ], [ 136.247199, 34.582304, 0.0 ], [ 136.245477, 34.582422, 0.0 ], [ 136.243093, 34.581972, 0.0 ], [ 136.242505, 34.581473, 0.0 ], [ 136.241355, 34.581313, 0.0 ], [ 136.240246, 34.58068, 0.0 ], [ 136.239727, 34.580726, 0.0 ], [ 136.239173, 34.580529, 0.0 ], [ 136.237441, 34.578882, 0.0 ], [ 136.236265, 34.579166, 0.0 ], [ 136.235315, 34.578929, 0.0 ], [ 136.234665, 34.57938, 0.0 ], [ 136.234092, 34.579554, 0.0 ], [ 136.232856, 34.579326, 0.0 ], [ 136.231367, 34.57963, 0.0 ], [ 136.230787, 34.579576, 0.0 ], [ 136.230379, 34.578922, 0.0 ], [ 136.230023, 34.57878, 0.0 ], [ 136.228983, 34.579205, 0.0 ], [ 136.228254, 34.579249, 0.0 ], [ 136.227516, 34.5795, 0.0 ], [ 136.226673, 34.579467, 0.0 ], [ 136.226356, 34.579282, 0.0 ], [ 136.22567, 34.578277, 0.0 ], [ 136.22443, 34.574095, 0.0 ], [ 136.223508, 34.573594, 0.0 ], [ 136.223098, 34.572859, 0.0 ], [ 136.222611, 34.569794, 0.0 ], [ 136.221699, 34.568963, 0.0 ], [ 136.219749, 34.568287, 0.0 ], [ 136.219538, 34.568033, 0.0 ], [ 136.219196, 34.566388, 0.0 ], [ 136.219512, 34.565589, 0.0 ], [ 136.218378, 34.564061, 0.0 ], [ 136.219393, 34.563069, 0.0 ], [ 136.218701, 34.561657, 0.0 ], [ 136.219676, 34.559837, 0.0 ], [ 136.220047, 34.558057, 0.0 ], [ 136.219923, 34.557583, 0.0 ], [ 136.219737, 34.557545, 0.0 ], [ 136.219216, 34.557756, 0.0 ], [ 136.216177, 34.560109, 0.0 ], [ 136.215436, 34.560157, 0.0 ], [ 136.214681, 34.560582, 0.0 ], [ 136.214544, 34.560752, 0.0 ], [ 136.214761, 34.561281, 0.0 ], [ 136.214634, 34.561661, 0.0 ], [ 136.21395, 34.561887, 0.0 ], [ 136.212715, 34.56306, 0.0 ], [ 136.211301, 34.563721, 0.0 ], [ 136.210262, 34.565262, 0.0 ], [ 136.209954, 34.565592, 0.0 ], [ 136.209304, 34.565649, 0.0 ], [ 136.208627, 34.566734, 0.0 ], [ 136.20792, 34.566631, 0.0 ], [ 136.204862, 34.564749, 0.0 ], [ 136.203523, 34.564761, 0.0 ], [ 136.203021, 34.564214, 0.0 ], [ 136.202474, 34.565771, 0.0 ], [ 136.201812, 34.566586, 0.0 ], [ 136.201287, 34.56686, 0.0 ], [ 136.199241, 34.566016, 0.0 ], [ 136.198613, 34.564871, 0.0 ], [ 136.198396, 34.5639, 0.0 ], [ 136.19762, 34.563503, 0.0 ], [ 136.197449, 34.563749, 0.0 ], [ 136.197027, 34.565771, 0.0 ], [ 136.196592, 34.56651, 0.0 ], [ 136.195486, 34.566642, 0.0 ], [ 136.194078, 34.566243, 0.0 ], [ 136.192231, 34.568044, 0.0 ], [ 136.191046, 34.568625, 0.0 ], [ 136.189563, 34.568866, 0.0 ], [ 136.185553, 34.569019, 0.0 ], [ 136.185074, 34.568522, 0.0 ], [ 136.184914, 34.567286, 0.0 ], [ 136.184553, 34.566833, 0.0 ], [ 136.183979, 34.566921, 0.0 ], [ 136.183361, 34.567322, 0.0 ], [ 136.180195, 34.567828, 0.0 ], [ 136.179268, 34.568208, 0.0 ], [ 136.176901, 34.568325, 0.0 ], [ 136.17667, 34.566746, 0.0 ], [ 136.174736, 34.564258, 0.0 ], [ 136.173896, 34.562202, 0.0 ], [ 136.172537, 34.561626, 0.0 ], [ 136.171866, 34.561786, 0.0 ], [ 136.170725, 34.561647, 0.0 ], [ 136.170698, 34.560542, 0.0 ], [ 136.170212, 34.559737, 0.0 ], [ 136.170167, 34.559343, 0.0 ], [ 136.168711, 34.558018, 0.0 ], [ 136.168471, 34.557397, 0.0 ], [ 136.167871, 34.557222, 0.0 ], [ 136.167358, 34.556081, 0.0 ], [ 136.166819, 34.55537, 0.0 ], [ 136.166783, 34.555202, 0.0 ], [ 136.167269, 34.554581, 0.0 ], [ 136.167198, 34.554192, 0.0 ], [ 136.166148, 34.552738, 0.0 ], [ 136.165379, 34.552181, 0.0 ], [ 136.165034, 34.550909, 0.0 ], [ 136.164327, 34.550368, 0.0 ], [ 136.164027, 34.549037, 0.0 ], [ 136.163146, 34.548409, 0.0 ], [ 136.161284, 34.548146, 0.0 ], [ 136.160871, 34.547907, 0.0 ], [ 136.160303, 34.547141, 0.0 ], [ 136.159726, 34.546902, 0.0 ], [ 136.159774, 34.546712, 0.0 ], [ 136.160832, 34.545889, 0.0 ], [ 136.161169, 34.54503, 0.0 ], [ 136.161757, 34.544271, 0.0 ], [ 136.162084, 34.544167, 0.0 ], [ 136.163895, 34.542765, 0.0 ], [ 136.164473, 34.541577, 0.0 ], [ 136.165329, 34.541593, 0.0 ], [ 136.165733, 34.541355, 0.0 ], [ 136.165916, 34.540917, 0.0 ], [ 136.166243, 34.540678, 0.0 ], [ 136.166927, 34.539642, 0.0 ], [ 136.167274, 34.539467, 0.0 ], [ 136.168236, 34.539578, 0.0 ], [ 136.169719, 34.538877, 0.0 ], [ 136.171, 34.53745, 0.0 ], [ 136.171774, 34.534433, 0.0 ], [ 136.171704, 34.534139, 0.0 ], [ 136.171125, 34.533579, 0.0 ], [ 136.171037, 34.532856, 0.0 ], [ 136.171212, 34.532048, 0.0 ], [ 136.17038, 34.530997, 0.0 ], [ 136.170369, 34.530192, 0.0 ], [ 136.170599, 34.529502, 0.0 ], [ 136.17026, 34.528969, 0.0 ], [ 136.170019, 34.52751, 0.0 ], [ 136.169822, 34.527248, 0.0 ], [ 136.167832, 34.526111, 0.0 ], [ 136.167154, 34.524654, 0.0 ], [ 136.167142, 34.524072, 0.0 ], [ 136.167714, 34.520912, 0.0 ], [ 136.167403, 34.520165, 0.0 ], [ 136.167522, 34.519981, 0.0 ], [ 136.167981, 34.519773, 0.0 ], [ 136.168974, 34.519806, 0.0 ], [ 136.170011, 34.519463, 0.0 ], [ 136.170233, 34.519144, 0.0 ], [ 136.171825, 34.518151, 0.0 ], [ 136.173558, 34.517856, 0.0 ], [ 136.17461, 34.51804, 0.0 ], [ 136.17903, 34.517255, 0.0 ], [ 136.180754, 34.516763, 0.0 ], [ 136.182117, 34.516751, 0.0 ], [ 136.182398, 34.516935, 0.0 ], [ 136.182635, 34.518258, 0.0 ], [ 136.18326, 34.519022, 0.0 ], [ 136.186105, 34.520934, 0.0 ], [ 136.186419, 34.52127, 0.0 ], [ 136.186686, 34.521981, 0.0 ], [ 136.187101, 34.522386, 0.0 ], [ 136.189785, 34.523957, 0.0 ], [ 136.191059, 34.523577, 0.0 ], [ 136.193613, 34.523479, 0.0 ], [ 136.196384, 34.523907, 0.0 ], [ 136.197451, 34.524434, 0.0 ], [ 136.19824, 34.525138, 0.0 ], [ 136.199544, 34.525346, 0.0 ], [ 136.204144, 34.527004, 0.0 ], [ 136.205462, 34.527347, 0.0 ], [ 136.20604, 34.527347, 0.0 ], [ 136.206677, 34.52769, 0.0 ], [ 136.207448, 34.527837, 0.0 ], [ 136.208445, 34.528453, 0.0 ], [ 136.209186, 34.528563, 0.0 ], [ 136.209941, 34.529029, 0.0 ], [ 136.214614, 34.528759, 0.0 ], [ 136.215207, 34.528955, 0.0 ], [ 136.215681, 34.528576, 0.0 ], [ 136.216407, 34.528355, 0.0 ], [ 136.216629, 34.527975, 0.0 ], [ 136.216276, 34.525984, 0.0 ], [ 136.216513, 34.524351, 0.0 ], [ 136.215979, 34.523285, 0.0 ], [ 136.217625, 34.521381, 0.0 ], [ 136.218397, 34.520152, 0.0 ], [ 136.219776, 34.515886, 0.0 ], [ 136.219479, 34.510533, 0.0 ], [ 136.219049, 34.509994, 0.0 ], [ 136.2177, 34.508912, 0.0 ], [ 136.215786, 34.507806, 0.0 ], [ 136.216009, 34.506838, 0.0 ], [ 136.215104, 34.505929, 0.0 ], [ 136.215371, 34.504834, 0.0 ], [ 136.21497, 34.503288, 0.0 ], [ 136.214638, 34.50287, 0.0 ], [ 136.214865, 34.501984, 0.0 ], [ 136.214667, 34.501312, 0.0 ], [ 136.215135, 34.500877, 0.0 ], [ 136.215717, 34.499471, 0.0 ], [ 136.217224, 34.498508, 0.0 ], [ 136.218007, 34.497666, 0.0 ], [ 136.217987, 34.497306, 0.0 ], [ 136.218256, 34.497021, 0.0 ], [ 136.219753, 34.496459, 0.0 ], [ 136.222068, 34.496632, 0.0 ], [ 136.222781, 34.496055, 0.0 ], [ 136.223808, 34.495537, 0.0 ], [ 136.226896, 34.495385, 0.0 ], [ 136.227417, 34.495284, 0.0 ], [ 136.227939, 34.494866, 0.0 ], [ 136.229036, 34.494722, 0.0 ], [ 136.229864, 34.492871, 0.0 ], [ 136.229759, 34.491862, 0.0 ], [ 136.229114, 34.49015, 0.0 ], [ 136.228784, 34.489833, 0.0 ], [ 136.22852, 34.489065, 0.0 ], [ 136.227197, 34.488719, 0.0 ], [ 136.226501, 34.488215, 0.0 ], [ 136.225717, 34.487999, 0.0 ], [ 136.224356, 34.486909, 0.0 ], [ 136.223938, 34.486765, 0.0 ], [ 136.22279, 34.486779, 0.0 ], [ 136.221794, 34.486033, 0.0 ], [ 136.220733, 34.485586, 0.0 ], [ 136.219201, 34.485226, 0.0 ], [ 136.218418, 34.484649, 0.0 ], [ 136.218279, 34.484376, 0.0 ], [ 136.218382, 34.483579, 0.0 ], [ 136.217245, 34.482932, 0.0 ], [ 136.216666, 34.482106, 0.0 ], [ 136.21556, 34.481153, 0.0 ], [ 136.215333, 34.480447, 0.0 ], [ 136.214829, 34.479669, 0.0 ], [ 136.215412, 34.477791, 0.0 ], [ 136.214907, 34.477027, 0.0 ], [ 136.214524, 34.475704, 0.0 ], [ 136.214158, 34.475026, 0.0 ], [ 136.214837, 34.474158, 0.0 ], [ 136.214837, 34.472933, 0.0 ], [ 136.214733, 34.472717, 0.0 ], [ 136.214086, 34.472447, 0.0 ], [ 136.213772, 34.471784, 0.0 ], [ 136.212972, 34.471049, 0.0 ], [ 136.211649, 34.47043, 0.0 ], [ 136.211562, 34.470079, 0.0 ], [ 136.210831, 34.469171, 0.0 ], [ 136.210168, 34.468666, 0.0 ], [ 136.209323, 34.467056, 0.0 ], [ 136.209549, 34.466667, 0.0 ], [ 136.209645, 34.465294, 0.0 ], [ 136.209088, 34.463997, 0.0 ], [ 136.208913, 34.462364, 0.0 ], [ 136.208408, 34.46147, 0.0 ], [ 136.207573, 34.460894, 0.0 ], [ 136.207451, 34.460548, 0.0 ], [ 136.207329, 34.458661, 0.0 ], [ 136.207399, 34.458359, 0.0 ], [ 136.208217, 34.458099, 0.0 ], [ 136.208417, 34.457663, 0.0 ], [ 136.208365, 34.456755, 0.0 ], [ 136.2086, 34.455079, 0.0 ], [ 136.208496, 34.454632, 0.0 ], [ 136.207816, 34.453547, 0.0 ], [ 136.207643, 34.452006, 0.0 ], [ 136.206511, 34.450684, 0.0 ], [ 136.206609, 34.449181, 0.0 ], [ 136.206248, 34.448677, 0.0 ], [ 136.20536, 34.448346, 0.0 ], [ 136.202729, 34.449197, 0.0 ], [ 136.201841, 34.449125, 0.0 ], [ 136.201215, 34.4495, 0.0 ], [ 136.199697, 34.449191, 0.0 ], [ 136.198844, 34.44922, 0.0 ], [ 136.197922, 34.449869, 0.0 ], [ 136.197486, 34.449955, 0.0 ], [ 136.195594, 34.449536, 0.0 ], [ 136.194689, 34.449809, 0.0 ], [ 136.193817, 34.449853, 0.0 ], [ 136.19185, 34.449536, 0.0 ], [ 136.19122, 34.449856, 0.0 ], [ 136.189462, 34.450187, 0.0 ], [ 136.188522, 34.450605, 0.0 ], [ 136.187631, 34.449714, 0.0 ], [ 136.185369, 34.448129, 0.0 ], [ 136.184899, 34.448115, 0.0 ], [ 136.183964, 34.447541, 0.0 ], [ 136.182781, 34.447181, 0.0 ], [ 136.181751, 34.446417, 0.0 ], [ 136.181107, 34.446374, 0.0 ], [ 136.180081, 34.446575, 0.0 ], [ 136.179419, 34.44633, 0.0 ], [ 136.178484, 34.445521, 0.0 ], [ 136.17751, 34.445435, 0.0 ], [ 136.177092, 34.445622, 0.0 ], [ 136.175195, 34.445593, 0.0 ], [ 136.171029, 34.446171, 0.0 ], [ 136.170333, 34.446416, 0.0 ], [ 136.169112, 34.447234, 0.0 ], [ 136.168085, 34.447449, 0.0 ], [ 136.165811, 34.448388, 0.0 ], [ 136.164784, 34.448272, 0.0 ], [ 136.163548, 34.448604, 0.0 ], [ 136.162639, 34.448401, 0.0 ], [ 136.161194, 34.448344, 0.0 ], [ 136.158427, 34.449078, 0.0 ], [ 136.158236, 34.449006, 0.0 ], [ 136.157801, 34.448214, 0.0 ], [ 136.157074, 34.447637, 0.0 ], [ 136.156612, 34.446797, 0.0 ], [ 136.15609, 34.446408, 0.0 ], [ 136.155237, 34.445933, 0.0 ], [ 136.153441, 34.445636, 0.0 ], [ 136.153267, 34.445376, 0.0 ], [ 136.152987, 34.443924, 0.0 ], [ 136.152257, 34.443449, 0.0 ], [ 136.151941, 34.442588, 0.0 ], [ 136.151437, 34.441853, 0.0 ], [ 136.150793, 34.441897, 0.0 ], [ 136.149279, 34.441652, 0.0 ], [ 136.147673, 34.442041, 0.0 ], [ 136.146629, 34.441738, 0.0 ], [ 136.145811, 34.441709, 0.0 ], [ 136.144215, 34.44109, 0.0 ], [ 136.143902, 34.441134, 0.0 ], [ 136.143571, 34.441436, 0.0 ], [ 136.142666, 34.441796, 0.0 ], [ 136.141657, 34.441811, 0.0 ], [ 136.140313, 34.442094, 0.0 ], [ 136.139251, 34.442065, 0.0 ], [ 136.13862, 34.443116, 0.0 ], [ 136.137011, 34.442721, 0.0 ], [ 136.136136, 34.442836, 0.0 ], [ 136.1349, 34.443788, 0.0 ], [ 136.133748, 34.4441, 0.0 ], [ 136.13347, 34.44466, 0.0 ], [ 136.13291, 34.444298, 0.0 ], [ 136.131996, 34.444216, 0.0 ], [ 136.131599, 34.44443, 0.0 ], [ 136.131181, 34.445187, 0.0 ], [ 136.130267, 34.445236, 0.0 ], [ 136.129669, 34.445505, 0.0 ], [ 136.128371, 34.445286, 0.0 ], [ 136.127026, 34.444142, 0.0 ], [ 136.126959, 34.443462, 0.0 ], [ 136.125529, 34.44344, 0.0 ], [ 136.124933, 34.443221, 0.0 ], [ 136.124334, 34.443493, 0.0 ], [ 136.120813, 34.443225, 0.0 ], [ 136.119735, 34.442856, 0.0 ], [ 136.118739, 34.443001, 0.0 ], [ 136.118294, 34.442883, 0.0 ], [ 136.11689, 34.441505, 0.0 ], [ 136.116736, 34.44083, 0.0 ], [ 136.115721, 34.439861, 0.0 ], [ 136.114764, 34.439239, 0.0 ], [ 136.113783, 34.436941, 0.0 ], [ 136.112833, 34.436657, 0.0 ], [ 136.11194, 34.435961, 0.0 ], [ 136.111255, 34.435704, 0.0 ], [ 136.109324, 34.436031, 0.0 ], [ 136.107546, 34.43579, 0.0 ], [ 136.106827, 34.435345, 0.0 ], [ 136.105988, 34.435351, 0.0 ], [ 136.105226, 34.435644, 0.0 ], [ 136.103467, 34.435918, 0.0 ], [ 136.101904, 34.435468, 0.0 ], [ 136.100577, 34.435886, 0.0 ], [ 136.098755, 34.435742, 0.0 ], [ 136.096925, 34.435238, 0.0 ], [ 136.095898, 34.435222, 0.0 ], [ 136.094624, 34.434267, 0.0 ], [ 136.09282, 34.431439, 0.0 ], [ 136.091456, 34.430132, 0.0 ], [ 136.089254, 34.429173, 0.0 ], [ 136.088654, 34.428633, 0.0 ], [ 136.089694, 34.427445, 0.0 ], [ 136.089926, 34.425945, 0.0 ], [ 136.089797, 34.425163, 0.0 ], [ 136.089971, 34.424188, 0.0 ], [ 136.091193, 34.422633, 0.0 ], [ 136.090812, 34.421942, 0.0 ], [ 136.090812, 34.421306, 0.0 ], [ 136.090217, 34.420241, 0.0 ], [ 136.090456, 34.419516, 0.0 ], [ 136.090251, 34.419007, 0.0 ], [ 136.090213, 34.418147, 0.0 ], [ 136.090495, 34.416937, 0.0 ], [ 136.090265, 34.416042, 0.0 ], [ 136.089318, 34.415332, 0.0 ], [ 136.088894, 34.414331, 0.0 ], [ 136.088318, 34.414023, 0.0 ], [ 136.087857, 34.41328, 0.0 ], [ 136.086922, 34.413117, 0.0 ], [ 136.086911, 34.412156, 0.0 ], [ 136.086646, 34.411799, 0.0 ], [ 136.085065, 34.41076, 0.0 ], [ 136.084358, 34.40978, 0.0 ], [ 136.083494, 34.409513, 0.0 ], [ 136.080675, 34.409595, 0.0 ], [ 136.079393, 34.408338, 0.0 ], [ 136.077998, 34.407852, 0.0 ], [ 136.077666, 34.406954, 0.0 ], [ 136.076792, 34.406184, 0.0 ], [ 136.076262, 34.405321, 0.0 ], [ 136.076151, 34.404487, 0.0 ], [ 136.075675, 34.403459, 0.0 ], [ 136.075973, 34.402699, 0.0 ], [ 136.075376, 34.402074, 0.0 ], [ 136.074282, 34.399752, 0.0 ], [ 136.07437, 34.399184, 0.0 ], [ 136.074879, 34.398706, 0.0 ], [ 136.074989, 34.398367, 0.0 ], [ 136.07405, 34.397614, 0.0 ], [ 136.073354, 34.396671, 0.0 ], [ 136.072503, 34.396001, 0.0 ], [ 136.070643, 34.395209, 0.0 ], [ 136.069141, 34.394257, 0.0 ], [ 136.069108, 34.393854, 0.0 ], [ 136.069815, 34.392395, 0.0 ], [ 136.069295, 34.389836, 0.0 ], [ 136.069306, 34.389341, 0.0 ], [ 136.069593, 34.388902, 0.0 ], [ 136.070499, 34.388294, 0.0 ], [ 136.071836, 34.387798, 0.0 ], [ 136.072124, 34.387046, 0.0 ], [ 136.074479, 34.386917, 0.0 ], [ 136.075507, 34.386431, 0.0 ], [ 136.076669, 34.38623, 0.0 ], [ 136.077972, 34.386486, 0.0 ], [ 136.078941, 34.38555, 0.0 ], [ 136.081147, 34.383912, 0.0 ], [ 136.082027, 34.383592, 0.0 ], [ 136.082717, 34.382147, 0.0 ], [ 136.083652, 34.381203, 0.0 ], [ 136.086285, 34.379384, 0.0 ], [ 136.086748, 34.376895, 0.0 ], [ 136.086513, 34.376047, 0.0 ], [ 136.08662, 34.375753, 0.0 ], [ 136.087683, 34.375059, 0.0 ], [ 136.088888, 34.374656, 0.0 ], [ 136.089361, 34.374344, 0.0 ], [ 136.089586, 34.373837, 0.0 ], [ 136.089877, 34.372063, 0.0 ], [ 136.091952, 34.368691, 0.0 ], [ 136.091414, 34.367941, 0.0 ], [ 136.090576, 34.367227, 0.0 ], [ 136.090404, 34.366826, 0.0 ], [ 136.090544, 34.362823, 0.0 ], [ 136.091199, 34.362316, 0.0 ], [ 136.091889, 34.362046, 0.0 ], [ 136.094188, 34.361403, 0.0 ], [ 136.094994, 34.360736, 0.0 ], [ 136.095359, 34.360209, 0.0 ], [ 136.095521, 34.359809, 0.0 ], [ 136.095596, 34.358151, 0.0 ], [ 136.096059, 34.357114, 0.0 ], [ 136.097187, 34.355839, 0.0 ], [ 136.097434, 34.355145, 0.0 ], [ 136.09751, 34.354574, 0.0 ], [ 136.097328, 34.353814, 0.0 ], [ 136.098509, 34.352488, 0.0 ], [ 136.098627, 34.352105, 0.0 ], [ 136.097242, 34.350087, 0.0 ], [ 136.096844, 34.349758, 0.0 ], [ 136.096726, 34.349536, 0.0 ], [ 136.096791, 34.348984, 0.0 ], [ 136.097425, 34.347225, 0.0 ], [ 136.097747, 34.346833, 0.0 ], [ 136.098402, 34.345174, 0.0 ], [ 136.100273, 34.343132, 0.0 ], [ 136.101433, 34.34291, 0.0 ], [ 136.102068, 34.342159, 0.0 ], [ 136.102047, 34.340901, 0.0 ], [ 136.10123, 34.339839, 0.0 ], [ 136.101176, 34.338371, 0.0 ], [ 136.102105, 34.336362, 0.0 ], [ 136.103196, 34.335434, 0.0 ], [ 136.103789, 34.335194, 0.0 ], [ 136.104034, 34.334752, 0.0 ], [ 136.105386, 34.334083, 0.0 ], [ 136.105827, 34.33368, 0.0 ], [ 136.106104, 34.333019, 0.0 ], [ 136.106888, 34.332498, 0.0 ], [ 136.108644, 34.330872, 0.0 ], [ 136.108743, 34.329914, 0.0 ], [ 136.108975, 34.32931, 0.0 ], [ 136.109231, 34.329107, 0.0 ], [ 136.110908, 34.328476, 0.0 ], [ 136.113471, 34.328093, 0.0 ], [ 136.113909, 34.327778, 0.0 ], [ 136.114417, 34.327071, 0.0 ], [ 136.115351, 34.326319, 0.0 ], [ 136.115767, 34.326167, 0.0 ], [ 136.116464, 34.326058, 0.0 ], [ 136.117736, 34.326256, 0.0 ], [ 136.119298, 34.326256, 0.0 ], [ 136.12012, 34.326787, 0.0 ], [ 136.1204, 34.326794, 0.0 ], [ 136.121554, 34.326186, 0.0 ], [ 136.121868, 34.325623, 0.0 ], [ 136.122217, 34.325423, 0.0 ], [ 136.122818, 34.324083, 0.0 ], [ 136.122931, 34.32339, 0.0 ], [ 136.124091, 34.321598, 0.0 ], [ 136.125248, 34.320728, 0.0 ], [ 136.126404, 34.319223, 0.0 ], [ 136.127714, 34.318559, 0.0 ], [ 136.128552, 34.317224, 0.0 ], [ 136.129505, 34.316174, 0.0 ], [ 136.128567, 34.315302, 0.0 ], [ 136.126354, 34.314378, 0.0 ], [ 136.12525, 34.313334, 0.0 ], [ 136.124456, 34.312291, 0.0 ], [ 136.122311, 34.310428, 0.0 ], [ 136.121441, 34.310192, 0.0 ], [ 136.120047, 34.310441, 0.0 ], [ 136.118662, 34.310317, 0.0 ], [ 136.11631, 34.309656, 0.0 ], [ 136.115693, 34.309089, 0.0 ], [ 136.114944, 34.308812, 0.0 ], [ 136.113126, 34.306415, 0.0 ], [ 136.112144, 34.306174, 0.0 ], [ 136.111966, 34.305895, 0.0 ], [ 136.111964, 34.305185, 0.0 ], [ 136.111646, 34.305014, 0.0 ], [ 136.110103, 34.30527, 0.0 ], [ 136.109017, 34.304742, 0.0 ], [ 136.108198, 34.304555, 0.0 ], [ 136.107187, 34.304827, 0.0 ], [ 136.106654, 34.304757, 0.0 ], [ 136.10469, 34.305479, 0.0 ], [ 136.102478, 34.305533, 0.0 ], [ 136.101645, 34.305339, 0.0 ], [ 136.10036, 34.305541, 0.0 ], [ 136.097478, 34.303587, 0.0 ], [ 136.095774, 34.302944, 0.0 ], [ 136.094904, 34.301451, 0.0 ], [ 136.095601, 34.300069, 0.0 ], [ 136.095488, 34.299184, 0.0 ], [ 136.09577, 34.297915, 0.0 ], [ 136.096116, 34.297294, 0.0 ], [ 136.095921, 34.293784, 0.0 ], [ 136.096735, 34.293319, 0.0 ], [ 136.097603, 34.291276, 0.0 ], [ 136.097854, 34.291033, 0.0 ], [ 136.097705, 34.289752, 0.0 ], [ 136.097829, 34.288822, 0.0 ], [ 136.098054, 34.288667, 0.0 ], [ 136.098975, 34.288594, 0.0 ], [ 136.100145, 34.288192, 0.0 ], [ 136.100534, 34.287896, 0.0 ], [ 136.101119, 34.286533, 0.0 ], [ 136.101443, 34.286119, 0.0 ], [ 136.103787, 34.285059, 0.0 ], [ 136.105456, 34.283003, 0.0 ], [ 136.107373, 34.282301, 0.0 ], [ 136.107859, 34.281712, 0.0 ], [ 136.109658, 34.281335, 0.0 ], [ 136.110231, 34.280881, 0.0 ], [ 136.111377, 34.280932, 0.0 ], [ 136.111987, 34.280736, 0.0 ], [ 136.112323, 34.280034, 0.0 ], [ 136.113419, 34.278763, 0.0 ], [ 136.113485, 34.277733, 0.0 ], [ 136.113784, 34.277134, 0.0 ], [ 136.114382, 34.276504, 0.0 ], [ 136.114681, 34.275739, 0.0 ], [ 136.114756, 34.274824, 0.0 ], [ 136.115279, 34.274081, 0.0 ], [ 136.116686, 34.273988, 0.0 ], [ 136.116562, 34.273296, 0.0 ], [ 136.117023, 34.272696, 0.0 ], [ 136.117236, 34.271101, 0.0 ], [ 136.119191, 34.270047, 0.0 ], [ 136.120237, 34.270275, 0.0 ], [ 136.120548, 34.270172, 0.0 ], [ 136.120925, 34.269362, 0.0 ], [ 136.120726, 34.268687, 0.0 ], [ 136.121863, 34.266987, 0.0 ], [ 136.121336, 34.266504, 0.0 ], [ 136.119356, 34.265667, 0.0 ], [ 136.118751, 34.264936, 0.0 ], [ 136.118494, 34.263379, 0.0 ], [ 136.119007, 34.262581, 0.0 ], [ 136.118995, 34.262261, 0.0 ], [ 136.118709, 34.261455, 0.0 ], [ 136.118064, 34.260596, 0.0 ], [ 136.120513, 34.260205, 0.0 ], [ 136.122287, 34.259391, 0.0 ], [ 136.122824, 34.258572, 0.0 ], [ 136.123204, 34.258383, 0.0 ], [ 136.125244, 34.258278, 0.0 ], [ 136.125541, 34.258112, 0.0 ], [ 136.126401, 34.257336, 0.0 ], [ 136.127806, 34.256654, 0.0 ], [ 136.128048, 34.254875, 0.0 ], [ 136.128372, 34.254006, 0.0 ], [ 136.130159, 34.253315, 0.0 ], [ 136.131849, 34.251896, 0.0 ], [ 136.131353, 34.251729, 0.0 ], [ 136.130336, 34.250594, 0.0 ], [ 136.129393, 34.249096, 0.0 ], [ 136.129505, 34.248634, 0.0 ], [ 136.130317, 34.247924, 0.0 ], [ 136.130312, 34.247263, 0.0 ], [ 136.130641, 34.246612, 0.0 ], [ 136.130522, 34.245566, 0.0 ], [ 136.1306, 34.244183, 0.0 ], [ 136.130306, 34.242873, 0.0 ], [ 136.128364, 34.242706, 0.0 ], [ 136.125923, 34.241471, 0.0 ], [ 136.124693, 34.241319, 0.0 ], [ 136.124201, 34.240743, 0.0 ], [ 136.1226, 34.239781, 0.0 ], [ 136.122251, 34.238852, 0.0 ], [ 136.121748, 34.238436, 0.0 ], [ 136.121615, 34.237853, 0.0 ], [ 136.12111, 34.236904, 0.0 ], [ 136.120347, 34.236707, 0.0 ], [ 136.119864, 34.236391, 0.0 ], [ 136.119648, 34.235868, 0.0 ], [ 136.118796, 34.234904, 0.0 ], [ 136.117442, 34.233947, 0.0 ], [ 136.117433, 34.232965, 0.0 ], [ 136.116454, 34.231462, 0.0 ], [ 136.116617, 34.230388, 0.0 ], [ 136.115782, 34.229625, 0.0 ], [ 136.114555, 34.229426, 0.0 ], [ 136.113617, 34.228854, 0.0 ], [ 136.112426, 34.229187, 0.0 ], [ 136.110667, 34.229355, 0.0 ], [ 136.110227, 34.229005, 0.0 ], [ 136.109688, 34.228103, 0.0 ], [ 136.110583, 34.22722, 0.0 ], [ 136.109922, 34.226612, 0.0 ], [ 136.109936, 34.225372, 0.0 ], [ 136.109675, 34.224843, 0.0 ], [ 136.10965, 34.224221, 0.0 ], [ 136.110939, 34.223944, 0.0 ], [ 136.112299, 34.224478, 0.0 ], [ 136.113281, 34.224275, 0.0 ], [ 136.114118, 34.22366, 0.0 ], [ 136.115664, 34.223376, 0.0 ], [ 136.116553, 34.22353, 0.0 ], [ 136.117298, 34.22311, 0.0 ], [ 136.11687, 34.22154, 0.0 ], [ 136.116886, 34.221202, 0.0 ], [ 136.117255, 34.220669, 0.0 ], [ 136.117421, 34.219567, 0.0 ], [ 136.116824, 34.219096, 0.0 ], [ 136.116868, 34.21836, 0.0 ], [ 136.117147, 34.217983, 0.0 ], [ 136.117397, 34.216838, 0.0 ], [ 136.118735, 34.215506, 0.0 ], [ 136.118383, 34.21498, 0.0 ], [ 136.118245, 34.21428, 0.0 ], [ 136.117389, 34.214001, 0.0 ], [ 136.117006, 34.213588, 0.0 ], [ 136.116939, 34.212564, 0.0 ], [ 136.116342, 34.211707, 0.0 ], [ 136.115466, 34.210835, 0.0 ], [ 136.115352, 34.210389, 0.0 ], [ 136.114604, 34.210637, 0.0 ], [ 136.113297, 34.210426, 0.0 ], [ 136.112303, 34.210521, 0.0 ], [ 136.110929, 34.211099, 0.0 ], [ 136.110027, 34.211276, 0.0 ], [ 136.108729, 34.210864, 0.0 ], [ 136.108007, 34.210528, 0.0 ], [ 136.107224, 34.209323, 0.0 ], [ 136.107204, 34.207824, 0.0 ], [ 136.107422, 34.207437, 0.0 ], [ 136.106778, 34.206693, 0.0 ], [ 136.105461, 34.20617, 0.0 ], [ 136.104334, 34.206091, 0.0 ], [ 136.101954, 34.204833, 0.0 ], [ 136.101527, 34.204224, 0.0 ], [ 136.101386, 34.203502, 0.0 ], [ 136.100274, 34.20337, 0.0 ], [ 136.099767, 34.203031, 0.0 ], [ 136.097576, 34.202472, 0.0 ], [ 136.097294, 34.201976, 0.0 ], [ 136.096844, 34.200364, 0.0 ], [ 136.096953, 34.199505, 0.0 ], [ 136.096536, 34.198291, 0.0 ], [ 136.096175, 34.198174, 0.0 ], [ 136.095574, 34.197491, 0.0 ], [ 136.094016, 34.196394, 0.0 ], [ 136.093423, 34.195644, 0.0 ], [ 136.093676, 34.195291, 0.0 ], [ 136.093683, 34.194081, 0.0 ], [ 136.094156, 34.193427, 0.0 ], [ 136.092653, 34.190183, 0.0 ], [ 136.094501, 34.189752, 0.0 ], [ 136.095216, 34.188527, 0.0 ], [ 136.095884, 34.18798, 0.0 ], [ 136.098847, 34.186714, 0.0 ], [ 136.100273, 34.186341, 0.0 ], [ 136.10278, 34.186626, 0.0 ], [ 136.10316, 34.186305, 0.0 ], [ 136.105209, 34.185774, 0.0 ], [ 136.106853, 34.185106, 0.0 ], [ 136.108865, 34.185138, 0.0 ], [ 136.109008, 34.184996, 0.0 ], [ 136.108743, 34.183853, 0.0 ], [ 136.108915, 34.183116, 0.0 ], [ 136.108454, 34.182141, 0.0 ], [ 136.108536, 34.181736, 0.0 ], [ 136.108946, 34.181184, 0.0 ], [ 136.108921, 34.18095, 0.0 ], [ 136.107785, 34.179715, 0.0 ], [ 136.107208, 34.177403, 0.0 ], [ 136.107119, 34.175132, 0.0 ], [ 136.105329, 34.175328, 0.0 ], [ 136.104464, 34.17361, 0.0 ], [ 136.104505, 34.173415, 0.0 ], [ 136.105597, 34.171618, 0.0 ], [ 136.106154, 34.171164, 0.0 ], [ 136.107766, 34.170357, 0.0 ], [ 136.108689, 34.169446, 0.0 ], [ 136.110044, 34.168479, 0.0 ], [ 136.112045, 34.167558, 0.0 ], [ 136.111907, 34.166461, 0.0 ], [ 136.111, 34.165222, 0.0 ], [ 136.110991, 34.164735, 0.0 ], [ 136.111458, 34.164415, 0.0 ], [ 136.113384, 34.163811, 0.0 ], [ 136.113769, 34.163057, 0.0 ], [ 136.113676, 34.162223, 0.0 ], [ 136.11448, 34.161352, 0.0 ], [ 136.114692, 34.160816, 0.0 ], [ 136.114624, 34.159533, 0.0 ], [ 136.1136, 34.158988, 0.0 ], [ 136.113023, 34.158452, 0.0 ], [ 136.112711, 34.157919, 0.0 ], [ 136.111945, 34.157351, 0.0 ], [ 136.111565, 34.156805, 0.0 ], [ 136.11114, 34.155115, 0.0 ], [ 136.110836, 34.154717, 0.0 ], [ 136.108602, 34.153901, 0.0 ], [ 136.107396, 34.153926, 0.0 ], [ 136.105686, 34.152517, 0.0 ], [ 136.105626, 34.152066, 0.0 ], [ 136.105868, 34.151385, 0.0 ], [ 136.105717, 34.150817, 0.0 ], [ 136.106453, 34.149333, 0.0 ], [ 136.105853, 34.148617, 0.0 ], [ 136.106498, 34.147627, 0.0 ], [ 136.106544, 34.147194, 0.0 ], [ 136.106331, 34.146387, 0.0 ], [ 136.106666, 34.145356, 0.0 ], [ 136.106521, 34.14458, 0.0 ], [ 136.10608, 34.143732, 0.0 ], [ 136.104896, 34.143442, 0.0 ], [ 136.102557, 34.142266, 0.0 ], [ 136.101949, 34.141329, 0.0 ], [ 136.102169, 34.140705, 0.0 ], [ 136.103224, 34.139479, 0.0 ], [ 136.103482, 34.138931, 0.0 ], [ 136.103384, 34.138176, 0.0 ], [ 136.102876, 34.137154, 0.0 ], [ 136.103126, 34.137002, 0.0 ], [ 136.104264, 34.137084, 0.0 ], [ 136.104484, 34.13694, 0.0 ], [ 136.104402, 34.136336, 0.0 ], [ 136.105138, 34.134172, 0.0 ], [ 136.106141, 34.133128, 0.0 ], [ 136.106551, 34.131586, 0.0 ], [ 136.10709, 34.130501, 0.0 ], [ 136.107364, 34.13012, 0.0 ], [ 136.108206, 34.129578, 0.0 ], [ 136.107865, 34.127991, 0.0 ], [ 136.108404, 34.126784, 0.0 ], [ 136.107212, 34.125714, 0.0 ], [ 136.106931, 34.124529, 0.0 ], [ 136.106635, 34.124268, 0.0 ], [ 136.106172, 34.124236, 0.0 ], [ 136.105383, 34.123795, 0.0 ], [ 136.105064, 34.123114, 0.0 ], [ 136.103422, 34.122543, 0.0 ], [ 136.101662, 34.122284, 0.0 ], [ 136.100703, 34.121608, 0.0 ], [ 136.099678, 34.12042, 0.0 ], [ 136.099807, 34.119521, 0.0 ], [ 136.099404, 34.118852, 0.0 ], [ 136.099632, 34.118524, 0.0 ], [ 136.100262, 34.118247, 0.0 ], [ 136.100057, 34.117014, 0.0 ], [ 136.100298, 34.116717, 0.0 ], [ 136.101684, 34.116572, 0.0 ], [ 136.101638, 34.116103, 0.0 ], [ 136.101777, 34.115942, 0.0 ], [ 136.103073, 34.115296, 0.0 ], [ 136.103784, 34.115273, 0.0 ], [ 136.104061, 34.115104, 0.0 ], [ 136.104549, 34.114065, 0.0 ], [ 136.104407, 34.113398, 0.0 ], [ 136.104769, 34.112149, 0.0 ], [ 136.105086, 34.1116, 0.0 ], [ 136.105078, 34.11108, 0.0 ], [ 136.105474, 34.110626, 0.0 ], [ 136.105686, 34.10964, 0.0 ], [ 136.105281, 34.109156, 0.0 ], [ 136.103985, 34.108684, 0.0 ], [ 136.103764, 34.107644, 0.0 ], [ 136.103976, 34.106585, 0.0 ], [ 136.104302, 34.105904, 0.0 ], [ 136.105087, 34.105081, 0.0 ], [ 136.106447, 34.103994, 0.0 ], [ 136.107866, 34.103196, 0.0 ], [ 136.104637, 34.100052, 0.0 ], [ 136.103932, 34.099679, 0.0 ], [ 136.103341, 34.098604, 0.0 ], [ 136.103826, 34.097462, 0.0 ], [ 136.103288, 34.097081, 0.0 ], [ 136.10305, 34.096641, 0.0 ], [ 136.102264, 34.09614, 0.0 ], [ 136.103586, 34.095385, 0.0 ], [ 136.103665, 34.095136, 0.0 ], [ 136.103242, 34.0946, 0.0 ], [ 136.103284, 34.094411, 0.0 ], [ 136.103822, 34.094201, 0.0 ], [ 136.104217, 34.093712, 0.0 ], [ 136.104574, 34.093542, 0.0 ], [ 136.105726, 34.093361, 0.0 ], [ 136.106095, 34.093067, 0.0 ], [ 136.107089, 34.09124, 0.0 ], [ 136.108022, 34.091219, 0.0 ], [ 136.108459, 34.09066, 0.0 ], [ 136.109311, 34.090014, 0.0 ], [ 136.110145, 34.088766, 0.0 ], [ 136.111829, 34.08789, 0.0 ], [ 136.112757, 34.086665, 0.0 ], [ 136.114399, 34.085961, 0.0 ], [ 136.114809, 34.085469, 0.0 ], [ 136.11573, 34.084922, 0.0 ], [ 136.117014, 34.084454, 0.0 ], [ 136.117676, 34.082922, 0.0 ], [ 136.118649, 34.082317, 0.0 ], [ 136.115986, 34.081758, 0.0 ], [ 136.114794, 34.082436, 0.0 ], [ 136.113979, 34.082243, 0.0 ], [ 136.113419, 34.082206, 0.0 ], [ 136.113047, 34.082371, 0.0 ], [ 136.112198, 34.082251, 0.0 ], [ 136.110704, 34.082965, 0.0 ], [ 136.109186, 34.083333, 0.0 ], [ 136.108323, 34.083716, 0.0 ], [ 136.107657, 34.083444, 0.0 ], [ 136.106957, 34.083446, 0.0 ], [ 136.105476, 34.083848, 0.0 ], [ 136.103383, 34.083913, 0.0 ], [ 136.102253, 34.084351, 0.0 ], [ 136.10034, 34.085947, 0.0 ], [ 136.099281, 34.086384, 0.0 ], [ 136.098354, 34.086362, 0.0 ], [ 136.09775, 34.086744, 0.0 ], [ 136.097221, 34.086431, 0.0 ], [ 136.096097, 34.086349, 0.0 ], [ 136.094384, 34.084612, 0.0 ], [ 136.094147, 34.083901, 0.0 ], [ 136.093288, 34.082756, 0.0 ], [ 136.093985, 34.081701, 0.0 ], [ 136.096592, 34.079061, 0.0 ], [ 136.096831, 34.078604, 0.0 ], [ 136.096937, 34.076294, 0.0 ], [ 136.096794, 34.076055, 0.0 ], [ 136.095648, 34.075745, 0.0 ], [ 136.094821, 34.074893, 0.0 ], [ 136.094848, 34.074162, 0.0 ], [ 136.09447, 34.073578, 0.0 ], [ 136.094186, 34.072135, 0.0 ], [ 136.094774, 34.070822, 0.0 ], [ 136.094686, 34.069731, 0.0 ], [ 136.094186, 34.068973, 0.0 ], [ 136.094388, 34.068411, 0.0 ], [ 136.09406, 34.066905, 0.0 ], [ 136.093373, 34.065999, 0.0 ], [ 136.093491, 34.065726, 0.0 ], [ 136.094224, 34.065224, 0.0 ], [ 136.094495, 34.064057, 0.0 ], [ 136.095103, 34.063648, 0.0 ], [ 136.094991, 34.063362, 0.0 ], [ 136.094564, 34.063163, 0.0 ], [ 136.094778, 34.062356, 0.0 ], [ 136.095751, 34.061188, 0.0 ], [ 136.096879, 34.059031, 0.0 ], [ 136.097136, 34.057661, 0.0 ], [ 136.096439, 34.056033, 0.0 ], [ 136.096299, 34.055325, 0.0 ], [ 136.094942, 34.053121, 0.0 ], [ 136.094624, 34.05291, 0.0 ], [ 136.094422, 34.052028, 0.0 ], [ 136.092032, 34.048335, 0.0 ], [ 136.093071, 34.047791, 0.0 ], [ 136.094169, 34.047532, 0.0 ], [ 136.09659, 34.045526, 0.0 ], [ 136.09791, 34.044749, 0.0 ], [ 136.098505, 34.043356, 0.0 ], [ 136.098648, 34.042319, 0.0 ], [ 136.099457, 34.040649, 0.0 ], [ 136.099942, 34.040102, 0.0 ], [ 136.101353, 34.039192, 0.0 ], [ 136.101257, 34.037947, 0.0 ], [ 136.101002, 34.037246, 0.0 ], [ 136.102723, 34.034762, 0.0 ], [ 136.102766, 34.034363, 0.0 ], [ 136.102406, 34.033794, 0.0 ], [ 136.102439, 34.032555, 0.0 ], [ 136.102888, 34.030689, 0.0 ], [ 136.103297, 34.02969, 0.0 ], [ 136.104368, 34.028057, 0.0 ], [ 136.104469, 34.026957, 0.0 ], [ 136.104139, 34.025867, 0.0 ], [ 136.102874, 34.026115, 0.0 ], [ 136.10117, 34.025841, 0.0 ], [ 136.100955, 34.025606, 0.0 ], [ 136.100971, 34.024807, 0.0 ], [ 136.100006, 34.023883, 0.0 ], [ 136.098668, 34.024024, 0.0 ], [ 136.097323, 34.023901, 0.0 ], [ 136.097119, 34.023711, 0.0 ], [ 136.09722, 34.023296, 0.0 ], [ 136.096776, 34.023046, 0.0 ], [ 136.096716, 34.022635, 0.0 ], [ 136.096521, 34.022429, 0.0 ], [ 136.095718, 34.022839, 0.0 ], [ 136.093572, 34.023473, 0.0 ], [ 136.093117, 34.023759, 0.0 ], [ 136.09279, 34.024315, 0.0 ], [ 136.091897, 34.025227, 0.0 ], [ 136.090503, 34.025709, 0.0 ], [ 136.089985, 34.026186, 0.0 ], [ 136.089073, 34.026152, 0.0 ], [ 136.088968, 34.027191, 0.0 ], [ 136.088676, 34.027289, 0.0 ], [ 136.087564, 34.027178, 0.0 ], [ 136.087191, 34.027492, 0.0 ], [ 136.087368, 34.027983, 0.0 ], [ 136.08722, 34.028144, 0.0 ], [ 136.085855, 34.028769, 0.0 ], [ 136.083618, 34.028312, 0.0 ], [ 136.082976, 34.027684, 0.0 ], [ 136.082364, 34.027511, 0.0 ], [ 136.08072, 34.02865, 0.0 ], [ 136.080791, 34.028997, 0.0 ], [ 136.081474, 34.029511, 0.0 ], [ 136.080126, 34.029626, 0.0 ], [ 136.079726, 34.028561, 0.0 ], [ 136.079073, 34.028367, 0.0 ], [ 136.078457, 34.028519, 0.0 ], [ 136.078215, 34.029011, 0.0 ], [ 136.078384, 34.030665, 0.0 ], [ 136.07735, 34.030572, 0.0 ], [ 136.076521, 34.030839, 0.0 ], [ 136.076313, 34.031186, 0.0 ], [ 136.076309, 34.031899, 0.0 ], [ 136.076184, 34.032017, 0.0 ], [ 136.075387, 34.031943, 0.0 ], [ 136.074533, 34.032318, 0.0 ], [ 136.073331, 34.032452, 0.0 ], [ 136.07319, 34.032624, 0.0 ], [ 136.073175, 34.033369, 0.0 ], [ 136.072844, 34.033831, 0.0 ], [ 136.071704, 34.033772, 0.0 ], [ 136.07101, 34.033937, 0.0 ], [ 136.070031, 34.033677, 0.0 ], [ 136.069022, 34.033665, 0.0 ], [ 136.068266, 34.033319, 0.0 ], [ 136.067776, 34.033424, 0.0 ], [ 136.067123, 34.033909, 0.0 ], [ 136.066628, 34.033987, 0.0 ], [ 136.065946, 34.033617, 0.0 ], [ 136.064582, 34.033506, 0.0 ], [ 136.063736, 34.032605, 0.0 ], [ 136.062653, 34.032247, 0.0 ], [ 136.061788, 34.032556, 0.0 ], [ 136.061347, 34.033247, 0.0 ], [ 136.060261, 34.033298, 0.0 ], [ 136.058333, 34.034221, 0.0 ], [ 136.056271, 34.034349, 0.0 ], [ 136.055748, 34.035113, 0.0 ], [ 136.054752, 34.035647, 0.0 ], [ 136.053733, 34.035218, 0.0 ], [ 136.053211, 34.03474, 0.0 ], [ 136.053173, 34.034408, 0.0 ], [ 136.053525, 34.033684, 0.0 ], [ 136.053532, 34.033268, 0.0 ], [ 136.05294, 34.032269, 0.0 ], [ 136.052522, 34.032126, 0.0 ], [ 136.051706, 34.032487, 0.0 ], [ 136.050895, 34.033443, 0.0 ], [ 136.050421, 34.033666, 0.0 ], [ 136.045039, 34.035369, 0.0 ], [ 136.044101, 34.035833, 0.0 ], [ 136.043605, 34.037526, 0.0 ], [ 136.044261, 34.038624, 0.0 ], [ 136.043942, 34.040323, 0.0 ], [ 136.043459, 34.040683, 0.0 ], [ 136.042423, 34.040474, 0.0 ], [ 136.041478, 34.039872, 0.0 ], [ 136.041078, 34.039317, 0.0 ], [ 136.041256, 34.037466, 0.0 ], [ 136.041167, 34.037109, 0.0 ], [ 136.040364, 34.036426, 0.0 ], [ 136.039741, 34.036349, 0.0 ], [ 136.038676, 34.036711, 0.0 ], [ 136.03765, 34.037881, 0.0 ], [ 136.037591, 34.038276, 0.0 ], [ 136.037917, 34.040431, 0.0 ], [ 136.037502, 34.040924, 0.0 ], [ 136.035841, 34.03911, 0.0 ], [ 136.035322, 34.038086, 0.0 ], [ 136.032598, 34.033916, 0.0 ], [ 136.031728, 34.031867, 0.0 ], [ 136.029473, 34.032595, 0.0 ], [ 136.027524, 34.032914, 0.0 ], [ 136.026038, 34.034436, 0.0 ], [ 136.025139, 34.03479, 0.0 ], [ 136.024537, 34.035721, 0.0 ], [ 136.022983, 34.036522, 0.0 ], [ 136.022137, 34.036547, 0.0 ], [ 136.021559, 34.036744, 0.0 ], [ 136.019631, 34.036793, 0.0 ], [ 136.018379, 34.035831, 0.0 ], [ 136.017997, 34.034648, 0.0 ], [ 136.017531, 34.034362, 0.0 ], [ 136.017044, 34.033523, 0.0 ], [ 136.01695, 34.032703, 0.0 ], [ 136.017283, 34.031686, 0.0 ], [ 136.016757, 34.030784, 0.0 ], [ 136.016585, 34.028387, 0.0 ], [ 136.016347, 34.028029, 0.0 ], [ 136.015562, 34.027554, 0.0 ], [ 136.01531, 34.025746, 0.0 ], [ 136.014964, 34.024598, 0.0 ], [ 136.01467, 34.024249, 0.0 ], [ 136.013732, 34.023773, 0.0 ], [ 136.013451, 34.022952, 0.0 ], [ 136.012269, 34.022493, 0.0 ], [ 136.010733, 34.021095, 0.0 ], [ 136.008959, 34.020815, 0.0 ], [ 136.008641, 34.020584, 0.0 ], [ 136.008402, 34.020129, 0.0 ], [ 136.007349, 34.019747, 0.0 ], [ 136.007255, 34.019163, 0.0 ], [ 136.007616, 34.018435, 0.0 ], [ 136.007009, 34.01765, 0.0 ], [ 136.006356, 34.015916, 0.0 ], [ 136.006277, 34.014961, 0.0 ], [ 136.005899, 34.014568, 0.0 ], [ 136.004171, 34.013906, 0.0 ], [ 136.003676, 34.013514, 0.0 ], [ 136.003563, 34.013099, 0.0 ], [ 136.003741, 34.010434, 0.0 ], [ 136.002931, 34.007837, 0.0 ], [ 136.002489, 34.006991, 0.0 ], [ 136.001059, 34.005985, 0.0 ], [ 135.998396, 34.006134, 0.0 ], [ 135.997787, 34.00588, 0.0 ], [ 135.997156, 34.005304, 0.0 ], [ 135.993834, 34.005101, 0.0 ], [ 135.992338, 34.004072, 0.0 ], [ 135.990683, 34.003535, 0.0 ], [ 135.990444, 34.00309, 0.0 ], [ 135.989484, 34.002247, 0.0 ], [ 135.989543, 34.001149, 0.0 ], [ 135.988948, 34.000262, 0.0 ], [ 135.988974, 33.998889, 0.0 ], [ 135.988668, 33.998194, 0.0 ], [ 135.987095, 33.99706, 0.0 ], [ 135.984836, 33.994765, 0.0 ], [ 135.984811, 33.994306, 0.0 ], [ 135.985311, 33.992838, 0.0 ], [ 135.985022, 33.991839, 0.0 ], [ 135.983721, 33.991435, 0.0 ], [ 135.982652, 33.99135, 0.0 ], [ 135.982177, 33.990883, 0.0 ], [ 135.979736, 33.990698, 0.0 ], [ 135.978206, 33.989799, 0.0 ], [ 135.977332, 33.989721, 0.0 ], [ 135.976312, 33.98846, 0.0 ], [ 135.975853, 33.986681, 0.0 ], [ 135.974603, 33.985967, 0.0 ], [ 135.97214, 33.985726, 0.0 ], [ 135.970321, 33.986009, 0.0 ], [ 135.968476, 33.986016, 0.0 ], [ 135.966183, 33.985542, 0.0 ], [ 135.964081, 33.985395, 0.0 ], [ 135.962299, 33.984511, 0.0 ], [ 135.961076, 33.984614, 0.0 ], [ 135.959634, 33.98325, 0.0 ], [ 135.958821, 33.982066, 0.0 ], [ 135.958131, 33.981516, 0.0 ], [ 135.956689, 33.980907, 0.0 ], [ 135.953983, 33.980329, 0.0 ], [ 135.953211, 33.980907, 0.0 ], [ 135.951657, 33.981036, 0.0 ], [ 135.949793, 33.980761, 0.0 ], [ 135.948734, 33.980864, 0.0 ], [ 135.947261, 33.980666, 0.0 ], [ 135.946634, 33.980255, 0.0 ], [ 135.946191, 33.97973, 0.0 ], [ 135.945163, 33.979336, 0.0 ], [ 135.944699, 33.978701, 0.0 ], [ 135.944556, 33.978196, 0.0 ], [ 135.943732, 33.977508, 0.0 ], [ 135.94373, 33.976641, 0.0 ], [ 135.942093, 33.976213, 0.0 ], [ 135.941404, 33.97569, 0.0 ], [ 135.94125, 33.975759, 0.0 ], [ 135.940869, 33.976831, 0.0 ], [ 135.939841, 33.97769, 0.0 ], [ 135.939861, 33.978111, 0.0 ], [ 135.940468, 33.979543, 0.0 ], [ 135.940468, 33.980213, 0.0 ], [ 135.939656, 33.980718, 0.0 ], [ 135.938543, 33.981027, 0.0 ], [ 135.937895, 33.980992, 0.0 ], [ 135.935559, 33.980256, 0.0 ], [ 135.934394, 33.980136, 0.0 ], [ 135.932781, 33.98029, 0.0 ], [ 135.93139, 33.98071, 0.0 ], [ 135.928869, 33.980341, 0.0 ], [ 135.927139, 33.981285, 0.0 ], [ 135.926563, 33.981447, 0.0 ], [ 135.925708, 33.981, 0.0 ], [ 135.925009, 33.979516, 0.0 ], [ 135.923927, 33.978856, 0.0 ], [ 135.921912, 33.978402, 0.0 ], [ 135.919863, 33.976409, 0.0 ], [ 135.919121, 33.975216, 0.0 ], [ 135.917608, 33.974264, 0.0 ], [ 135.915674, 33.972592, 0.0 ], [ 135.915281, 33.971758, 0.0 ], [ 135.915138, 33.970939, 0.0 ], [ 135.915451, 33.970007, 0.0 ], [ 135.915433, 33.969015, 0.0 ], [ 135.916033, 33.967673, 0.0 ], [ 135.915612, 33.967247, 0.0 ], [ 135.915022, 33.966069, 0.0 ], [ 135.913457, 33.965108, 0.0 ], [ 135.912661, 33.964265, 0.0 ], [ 135.912366, 33.964146, 0.0 ], [ 135.909772, 33.964347, 0.0 ], [ 135.907893, 33.963735, 0.0 ], [ 135.906667, 33.963079, 0.0 ], [ 135.907105, 33.962504, 0.0 ], [ 135.906829, 33.96211, 0.0 ], [ 135.906766, 33.961512, 0.0 ], [ 135.907079, 33.959902, 0.0 ], [ 135.906882, 33.958374, 0.0 ], [ 135.906748, 33.958151, 0.0 ], [ 135.906185, 33.957903, 0.0 ], [ 135.905665, 33.956889, 0.0 ], [ 135.904682, 33.955532, 0.0 ], [ 135.903223, 33.954891, 0.0 ], [ 135.902293, 33.953907, 0.0 ], [ 135.901971, 33.953751, 0.0 ], [ 135.901245, 33.953967, 0.0 ], [ 135.898177, 33.953736, 0.0 ], [ 135.897463, 33.954227, 0.0 ], [ 135.897257, 33.954213, 0.0 ], [ 135.897087, 33.953392, 0.0 ], [ 135.897297, 33.952768, 0.0 ], [ 135.89705, 33.952415, 0.0 ], [ 135.896112, 33.951991, 0.0 ], [ 135.894967, 33.951073, 0.0 ], [ 135.894654, 33.950439, 0.0 ], [ 135.893849, 33.950074, 0.0 ], [ 135.893626, 33.949784, 0.0 ], [ 135.893617, 33.949546, 0.0 ], [ 135.893937, 33.949289, 0.0 ], [ 135.894742, 33.949306, 0.0 ], [ 135.894856, 33.949143, 0.0 ], [ 135.894577, 33.948439, 0.0 ], [ 135.893784, 33.948119, 0.0 ], [ 135.893438, 33.946929, 0.0 ], [ 135.892818, 33.946499, 0.0 ], [ 135.892449, 33.945824, 0.0 ], [ 135.892521, 33.945298, 0.0 ], [ 135.893084, 33.944842, 0.0 ], [ 135.893277, 33.944453, 0.0 ], [ 135.893236, 33.943018, 0.0 ], [ 135.892535, 33.941858, 0.0 ], [ 135.892672, 33.941022, 0.0 ], [ 135.893652, 33.939833, 0.0 ], [ 135.893009, 33.938942, 0.0 ], [ 135.89326, 33.938801, 0.0 ], [ 135.893914, 33.9388, 0.0 ], [ 135.894666, 33.938271, 0.0 ], [ 135.894823, 33.936521, 0.0 ], [ 135.894926, 33.936348, 0.0 ], [ 135.895568, 33.936136, 0.0 ], [ 135.895507, 33.935567, 0.0 ], [ 135.896794, 33.935064, 0.0 ], [ 135.897161, 33.934461, 0.0 ], [ 135.898006, 33.934019, 0.0 ], [ 135.898618, 33.930599, 0.0 ], [ 135.898455, 33.929953, 0.0 ], [ 135.898771, 33.928999, 0.0 ], [ 135.898384, 33.928456, 0.0 ], [ 135.898618, 33.927477, 0.0 ], [ 135.898404, 33.927008, 0.0 ], [ 135.898435, 33.926686, 0.0 ], [ 135.898985, 33.926049, 0.0 ], [ 135.899211, 33.925257, 0.0 ], [ 135.900201, 33.924619, 0.0 ], [ 135.901538, 33.924449, 0.0 ], [ 135.902659, 33.924058, 0.0 ], [ 135.903058, 33.924212, 0.0 ], [ 135.904376, 33.925435, 0.0 ], [ 135.904732, 33.925579, 0.0 ], [ 135.909731, 33.922697, 0.0 ], [ 135.909864, 33.922142, 0.0 ], [ 135.909354, 33.920986, 0.0 ], [ 135.909084, 33.918474, 0.0 ], [ 135.905812, 33.919456, 0.0 ], [ 135.90234, 33.92115, 0.0 ], [ 135.900558, 33.921048, 0.0 ], [ 135.899714, 33.921387, 0.0 ], [ 135.898146, 33.921598, 0.0 ], [ 135.895627, 33.921176, 0.0 ], [ 135.894352, 33.920592, 0.0 ], [ 135.893699, 33.920014, 0.0 ], [ 135.894002, 33.91902, 0.0 ], [ 135.894786, 33.917672, 0.0 ], [ 135.89627, 33.916526, 0.0 ], [ 135.897321, 33.914981, 0.0 ], [ 135.897785, 33.913333, 0.0 ], [ 135.89785, 33.912292, 0.0 ], [ 135.897511, 33.910041, 0.0 ], [ 135.8963, 33.907422, 0.0 ], [ 135.895582, 33.906635, 0.0 ], [ 135.894967, 33.906319, 0.0 ], [ 135.893951, 33.906151, 0.0 ], [ 135.892854, 33.906225, 0.0 ], [ 135.887569, 33.907032, 0.0 ], [ 135.88505, 33.906919, 0.0 ], [ 135.88217, 33.907827, 0.0 ], [ 135.881671, 33.908277, 0.0 ], [ 135.881208, 33.909138, 0.0 ], [ 135.880761, 33.909372, 0.0 ], [ 135.880883, 33.909749, 0.0 ], [ 135.880798, 33.910227, 0.0 ], [ 135.881165, 33.910715, 0.0 ], [ 135.881266, 33.911168, 0.0 ], [ 135.880516, 33.911614, 0.0 ], [ 135.879989, 33.912679, 0.0 ], [ 135.880074, 33.913201, 0.0 ], [ 135.880816, 33.914132, 0.0 ], [ 135.881891, 33.914668, 0.0 ], [ 135.882019, 33.914916, 0.0 ], [ 135.881753, 33.915519, 0.0 ], [ 135.881157, 33.915919, 0.0 ], [ 135.880566, 33.917147, 0.0 ], [ 135.880428, 33.917786, 0.0 ], [ 135.880215, 33.917927, 0.0 ], [ 135.87914, 33.917945, 0.0 ], [ 135.878204, 33.917661, 0.0 ], [ 135.877171, 33.917111, 0.0 ], [ 135.876661, 33.918176, 0.0 ], [ 135.874266, 33.918238, 0.0 ], [ 135.872169, 33.919208, 0.0 ], [ 135.868995, 33.920013, 0.0 ], [ 135.866979, 33.920833, 0.0 ], [ 135.865943, 33.922064, 0.0 ], [ 135.865758, 33.921939, 0.0 ], [ 135.865523, 33.920889, 0.0 ], [ 135.865573, 33.920013, 0.0 ], [ 135.86693, 33.917535, 0.0 ], [ 135.867158, 33.916275, 0.0 ], [ 135.868311, 33.915541, 0.0 ], [ 135.868947, 33.914297, 0.0 ], [ 135.865704, 33.911143, 0.0 ], [ 135.86458, 33.909131, 0.0 ], [ 135.863315, 33.907989, 0.0 ], [ 135.863201, 33.90776, 0.0 ], [ 135.863401, 33.907149, 0.0 ], [ 135.862973, 33.905219, 0.0 ], [ 135.862773, 33.904957, 0.0 ], [ 135.862269, 33.904656, 0.0 ], [ 135.861095, 33.904344, 0.0 ], [ 135.859734, 33.903055, 0.0 ], [ 135.858812, 33.901477, 0.0 ], [ 135.858717, 33.901192, 0.0 ], [ 135.858898, 33.900907, 0.0 ], [ 135.859639, 33.90059, 0.0 ], [ 135.859649, 33.899879, 0.0 ], [ 135.860114, 33.898957, 0.0 ], [ 135.858717, 33.897618, 0.0 ], [ 135.858384, 33.896797, 0.0 ], [ 135.858659, 33.894807, 0.0 ], [ 135.859259, 33.892783, 0.0 ], [ 135.860267, 33.891408, 0.0 ], [ 135.859706, 33.889667, 0.0 ], [ 135.859734, 33.889128, 0.0 ], [ 135.860134, 33.888172, 0.0 ], [ 135.860828, 33.887372, 0.0 ], [ 135.861342, 33.887094, 0.0 ], [ 135.862663, 33.888188, 0.0 ], [ 135.86452, 33.889087, 0.0 ], [ 135.866844, 33.888715, 0.0 ], [ 135.868955, 33.889, 0.0 ], [ 135.869896, 33.888731, 0.0 ], [ 135.871622, 33.888651, 0.0 ], [ 135.872169, 33.886678, 0.0 ], [ 135.874089, 33.884909, 0.0 ], [ 135.874654, 33.883932, 0.0 ], [ 135.875086, 33.883851, 0.0 ], [ 135.877201, 33.884166, 0.0 ], [ 135.8784, 33.884068, 0.0 ], [ 135.878836, 33.883287, 0.0 ], [ 135.879732, 33.883042, 0.0 ], [ 135.880429, 33.882367, 0.0 ], [ 135.880887, 33.881624, 0.0 ], [ 135.881559, 33.881086, 0.0 ], [ 135.882688, 33.878871, 0.0 ], [ 135.881949, 33.878449, 0.0 ], [ 135.881405, 33.877457, 0.0 ], [ 135.881251, 33.876583, 0.0 ], [ 135.880878, 33.875845, 0.0 ], [ 135.878454, 33.874986, 0.0 ], [ 135.878348, 33.874417, 0.0 ], [ 135.877619, 33.873858, 0.0 ], [ 135.877034, 33.873636, 0.0 ], [ 135.876571, 33.873689, 0.0 ], [ 135.875728, 33.873137, 0.0 ], [ 135.874882, 33.872977, 0.0 ], [ 135.874156, 33.870657, 0.0 ], [ 135.873309, 33.870447, 0.0 ], [ 135.873187, 33.869207, 0.0 ], [ 135.872803, 33.868136, 0.0 ], [ 135.873554, 33.867099, 0.0 ], [ 135.874043, 33.866103, 0.0 ], [ 135.873602, 33.865743, 0.0 ], [ 135.873591, 33.86553, 0.0 ], [ 135.874832, 33.861596, 0.0 ], [ 135.873101, 33.861196, 0.0 ], [ 135.873138, 33.859166, 0.0 ], [ 135.872967, 33.859002, 0.0 ], [ 135.871383, 33.859071, 0.0 ], [ 135.870231, 33.859493, 0.0 ], [ 135.869461, 33.859982, 0.0 ], [ 135.868042, 33.860068, 0.0 ], [ 135.867074, 33.859897, 0.0 ], [ 135.866766, 33.860001, 0.0 ], [ 135.866311, 33.860404, 0.0 ], [ 135.865336, 33.860783, 0.0 ], [ 135.864036, 33.862089, 0.0 ], [ 135.862186, 33.862721, 0.0 ], [ 135.860799, 33.865593, 0.0 ], [ 135.860762, 33.865978, 0.0 ], [ 135.860865, 33.866257, 0.0 ], [ 135.861599, 33.866917, 0.0 ], [ 135.86187, 33.867798, 0.0 ], [ 135.861709, 33.869881, 0.0 ], [ 135.862193, 33.870545, 0.0 ], [ 135.862149, 33.87148, 0.0 ], [ 135.861877, 33.872532, 0.0 ], [ 135.862149, 33.873674, 0.0 ], [ 135.862122, 33.876549, 0.0 ], [ 135.86161, 33.8763, 0.0 ], [ 135.860234, 33.876097, 0.0 ], [ 135.859255, 33.875573, 0.0 ], [ 135.858376, 33.874443, 0.0 ], [ 135.857921, 33.873153, 0.0 ], [ 135.857551, 33.873327, 0.0 ], [ 135.855478, 33.875605, 0.0 ], [ 135.853425, 33.876742, 0.0 ], [ 135.85309, 33.877325, 0.0 ], [ 135.852146, 33.882022, 0.0 ], [ 135.852487, 33.882393, 0.0 ], [ 135.852933, 33.88247, 0.0 ], [ 135.853405, 33.882798, 0.0 ], [ 135.853445, 33.884081, 0.0 ], [ 135.85414, 33.884705, 0.0 ], [ 135.854324, 33.886223, 0.0 ], [ 135.855158, 33.887199, 0.0 ], [ 135.855289, 33.887817, 0.0 ], [ 135.854732, 33.888607, 0.0 ], [ 135.852931, 33.889527, 0.0 ], [ 135.852124, 33.89032, 0.0 ], [ 135.851848, 33.891167, 0.0 ], [ 135.852163, 33.892607, 0.0 ], [ 135.851979, 33.893389, 0.0 ], [ 135.851328, 33.894316, 0.0 ], [ 135.849726, 33.894559, 0.0 ], [ 135.848585, 33.895357, 0.0 ], [ 135.847841, 33.896152, 0.0 ], [ 135.847047, 33.8966, 0.0 ], [ 135.846326, 33.896737, 0.0 ], [ 135.843732, 33.896709, 0.0 ], [ 135.842171, 33.897065, 0.0 ], [ 135.839629, 33.896839, 0.0 ], [ 135.837427, 33.895554, 0.0 ], [ 135.836857, 33.8954, 0.0 ], [ 135.836056, 33.895515, 0.0 ], [ 135.833581, 33.896764, 0.0 ], [ 135.830588, 33.897629, 0.0 ], [ 135.828176, 33.899466, 0.0 ], [ 135.825588, 33.900525, 0.0 ], [ 135.820834, 33.903065, 0.0 ], [ 135.818906, 33.903273, 0.0 ], [ 135.816319, 33.905614, 0.0 ], [ 135.814552, 33.906091, 0.0 ], [ 135.812925, 33.905806, 0.0 ], [ 135.811306, 33.905937, 0.0 ], [ 135.810249, 33.905845, 0.0 ], [ 135.808603, 33.906468, 0.0 ], [ 135.807452, 33.905733, 0.0 ], [ 135.806086, 33.904369, 0.0 ], [ 135.804243, 33.903707, 0.0 ], [ 135.803362, 33.902981, 0.0 ], [ 135.803335, 33.901406, 0.0 ], [ 135.802876, 33.900139, 0.0 ], [ 135.802639, 33.897734, 0.0 ], [ 135.80168, 33.895707, 0.0 ], [ 135.800231, 33.895768, 0.0 ], [ 135.798239, 33.895448, 0.0 ], [ 135.796789, 33.895404, 0.0 ], [ 135.794982, 33.894731, 0.0 ], [ 135.792574, 33.894616, 0.0 ], [ 135.790564, 33.893909, 0.0 ], [ 135.789107, 33.892889, 0.0 ], [ 135.785331, 33.892254, 0.0 ], [ 135.783721, 33.891524, 0.0 ], [ 135.783307, 33.890707, 0.0 ], [ 135.780766, 33.889043, 0.0 ], [ 135.779408, 33.888474, 0.0 ], [ 135.777653, 33.888184, 0.0 ], [ 135.775574, 33.888572, 0.0 ], [ 135.773299, 33.890277, 0.0 ], [ 135.772079, 33.889987, 0.0 ], [ 135.770293, 33.890426, 0.0 ], [ 135.769197, 33.890891, 0.0 ], [ 135.766058, 33.890792, 0.0 ], [ 135.765183, 33.890062, 0.0 ], [ 135.764927, 33.889657, 0.0 ], [ 135.764087, 33.887482, 0.0 ], [ 135.763582, 33.887377, 0.0 ], [ 135.761093, 33.887744, 0.0 ], [ 135.76003, 33.887268, 0.0 ], [ 135.757929, 33.885898, 0.0 ], [ 135.756115, 33.885165, 0.0 ], [ 135.755269, 33.885706, 0.0 ], [ 135.753922, 33.886978, 0.0 ], [ 135.752643, 33.887798, 0.0 ], [ 135.751809, 33.889557, 0.0 ], [ 135.74898, 33.888302, 0.0 ], [ 135.748429, 33.887771, 0.0 ], [ 135.747525, 33.888502, 0.0 ], [ 135.747013, 33.888693, 0.0 ], [ 135.746606, 33.889215, 0.0 ], [ 135.74543, 33.889294, 0.0 ], [ 135.745367, 33.889791, 0.0 ], [ 135.74485, 33.890666, 0.0 ], [ 135.744239, 33.890744, 0.0 ], [ 135.742839, 33.890145, 0.0 ], [ 135.742244, 33.890053, 0.0 ], [ 135.742244, 33.890497, 0.0 ], [ 135.741711, 33.890942, 0.0 ], [ 135.740771, 33.891256, 0.0 ], [ 135.740677, 33.891713, 0.0 ], [ 135.740877, 33.892581, 0.0 ], [ 135.740251, 33.893012, 0.0 ], [ 135.739044, 33.893365, 0.0 ], [ 135.738966, 33.894802, 0.0 ], [ 135.738809, 33.894933, 0.0 ], [ 135.73779, 33.894802, 0.0 ], [ 135.737132, 33.894959, 0.0 ], [ 135.736881, 33.894881, 0.0 ], [ 135.736442, 33.894267, 0.0 ], [ 135.736207, 33.894227, 0.0 ], [ 135.734947, 33.895997, 0.0 ], [ 135.734352, 33.896076, 0.0 ], [ 135.733709, 33.895827, 0.0 ], [ 135.732534, 33.896206, 0.0 ], [ 135.731546, 33.897566, 0.0 ], [ 135.730509, 33.899977, 0.0 ], [ 135.729224, 33.900473, 0.0 ], [ 135.728702, 33.901066, 0.0 ], [ 135.726006, 33.902543, 0.0 ], [ 135.72411, 33.903288, 0.0 ], [ 135.723716, 33.903221, 0.0 ], [ 135.722369, 33.902266, 0.0 ], [ 135.721256, 33.902659, 0.0 ], [ 135.719667, 33.902699, 0.0 ], [ 135.718382, 33.903092, 0.0 ], [ 135.716564, 33.902699, 0.0 ], [ 135.715554, 33.90287, 0.0 ], [ 135.713751, 33.902608, 0.0 ], [ 135.711902, 33.903026, 0.0 ], [ 135.709969, 33.904243, 0.0 ], [ 135.706615, 33.904465, 0.0 ], [ 135.704587, 33.903641, 0.0 ], [ 135.701045, 33.903785, 0.0 ], [ 135.699932, 33.903563, 0.0 ], [ 135.697974, 33.903667, 0.0 ], [ 135.697144, 33.903471, 0.0 ], [ 135.696156, 33.90355, 0.0 ], [ 135.694871, 33.903393, 0.0 ], [ 135.693956, 33.903524, 0.0 ], [ 135.691119, 33.903354, 0.0 ], [ 135.687791, 33.904046, 0.0 ], [ 135.685958, 33.903955, 0.0 ], [ 135.685378, 33.90372, 0.0 ], [ 135.684641, 33.902648, 0.0 ], [ 135.68351, 33.902029, 0.0 ], [ 135.683698, 33.901062, 0.0 ], [ 135.682663, 33.900095, 0.0 ], [ 135.682347, 33.899568, 0.0 ], [ 135.681563, 33.899149, 0.0 ], [ 135.680403, 33.898992, 0.0 ], [ 135.679526, 33.898444, 0.0 ], [ 135.678711, 33.898169, 0.0 ], [ 135.675711, 33.898366, 0.0 ], [ 135.674567, 33.898745, 0.0 ], [ 135.673345, 33.898889, 0.0 ], [ 135.670957, 33.900407, 0.0 ], [ 135.663898, 33.899557, 0.0 ], [ 135.66335, 33.899374, 0.0 ], [ 135.660604, 33.897566, 0.0 ], [ 135.660746, 33.897213, 0.0 ], [ 135.661749, 33.896494, 0.0 ], [ 135.662126, 33.895691, 0.0 ], [ 135.662596, 33.893884, 0.0 ], [ 135.662581, 33.892838, 0.0 ], [ 135.662142, 33.890795, 0.0 ], [ 135.662204, 33.889083, 0.0 ], [ 135.660395, 33.886774, 0.0 ], [ 135.659925, 33.886434, 0.0 ], [ 135.657198, 33.885611, 0.0 ], [ 135.656632, 33.884404, 0.0 ], [ 135.656491, 33.883737, 0.0 ], [ 135.655974, 33.883123, 0.0 ], [ 135.655911, 33.881571, 0.0 ], [ 135.653869, 33.880981, 0.0 ], [ 135.651393, 33.880654, 0.0 ], [ 135.650468, 33.879831, 0.0 ], [ 135.650139, 33.878876, 0.0 ], [ 135.649414, 33.877774, 0.0 ], [ 135.648537, 33.87746, 0.0 ], [ 135.647988, 33.876898, 0.0 ], [ 135.646577, 33.877264, 0.0 ], [ 135.644957, 33.877434, 0.0 ], [ 135.643656, 33.877133, 0.0 ], [ 135.642559, 33.87631, 0.0 ], [ 135.640234, 33.877604, 0.0 ], [ 135.638807, 33.877447, 0.0 ], [ 135.638071, 33.877722, 0.0 ], [ 135.636691, 33.877421, 0.0 ], [ 135.635547, 33.876951, 0.0 ], [ 135.633678, 33.874881, 0.0 ], [ 135.632597, 33.874881, 0.0 ], [ 135.631481, 33.874433, 0.0 ], [ 135.630321, 33.874459, 0.0 ], [ 135.629047, 33.873099, 0.0 ], [ 135.627714, 33.87306, 0.0 ], [ 135.625214, 33.873481, 0.0 ], [ 135.623319, 33.873003, 0.0 ], [ 135.621905, 33.873132, 0.0 ], [ 135.62116, 33.872611, 0.0 ], [ 135.620745, 33.87192, 0.0 ], [ 135.620417, 33.871804, 0.0 ], [ 135.61786, 33.872107, 0.0 ], [ 135.618086, 33.874605, 0.0 ], [ 135.620212, 33.876914, 0.0 ], [ 135.621301, 33.877418, 0.0 ], [ 135.622753, 33.878572, 0.0 ], [ 135.622891, 33.878962, 0.0 ], [ 135.623307, 33.879251, 0.0 ], [ 135.623758, 33.880754, 0.0 ], [ 135.623361, 33.881597, 0.0 ], [ 135.623465, 33.882074, 0.0 ], [ 135.624227, 33.882841, 0.0 ], [ 135.625372, 33.88313, 0.0 ], [ 135.626047, 33.882971, 0.0 ], [ 135.626567, 33.883361, 0.0 ], [ 135.626775, 33.88474, 0.0 ], [ 135.626238, 33.886417, 0.0 ], [ 135.62629, 33.887386, 0.0 ], [ 135.625751, 33.887681, 0.0 ], [ 135.625629, 33.888591, 0.0 ], [ 135.625456, 33.888866, 0.0 ], [ 135.62452, 33.889502, 0.0 ], [ 135.62412, 33.890836, 0.0 ], [ 135.62334, 33.891703, 0.0 ], [ 135.622664, 33.89392, 0.0 ], [ 135.622543, 33.895004, 0.0 ], [ 135.622907, 33.8966, 0.0 ], [ 135.622924, 33.896846, 0.0 ], [ 135.622682, 33.897207, 0.0 ], [ 135.622872, 33.897959, 0.0 ], [ 135.622193, 33.898399, 0.0 ], [ 135.620964, 33.898743, 0.0 ], [ 135.61948, 33.899429, 0.0 ], [ 135.61549, 33.898837, 0.0 ], [ 135.614199, 33.899577, 0.0 ], [ 135.612453, 33.898823, 0.0 ], [ 135.610804, 33.899524, 0.0 ], [ 135.610256, 33.899578, 0.0 ], [ 135.608771, 33.899592, 0.0 ], [ 135.606203, 33.899119, 0.0 ], [ 135.604017, 33.901034, 0.0 ], [ 135.601113, 33.902566, 0.0 ], [ 135.601579, 33.903507, 0.0 ], [ 135.601831, 33.905503, 0.0 ], [ 135.599974, 33.908336, 0.0 ], [ 135.601105, 33.90891, 0.0 ], [ 135.602034, 33.909625, 0.0 ], [ 135.604073, 33.910157, 0.0 ], [ 135.605642, 33.910807, 0.0 ], [ 135.60672, 33.911902, 0.0 ], [ 135.607687, 33.912459, 0.0 ], [ 135.608231, 33.912672, 0.0 ], [ 135.609564, 33.912575, 0.0 ], [ 135.610234, 33.912868, 0.0 ], [ 135.61053, 33.913328, 0.0 ], [ 135.610584, 33.913937, 0.0 ], [ 135.610083, 33.915316, 0.0 ], [ 135.61072, 33.916999, 0.0 ], [ 135.610774, 33.918707, 0.0 ], [ 135.611329, 33.919124, 0.0 ], [ 135.611491, 33.91979, 0.0 ], [ 135.612688, 33.921474, 0.0 ], [ 135.612325, 33.922489, 0.0 ], [ 135.612499, 33.924082, 0.0 ], [ 135.614054, 33.925141, 0.0 ], [ 135.614136, 33.925353, 0.0 ], [ 135.613854, 33.927569, 0.0 ], [ 135.613233, 33.928433, 0.0 ], [ 135.612797, 33.929846, 0.0 ], [ 135.61167, 33.930577, 0.0 ], [ 135.610699, 33.930908, 0.0 ], [ 135.609459, 33.932076, 0.0 ], [ 135.609822, 33.933166, 0.0 ], [ 135.610814, 33.935149, 0.0 ], [ 135.610846, 33.936182, 0.0 ], [ 135.611221, 33.936867, 0.0 ], [ 135.612848, 33.937478, 0.0 ], [ 135.614104, 33.937511, 0.0 ], [ 135.614998, 33.936787, 0.0 ], [ 135.615288, 33.936773, 0.0 ], [ 135.616844, 33.936885, 0.0 ], [ 135.617126, 33.937314, 0.0 ], [ 135.617167, 33.937643, 0.0 ], [ 135.616716, 33.938347, 0.0 ], [ 135.616691, 33.938783, 0.0 ], [ 135.61699, 33.939478, 0.0 ], [ 135.61753, 33.939914, 0.0 ], [ 135.617876, 33.940619, 0.0 ], [ 135.618408, 33.941179, 0.0 ], [ 135.618392, 33.942468, 0.0 ], [ 135.618619, 33.94335, 0.0 ], [ 135.618611, 33.944212, 0.0 ], [ 135.617297, 33.946239, 0.0 ], [ 135.615877, 33.947516, 0.0 ], [ 135.615371, 33.948579, 0.0 ], [ 135.616083, 33.949446, 0.0 ], [ 135.615837, 33.951356, 0.0 ], [ 135.616014, 33.952144, 0.0 ], [ 135.616932, 33.953816, 0.0 ], [ 135.618269, 33.954667, 0.0 ], [ 135.619329, 33.953669, 0.0 ], [ 135.620489, 33.953023, 0.0 ], [ 135.622193, 33.953147, 0.0 ], [ 135.62302, 33.953017, 0.0 ], [ 135.623426, 33.952734, 0.0 ], [ 135.623699, 33.952168, 0.0 ], [ 135.625325, 33.950994, 0.0 ], [ 135.625477, 33.950094, 0.0 ], [ 135.626648, 33.950062, 0.0 ], [ 135.62837, 33.949472, 0.0 ], [ 135.629947, 33.949597, 0.0 ], [ 135.631268, 33.949047, 0.0 ], [ 135.631939, 33.949331, 0.0 ], [ 135.633744, 33.949671, 0.0 ], [ 135.635655, 33.950444, 0.0 ], [ 135.637231, 33.950649, 0.0 ], [ 135.637043, 33.950877, 0.0 ], [ 135.636748, 33.952557, 0.0 ], [ 135.636239, 33.953784, 0.0 ], [ 135.636163, 33.955179, 0.0 ], [ 135.6357, 33.956579, 0.0 ], [ 135.635785, 33.957499, 0.0 ], [ 135.635615, 33.958869, 0.0 ], [ 135.635853, 33.959212, 0.0 ], [ 135.636664, 33.95955, 0.0 ], [ 135.63863, 33.961323, 0.0 ], [ 135.638951, 33.961779, 0.0 ], [ 135.639121, 33.962608, 0.0 ], [ 135.63897, 33.963347, 0.0 ], [ 135.640075, 33.965292, 0.0 ], [ 135.64032, 33.96742, 0.0 ], [ 135.640217, 33.968088, 0.0 ], [ 135.639792, 33.968971, 0.0 ], [ 135.63982, 33.97008, 0.0 ], [ 135.639546, 33.970988, 0.0 ], [ 135.639914, 33.972947, 0.0 ], [ 135.639801, 33.973532, 0.0 ], [ 135.639546, 33.973941, 0.0 ], [ 135.638298, 33.974722, 0.0 ], [ 135.63759, 33.976517, 0.0 ], [ 135.638601, 33.980446, 0.0 ], [ 135.638289, 33.981322, 0.0 ], [ 135.639243, 33.982733, 0.0 ], [ 135.638676, 33.985149, 0.0 ], [ 135.636965, 33.988163, 0.0 ], [ 135.63673, 33.989869, 0.0 ], [ 135.636105, 33.990934, 0.0 ], [ 135.635217, 33.991414, 0.0 ], [ 135.63088, 33.991012, 0.0 ], [ 135.630276, 33.991264, 0.0 ], [ 135.630058, 33.991832, 0.0 ], [ 135.629869, 33.993423, 0.0 ], [ 135.630039, 33.994257, 0.0 ], [ 135.629983, 33.994983, 0.0 ], [ 135.629274, 33.996542, 0.0 ], [ 135.629027, 33.997749, 0.0 ], [ 135.628809, 33.997977, 0.0 ], [ 135.627837, 33.998252, 0.0 ], [ 135.627676, 33.998901, 0.0 ], [ 135.626543, 33.999655, 0.0 ], [ 135.625976, 33.999883, 0.0 ], [ 135.624343, 34.000028, 0.0 ], [ 135.624211, 34.000209, 0.0 ], [ 135.623541, 34.002378, 0.0 ], [ 135.62466, 34.003354, 0.0 ], [ 135.625173, 34.004559, 0.0 ], [ 135.625495, 34.00626, 0.0 ], [ 135.625358, 34.007064, 0.0 ], [ 135.625231, 34.00736, 0.0 ], [ 135.624099, 34.008302, 0.0 ], [ 135.622193, 34.009668, 0.0 ], [ 135.621758, 34.009778, 0.0 ], [ 135.619431, 34.00939, 0.0 ], [ 135.619042, 34.009473, 0.0 ], [ 135.618206, 34.009231, 0.0 ], [ 135.616864, 34.009197, 0.0 ], [ 135.614788, 34.009471, 0.0 ], [ 135.612095, 34.010129, 0.0 ], [ 135.611811, 34.01028, 0.0 ], [ 135.611349, 34.011802, 0.0 ], [ 135.611111, 34.012079, 0.0 ], [ 135.610305, 34.012669, 0.0 ], [ 135.609561, 34.012802, 0.0 ], [ 135.608468, 34.013619, 0.0 ], [ 135.604933, 34.012442, 0.0 ], [ 135.603877, 34.012651, 0.0 ], [ 135.600954, 34.012469, 0.0 ], [ 135.600162, 34.01228, 0.0 ], [ 135.598149, 34.012267, 0.0 ], [ 135.596953, 34.012037, 0.0 ], [ 135.595734, 34.011591, 0.0 ], [ 135.593849, 34.012981, 0.0 ], [ 135.593393, 34.01384, 0.0 ], [ 135.592798, 34.015753, 0.0 ], [ 135.592583, 34.017022, 0.0 ], [ 135.591542, 34.019196, 0.0 ], [ 135.591546, 34.019563, 0.0 ], [ 135.594383, 34.022276, 0.0 ], [ 135.595513, 34.023911, 0.0 ], [ 135.595768, 34.025436, 0.0 ], [ 135.595657, 34.025959, 0.0 ], [ 135.595049, 34.026657, 0.0 ], [ 135.594803, 34.027521, 0.0 ], [ 135.594833, 34.027839, 0.0 ], [ 135.595165, 34.028344, 0.0 ], [ 135.59698, 34.030331, 0.0 ], [ 135.599454, 34.031606, 0.0 ], [ 135.599668, 34.031925, 0.0 ], [ 135.59913, 34.033677, 0.0 ], [ 135.598035, 34.034744, 0.0 ], [ 135.597572, 34.035877, 0.0 ], [ 135.595835, 34.036792, 0.0 ], [ 135.595457, 34.037692, 0.0 ], [ 135.595225, 34.038535, 0.0 ], [ 135.594726, 34.039454, 0.0 ], [ 135.594993, 34.040921, 0.0 ], [ 135.594654, 34.041776, 0.0 ], [ 135.594896, 34.042822, 0.0 ], [ 135.594885, 34.043302, 0.0 ], [ 135.594614, 34.043989, 0.0 ], [ 135.591653, 34.046644, 0.0 ], [ 135.590772, 34.046782, 0.0 ], [ 135.587996, 34.046775, 0.0 ], [ 135.587663, 34.046907, 0.0 ], [ 135.587156, 34.047546, 0.0 ], [ 135.586678, 34.048594, 0.0 ], [ 135.584566, 34.049997, 0.0 ], [ 135.584261, 34.050822, 0.0 ], [ 135.583053, 34.052872, 0.0 ], [ 135.582394, 34.053388, 0.0 ], [ 135.5815, 34.054482, 0.0 ], [ 135.581673, 34.055133, 0.0 ], [ 135.581611, 34.055597, 0.0 ], [ 135.580512, 34.056364, 0.0 ], [ 135.58049, 34.05791, 0.0 ], [ 135.579166, 34.058168, 0.0 ], [ 135.577572, 34.058151, 0.0 ], [ 135.575161, 34.058843, 0.0 ], [ 135.574579, 34.058881, 0.0 ], [ 135.572714, 34.058575, 0.0 ], [ 135.571198, 34.058613, 0.0 ], [ 135.569988, 34.058424, 0.0 ], [ 135.568562, 34.057762, 0.0 ], [ 135.567062, 34.057346, 0.0 ], [ 135.566332, 34.058613, 0.0 ], [ 135.564673, 34.059969, 0.0 ], [ 135.56431, 34.061796, 0.0 ], [ 135.563393, 34.063385, 0.0 ], [ 135.560787, 34.063741, 0.0 ], [ 135.557754, 34.063807, 0.0 ], [ 135.553384, 34.064957, 0.0 ], [ 135.552107, 34.065657, 0.0 ], [ 135.551431, 34.067496, 0.0 ], [ 135.551317, 34.068421, 0.0 ], [ 135.550649, 34.068486, 0.0 ], [ 135.548224, 34.068144, 0.0 ], [ 135.547342, 34.068493, 0.0 ], [ 135.546365, 34.069076, 0.0 ], [ 135.545486, 34.070894, 0.0 ], [ 135.544631, 34.071724, 0.0 ], [ 135.543219, 34.071815, 0.0 ], [ 135.542498, 34.072163, 0.0 ], [ 135.54197, 34.072676, 0.0 ], [ 135.540624, 34.074439, 0.0 ], [ 135.539698, 34.07538, 0.0 ], [ 135.539787, 34.07706, 0.0 ], [ 135.540355, 34.078053, 0.0 ], [ 135.541457, 34.078734, 0.0 ], [ 135.541902, 34.079526, 0.0 ], [ 135.542434, 34.079935, 0.0 ], [ 135.54332, 34.081994, 0.0 ], [ 135.544652, 34.082324, 0.0 ], [ 135.546568, 34.083092, 0.0 ], [ 135.547613, 34.083224, 0.0 ], [ 135.548976, 34.083942, 0.0 ], [ 135.549793, 34.084985, 0.0 ], [ 135.549828, 34.085168, 0.0 ], [ 135.549503, 34.085593, 0.0 ], [ 135.549375, 34.086385, 0.0 ], [ 135.549881, 34.087458, 0.0 ], [ 135.550006, 34.089914, 0.0 ], [ 135.549876, 34.090684, 0.0 ], [ 135.549163, 34.091675, 0.0 ], [ 135.548871, 34.092974, 0.0 ], [ 135.549214, 34.094299, 0.0 ], [ 135.548751, 34.095282, 0.0 ], [ 135.548728, 34.096811, 0.0 ], [ 135.548415, 34.097121, 0.0 ], [ 135.546644, 34.097711, 0.0 ], [ 135.546252, 34.098011, 0.0 ], [ 135.545029, 34.097293, 0.0 ], [ 135.54436, 34.097092, 0.0 ], [ 135.541898, 34.097504, 0.0 ], [ 135.538035, 34.098779, 0.0 ], [ 135.536284, 34.099936, 0.0 ], [ 135.535418, 34.100039, 0.0 ], [ 135.533407, 34.101262, 0.0 ], [ 135.532782, 34.101328, 0.0 ], [ 135.533216, 34.102438, 0.0 ], [ 135.534303, 34.10383, 0.0 ], [ 135.534505, 34.104908, 0.0 ], [ 135.534189, 34.107329, 0.0 ], [ 135.534319, 34.108674, 0.0 ], [ 135.534054, 34.109111, 0.0 ], [ 135.533075, 34.109957, 0.0 ], [ 135.53254, 34.110932, 0.0 ], [ 135.532833, 34.112065, 0.0 ], [ 135.532799, 34.113387, 0.0 ], [ 135.533057, 34.114423, 0.0 ], [ 135.532956, 34.114676, 0.0 ], [ 135.529251, 34.115599, 0.0 ], [ 135.52474, 34.118294, 0.0 ], [ 135.523126, 34.118794, 0.0 ], [ 135.522387, 34.119399, 0.0 ], [ 135.522376, 34.120236, 0.0 ], [ 135.522106, 34.120771, 0.0 ], [ 135.519331, 34.122476, 0.0 ], [ 135.518091, 34.123732, 0.0 ], [ 135.516486, 34.124861, 0.0 ], [ 135.51451, 34.127226, 0.0 ], [ 135.513739, 34.127724, 0.0 ], [ 135.514342, 34.128928, 0.0 ], [ 135.515427, 34.129915, 0.0 ], [ 135.515613, 34.130703, 0.0 ], [ 135.514899, 34.130858, 0.0 ], [ 135.514318, 34.131356, 0.0 ], [ 135.512803, 34.133754, 0.0 ], [ 135.512882, 34.1344, 0.0 ], [ 135.512596, 34.134971, 0.0 ], [ 135.511931, 34.135449, 0.0 ], [ 135.511137, 34.135694, 0.0 ], [ 135.510743, 34.136776, 0.0 ], [ 135.509398, 34.137843, 0.0 ], [ 135.508339, 34.138078, 0.0 ], [ 135.506588, 34.138074, 0.0 ], [ 135.506577, 34.13894, 0.0 ], [ 135.506982, 34.140082, 0.0 ], [ 135.506441, 34.141044, 0.0 ], [ 135.50652, 34.141848, 0.0 ], [ 135.506227, 34.143134, 0.0 ], [ 135.506509, 34.143484, 0.0 ], [ 135.504731, 34.143719, 0.0 ], [ 135.503549, 34.144336, 0.0 ], [ 135.502977, 34.145295, 0.0 ], [ 135.501924, 34.146206, 0.0 ], [ 135.500534, 34.147968, 0.0 ], [ 135.500523, 34.14868, 0.0 ], [ 135.500369, 34.148969, 0.0 ], [ 135.499322, 34.149538, 0.0 ], [ 135.498272, 34.151548, 0.0 ], [ 135.497916, 34.151724, 0.0 ], [ 135.496996, 34.151549, 0.0 ], [ 135.494883, 34.152512, 0.0 ], [ 135.493534, 34.153389, 0.0 ], [ 135.493069, 34.153531, 0.0 ], [ 135.491626, 34.153389, 0.0 ], [ 135.489914, 34.153759, 0.0 ], [ 135.489524, 34.153938, 0.0 ], [ 135.488935, 34.154917, 0.0 ], [ 135.488447, 34.154204, 0.0 ], [ 135.487252, 34.153411, 0.0 ], [ 135.484551, 34.15324, 0.0 ], [ 135.484067, 34.15249, 0.0 ], [ 135.483263, 34.152237, 0.0 ], [ 135.482867, 34.151712, 0.0 ], [ 135.481982, 34.151514, 0.0 ], [ 135.48114, 34.150564, 0.0 ], [ 135.477999, 34.148886, 0.0 ], [ 135.476359, 34.148431, 0.0 ], [ 135.473637, 34.145735, 0.0 ], [ 135.472595, 34.145433, 0.0 ], [ 135.471488, 34.144433, 0.0 ], [ 135.470402, 34.144191, 0.0 ], [ 135.469658, 34.143239, 0.0 ], [ 135.469197, 34.143071, 0.0 ], [ 135.468708, 34.142378, 0.0 ], [ 135.467848, 34.141675, 0.0 ], [ 135.467026, 34.141331, 0.0 ], [ 135.466152, 34.141229, 0.0 ], [ 135.464793, 34.140136, 0.0 ], [ 135.464293, 34.139473, 0.0 ], [ 135.463552, 34.139366, 0.0 ], [ 135.461616, 34.13847, 0.0 ], [ 135.460686, 34.13773, 0.0 ], [ 135.459187, 34.136472, 0.0 ], [ 135.458837, 34.135651, 0.0 ], [ 135.458527, 34.135442, 0.0 ], [ 135.458185, 34.134188, 0.0 ], [ 135.458123, 34.132553, 0.0 ], [ 135.457392, 34.131955, 0.0 ], [ 135.456858, 34.131841, 0.0 ], [ 135.455193, 34.130725, 0.0 ], [ 135.453857, 34.130083, 0.0 ], [ 135.452445, 34.129845, 0.0 ], [ 135.452011, 34.129599, 0.0 ], [ 135.451491, 34.128692, 0.0 ], [ 135.450566, 34.127787, 0.0 ], [ 135.45038, 34.1271, 0.0 ], [ 135.449123, 34.125582, 0.0 ], [ 135.445199, 34.123361, 0.0 ], [ 135.444106, 34.123361, 0.0 ], [ 135.443262, 34.123576, 0.0 ], [ 135.442523, 34.123983, 0.0 ], [ 135.441745, 34.123576, 0.0 ], [ 135.440887, 34.123693, 0.0 ], [ 135.440343, 34.122563, 0.0 ], [ 135.439761, 34.122063, 0.0 ], [ 135.438379, 34.121631, 0.0 ], [ 135.437971, 34.120871, 0.0 ], [ 135.435718, 34.118388, 0.0 ], [ 135.435379, 34.118222, 0.0 ], [ 135.434658, 34.11713, 0.0 ], [ 135.432361, 34.116225, 0.0 ], [ 135.431061, 34.115451, 0.0 ], [ 135.429702, 34.115336, 0.0 ], [ 135.42881, 34.115647, 0.0 ], [ 135.428292, 34.115504, 0.0 ], [ 135.426683, 34.117259, 0.0 ], [ 135.425422, 34.118147, 0.0 ], [ 135.423948, 34.118242, 0.0 ], [ 135.422659, 34.117525, 0.0 ], [ 135.42055, 34.11726, 0.0 ], [ 135.419666, 34.117597, 0.0 ], [ 135.419014, 34.118267, 0.0 ], [ 135.419028, 34.118797, 0.0 ], [ 135.417771, 34.119357, 0.0 ], [ 135.417042, 34.119873, 0.0 ], [ 135.416161, 34.119752, 0.0 ], [ 135.414995, 34.120133, 0.0 ], [ 135.412584, 34.119502, 0.0 ], [ 135.409983, 34.119934, 0.0 ], [ 135.409105, 34.119704, 0.0 ], [ 135.408344, 34.120095, 0.0 ], [ 135.405048, 34.120663, 0.0 ], [ 135.404374, 34.120944, 0.0 ], [ 135.403783, 34.121679, 0.0 ], [ 135.403415, 34.121386, 0.0 ], [ 135.402464, 34.121325, 0.0 ], [ 135.401403, 34.120866, 0.0 ], [ 135.399322, 34.121025, 0.0 ], [ 135.398258, 34.120594, 0.0 ], [ 135.393671, 34.120932, 0.0 ], [ 135.392477, 34.121449, 0.0 ], [ 135.391662, 34.121575, 0.0 ], [ 135.389175, 34.121489, 0.0 ], [ 135.387194, 34.121201, 0.0 ], [ 135.386444, 34.120808, 0.0 ], [ 135.385329, 34.120639, 0.0 ], [ 135.38362, 34.120947, 0.0 ], [ 135.382927, 34.120897, 0.0 ], [ 135.381856, 34.12134, 0.0 ], [ 135.381031, 34.121415, 0.0 ], [ 135.380023, 34.120941, 0.0 ], [ 135.378968, 34.120749, 0.0 ], [ 135.377519, 34.12108, 0.0 ], [ 135.376893, 34.12106, 0.0 ], [ 135.375627, 34.12071, 0.0 ], [ 135.374544, 34.120831, 0.0 ], [ 135.373884, 34.119903, 0.0 ], [ 135.374191, 34.119036, 0.0 ], [ 135.373974, 34.118321, 0.0 ], [ 135.374344, 34.117066, 0.0 ], [ 135.374281, 34.116389, 0.0 ], [ 135.373496, 34.115231, 0.0 ], [ 135.373666, 34.114422, 0.0 ], [ 135.374651, 34.113169, 0.0 ], [ 135.373452, 34.112478, 0.0 ], [ 135.372643, 34.112241, 0.0 ], [ 135.371755, 34.11225, 0.0 ], [ 135.370342, 34.11359, 0.0 ], [ 135.368588, 34.113996, 0.0 ], [ 135.367239, 34.113991, 0.0 ], [ 135.366134, 34.1135, 0.0 ], [ 135.36547, 34.113434, 0.0 ], [ 135.363737, 34.114781, 0.0 ], [ 135.3633, 34.114775, 0.0 ], [ 135.362552, 34.114362, 0.0 ], [ 135.361717, 34.114727, 0.0 ], [ 135.360721, 34.114886, 0.0 ], [ 135.359819, 34.114716, 0.0 ], [ 135.358831, 34.115119, 0.0 ], [ 135.358044, 34.114757, 0.0 ], [ 135.35615, 34.113443, 0.0 ], [ 135.355266, 34.114434, 0.0 ], [ 135.352145, 34.114404, 0.0 ], [ 135.351778, 34.114552, 0.0 ], [ 135.351435, 34.115026, 0.0 ], [ 135.350704, 34.115344, 0.0 ], [ 135.348174, 34.11604, 0.0 ], [ 135.346217, 34.116389, 0.0 ], [ 135.345077, 34.115623, 0.0 ], [ 135.344069, 34.115584, 0.0 ], [ 135.343218, 34.115208, 0.0 ], [ 135.342278, 34.115018, 0.0 ], [ 135.340374, 34.114173, 0.0 ], [ 135.33962, 34.114054, 0.0 ], [ 135.337914, 34.113431, 0.0 ], [ 135.337621, 34.112852, 0.0 ], [ 135.337297, 34.110278, 0.0 ], [ 135.336468, 34.109429, 0.0 ], [ 135.336175, 34.107347, 0.0 ], [ 135.33555, 34.106248, 0.0 ], [ 135.335339, 34.105481, 0.0 ], [ 135.334521, 34.105051, 0.0 ], [ 135.331197, 34.105056, 0.0 ], [ 135.330728, 34.1052, 0.0 ], [ 135.330203, 34.105805, 0.0 ], [ 135.329726, 34.105937, 0.0 ], [ 135.329031, 34.105891, 0.0 ], [ 135.327825, 34.105183, 0.0 ], [ 135.325119, 34.104312, 0.0 ], [ 135.321571, 34.104401, 0.0 ], [ 135.319951, 34.104694, 0.0 ], [ 135.31758, 34.104425, 0.0 ], [ 135.316437, 34.105124, 0.0 ], [ 135.315633, 34.105964, 0.0 ], [ 135.315479, 34.107124, 0.0 ], [ 135.315222, 34.107562, 0.0 ], [ 135.311919, 34.110177, 0.0 ], [ 135.311874, 34.110802, 0.0 ], [ 135.311444, 34.111481, 0.0 ], [ 135.312106, 34.11322, 0.0 ], [ 135.311649, 34.114681, 0.0 ], [ 135.310241, 34.114953, 0.0 ], [ 135.308906, 34.115514, 0.0 ], [ 135.308467, 34.115584, 0.0 ], [ 135.307902, 34.115349, 0.0 ], [ 135.307606, 34.115413, 0.0 ], [ 135.306945, 34.116331, 0.0 ], [ 135.306122, 34.116808, 0.0 ], [ 135.306116, 34.117396, 0.0 ], [ 135.307812, 34.119423, 0.0 ], [ 135.308654, 34.120958, 0.0 ], [ 135.308679, 34.121529, 0.0 ], [ 135.307774, 34.122513, 0.0 ], [ 135.307028, 34.123903, 0.0 ], [ 135.306771, 34.125102, 0.0 ], [ 135.306237, 34.12583, 0.0 ], [ 135.305814, 34.12607, 0.0 ], [ 135.305344, 34.126846, 0.0 ], [ 135.304779, 34.127321, 0.0 ], [ 135.304489, 34.128166, 0.0 ], [ 135.302426, 34.129122, 0.0 ], [ 135.301913, 34.129192, 0.0 ], [ 135.302119, 34.130171, 0.0 ], [ 135.301611, 34.13071, 0.0 ], [ 135.301431, 34.132026, 0.0 ], [ 135.302228, 34.132381, 0.0 ], [ 135.302517, 34.133064, 0.0 ], [ 135.30303, 34.133454, 0.0 ], [ 135.303242, 34.134384, 0.0 ], [ 135.303152, 34.134582, 0.0 ], [ 135.302386, 34.135117, 0.0 ], [ 135.301898, 34.13508, 0.0 ], [ 135.300839, 34.134605, 0.0 ], [ 135.299457, 34.13445, 0.0 ], [ 135.298384, 34.134685, 0.0 ], [ 135.297381, 34.135065, 0.0 ], [ 135.297092, 34.135492, 0.0 ], [ 135.297099, 34.136031, 0.0 ], [ 135.296236, 34.135251, 0.0 ], [ 135.295819, 34.135139, 0.0 ], [ 135.29483, 34.134445, 0.0 ], [ 135.294688, 34.133644, 0.0 ], [ 135.294181, 34.133398, 0.0 ], [ 135.294559, 34.132611, 0.0 ], [ 135.29506, 34.132242, 0.0 ], [ 135.295098, 34.131869, 0.0 ], [ 135.294119, 34.130775, 0.0 ], [ 135.294323, 34.129225, 0.0 ], [ 135.294061, 34.12893, 0.0 ], [ 135.293236, 34.128677, 0.0 ], [ 135.293057, 34.128021, 0.0 ], [ 135.29224, 34.126934, 0.0 ], [ 135.292252, 34.12654, 0.0 ], [ 135.291946, 34.125846, 0.0 ], [ 135.291328, 34.125798, 0.0 ], [ 135.290477, 34.125485, 0.0 ], [ 135.289001, 34.125533, 0.0 ], [ 135.288479, 34.125187, 0.0 ], [ 135.287725, 34.125049, 0.0 ], [ 135.286782, 34.124354, 0.0 ], [ 135.286674, 34.123598, 0.0 ], [ 135.286047, 34.123098, 0.0 ], [ 135.285812, 34.122595, 0.0 ], [ 135.285304, 34.122109, 0.0 ], [ 135.284487, 34.120404, 0.0 ], [ 135.284739, 34.11945, 0.0 ], [ 135.282553, 34.119549, 0.0 ], [ 135.28192, 34.119148, 0.0 ], [ 135.279456, 34.118743, 0.0 ], [ 135.278929, 34.119027, 0.0 ], [ 135.278382, 34.119741, 0.0 ], [ 135.277974, 34.119769, 0.0 ], [ 135.277169, 34.119305, 0.0 ], [ 135.276356, 34.11923, 0.0 ], [ 135.275506, 34.118252, 0.0 ], [ 135.273817, 34.117183, 0.0 ], [ 135.272075, 34.117605, 0.0 ], [ 135.271526, 34.117182, 0.0 ], [ 135.271241, 34.116551, 0.0 ], [ 135.270106, 34.1163, 0.0 ], [ 135.268946, 34.116485, 0.0 ], [ 135.268517, 34.116108, 0.0 ], [ 135.268154, 34.116091, 0.0 ], [ 135.267517, 34.116574, 0.0 ], [ 135.267138, 34.117636, 0.0 ], [ 135.265916, 34.117618, 0.0 ], [ 135.265416, 34.117317, 0.0 ], [ 135.264963, 34.117265, 0.0 ], [ 135.264673, 34.116599, 0.0 ], [ 135.263616, 34.116328, 0.0 ], [ 135.262815, 34.115617, 0.0 ], [ 135.261771, 34.116674, 0.0 ], [ 135.26038, 34.116972, 0.0 ], [ 135.260182, 34.117497, 0.0 ], [ 135.259237, 34.117793, 0.0 ], [ 135.257635, 34.117787, 0.0 ], [ 135.256195, 34.119262, 0.0 ], [ 135.254836, 34.120167, 0.0 ], [ 135.253387, 34.120818, 0.0 ], [ 135.252994, 34.121434, 0.0 ], [ 135.250187, 34.12188, 0.0 ], [ 135.249073, 34.122571, 0.0 ], [ 135.246551, 34.122437, 0.0 ], [ 135.245715, 34.121977, 0.0 ], [ 135.2448, 34.122151, 0.0 ], [ 135.244037, 34.121589, 0.0 ], [ 135.243483, 34.121507, 0.0 ], [ 135.243076, 34.121254, 0.0 ], [ 135.242364, 34.122223, 0.0 ], [ 135.242019, 34.122172, 0.0 ], [ 135.241387, 34.121751, 0.0 ], [ 135.240255, 34.122109, 0.0 ], [ 135.239172, 34.12216, 0.0 ], [ 135.237114, 34.120368, 0.0 ], [ 135.235627, 34.118326, 0.0 ], [ 135.235525, 34.117791, 0.0 ], [ 135.235759, 34.115276, 0.0 ], [ 135.236085, 34.114072, 0.0 ], [ 135.235261, 34.112997, 0.0 ], [ 135.235332, 34.112067, 0.0 ], [ 135.234589, 34.112111, 0.0 ], [ 135.233587, 34.111756, 0.0 ], [ 135.232955, 34.110817, 0.0 ], [ 135.23229, 34.110414, 0.0 ], [ 135.231749, 34.108436, 0.0 ], [ 135.23109, 34.107118, 0.0 ], [ 135.22841, 34.106556, 0.0 ], [ 135.227702, 34.10692, 0.0 ], [ 135.226948, 34.107021, 0.0 ], [ 135.226389, 34.10692, 0.0 ], [ 135.225588, 34.10709, 0.0 ], [ 135.224309, 34.107574, 0.0 ], [ 135.223993, 34.108225, 0.0 ], [ 135.223313, 34.108527, 0.0 ], [ 135.223238, 34.109223, 0.0 ], [ 135.221997, 34.110147, 0.0 ], [ 135.219294, 34.109907, 0.0 ], [ 135.21769, 34.110162, 0.0 ], [ 135.217234, 34.109953, 0.0 ], [ 135.217029, 34.109357, 0.0 ], [ 135.216628, 34.108827, 0.0 ], [ 135.216731, 34.107945, 0.0 ], [ 135.21633, 34.107114, 0.0 ], [ 135.214102, 34.106936, 0.0 ], [ 135.213609, 34.106696, 0.0 ], [ 135.212815, 34.106074, 0.0 ], [ 135.212647, 34.105018, 0.0 ], [ 135.212042, 34.104507, 0.0 ], [ 135.211753, 34.103979, 0.0 ], [ 135.209329, 34.103111, 0.0 ], [ 135.208594, 34.102492, 0.0 ], [ 135.207737, 34.102221, 0.0 ], [ 135.206068, 34.101096, 0.0 ], [ 135.206142, 34.100763, 0.0 ], [ 135.205339, 34.100181, 0.0 ], [ 135.202936, 34.100336, 0.0 ], [ 135.202601, 34.100584, 0.0 ], [ 135.199767, 34.100071, 0.0 ], [ 135.199255, 34.099452, 0.0 ], [ 135.197912, 34.098475, 0.0 ], [ 135.197521, 34.098436, 0.0 ], [ 135.196543, 34.098823, 0.0 ], [ 135.195966, 34.098862, 0.0 ], [ 135.194399, 34.098606, 0.0 ], [ 135.193654, 34.098195, 0.0 ], [ 135.192374, 34.098544, 0.0 ], [ 135.191192, 34.098288, 0.0 ], [ 135.1904, 34.098373, 0.0 ], [ 135.188498, 34.097722, 0.0 ], [ 135.187069, 34.098373, 0.0 ], [ 135.186221, 34.098443, 0.0 ], [ 135.184311, 34.099782, 0.0 ], [ 135.182722, 34.10025, 0.0 ], [ 135.181855, 34.100274, 0.0 ], [ 135.181548, 34.100862, 0.0 ], [ 135.180746, 34.101769, 0.0 ], [ 135.178563, 34.101047, 0.0 ], [ 135.178367, 34.100552, 0.0 ], [ 135.177883, 34.100281, 0.0 ], [ 135.176137, 34.099761, 0.0 ], [ 135.17556, 34.099869, 0.0 ], [ 135.175261, 34.099606, 0.0 ], [ 135.175026, 34.09903, 0.0 ], [ 135.174681, 34.098782, 0.0 ], [ 135.173674, 34.09855, 0.0 ], [ 135.173013, 34.098054, 0.0 ], [ 135.171466, 34.09786, 0.0 ], [ 135.170476, 34.097013, 0.0 ], [ 135.170206, 34.096339, 0.0 ], [ 135.169616, 34.09591, 0.0 ], [ 135.16902, 34.095716, 0.0 ], [ 135.168386, 34.095011, 0.0 ], [ 135.167511, 34.094763, 0.0 ], [ 135.166397, 34.09397, 0.0 ], [ 135.165624, 34.094287, 0.0 ], [ 135.16417, 34.094365, 0.0 ], [ 135.16321, 34.094071, 0.0 ], [ 135.161785, 34.094163, 0.0 ], [ 135.160504, 34.094799, 0.0 ], [ 135.160066, 34.094822, 0.0 ], [ 135.159218, 34.094349, 0.0 ], [ 135.157957, 34.094141, 0.0 ], [ 135.154882, 34.094636, 0.0 ], [ 135.154696, 34.094621, 0.0 ], [ 135.154659, 34.094396, 0.0 ], [ 135.152643, 34.093395, 0.0 ], [ 135.152233, 34.093403, 0.0 ], [ 135.151683, 34.093674, 0.0 ], [ 135.151017, 34.094732, 0.0 ], [ 135.150067, 34.094949, 0.0 ], [ 135.149023, 34.095437, 0.0 ], [ 135.146969, 34.094863, 0.0 ], [ 135.14613, 34.094917, 0.0 ], [ 135.145394, 34.095336, 0.0 ], [ 135.144704, 34.094863, 0.0 ], [ 135.143098, 34.094413, 0.0 ], [ 135.142726, 34.094359, 0.0 ], [ 135.141756, 34.094661, 0.0 ], [ 135.140033, 34.094243, 0.0 ], [ 135.139679, 34.09556, 0.0 ], [ 135.138884, 34.097285, 0.0 ], [ 135.138474, 34.100954, 0.0 ], [ 135.136057, 34.101389, 0.0 ], [ 135.135097, 34.101893, 0.0 ], [ 135.135601, 34.102881, 0.0 ], [ 135.135526, 34.103919, 0.0 ], [ 135.133835, 34.104484, 0.0 ], [ 135.132354, 34.104577, 0.0 ], [ 135.13199, 34.106139, 0.0 ], [ 135.132027, 34.106891, 0.0 ], [ 135.131129, 34.107669, 0.0 ], [ 135.130039, 34.107879, 0.0 ], [ 135.129824, 34.108235, 0.0 ], [ 135.129228, 34.108576, 0.0 ], [ 135.12713, 34.109049, 0.0 ], [ 135.12572, 34.110392, 0.0 ], [ 135.124127, 34.110887, 0.0 ], [ 135.122234, 34.111156, 0.0 ], [ 135.120632, 34.111601, 0.0 ], [ 135.120632, 34.111949, 0.0 ], [ 135.118382, 34.113731, 0.0 ], [ 135.117376, 34.11335, 0.0 ], [ 135.114625, 34.11274, 0.0 ], [ 135.112034, 34.112948, 0.0 ], [ 135.11184, 34.113512, 0.0 ], [ 135.112071, 34.115205, 0.0 ] ] } }
]
}
